category,amt,gender,is_fraud,age,day,hour,distance_km
misc,100.2,F,0,44,Sat,8,Long_Distance
home,8.05,F,0,66,Thu,17,Long_Distance
shopping,6.74,F,0,60,Mon,4,Local
entertainment,55.41,M,0,67,Sat,4,Long_Distance
health,3.73,F,0,36,Thu,13,Long_Distance
travel,8.74,F,0,35,Tue,18,Long_Distance
grocery,83.25,M,0,57,Tue,3,Local
travel,71.73,M,0,34,Mon,0,Commute
shopping,91.85,M,0,46,Thu,8,Commute
home,25.64,F,0,29,Wed,23,Regional
home,15.66,M,0,90,Sun,13,Commute
misc,34.91,M,0,49,Sat,11,Long_Distance
shopping,28.29,F,0,35,Sun,14,Regional
personal,13.59,F,0,21,Sat,22,Remote
misc,53.05,M,0,23,Sun,22,Commute
shopping,45.58,F,0,27,Mon,18,Long_Distance
shopping,1.36,F,0,50,Tue,20,Regional
grocery,201.27,M,0,71,Sat,4,Commute
personal,10.12,M,0,63,Tue,12,Commute
grocery,79.04,M,0,43,Sat,21,Long_Distance
grocery,69.24,M,0,31,Wed,0,Regional
home,22.72,M,0,39,Sat,13,Long_Distance
grocery,32.06,M,0,35,Fri,12,Remote
home,17.09,F,0,37,Sat,15,Long_Distance
home,58.81,M,0,37,Sat,23,Commute
misc,1.65,F,0,48,Sun,16,Commute
home,15.57,M,0,53,Thu,15,Commute
grocery,111.34,F,0,44,Sun,5,Long_Distance
entertainment,9.51,F,0,61,Mon,9,Long_Distance
misc,4.09,F,0,44,Sun,12,Long_Distance
home,14.07,M,0,26,Fri,19,Long_Distance
home,50.57,M,0,46,Fri,16,Long_Distance
shopping,7.85,F,0,37,Mon,19,Commute
home,40.22,F,0,62,Thu,12,Commute
home,3.9,F,0,37,Tue,23,Regional
personal,43.45,F,0,26,Fri,16,Long_Distance
travel,55.46,F,0,48,Tue,11,Long_Distance
personal,35.06,F,0,28,Wed,22,Long_Distance
personal,51.09,M,0,55,Sat,19,Regional
travel,52.45,F,0,25,Sun,3,Long_Distance
grocery,100.52,M,0,36,Tue,8,Regional
personal,6.85,M,0,30,Fri,16,Remote
home,11.7,M,0,46,Tue,12,Long_Distance
entertainment,19.29,M,0,48,Wed,19,Commute
personal,46.93,F,0,34,Tue,15,Long_Distance
home,100.33,F,0,23,Sun,18,Commute
health,6.91,F,0,35,Mon,12,Long_Distance
misc,1.38,M,0,32,Thu,3,Commute
personal,85.3,M,0,20,Sun,18,Long_Distance
shopping,3.37,F,0,38,Thu,17,Long_Distance
grocery,128.91,M,0,51,Fri,1,Long_Distance
personal,102.2,M,0,67,Thu,22,Commute
home,34.1,F,0,36,Sun,13,Long_Distance
misc,2.62,F,0,69,Mon,4,Commute
travel,51.5,F,0,34,Sat,11,Commute
entertainment,29.02,M,0,57,Mon,0,Regional
misc,90.72,M,0,47,Sun,9,Long_Distance
travel,4.54,M,0,76,Mon,22,Regional
entertainment,68.79,F,0,27,Sun,14,Long_Distance
grocery,84.68,F,0,44,Sun,23,Regional
travel,45.72,F,0,47,Fri,9,Regional
health,43.48,M,0,56,Sun,13,Long_Distance
entertainment,67.63,M,0,74,Fri,7,Regional
home,58.01,F,0,49,Sat,17,Commute
home,48.29,F,0,48,Sun,18,Long_Distance
grocery,11.63,F,0,23,Sun,23,Regional
home,16.49,F,0,91,Tue,20,Commute
travel,42.95,F,0,43,Sun,4,Long_Distance
shopping,8.05,F,0,28,Tue,17,Commute
grocery,2.58,F,0,24,Sun,20,Commute
home,51.86,F,0,29,Sun,14,Long_Distance
shopping,8.08,F,0,18,Mon,22,Long_Distance
travel,55.36,F,0,24,Sat,5,Commute
personal,2.96,M,0,35,Fri,15,Long_Distance
home,124.0,F,0,54,Sat,14,Regional
shopping,97.75,F,0,89,Sat,11,Long_Distance
personal,22.31,M,0,43,Sun,15,Long_Distance
health,5.5,F,0,57,Thu,18,Commute
home,3.47,F,0,47,Sat,22,Long_Distance
misc,35.11,M,0,38,Sun,10,Long_Distance
shopping,7.93,F,0,70,Wed,10,Commute
grocery,71.59,F,0,85,Tue,9,Long_Distance
personal,44.38,F,0,38,Tue,23,Regional
home,64.85,M,0,15,Sun,22,Regional
grocery,23.58,F,0,64,Sat,9,Long_Distance
grocery,111.98,F,0,83,Sun,2,Regional
grocery,137.4,M,0,85,Wed,0,Commute
misc,1.53,F,0,62,Mon,1,Commute
grocery,64.42,F,0,38,Fri,9,Local
travel,42.92,F,0,43,Mon,10,Commute
entertainment,66.98,M,0,48,Sun,20,Long_Distance
entertainment,21.03,F,0,21,Mon,16,Long_Distance
travel,6.35,M,0,53,Thu,19,Commute
health,75.86,M,0,45,Thu,15,Long_Distance
misc,10.48,M,0,30,Sun,16,Regional
misc,33.15,M,0,34,Fri,9,Long_Distance
shopping,45.29,F,0,52,Sun,11,Commute
misc,3.04,F,0,91,Sun,5,Regional
misc,6.21,M,0,40,Mon,22,Long_Distance
shopping,6.6,F,0,22,Thu,15,Regional
shopping,102.51,M,0,91,Sat,1,Commute
home,44.97,F,0,56,Sun,13,Regional
grocery,1.53,F,0,48,Thu,23,Regional
personal,56.94,M,0,77,Thu,14,Long_Distance
shopping,8.83,F,0,21,Sun,20,Long_Distance
travel,3.26,F,0,31,Fri,21,Remote
travel,89.64,F,0,50,Sun,7,Regional
grocery,127.62,F,0,60,Sat,2,Long_Distance
shopping,7.3,M,0,43,Sun,15,Commute
home,11.52,M,0,45,Wed,14,Regional
grocery,108.94,F,0,48,Tue,0,Long_Distance
entertainment,247.39,M,0,60,Wed,9,Regional
travel,42.37,M,0,55,Tue,10,Long_Distance
health,2.41,M,0,73,Sun,14,Commute
home,31.13,F,0,41,Mon,22,Regional
travel,4.31,M,0,44,Wed,13,Long_Distance
shopping,5.64,M,0,47,Tue,18,Commute
grocery,12.03,F,0,36,Fri,16,Commute
home,80.4,M,0,74,Sat,19,Long_Distance
grocery,2.68,M,0,23,Fri,21,Long_Distance
grocery,128.49,F,0,69,Mon,3,Commute
home,129.18,F,0,90,Fri,18,Regional
shopping,292.72,F,0,36,Mon,14,Commute
misc,77.32,M,0,40,Wed,0,Remote
travel,62.26,M,0,63,Sun,10,Commute
home,95.21,M,0,50,Fri,14,Long_Distance
shopping,9.62,F,0,30,Thu,15,Commute
home,280.25,F,0,49,Wed,22,Commute
travel,5.2,M,0,52,Thu,23,Commute
shopping,5.8,F,0,30,Fri,19,Long_Distance
shopping,32.34,F,0,36,Fri,18,Regional
home,98.62,F,0,52,Sun,12,Commute
personal,47.15,F,0,37,Sat,16,Long_Distance
shopping,5.54,F,0,60,Wed,7,Long_Distance
health,47.46,F,0,20,Fri,22,Regional
health,68.1,M,0,92,Wed,14,Long_Distance
home,96.41,F,0,45,Tue,22,Regional
grocery,88.71,M,0,39,Thu,10,Long_Distance
home,45.9,M,0,51,Tue,16,Regional
shopping,9.73,F,0,36,Wed,17,Commute
home,73.24,F,0,38,Fri,14,Commute
health,35.62,F,0,66,Fri,22,Long_Distance
home,29.61,M,0,25,Mon,19,Regional
home,22.63,M,0,33,Wed,21,Long_Distance
travel,68.19,F,0,49,Thu,6,Regional
home,109.84,F,0,59,Mon,23,Commute
health,74.85,M,0,46,Tue,19,Long_Distance
home,34.7,F,0,93,Mon,23,Remote
travel,60.72,M,0,79,Mon,10,Regional
home,28.65,F,0,49,Tue,21,Commute
entertainment,67.09,M,0,53,Mon,13,Commute
grocery,156.31,F,0,35,Mon,11,Commute
home,24.12,F,0,47,Sun,20,Commute
shopping,152.3,M,0,40,Thu,23,Regional
entertainment,194.67,M,0,42,Fri,18,Commute
home,57.94,F,0,41,Mon,17,Long_Distance
entertainment,10.63,F,0,65,Sun,10,Long_Distance
home,18.39,F,0,31,Mon,19,Long_Distance
misc,16.89,F,0,45,Mon,13,Regional
grocery,43.73,F,0,59,Tue,14,Commute
grocery,93.65,F,0,34,Mon,5,Regional
grocery,47.75,M,0,22,Sat,10,Long_Distance
shopping,1280.42,F,0,74,Mon,4,Regional
home,161.43,F,0,37,Mon,23,Long_Distance
grocery,61.07,F,0,28,Sun,5,Regional
home,11.91,F,0,61,Tue,16,Commute
grocery,93.49,M,0,38,Thu,5,Commute
shopping,19.23,F,0,50,Wed,20,Regional
grocery,66.31,F,0,32,Wed,2,Regional
grocery,4.72,F,0,49,Thu,21,Commute
health,6.58,F,0,51,Wed,15,Long_Distance
health,78.58,M,0,42,Mon,14,Long_Distance
grocery,45.64,M,0,40,Sun,0,Regional
entertainment,160.16,M,0,22,Fri,14,Long_Distance
grocery,1.63,M,0,31,Sat,19,Long_Distance
grocery,149.66,F,0,54,Tue,6,Long_Distance
shopping,1.09,M,0,50,Sun,7,Regional
personal,125.21,F,0,34,Sat,23,Long_Distance
entertainment,15.38,M,0,31,Sat,12,Long_Distance
personal,1.5,F,0,69,Sat,23,Long_Distance
grocery,31.55,M,0,41,Tue,0,Commute
health,10.26,F,0,51,Mon,13,Commute
home,65.09,M,0,20,Sun,19,Regional
misc,41.99,M,0,32,Sat,5,Regional
grocery,140.99,M,0,53,Mon,6,Local
health,35.58,M,0,45,Tue,22,Remote
entertainment,135.9,F,0,48,Sun,15,Commute
travel,36.54,M,0,57,Mon,9,Regional
entertainment,21.01,F,0,55,Thu,18,Commute
home,46.41,F,0,85,Sun,17,Local
grocery,46.89,M,0,49,Thu,4,Long_Distance
home,30.47,F,0,74,Sun,15,Regional
shopping,5.71,M,0,35,Mon,13,Long_Distance
grocery,57.79,M,0,27,Mon,11,Regional
travel,6.14,M,0,66,Wed,14,Commute
grocery,73.81,M,0,26,Sat,1,Long_Distance
shopping,5.06,M,0,70,Sun,0,Long_Distance
shopping,326.22,F,0,70,Sat,9,Long_Distance
shopping,501.35,M,0,50,Tue,2,Long_Distance
grocery,48.0,M,0,52,Thu,0,Commute
health,43.44,F,0,32,Thu,12,Local
grocery,169.65,M,0,61,Tue,8,Commute
home,51.34,F,0,34,Wed,21,Commute
shopping,7.32,M,0,51,Sun,3,Local
grocery,80.89,F,0,42,Wed,8,Commute
grocery,102.72,F,0,89,Tue,4,Local
travel,79.84,F,0,36,Mon,8,Regional
grocery,104.57,F,0,31,Mon,10,Regional
travel,68.07,F,0,44,Wed,10,Commute
shopping,9.92,M,0,54,Fri,11,Long_Distance
health,51.66,M,0,58,Sun,15,Long_Distance
grocery,91.84,M,0,57,Mon,6,Commute
entertainment,57.98,F,0,33,Thu,14,Commute
travel,71.46,M,0,41,Sun,8,Commute
grocery,39.47,F,0,41,Sun,22,Long_Distance
entertainment,102.7,F,0,32,Sun,23,Remote
travel,70.55,F,0,37,Mon,10,Remote
grocery,114.0,M,0,30,Wed,6,Commute
grocery,103.85,M,0,29,Thu,0,Long_Distance
travel,44.77,M,0,53,Sun,3,Regional
personal,73.58,F,0,44,Tue,20,Long_Distance
misc,63.27,F,0,22,Sun,15,Local
grocery,67.7,M,0,42,Wed,4,Long_Distance
grocery,86.78,M,0,46,Mon,5,Long_Distance
shopping,2.6,F,0,71,Tue,3,Long_Distance
travel,145.64,F,0,43,Sun,12,Long_Distance
home,78.38,F,0,33,Wed,23,Regional
misc,2.88,F,0,39,Sun,7,Commute
home,20.41,F,0,49,Thu,21,Local
health,31.38,F,0,45,Sun,22,Regional
misc,74.94,F,0,48,Sun,2,Regional
grocery,242.44,F,0,33,Wed,3,Long_Distance
grocery,112.2,F,0,44,Fri,8,Regional
grocery,91.87,F,0,43,Wed,5,Regional
grocery,82.06,M,0,28,Wed,6,Long_Distance
travel,61.69,M,0,51,Tue,4,Commute
entertainment,69.99,M,0,31,Mon,15,Commute
travel,1.16,M,0,60,Mon,19,Regional
personal,71.53,F,0,54,Wed,20,Local
personal,6.78,M,0,35,Sun,20,Long_Distance
health,3.95,F,0,46,Sat,21,Long_Distance
misc,14.02,F,0,30,Tue,14,Regional
travel,66.43,F,0,47,Fri,11,Commute
health,3.25,F,0,64,Sun,14,Commute
shopping,224.89,F,0,32,Fri,21,Regional
home,30.36,F,0,44,Wed,16,Commute
misc,10.18,F,0,40,Mon,4,Regional
grocery,127.96,F,0,64,Sun,7,Commute
travel,50.54,M,0,26,Mon,1,Commute
misc,2.48,F,0,48,Sun,21,Regional
personal,56.3,M,0,43,Sat,23,Regional
home,18.22,M,0,33,Sun,19,Long_Distance
health,24.78,M,0,31,Sun,14,Local
misc,259.51,M,0,54,Thu,2,Commute
grocery,98.83,M,0,39,Mon,15,Long_Distance
shopping,5.07,M,0,47,Tue,21,Regional
misc,6.03,M,0,44,Tue,15,Commute
personal,128.6,M,0,56,Mon,15,Regional
misc,2.84,F,0,36,Tue,10,Long_Distance
home,22.07,F,0,30,Fri,16,Regional
misc,2.82,M,0,32,Fri,22,Long_Distance
misc,360.12,F,0,56,Fri,5,Commute
home,96.54,F,0,48,Tue,15,Regional
home,17.06,F,0,47,Thu,22,Long_Distance
shopping,108.37,M,0,42,Mon,11,Long_Distance
grocery,105.45,M,0,26,Thu,1,Long_Distance
grocery,44.34,F,0,47,Fri,3,Long_Distance
home,15.94,F,0,31,Sun,23,Regional
home,6.74,F,0,50,Mon,14,Long_Distance
misc,7.9,F,0,25,Mon,3,Regional
grocery,103.42,F,0,62,Sat,1,Regional
entertainment,10.14,M,0,79,Sat,7,Local
grocery,212.52,F,0,47,Mon,2,Long_Distance
grocery,228.58,F,0,44,Fri,4,Remote
grocery,4.33,M,0,44,Sat,15,Regional
personal,8.13,M,0,42,Mon,22,Commute
travel,72.97,F,0,59,Sun,11,Regional
home,63.92,M,0,72,Sun,12,Commute
grocery,296.42,F,0,38,Mon,20,Regional
travel,2.22,F,0,59,Sun,16,Long_Distance
shopping,47.97,F,0,53,Sun,0,Commute
home,104.74,F,0,46,Tue,12,Commute
grocery,69.24,M,0,58,Sun,1,Remote
home,48.15,M,0,26,Tue,12,Commute
home,14.19,M,0,82,Mon,13,Commute
shopping,404.39,M,0,27,Thu,13,Long_Distance
personal,19.47,F,0,74,Wed,16,Long_Distance
shopping,1.26,F,0,26,Fri,13,Regional
shopping,97.51,M,0,39,Sun,7,Commute
grocery,64.39,M,0,41,Sat,14,Long_Distance
shopping,9.86,F,0,59,Tue,4,Long_Distance
misc,47.3,F,0,37,Sun,2,Commute
travel,73.94,F,0,56,Mon,6,Regional
travel,2.7,F,0,15,Tue,17,Commute
personal,20.23,F,0,37,Wed,14,Commute
personal,29.73,F,0,61,Sat,19,Commute
grocery,62.35,F,0,37,Wed,10,Long_Distance
shopping,7.29,F,0,48,Fri,22,Remote
home,74.46,F,0,47,Sun,15,Long_Distance
health,40.17,F,0,40,Fri,21,Long_Distance
travel,89.43,M,0,25,Mon,9,Long_Distance
misc,20.1,M,0,33,Tue,18,Long_Distance
personal,60.96,F,0,45,Sun,13,Long_Distance
grocery,126.22,M,0,57,Mon,8,Commute
entertainment,58.21,M,0,53,Tue,18,Long_Distance
grocery,55.84,F,0,45,Thu,3,Remote
misc,5.19,F,0,47,Mon,16,Regional
home,192.76,F,0,59,Sat,18,Long_Distance
personal,53.69,F,0,48,Tue,23,Commute
misc,38.01,F,0,46,Sun,6,Long_Distance
shopping,7.74,F,0,66,Sat,9,Long_Distance
misc,14.13,M,0,66,Sun,1,Regional
home,18.71,M,0,70,Tue,12,Commute
home,19.71,M,0,21,Wed,16,Regional
travel,6.0,M,0,63,Tue,18,Regional
home,54.4,M,0,66,Fri,13,Regional
home,110.44,F,0,69,Sun,13,Long_Distance
home,56.18,F,0,35,Tue,18,Commute
misc,13.62,F,0,22,Thu,17,Commute
home,13.28,M,0,52,Mon,14,Local
shopping,6.59,F,0,47,Thu,20,Regional
travel,67.1,M,0,55,Thu,5,Long_Distance
grocery,69.08,F,0,32,Mon,4,Long_Distance
shopping,256.81,M,0,45,Mon,21,Commute
grocery,78.05,F,0,35,Thu,5,Long_Distance
shopping,71.73,M,0,24,Sat,15,Long_Distance
grocery,120.28,F,0,56,Sun,0,Remote
shopping,1.04,F,0,43,Sun,14,Regional
home,19.28,F,0,30,Mon,18,Long_Distance
shopping,2.15,M,0,54,Mon,2,Long_Distance
grocery,191.62,F,0,40,Sun,2,Long_Distance
travel,46.07,F,0,37,Mon,4,Regional
grocery,140.66,M,0,57,Tue,5,Commute
travel,9.12,F,0,23,Tue,21,Commute
grocery,181.96,F,0,52,Sat,3,Long_Distance
personal,134.78,M,0,66,Fri,17,Commute
travel,58.47,F,0,67,Wed,0,Long_Distance
travel,59.71,M,0,31,Tue,2,Long_Distance
home,7.26,M,0,68,Thu,17,Long_Distance
grocery,35.17,F,0,24,Wed,9,Long_Distance
health,55.09,F,0,22,Sat,20,Long_Distance
grocery,2.04,F,0,48,Fri,17,Long_Distance
home,78.95,M,0,48,Thu,13,Long_Distance
travel,72.24,M,0,51,Tue,10,Regional
misc,84.22,M,0,28,Tue,8,Regional
travel,464.45,M,0,47,Sat,22,Commute
travel,48.44,F,0,79,Wed,5,Long_Distance
health,7.11,F,0,23,Sat,18,Commute
grocery,49.4,M,0,44,Mon,21,Long_Distance
entertainment,6.8,F,0,59,Tue,11,Commute
shopping,5.04,M,0,55,Thu,5,Commute
home,47.04,M,0,25,Sat,23,Commute
home,22.33,F,0,33,Mon,13,Remote
personal,4.41,M,0,49,Sat,21,Commute
shopping,1671.73,M,0,35,Tue,16,Regional
misc,145.04,M,0,52,Fri,8,Commute
entertainment,142.22,F,0,35,Tue,18,Commute
health,10.4,F,0,84,Wed,18,Commute
home,35.24,F,0,91,Tue,23,Long_Distance
travel,36.23,F,0,59,Mon,3,Remote
home,8.73,F,0,44,Wed,13,Long_Distance
misc,39.96,M,0,41,Mon,11,Long_Distance
entertainment,67.28,F,0,38,Thu,22,Regional
home,41.45,F,0,81,Wed,21,Long_Distance
misc,3.35,F,0,43,Sat,23,Regional
grocery,37.07,F,0,40,Mon,6,Commute
health,31.26,M,0,77,Thu,12,Regional
grocery,24.87,M,0,31,Tue,17,Remote
home,17.19,F,0,35,Tue,21,Regional
travel,43.62,F,0,48,Tue,10,Long_Distance
misc,81.3,F,0,28,Sat,15,Long_Distance
health,15.55,F,0,59,Sat,16,Commute
grocery,113.74,F,0,32,Mon,8,Regional
home,20.16,F,0,37,Sun,22,Commute
grocery,61.32,M,0,40,Thu,15,Long_Distance
travel,66.95,M,0,31,Tue,3,Regional
travel,68.85,M,0,81,Thu,8,Regional
grocery,162.92,M,0,77,Tue,14,Long_Distance
home,29.92,F,0,42,Mon,15,Regional
travel,9.51,F,0,27,Tue,18,Commute
misc,8.44,M,0,58,Tue,7,Commute
shopping,7.26,F,0,46,Sun,19,Regional
personal,13.99,F,0,33,Thu,17,Long_Distance
grocery,20.98,M,0,56,Sat,22,Regional
misc,175.16,F,0,45,Sat,5,Commute
grocery,108.3,M,0,57,Thu,4,Long_Distance
shopping,5.83,F,0,43,Fri,23,Commute
entertainment,71.07,M,0,35,Tue,22,Long_Distance
grocery,82.96,M,0,83,Sat,1,Commute
health,107.95,F,0,40,Sun,13,Long_Distance
home,77.8,F,0,38,Thu,15,Regional
travel,97.95,M,0,56,Mon,11,Regional
grocery,5.82,M,0,22,Sat,13,Regional
personal,8.81,M,0,34,Wed,17,Regional
shopping,8.41,M,0,25,Thu,19,Long_Distance
home,158.57,F,0,46,Mon,19,Long_Distance
entertainment,48.11,M,0,15,Sat,12,Long_Distance
home,32.86,F,0,86,Tue,14,Commute
home,37.34,M,0,30,Sat,15,Long_Distance
home,26.29,M,0,52,Wed,12,Regional
entertainment,8.95,F,0,61,Mon,6,Commute
misc,158.21,F,0,40,Sun,2,Long_Distance
home,34.26,F,0,42,Sun,22,Regional
shopping,21.58,F,0,36,Tue,19,Commute
personal,39.28,F,0,29,Mon,19,Regional
shopping,6.44,M,0,50,Tue,1,Commute
grocery,58.37,M,0,32,Fri,22,Commute
travel,46.01,F,0,24,Sat,4,Local
home,1.65,F,0,57,Fri,18,Long_Distance
travel,68.37,F,0,31,Tue,10,Long_Distance
grocery,97.46,F,0,45,Sat,8,Regional
grocery,122.46,F,0,84,Thu,11,Long_Distance
shopping,8.98,F,0,43,Wed,15,Long_Distance
home,44.02,F,0,16,Wed,20,Long_Distance
personal,174.81,F,0,28,Sun,17,Commute
grocery,11.75,M,0,27,Sun,12,Long_Distance
entertainment,43.56,F,0,36,Sun,22,Long_Distance
misc,2.32,M,0,50,Mon,1,Commute
misc,14.89,M,0,57,Mon,6,Regional
home,16.92,F,0,38,Mon,19,Commute
entertainment,34.43,F,0,35,Sun,20,Regional
entertainment,91.75,F,0,15,Sun,16,Long_Distance
misc,29.24,M,0,60,Thu,3,Commute
home,21.11,M,0,24,Tue,23,Commute
entertainment,78.63,M,0,43,Thu,22,Long_Distance
personal,11.93,F,0,44,Thu,21,Long_Distance
health,145.85,F,0,31,Sun,20,Long_Distance
travel,87.73,F,0,56,Fri,11,Long_Distance
home,3.47,F,0,26,Fri,18,Regional
travel,1.03,F,0,25,Thu,13,Long_Distance
entertainment,19.62,F,0,48,Mon,21,Commute
entertainment,8.08,F,0,21,Thu,16,Long_Distance
entertainment,173.53,F,0,31,Thu,19,Long_Distance
entertainment,124.64,M,0,23,Sun,19,Remote
grocery,112.3,F,0,63,Sun,4,Long_Distance
health,39.22,F,0,36,Sat,22,Long_Distance
grocery,47.73,F,0,44,Tue,1,Regional
home,40.29,F,0,46,Mon,19,Long_Distance
entertainment,4.68,F,0,21,Wed,14,Long_Distance
travel,45.68,F,0,69,Sun,3,Regional
grocery,82.41,M,0,83,Mon,3,Long_Distance
misc,39.86,M,0,46,Sun,5,Long_Distance
travel,86.72,M,0,41,Mon,3,Remote
travel,57.53,M,0,53,Thu,8,Commute
health,73.6,M,0,45,Thu,17,Regional
health,72.69,M,0,58,Wed,13,Regional
shopping,130.29,M,0,42,Wed,0,Long_Distance
entertainment,31.91,M,0,27,Fri,18,Commute
personal,44.51,F,0,65,Thu,16,Regional
home,63.13,M,0,44,Mon,19,Regional
shopping,8.06,M,0,52,Fri,4,Remote
home,10.59,F,0,26,Mon,21,Long_Distance
grocery,37.74,M,0,46,Thu,0,Long_Distance
health,26.61,M,0,51,Tue,14,Long_Distance
misc,182.77,F,0,46,Thu,21,Commute
grocery,18.21,F,0,22,Sun,13,Commute
travel,50.95,F,0,70,Mon,3,Long_Distance
home,43.21,M,0,61,Mon,21,Remote
travel,70.31,M,0,68,Mon,8,Regional
personal,21.63,F,0,29,Mon,23,Commute
shopping,91.28,M,0,55,Tue,2,Commute
home,30.65,M,0,26,Fri,17,Long_Distance
travel,67.13,M,0,35,Fri,1,Commute
health,56.82,F,0,55,Mon,14,Commute
home,103.7,M,0,63,Mon,14,
travel,89.35,M,0,58,Mon,2,Commute
home,11.34,F,0,68,Sun,13,Commute
grocery,232.64,M,0,38,Mon,19,Long_Distance
entertainment,145.6,F,0,34,Tue,14,Long_Distance
grocery,62.68,M,0,49,Fri,22,Long_Distance
home,50.12,M,0,30,Tue,18,Long_Distance
grocery,63.33,M,0,34,Sun,12,Long_Distance
home,23.52,M,0,51,Fri,19,Commute
grocery,148.03,F,0,30,Fri,2,Long_Distance
personal,27.27,M,0,53,Thu,20,Long_Distance
misc,2.33,M,0,69,Sat,1,Commute
grocery,5.88,F,0,47,Wed,23,Long_Distance
health,22.36,F,0,22,Sun,19,Commute
health,32.14,F,0,85,Sat,16,Regional
entertainment,52.52,M,0,47,Tue,19,Regional
home,1.67,M,0,77,Sat,20,Commute
misc,8.08,M,0,48,Fri,3,Regional
home,15.06,F,0,43,Tue,15,Long_Distance
entertainment,4.89,F,0,58,Fri,7,Regional
home,8.31,F,0,47,Sun,18,Commute
shopping,118.7,F,0,29,Sun,16,Long_Distance
grocery,33.11,F,0,28,Tue,18,Regional
travel,75.36,M,0,51,Thu,10,Regional
travel,112.9,F,0,26,Mon,7,Long_Distance
home,50.66,F,0,35,Thu,18,Regional
home,88.53,M,0,45,Sat,15,Commute
travel,60.92,F,0,31,Mon,10,Regional
home,20.25,F,0,70,Mon,17,Long_Distance
misc,7.26,M,0,33,Fri,18,Long_Distance
misc,43.73,M,0,15,Mon,22,Regional
health,33.28,F,0,50,Mon,16,Long_Distance
grocery,14.11,F,0,44,Wed,22,Regional
misc,7.51,F,0,75,Thu,5,Commute
shopping,6.95,M,0,27,Sat,20,Long_Distance
home,35.48,M,0,21,Sat,18,Long_Distance
travel,4.09,M,0,22,Thu,19,Commute
misc,8.95,F,0,47,Sat,18,Local
personal,8.08,M,0,47,Mon,12,Regional
misc,18.95,M,0,53,Thu,1,Regional
home,13.3,F,0,50,Sun,16,Commute
travel,72.27,M,0,41,Sun,9,Commute
home,54.27,M,0,29,Sat,23,Regional
shopping,1.48,F,0,55,Mon,3,Long_Distance
shopping,6.3,M,0,58,Mon,10,Long_Distance
health,93.81,F,0,63,Sun,12,Regional
personal,233.88,F,0,31,Wed,23,Long_Distance
misc,29.14,F,0,37,Mon,12,Commute
entertainment,41.42,F,0,68,Sun,17,Commute
health,74.87,M,0,29,Sun,21,Long_Distance
shopping,3.44,F,0,64,Fri,2,Local
shopping,8.21,M,0,66,Thu,8,Long_Distance
travel,66.12,M,0,23,Mon,10,Long_Distance
personal,9.67,F,0,47,Thu,21,Long_Distance
travel,44.15,F,0,53,Mon,9,Local
home,29.41,F,0,62,Wed,20,Commute
personal,22.11,F,0,30,Tue,19,Long_Distance
personal,11.65,F,0,44,Tue,13,Remote
home,28.12,F,0,32,Mon,12,Commute
home,28.09,F,0,33,Sat,12,Long_Distance
grocery,38.69,M,0,25,Sat,6,Commute
health,5.78,F,0,19,Mon,22,Long_Distance
home,83.65,F,0,32,Sun,16,Long_Distance
personal,1.33,F,0,36,Sun,17,Commute
grocery,22.86,M,0,31,Tue,6,Local
entertainment,12.62,F,0,68,Fri,14,Long_Distance
travel,82.53,M,0,89,Fri,4,Commute
home,17.71,M,0,41,Sun,17,Regional
health,46.15,F,0,63,Sun,20,Regional
home,62.56,M,0,78,Sun,19,Commute
home,10.2,F,0,37,Tue,18,Long_Distance
shopping,37.45,M,0,57,Mon,4,Commute
travel,69.25,M,0,29,Mon,8,Long_Distance
grocery,47.25,M,0,46,Wed,4,Commute
grocery,132.01,M,0,54,Mon,4,Long_Distance
travel,3.21,F,0,42,Sun,21,Long_Distance
shopping,97.76,F,0,29,Sun,16,Local
home,123.89,M,0,83,Tue,14,Regional
entertainment,5.77,M,0,30,Sun,23,Long_Distance
travel,63.79,F,0,88,Sat,0,Commute
home,24.77,M,0,75,Sat,17,Long_Distance
home,65.46,F,0,52,Thu,13,Long_Distance
health,95.72,F,0,39,Sun,23,Long_Distance
entertainment,3.5,F,0,63,Sun,2,Long_Distance
health,28.8,F,0,54,Mon,21,Regional
home,88.19,M,0,37,Mon,15,Commute
grocery,190.43,F,0,33,Sat,8,Long_Distance
personal,12.04,M,0,74,Mon,21,Regional
home,17.48,M,0,55,Tue,19,Remote
misc,5.61,F,0,59,Mon,0,Regional
grocery,180.98,F,0,44,Wed,7,Remote
health,40.01,M,0,81,Sat,18,Long_Distance
personal,68.24,M,0,33,Wed,19,Long_Distance
shopping,2.89,M,0,50,Sun,1,Long_Distance
misc,6.74,F,0,59,Fri,9,Long_Distance
grocery,150.28,M,0,52,Mon,3,Regional
home,151.37,F,0,32,Mon,23,Long_Distance
home,50.45,M,0,28,Wed,15,Commute
home,71.09,F,0,42,Tue,21,Commute
home,15.76,M,0,74,Wed,20,Long_Distance
home,48.47,M,0,46,Wed,17,Long_Distance
grocery,6.8,F,0,23,Sun,22,Commute
entertainment,101.42,M,0,42,Fri,23,Regional
grocery,96.76,F,0,34,Sat,9,Regional
personal,7.78,F,0,37,Fri,17,Remote
shopping,88.0,M,0,39,Fri,21,Commute
home,9.97,F,0,20,Mon,15,Regional
grocery,112.42,F,0,74,Sat,10,Commute
home,106.76,F,0,37,Sun,13,Long_Distance
travel,45.55,F,0,48,Tue,6,Long_Distance
entertainment,12.5,M,0,18,Fri,18,Commute
travel,78.1,F,0,35,Wed,2,Long_Distance
home,10.82,F,0,64,Mon,15,Long_Distance
home,20.5,M,0,75,Fri,23,Long_Distance
grocery,69.1,M,0,29,Mon,11,Regional
grocery,202.82,F,0,29,Sun,9,Remote
travel,2.73,F,0,57,Fri,19,Commute
misc,98.47,M,0,94,Tue,10,Long_Distance
home,49.25,M,0,72,Thu,15,Long_Distance
shopping,91.0,M,0,32,Sat,10,Regional
home,97.89,M,0,59,Mon,17,Long_Distance
personal,50.63,M,0,65,Tue,14,Commute
misc,141.61,M,0,17,Mon,23,Commute
travel,46.52,M,0,46,Thu,4,Long_Distance
shopping,5.07,M,0,43,Thu,19,Long_Distance
home,43.07,F,0,83,Sun,12,Commute
grocery,228.88,F,0,43,Sat,1,Long_Distance
travel,68.64,M,0,30,Sat,11,Long_Distance
travel,65.18,F,0,67,Thu,8,Long_Distance
travel,52.52,F,0,69,Sun,8,Long_Distance
grocery,76.21,F,0,31,Wed,5,Long_Distance
entertainment,185.04,M,0,40,Fri,21,Regional
home,68.75,F,0,46,Tue,23,Long_Distance
home,25.29,M,0,42,Tue,23,Long_Distance
grocery,130.57,M,0,53,Tue,9,Long_Distance
home,51.73,F,0,48,Sat,13,Long_Distance
health,73.04,M,0,26,Tue,18,Long_Distance
shopping,12.67,M,0,60,Tue,4,Commute
misc,1.5,F,0,35,Mon,0,Commute
shopping,485.59,M,0,58,Tue,0,Local
misc,2.58,F,0,55,Tue,6,Regional
grocery,56.84,M,0,48,Tue,10,Local
travel,71.37,M,0,35,Sat,3,Long_Distance
travel,59.1,M,0,50,Mon,4,Commute
home,48.35,M,0,38,Fri,16,Local
shopping,142.17,M,0,46,Sat,14,Long_Distance
health,100.63,M,0,57,Tue,16,Commute
entertainment,91.04,M,0,29,Wed,15,Regional
grocery,121.09,F,0,66,Tue,9,Commute
personal,24.01,M,0,50,Mon,22,Regional
travel,446.33,M,0,37,Sun,12,Commute
misc,5.82,F,0,47,Sun,13,Long_Distance
travel,5.75,F,0,69,Mon,13,Long_Distance
personal,113.57,M,0,30,Tue,17,Regional
travel,82.69,M,0,57,Wed,7,Long_Distance
entertainment,73.82,M,0,47,Mon,16,Long_Distance
travel,5.89,M,0,28,Mon,19,Long_Distance
health,72.61,F,0,46,Sun,20,Long_Distance
shopping,9.41,F,0,35,Mon,14,Long_Distance
shopping,300.94,F,0,27,Mon,20,Long_Distance
personal,3.65,M,0,22,Sun,23,Regional
home,35.73,F,0,49,Mon,13,Long_Distance
shopping,2.67,F,0,48,Tue,15,Long_Distance
personal,36.39,M,0,37,Sun,16,Regional
shopping,14.91,M,0,48,Sun,21,Commute
health,23.38,M,0,22,Thu,15,Commute
grocery,7.15,M,0,47,Tue,14,Regional
home,76.06,F,0,20,Sun,15,Local
grocery,62.09,F,0,38,Thu,3,Long_Distance
home,7.15,F,0,31,Thu,16,Regional
health,74.97,M,0,45,Sat,23,Long_Distance
health,73.91,M,0,38,Tue,13,Long_Distance
grocery,156.69,M,0,22,Fri,21,Commute
grocery,90.56,M,0,70,Sun,7,Commute
shopping,18.67,F,0,32,Sat,17,Long_Distance
shopping,112.26,F,0,32,Wed,21,Long_Distance
home,1.54,F,0,59,Mon,22,Regional
home,50.44,F,0,19,Tue,21,Long_Distance
grocery,98.77,F,0,46,Tue,11,Regional
travel,49.26,F,0,54,Mon,2,Long_Distance
shopping,9.86,F,0,48,Sun,23,Long_Distance
home,47.64,F,0,42,Sun,21,Commute
shopping,9.89,F,0,33,Sat,23,Regional
home,64.43,F,0,52,Wed,17,Long_Distance
grocery,142.68,F,0,90,Mon,10,Commute
personal,3.2,M,0,32,Wed,21,Remote
home,81.61,F,0,27,Tue,14,Long_Distance
shopping,109.0,M,0,28,Fri,3,Commute
personal,70.14,M,0,33,Thu,21,Long_Distance
grocery,67.97,M,0,40,Sat,11,Regional
shopping,139.39,M,0,46,Sun,5,Long_Distance
misc,299.02,F,0,36,Mon,4,Long_Distance
entertainment,161.8,F,0,77,Mon,15,Long_Distance
home,131.39,M,0,34,Mon,23,Long_Distance
travel,39.76,F,0,39,Sat,7,Long_Distance
home,30.18,F,0,31,Tue,19,Regional
misc,11.79,F,0,27,Thu,4,Long_Distance
home,48.56,F,0,64,Sat,19,Long_Distance
shopping,7.64,M,0,52,Sat,10,Commute
grocery,47.06,F,0,38,Sun,7,Commute
travel,60.76,M,0,61,Sat,4,Long_Distance
grocery,18.88,F,0,32,Sun,12,Remote
shopping,131.36,M,0,26,Tue,0,Commute
misc,120.31,F,0,43,Sun,10,Local
shopping,56.1,F,0,32,Sun,13,Regional
home,3.26,F,0,73,Wed,19,Long_Distance
grocery,95.2,M,0,67,Mon,1,Local
home,106.15,F,0,35,Tue,16,Long_Distance
grocery,53.66,M,0,35,Wed,10,Commute
travel,72.8,M,0,50,Wed,5,Regional
entertainment,31.31,F,0,47,Sun,12,Commute
travel,32.04,M,0,57,Fri,5,Commute
grocery,7.56,F,0,20,Wed,16,Commute
personal,108.02,F,0,51,Mon,16,Regional
grocery,6.8,F,0,48,Fri,19,Long_Distance
health,3.54,M,0,57,Tue,12,Long_Distance
grocery,54.51,M,0,36,Mon,3,Commute
grocery,39.6,F,0,38,Sat,18,Long_Distance
travel,75.08,F,0,49,Tue,0,Remote
home,2.71,M,0,54,Sat,22,Commute
home,88.65,M,0,24,Sat,17,Long_Distance
grocery,180.98,F,0,34,Sun,4,Long_Distance
home,34.22,F,0,42,Tue,13,Regional
shopping,5.25,F,0,71,Wed,3,Regional
grocery,64.04,M,0,40,Tue,3,Long_Distance
travel,62.75,M,0,27,Sun,1,Long_Distance
grocery,71.43,F,0,75,Sun,7,Long_Distance
misc,70.13,F,0,23,Sat,21,Regional
shopping,19.03,M,0,53,Fri,0,Long_Distance
home,74.36,M,0,34,Sun,15,Long_Distance
home,73.93,F,0,48,Sun,15,Long_Distance
travel,9.81,F,0,68,Sun,14,Commute
misc,4.9,F,0,64,Wed,6,Long_Distance
health,97.13,F,0,35,Thu,20,Long_Distance
health,52.7,F,0,35,Sat,15,Long_Distance
personal,13.8,F,0,24,Thu,14,Commute
grocery,206.21,F,0,41,Sat,8,Commute
shopping,7.81,F,0,56,Fri,5,Long_Distance
personal,39.04,F,0,32,Sun,12,Commute
travel,78.78,F,0,64,Thu,6,Long_Distance
shopping,35.34,F,0,27,Sat,23,Long_Distance
travel,66.02,F,0,29,Thu,0,Long_Distance
shopping,9.35,M,0,64,Wed,8,Long_Distance
home,60.48,M,0,83,Sat,17,Regional
home,3.59,F,0,54,Mon,20,Long_Distance
home,16.76,M,0,47,Wed,18,Long_Distance
home,7.48,F,0,57,Fri,16,Commute
grocery,105.07,F,0,37,Fri,3,Long_Distance
travel,70.96,M,0,53,Sun,11,Local
personal,152.01,M,0,55,Wed,17,Long_Distance
home,14.97,F,0,27,Tue,12,Long_Distance
shopping,6.76,M,0,32,Sun,14,Regional
home,48.34,M,0,42,Fri,13,Regional
shopping,813.18,F,0,49,Sun,14,Regional
travel,75.44,M,0,45,Sun,8,Long_Distance
health,16.38,F,0,72,Thu,13,Long_Distance
grocery,28.52,F,0,46,Tue,18,Regional
shopping,559.53,F,0,38,Sat,13,Commute
personal,29.39,F,0,42,Fri,18,Long_Distance
shopping,3.73,M,0,53,Mon,2,Commute
entertainment,33.09,M,0,25,Fri,15,Long_Distance
grocery,103.61,M,0,47,Wed,0,Commute
grocery,107.97,M,0,79,Tue,4,Long_Distance
home,46.57,M,0,42,Tue,15,Long_Distance
personal,64.39,M,0,58,Mon,12,Long_Distance
entertainment,50.39,F,0,25,Sun,12,Remote
grocery,52.58,M,0,30,Fri,2,Commute
misc,4.61,M,0,45,Fri,18,Commute
travel,76.72,M,0,57,Mon,9,Commute
travel,83.14,M,0,40,Sun,2,Regional
entertainment,123.72,F,0,29,Fri,18,Commute
shopping,7.95,F,0,34,Sat,23,Long_Distance
travel,1.79,F,0,59,Sun,13,Commute
shopping,1.41,F,0,41,Thu,23,Remote
home,34.99,F,0,44,Tue,12,Remote
personal,178.24,F,0,43,Tue,21,Long_Distance
home,16.46,M,0,49,Fri,21,Regional
grocery,10.45,F,0,20,Tue,19,Commute
grocery,96.27,F,0,46,Thu,8,Commute
grocery,95.56,F,0,37,Wed,0,Regional
grocery,47.56,M,0,78,Mon,12,Long_Distance
grocery,80.89,F,0,28,Mon,4,Commute
misc,126.5,M,0,44,Sun,1,Long_Distance
grocery,72.57,M,0,44,Fri,9,Commute
misc,15.57,F,0,37,Thu,0,Commute
shopping,5.45,F,0,65,Wed,7,Commute
misc,7.41,M,0,20,Tue,15,Long_Distance
shopping,4.03,M,0,36,Sun,21,Long_Distance
shopping,3.83,F,0,48,Thu,22,Commute
grocery,133.85,F,0,31,Sun,3,Regional
travel,72.61,M,0,32,Mon,11,Commute
travel,60.47,F,0,36,Tue,4,Regional
shopping,2.17,M,0,65,Tue,7,Long_Distance
travel,31.8,F,0,48,Tue,5,Long_Distance
grocery,64.67,F,0,35,Tue,15,Long_Distance
home,91.35,M,0,86,Wed,21,Commute
misc,48.25,F,0,45,Thu,5,Remote
home,81.74,M,0,27,Tue,17,Local
health,4.88,M,0,35,Mon,13,Commute
home,54.25,F,0,48,Mon,12,Long_Distance
shopping,36.98,F,0,49,Fri,20,Long_Distance
travel,9.5,F,0,39,Sat,23,Commute
grocery,2.63,M,0,29,Fri,19,Long_Distance
shopping,8.8,M,0,68,Sun,2,Regional
travel,83.99,M,0,26,Mon,10,Long_Distance
shopping,9.77,F,0,58,Wed,7,Commute
entertainment,70.96,M,0,41,Mon,20,Commute
grocery,34.76,M,0,54,Fri,21,Long_Distance
travel,47.21,F,0,37,Thu,8,Commute
grocery,10.72,F,0,30,Sat,17,Long_Distance
shopping,7.8,M,0,24,Sat,12,Regional
entertainment,35.42,M,0,63,Sun,13,Long_Distance
health,75.12,M,0,27,Fri,14,Regional
misc,2.38,F,0,36,Tue,20,Long_Distance
travel,61.78,M,0,89,Mon,4,Long_Distance
travel,49.17,M,0,94,Mon,10,Regional
grocery,163.44,F,0,47,Sun,14,Commute
home,191.88,F,0,67,Sun,23,Commute
shopping,8.59,F,0,38,Sun,23,Local
personal,33.24,F,0,35,Tue,17,Long_Distance
health,173.13,F,0,58,Fri,17,Regional
misc,26.95,F,0,60,Mon,4,Regional
travel,32.59,M,0,54,Fri,2,Long_Distance
travel,60.31,F,0,42,Mon,1,Commute
home,21.93,F,0,49,Fri,20,Commute
grocery,44.61,F,0,29,Sat,8,Long_Distance
grocery,29.57,M,0,39,Sat,22,Long_Distance
grocery,7.79,M,0,20,Mon,12,Long_Distance
travel,38.34,F,0,57,Fri,7,Commute
grocery,8.68,M,0,35,Mon,12,Commute
home,71.51,M,0,43,Mon,15,Regional
home,64.45,F,0,57,Wed,14,Remote
grocery,107.04,F,0,57,Sun,9,Long_Distance
shopping,7.29,F,0,76,Tue,3,Commute
misc,701.63,F,0,45,Thu,11,Long_Distance
home,18.69,F,0,73,Sun,15,Long_Distance
grocery,70.73,M,0,30,Thu,8,Regional
personal,74.74,M,0,38,Fri,18,Commute
health,21.09,F,0,50,Mon,14,Regional
home,81.05,F,0,42,Thu,23,Long_Distance
health,14.7,F,0,36,Thu,16,Long_Distance
misc,1149.94,F,0,74,Thu,2,Commute
misc,6.53,F,0,71,Wed,3,Long_Distance
entertainment,159.33,F,0,29,Tue,17,Remote
home,143.23,M,0,69,Sat,13,Regional
misc,6.18,M,0,42,Sun,19,Long_Distance
travel,48.56,M,0,22,Thu,2,Regional
misc,2.92,F,0,83,Sat,5,Long_Distance
grocery,124.88,M,0,53,Wed,6,Long_Distance
grocery,7.46,F,0,19,Thu,18,Regional
grocery,23.25,F,0,59,Mon,3,Long_Distance
shopping,42.85,F,0,41,Tue,17,Commute
health,52.12,F,0,52,Wed,13,Remote
shopping,7.29,F,0,48,Thu,19,Long_Distance
shopping,20.46,F,0,33,Sun,17,Long_Distance
travel,68.82,M,0,60,Thu,11,Commute
home,50.87,F,0,58,Wed,18,Long_Distance
grocery,87.66,F,0,42,Sat,11,Commute
home,38.08,M,0,77,Sat,20,Long_Distance
home,23.64,M,0,27,Sat,17,Long_Distance
grocery,93.36,F,0,30,Fri,1,Long_Distance
entertainment,65.44,M,0,41,Fri,21,Long_Distance
grocery,100.31,F,0,48,Tue,22,Long_Distance
personal,4.63,M,0,57,Sun,22,Long_Distance
shopping,9.47,F,0,58,Sat,10,Long_Distance
misc,141.07,F,0,34,Sun,1,Remote
health,27.28,F,0,41,Fri,22,Commute
home,73.7,F,0,82,Mon,14,Long_Distance
home,35.94,M,0,44,Mon,21,Long_Distance
grocery,36.2,F,0,19,Fri,1,Regional
misc,5.34,F,0,51,Thu,0,Commute
shopping,9.1,F,0,67,Mon,0,Long_Distance
home,32.02,M,0,39,Tue,22,Commute
grocery,8.93,F,0,22,Sat,16,Long_Distance
grocery,3.09,F,0,28,Tue,16,Regional
entertainment,1.27,F,0,51,Tue,7,Long_Distance
home,26.55,F,0,42,Tue,17,Long_Distance
entertainment,71.88,M,0,34,Wed,18,Long_Distance
travel,78.7,F,0,47,Mon,1,Commute
shopping,7.28,F,0,50,Fri,23,Commute
misc,396.5,M,0,64,Mon,0,Remote
entertainment,59.65,F,0,36,Wed,13,Commute
home,69.68,M,0,35,Wed,18,Regional
travel,68.43,F,0,52,Mon,0,Commute
personal,20.76,F,0,29,Sun,15,Regional
home,148.78,F,0,28,Wed,16,Commute
misc,80.14,M,0,48,Sun,23,Long_Distance
home,10.45,F,0,36,Sat,21,Commute
health,18.97,M,0,45,Fri,13,Regional
misc,7.91,M,0,32,Tue,12,Long_Distance
shopping,9.28,M,0,75,Mon,3,Long_Distance
grocery,133.7,M,0,59,Mon,8,Long_Distance
health,63.18,M,0,36,Thu,19,Remote
grocery,40.96,F,0,16,Sat,5,Long_Distance
shopping,5.17,F,0,36,Thu,22,Local
shopping,2.65,F,0,31,Thu,23,Long_Distance
home,155.2,F,0,38,Sun,17,Long_Distance
travel,1.1,F,0,65,Fri,17,Regional
travel,58.76,F,0,56,Fri,11,Long_Distance
travel,62.31,M,0,53,Tue,2,Commute
misc,20.0,M,0,56,Thu,3,Long_Distance
home,28.44,M,0,55,Sun,22,Long_Distance
shopping,65.8,F,0,36,Fri,20,Long_Distance
misc,73.1,F,0,39,Mon,0,Long_Distance
grocery,80.79,M,0,78,Tue,9,Regional
grocery,27.63,M,0,35,Fri,10,Long_Distance
travel,72.25,M,0,44,Fri,11,Long_Distance
home,12.2,M,0,71,Thu,12,Regional
shopping,2.75,F,0,30,Sun,13,Commute
misc,15.26,M,0,45,Mon,21,Commute
grocery,158.24,F,0,59,Fri,4,Long_Distance
home,24.89,M,0,70,Tue,12,Long_Distance
grocery,133.55,M,0,82,Sun,0,Local
shopping,94.05,M,0,74,Sat,2,Commute
travel,70.11,F,0,21,Mon,6,Long_Distance
entertainment,73.81,M,0,45,Fri,18,Commute
travel,64.89,M,0,38,Tue,7,Regional
health,112.94,M,0,54,Thu,18,Commute
shopping,3.53,F,0,33,Sun,20,Long_Distance
home,3.3,F,0,30,Mon,21,Long_Distance
personal,82.87,F,0,33,Sun,21,Long_Distance
grocery,32.98,M,0,46,Mon,5,Long_Distance
shopping,150.5,F,0,41,Sat,22,Regional
entertainment,3.19,M,0,47,Tue,14,Commute
health,35.42,F,0,32,Mon,20,Long_Distance
misc,1.08,M,0,45,Sat,11,Remote
home,10.02,M,0,54,Sun,14,Commute
grocery,76.88,F,0,58,Fri,8,Commute
misc,9.11,M,0,49,Wed,3,Long_Distance
shopping,299.75,F,0,39,Mon,14,Long_Distance
shopping,1.03,F,0,45,Sun,22,Remote
home,7.38,M,0,25,Mon,18,Long_Distance
shopping,109.34,F,0,32,Sun,12,Regional
travel,7.5,F,0,81,Wed,21,Commute
shopping,1.37,F,0,79,Tue,7,Commute
home,4.09,M,0,70,Sat,13,Long_Distance
grocery,138.49,F,0,92,Fri,11,Regional
grocery,53.74,M,0,30,Thu,10,Local
misc,5.39,M,0,62,Sat,6,Long_Distance
shopping,2.08,F,0,25,Sat,21,Local
personal,3.01,F,0,29,Tue,13,Long_Distance
grocery,113.26,M,0,41,Wed,0,Commute
travel,1.72,M,0,35,Fri,23,Commute
personal,9.51,F,0,20,Sat,14,Long_Distance
grocery,14.6,F,0,46,Sun,17,Regional
health,66.41,M,0,30,Wed,22,Regional
entertainment,10.73,M,0,43,Wed,20,Commute
home,19.44,M,0,65,Mon,16,Regional
home,89.08,F,0,65,Thu,23,Long_Distance
shopping,158.72,F,0,50,Sat,19,Long_Distance
home,9.4,F,0,22,Sun,23,Long_Distance
misc,1.5,F,0,29,Mon,4,Long_Distance
grocery,22.36,F,0,56,Sat,17,Long_Distance
home,58.95,F,0,32,Sun,23,Regional
grocery,9.23,M,0,24,Sun,23,Regional
travel,42.78,M,0,69,Fri,2,Long_Distance
misc,1.04,F,0,24,Sun,14,Commute
health,76.77,M,0,28,Sun,22,Regional
travel,43.94,M,0,59,Sun,6,Commute
shopping,28.26,F,0,45,Sun,12,Commute
travel,62.14,F,0,46,Fri,10,Long_Distance
misc,2.89,F,0,34,Thu,7,Long_Distance
home,30.55,F,0,20,Sun,12,Regional
grocery,61.15,F,0,39,Tue,3,Remote
travel,52.11,F,0,79,Fri,0,Remote
grocery,116.68,M,0,54,Mon,2,Local
personal,75.63,M,0,37,Mon,13,Regional
shopping,4.67,F,0,47,Sun,17,Long_Distance
misc,5.42,F,0,91,Tue,6,Long_Distance
home,137.32,F,0,43,Tue,20,Regional
grocery,2.68,M,0,26,Fri,12,Long_Distance
grocery,65.23,F,0,39,Thu,21,Commute
home,56.92,M,0,27,Mon,16,Regional
travel,91.6,F,0,35,Fri,6,Regional
health,77.79,M,0,39,Tue,12,Commute
misc,4.65,M,0,34,Fri,8,Long_Distance
travel,49.06,M,0,74,Wed,7,Regional
entertainment,29.79,F,0,47,Thu,21,Remote
entertainment,90.63,M,0,23,Sat,22,Commute
entertainment,67.51,F,0,24,Sat,16,Long_Distance
entertainment,111.07,F,0,91,Sun,18,Commute
shopping,171.93,F,0,78,Wed,3,Commute
misc,5.38,F,0,34,Wed,13,Commute
grocery,25.36,M,0,24,Thu,20,Long_Distance
grocery,133.08,M,0,53,Tue,11,Long_Distance
grocery,97.9,F,0,46,Mon,12,Commute
grocery,38.44,F,0,48,Fri,13,Long_Distance
grocery,132.85,M,0,58,Wed,3,Regional
travel,65.64,F,0,80,Fri,1,Commute
grocery,109.89,F,0,29,Sat,0,Regional
personal,65.93,M,0,28,Mon,20,Long_Distance
home,36.87,M,0,78,Mon,22,Long_Distance
home,14.94,F,0,48,Mon,17,Long_Distance
home,2.11,F,0,33,Mon,12,Commute
personal,58.16,F,0,33,Sat,16,Long_Distance
travel,54.87,M,0,20,Sat,3,Long_Distance
travel,73.09,F,0,92,Tue,1,Commute
health,111.64,M,0,22,Mon,20,Remote
health,6.97,M,0,74,Wed,18,Regional
personal,26.09,F,0,59,Thu,22,Commute
shopping,115.01,F,0,22,Fri,23,Long_Distance
shopping,8.34,M,0,66,Sun,8,Long_Distance
home,39.61,M,0,46,Tue,14,Long_Distance
home,10.47,F,0,37,Fri,18,Long_Distance
home,52.46,M,0,71,Sat,23,Long_Distance
grocery,44.5,F,0,32,Fri,6,Long_Distance
travel,4.46,M,0,82,Wed,13,Regional
misc,1.3,F,0,85,Tue,7,Regional
shopping,5.67,M,0,33,Mon,12,Commute
grocery,63.19,M,0,32,Fri,19,Commute
grocery,44.04,F,0,67,Tue,17,Long_Distance
personal,61.31,F,0,28,Mon,19,Long_Distance
grocery,57.62,F,0,32,Fri,14,Commute
home,41.91,F,0,48,Mon,14,Remote
misc,12.4,F,0,34,Sun,5,Long_Distance
shopping,8.2,F,0,47,Sat,15,Commute
grocery,63.06,M,0,30,Wed,14,Long_Distance
misc,9.93,M,0,71,Fri,0,Long_Distance
home,41.91,M,0,33,Fri,14,Commute
home,96.42,M,0,63,Fri,14,Long_Distance
travel,529.55,M,0,33,Thu,15,Commute
travel,41.96,M,0,34,Sun,13,Regional
grocery,71.63,F,0,34,Tue,8,Long_Distance
home,4.94,M,0,63,Tue,14,Commute
grocery,4.12,M,0,21,Mon,19,Regional
shopping,1.81,M,0,96,Wed,2,Long_Distance
grocery,9.86,M,0,40,Sat,13,Remote
grocery,191.48,F,0,50,Mon,4,Long_Distance
home,205.26,M,0,30,Mon,16,Regional
entertainment,157.39,F,0,83,Sun,3,Commute
home,74.18,F,0,58,Fri,15,Regional
shopping,8.69,M,0,48,Mon,23,Regional
personal,6.75,F,0,47,Sun,23,Commute
travel,112.87,F,0,86,Sun,3,Long_Distance
shopping,5.16,F,0,80,Sun,9,Long_Distance
travel,75.64,F,0,54,Wed,3,Regional
home,19.61,F,0,81,Thu,17,Commute
health,10.3,F,0,61,Tue,17,Regional
entertainment,50.67,F,0,43,Mon,19,Commute
grocery,7.45,F,0,34,Wed,13,Commute
misc,190.25,M,0,21,Thu,23,Local
grocery,83.67,M,0,32,Wed,5,Long_Distance
home,24.2,M,0,34,Sat,20,Long_Distance
travel,5.36,F,0,72,Sat,13,Regional
shopping,28.46,F,0,33,Mon,23,Long_Distance
misc,131.9,F,0,29,Sat,3,Commute
grocery,139.4,M,0,56,Sat,0,Regional
misc,3.21,F,0,60,Mon,9,Regional
home,79.3,M,0,38,Mon,22,Commute
grocery,65.18,F,0,48,Sun,12,Long_Distance
grocery,67.98,M,0,59,Sun,7,Commute
personal,12.82,F,0,31,Thu,21,Commute
personal,4.34,F,0,16,Thu,14,Commute
entertainment,5.84,M,0,58,Sun,8,Regional
grocery,6.11,M,0,18,Fri,22,Remote
personal,43.59,M,0,31,Mon,21,Long_Distance
grocery,217.28,F,0,27,Sun,4,Commute
home,112.22,F,0,58,Thu,23,Regional
home,57.51,M,0,36,Sun,23,Regional
personal,83.25,M,0,44,Fri,14,Long_Distance
grocery,94.34,F,0,51,Thu,3,Regional
entertainment,79.33,M,0,44,Fri,12,Long_Distance
home,25.38,M,0,62,Tue,20,Local
shopping,2.16,F,0,79,Sat,1,Long_Distance
personal,36.29,F,0,52,Fri,16,Long_Distance
health,97.75,F,0,75,Fri,15,Commute
travel,551.73,M,0,28,Sat,15,Regional
home,2.2,F,0,30,Sun,13,Commute
shopping,30.33,M,0,64,Mon,3,Commute
misc,6.8,F,0,22,Mon,19,Regional
misc,3.09,M,0,73,Mon,11,Commute
shopping,1.8,F,0,46,Tue,12,Long_Distance
misc,11.96,F,0,45,Sat,12,Regional
misc,3.96,M,0,28,Sun,2,Commute
misc,9.57,F,0,40,Sun,8,Remote
entertainment,82.74,M,0,30,Fri,20,Commute
entertainment,35.6,F,0,58,Mon,14,Long_Distance
personal,67.11,M,0,81,Fri,19,Commute
grocery,36.96,M,0,34,Sat,10,Commute
personal,7.93,F,0,49,Sun,22,Regional
shopping,1.77,M,0,41,Mon,16,Long_Distance
personal,33.09,M,0,44,Fri,17,Regional
shopping,134.34,F,0,52,Mon,1,Regional
entertainment,5.38,F,0,36,Sun,21,Commute
entertainment,41.43,M,0,30,Sun,22,Regional
travel,71.51,F,0,19,Sun,3,Long_Distance
entertainment,30.95,F,0,69,Sun,5,Regional
grocery,128.77,M,0,63,Sun,10,Long_Distance
shopping,280.72,F,0,32,Wed,12,Long_Distance
grocery,56.96,M,0,41,Fri,15,Long_Distance
personal,42.42,F,0,21,Sun,18,Long_Distance
home,49.99,F,0,48,Tue,22,Local
grocery,99.02,M,0,38,Mon,4,Commute
travel,61.36,M,0,81,Sun,1,Long_Distance
shopping,89.29,M,0,30,Sat,10,Commute
misc,578.28,F,0,31,Tue,13,Long_Distance
misc,811.92,M,0,40,Thu,23,Remote
grocery,3.48,M,0,21,Thu,16,Long_Distance
misc,4.69,M,0,65,Tue,9,Long_Distance
personal,13.66,F,0,47,Wed,16,Commute
personal,10.65,F,0,25,Fri,23,Regional
misc,528.14,M,0,53,Sun,4,Commute
shopping,32.61,M,0,59,Tue,2,Local
home,19.9,M,0,20,Mon,21,Long_Distance
shopping,139.08,M,0,40,Tue,14,Long_Distance
travel,73.5,M,0,26,Sun,1,Long_Distance
travel,518.13,M,0,46,Tue,19,Remote
travel,3.17,M,0,26,Sat,17,Regional
shopping,4.77,M,0,35,Wed,12,Commute
grocery,72.96,F,0,47,Thu,2,Commute
entertainment,132.61,F,0,35,Thu,21,Long_Distance
shopping,206.35,F,0,59,Mon,6,Long_Distance
grocery,216.6,F,0,45,Fri,11,Regional
shopping,1.5,F,0,31,Sun,18,Long_Distance
entertainment,71.45,M,0,45,Sat,15,Long_Distance
travel,55.77,F,0,80,Sat,5,Regional
travel,43.44,M,0,70,Sun,7,Long_Distance
shopping,2.63,M,0,72,Tue,11,Commute
grocery,197.07,F,0,33,Thu,0,Commute
grocery,2.36,F,0,16,Mon,13,Commute
grocery,57.57,F,0,34,Mon,1,Long_Distance
entertainment,86.66,F,0,35,Sun,15,Regional
shopping,9.26,F,0,29,Mon,12,Commute
personal,69.75,M,0,64,Tue,12,Regional
misc,2.92,F,0,35,Sun,17,Long_Distance
shopping,2.34,F,0,45,Thu,12,Regional
entertainment,21.92,F,0,87,Sun,14,Remote
home,37.96,M,0,37,Wed,16,Regional
grocery,119.52,M,0,61,Thu,8,Long_Distance
personal,60.3,F,0,44,Tue,19,Regional
travel,50.0,M,0,62,Sat,2,Long_Distance
health,71.65,M,0,54,Sun,17,Commute
grocery,79.98,M,0,20,Mon,14,Regional
grocery,100.67,F,0,65,Fri,11,Commute
grocery,70.53,F,0,42,Sun,13,Long_Distance
shopping,4.01,F,0,45,Sun,19,Regional
grocery,50.47,F,0,44,Sat,9,Commute
home,4.78,F,0,31,Thu,13,Commute
misc,128.06,F,0,56,Sun,4,Long_Distance
home,16.02,F,0,45,Thu,23,Regional
travel,37.34,M,0,78,Sun,9,Commute
shopping,138.41,M,0,54,Sun,0,Long_Distance
grocery,28.52,F,0,31,Wed,20,Long_Distance
grocery,54.85,M,0,45,Sun,19,Long_Distance
home,23.11,F,0,37,Mon,14,Commute
shopping,2.89,M,0,51,Fri,0,Long_Distance
personal,27.46,F,0,91,Sun,12,Long_Distance
grocery,58.5,M,0,42,Thu,11,Commute
personal,29.99,F,0,39,Mon,22,Long_Distance
personal,4.95,M,0,83,Fri,15,Long_Distance
grocery,61.34,F,0,85,Tue,2,Long_Distance
personal,103.56,M,0,38,Sat,22,Long_Distance
home,7.42,F,0,25,Fri,14,Long_Distance
shopping,89.34,M,0,43,Fri,10,Commute
health,19.04,F,0,48,Mon,14,Long_Distance
misc,6.43,F,0,32,Wed,9,Long_Distance
misc,3.62,F,0,46,Tue,16,Remote
shopping,90.0,F,0,53,Fri,6,Remote
misc,1.25,M,0,38,Tue,12,Remote
home,45.37,F,0,34,Sat,17,Regional
home,35.0,F,0,70,Sat,23,Regional
grocery,17.56,F,0,48,Thu,20,Long_Distance
grocery,103.16,M,0,70,Fri,4,Commute
grocery,194.42,F,0,47,Thu,2,Long_Distance
travel,69.22,M,0,40,Sat,11,Commute
grocery,58.4,M,0,35,Mon,17,Long_Distance
health,77.34,M,0,25,Mon,16,Commute
shopping,124.42,M,0,41,Fri,5,Regional
grocery,73.06,M,0,40,Sun,13,Long_Distance
travel,2.35,M,0,21,Wed,12,Commute
travel,9.04,M,0,82,Thu,17,Long_Distance
travel,71.03,M,0,33,Sun,4,Long_Distance
shopping,7.79,F,0,75,Thu,1,Commute
shopping,22.95,F,0,81,Sun,8,Long_Distance
travel,74.77,M,0,30,Mon,10,Commute
home,41.48,M,0,64,Tue,16,Regional
shopping,1.83,M,0,63,Wed,7,Regional
shopping,4.05,F,0,31,Thu,12,Regional
grocery,60.98,F,0,44,Wed,18,Commute
home,4.27,M,0,52,Wed,12,Long_Distance
home,23.75,F,0,43,Tue,14,Remote
grocery,71.09,F,0,43,Mon,18,Commute
home,40.36,F,0,45,Fri,22,Long_Distance
shopping,5.91,F,0,34,Sat,12,Long_Distance
grocery,50.14,F,0,44,Tue,14,Commute
grocery,53.72,M,0,30,Wed,0,Regional
home,24.12,F,0,53,Thu,16,Remote
home,27.04,F,0,24,Sat,19,Long_Distance
travel,3.6,F,0,49,Sun,22,Long_Distance
personal,2.59,F,0,47,Tue,15,Long_Distance
entertainment,5.2,M,0,53,Sun,11,Regional
entertainment,106.13,M,0,25,Sat,19,Long_Distance
grocery,64.49,M,0,31,Mon,7,Regional
shopping,510.91,F,0,56,Tue,6,Regional
entertainment,113.92,M,0,76,Tue,16,Commute
health,115.78,M,0,37,Wed,21,Regional
shopping,3.26,F,0,48,Wed,22,Long_Distance
shopping,97.46,M,0,31,Mon,2,Long_Distance
entertainment,102.06,M,0,60,Wed,18,Long_Distance
shopping,24.27,F,0,25,Sat,12,Long_Distance
grocery,1.66,F,0,22,Fri,13,Regional
health,76.29,M,0,45,Mon,17,Long_Distance
shopping,2.13,M,0,62,Sun,6,Regional
home,33.71,F,0,24,Mon,12,Commute
grocery,157.45,M,0,56,Thu,9,Regional
grocery,3.54,M,0,46,Mon,17,Long_Distance
home,23.15,F,0,39,Wed,17,Long_Distance
travel,38.6,F,0,67,Wed,1,Long_Distance
grocery,8.97,F,0,35,Sun,12,Long_Distance
grocery,103.91,M,0,45,Wed,5,Long_Distance
misc,4.47,F,0,36,Mon,15,Long_Distance
travel,68.26,F,0,63,Sat,4,Commute
misc,4.47,F,0,52,Sat,1,Commute
misc,16.75,F,0,48,Mon,1,Regional
entertainment,77.18,M,0,27,Sun,14,Commute
misc,2.1,F,0,38,Sat,8,Regional
health,77.71,M,0,45,Thu,14,Long_Distance
grocery,62.15,M,0,31,Thu,16,Regional
shopping,209.0,M,0,24,Wed,13,Long_Distance
personal,78.38,F,0,65,Sun,16,Remote
home,107.21,F,0,25,Sun,14,Long_Distance
grocery,56.12,M,0,43,Wed,6,Long_Distance
grocery,2.23,M,0,25,Sun,17,Regional
personal,64.51,M,0,58,Sun,22,Commute
shopping,4.51,F,0,57,Sat,11,Long_Distance
entertainment,155.28,M,0,55,Sat,4,Regional
home,27.94,F,0,53,Sat,19,Regional
home,19.52,M,0,54,Mon,21,Long_Distance
misc,7.07,M,0,74,Sun,10,Long_Distance
travel,79.98,F,0,59,Mon,5,Commute
home,17.11,M,0,77,Tue,17,Long_Distance
entertainment,11.02,F,0,84,Wed,5,Commute
entertainment,18.63,F,0,44,Fri,13,Local
grocery,7.72,M,0,19,Sun,15,Long_Distance
misc,314.64,M,0,27,Sun,22,Long_Distance
shopping,4.3,F,0,31,Fri,21,Long_Distance
travel,6.3,F,0,21,Mon,19,Long_Distance
travel,52.25,F,0,74,Sun,5,Long_Distance
health,18.4,M,0,49,Sun,12,Commute
shopping,2.37,M,0,54,Mon,2,Commute
home,48.76,M,0,41,Sat,23,Commute
home,78.85,M,0,33,Wed,18,Regional
misc,1.14,M,0,75,Mon,11,Long_Distance
travel,67.81,M,0,58,Sun,10,Regional
personal,14.17,F,0,30,Tue,20,Regional
shopping,8.2,M,0,53,Sun,5,Long_Distance
grocery,57.99,M,0,40,Mon,16,Commute
grocery,26.49,F,0,36,Sat,18,Commute
personal,33.91,F,0,44,Mon,22,Regional
shopping,79.26,M,0,27,Mon,0,Long_Distance
entertainment,64.47,F,0,31,Fri,19,Regional
grocery,97.68,F,0,35,Fri,4,Long_Distance
misc,405.71,M,0,32,Sun,20,Long_Distance
shopping,4.21,F,0,36,Sun,12,Regional
grocery,34.01,M,0,40,Thu,8,Commute
shopping,51.42,M,0,67,Mon,0,Long_Distance
personal,28.2,F,0,23,Wed,14,Long_Distance
shopping,1.98,F,0,49,Tue,14,Long_Distance
grocery,143.24,F,0,65,Tue,1,Long_Distance
grocery,128.88,M,0,88,Tue,6,Long_Distance
misc,42.9,F,0,46,Mon,2,Long_Distance
health,9.55,M,0,25,Fri,22,Long_Distance
grocery,74.08,M,0,64,Mon,23,Local
home,13.39,F,0,62,Mon,12,Long_Distance
health,91.82,F,0,79,Tue,14,Regional
entertainment,73.16,M,0,54,Thu,20,Long_Distance
grocery,2.43,M,0,63,Fri,23,Commute
grocery,89.85,F,0,29,Sat,21,Commute
shopping,9.42,F,0,47,Tue,21,Long_Distance
misc,110.97,M,0,84,Sat,8,Long_Distance
travel,49.83,M,0,66,Fri,3,Long_Distance
travel,53.89,M,0,20,Thu,3,Long_Distance
home,172.44,M,0,50,Tue,19,Long_Distance
home,13.53,F,0,45,Sun,19,Long_Distance
grocery,19.49,M,0,19,Mon,10,Local
grocery,59.75,M,0,34,Mon,20,Commute
grocery,51.0,M,0,38,Mon,10,Commute
shopping,3.63,F,0,27,Mon,19,Long_Distance
shopping,1.88,F,0,22,Mon,14,Regional
home,9.27,F,0,61,Sat,20,Long_Distance
shopping,1.89,F,0,44,Sat,13,Regional
personal,68.4,M,0,46,Fri,19,Regional
travel,4.59,M,0,59,Sat,16,Commute
misc,8.35,F,0,47,Tue,21,Regional
home,17.06,F,0,58,Thu,17,Regional
shopping,1.46,F,0,36,Mon,20,Long_Distance
personal,72.55,M,0,41,Mon,17,Commute
health,51.88,F,0,48,Sun,17,Regional
entertainment,17.24,M,0,29,Wed,20,Commute
travel,94.3,F,0,45,Sun,0,Long_Distance
home,21.48,F,0,90,Fri,22,Commute
home,80.45,M,0,38,Fri,22,Long_Distance
home,46.41,M,0,34,Mon,23,Long_Distance
travel,3.84,F,0,60,Mon,20,Long_Distance
personal,3.47,F,0,59,Tue,20,Long_Distance
travel,58.65,F,0,47,Wed,3,Commute
travel,66.91,F,0,52,Fri,11,Long_Distance
entertainment,136.25,F,0,47,Thu,16,Remote
home,47.16,M,0,26,Sat,15,Long_Distance
home,91.94,F,0,59,Fri,21,Commute
misc,4.9,M,0,32,Mon,22,Regional
grocery,34.61,M,0,15,Fri,8,Commute
misc,83.95,M,0,48,Fri,0,Commute
misc,150.56,M,0,57,Sun,0,Regional
health,27.47,M,0,34,Thu,21,Long_Distance
misc,26.63,M,0,71,Mon,8,Long_Distance
shopping,8.33,F,0,58,Fri,1,Long_Distance
home,7.7,F,0,67,Fri,19,Regional
shopping,7.64,M,0,61,Fri,1,Remote
shopping,3.64,M,0,29,Sat,14,Long_Distance
travel,64.04,F,0,64,Sat,7,Regional
home,8.86,F,0,33,Thu,21,Regional
travel,110.45,F,0,85,Sat,11,Regional
shopping,94.11,F,0,42,Sun,15,Commute
home,72.93,M,0,30,Sat,15,Long_Distance
entertainment,85.33,M,0,45,Mon,22,Long_Distance
grocery,41.69,M,0,39,Tue,5,Regional
shopping,87.47,M,0,64,Sat,7,Commute
misc,41.6,F,0,34,Wed,11,Long_Distance
home,67.74,F,0,47,Sun,13,Commute
shopping,1.37,M,0,59,Fri,8,Long_Distance
misc,292.64,F,0,27,Sat,10,Regional
grocery,17.78,M,0,26,Mon,17,Long_Distance
health,75.18,M,0,26,Fri,16,Long_Distance
grocery,112.91,M,0,60,Sun,10,Long_Distance
shopping,99.8,M,0,28,Sat,2,Long_Distance
health,32.67,F,0,56,Mon,19,Local
shopping,5.1,F,0,36,Fri,20,Commute
misc,4.85,M,0,57,Sat,0,Regional
travel,100.8,F,0,65,Fri,1,Regional
health,4.69,F,0,28,Mon,16,Long_Distance
misc,36.39,F,0,36,Sun,3,Long_Distance
entertainment,66.6,M,0,28,Mon,17,Regional
shopping,46.69,M,0,19,Mon,12,Commute
home,233.08,F,0,34,Tue,12,Regional
grocery,54.46,F,0,62,Mon,23,Commute
shopping,109.21,M,0,44,Mon,8,Commute
home,130.29,M,0,51,Sun,23,Long_Distance
travel,397.79,M,0,41,Tue,12,Local
shopping,111.12,M,0,38,Mon,12,Long_Distance
shopping,1.61,F,0,46,Tue,21,Long_Distance
health,1.72,F,0,47,Wed,23,Long_Distance
travel,78.23,F,0,24,Mon,1,Long_Distance
personal,84.01,F,0,36,Tue,13,Commute
travel,61.29,F,0,91,Sat,11,Long_Distance
misc,9.74,M,0,81,Sun,11,Remote
travel,1.26,M,0,54,Thu,17,Long_Distance
shopping,3.01,M,0,22,Tue,21,Commute
travel,78.22,M,0,74,Tue,1,Long_Distance
shopping,80.39,M,0,30,Sun,10,Long_Distance
personal,15.84,F,0,55,Fri,20,Commute
health,87.99,M,0,47,Thu,12,Regional
misc,32.59,M,0,35,Fri,6,Remote
home,69.77,F,0,26,Sat,16,Regional
home,16.35,F,0,29,Fri,12,Regional
shopping,5.57,M,0,40,Sun,20,Commute
shopping,8.14,M,0,81,Sun,2,Long_Distance
travel,7.78,F,0,57,Thu,20,Long_Distance
shopping,2.59,F,0,85,Sat,4,Commute
travel,55.78,M,0,57,Tue,9,Long_Distance
misc,125.47,F,0,77,Sun,9,Commute
entertainment,87.27,M,0,33,Thu,12,Long_Distance
health,75.06,M,0,29,Fri,16,Long_Distance
shopping,2.92,F,0,32,Wed,14,Long_Distance
misc,1.93,M,0,55,Sun,4,Regional
travel,3.13,M,0,59,Tue,22,Commute
shopping,124.26,F,0,44,Fri,23,Commute
home,71.19,M,0,31,Mon,14,Commute
travel,43.04,M,0,51,Sun,10,Long_Distance
health,4.52,F,0,62,Sun,15,Commute
misc,9.02,F,0,47,Sat,9,Commute
home,7.12,F,0,33,Fri,21,Commute
grocery,143.06,F,0,66,Sat,18,Long_Distance
shopping,338.43,F,0,23,Tue,17,Commute
home,45.16,M,0,42,Thu,19,Regional
shopping,9.67,M,0,55,Wed,8,Commute
home,36.64,F,0,71,Mon,16,Long_Distance
grocery,15.27,F,0,42,Tue,14,Commute
grocery,63.09,F,0,49,Sun,0,Commute
home,38.48,M,0,50,Sun,23,Commute
misc,1.22,F,0,68,Tue,3,Long_Distance
grocery,7.95,M,0,40,Mon,13,Local
shopping,11.05,F,0,68,Tue,3,Long_Distance
grocery,49.43,M,0,37,Tue,4,Commute
travel,87.28,M,0,34,Tue,5,Long_Distance
home,159.35,M,0,46,Sat,17,Commute
entertainment,3.18,F,0,29,Wed,16,Long_Distance
travel,71.17,F,0,91,Sat,5,Long_Distance
home,55.12,M,0,92,Wed,17,Commute
shopping,9.82,M,0,63,Mon,3,Commute
shopping,74.59,M,0,44,Mon,1,Long_Distance
travel,50.91,M,0,58,Fri,10,Commute
grocery,25.93,M,0,39,Tue,1,Commute
shopping,4.93,M,0,94,Tue,11,Regional
entertainment,58.81,F,0,85,Tue,20,Long_Distance
grocery,101.4,F,0,36,Sun,21,Long_Distance
shopping,6.79,F,0,48,Thu,21,Long_Distance
shopping,6.55,F,0,48,Wed,13,Long_Distance
shopping,4.9,F,0,30,Sat,13,Remote
shopping,412.63,F,0,36,Thu,23,Commute
shopping,5.02,M,0,54,Sun,1,Commute
health,51.96,M,0,41,Sat,14,Long_Distance
grocery,55.29,M,0,14,Mon,17,Regional
grocery,59.54,M,0,45,Mon,6,Regional
home,56.07,F,0,55,Fri,23,Long_Distance
grocery,34.99,F,0,39,Sat,12,Long_Distance
home,176.62,F,0,48,Fri,13,Commute
travel,46.57,M,0,57,Sun,1,Regional
home,1.64,F,0,43,Sun,18,Regional
home,28.2,F,0,34,Tue,20,Regional
grocery,102.04,M,0,65,Tue,10,Long_Distance
shopping,88.02,F,0,36,Wed,14,Long_Distance
home,6.67,F,0,65,Wed,21,Commute
travel,39.73,M,0,20,Sat,5,Long_Distance
misc,18.1,F,0,79,Thu,5,Commute
grocery,25.31,F,0,66,Sun,18,Commute
entertainment,36.62,M,0,74,Sat,15,Commute
travel,84.99,F,0,68,Mon,5,Long_Distance
misc,6.69,F,0,70,Sat,4,Regional
home,31.71,M,0,50,Mon,15,Long_Distance
grocery,139.27,M,0,93,Tue,9,Long_Distance
home,114.24,M,0,55,Thu,20,Long_Distance
travel,9.78,F,0,91,Tue,17,Commute
shopping,273.87,M,0,52,Sun,0,Commute
home,50.32,M,0,64,Sat,22,Long_Distance
grocery,27.97,F,0,50,Wed,20,Long_Distance
home,33.45,F,0,37,Wed,20,Commute
grocery,4.63,F,0,39,Sat,22,Long_Distance
shopping,6.66,M,0,59,Sun,7,Regional
grocery,58.74,M,0,46,Mon,9,Commute
entertainment,64.05,M,0,51,Tue,11,Commute
shopping,150.58,F,0,79,Mon,1,Remote
personal,36.89,F,0,44,Mon,22,Long_Distance
grocery,78.44,M,0,55,Fri,2,Regional
travel,81.04,F,0,68,Mon,13,Regional
home,72.88,M,0,77,Mon,19,Long_Distance
personal,6.28,M,0,30,Mon,18,Commute
shopping,36.03,F,0,22,Tue,12,Regional
home,132.39,M,0,77,Fri,22,Regional
home,70.98,F,0,68,Sun,19,Commute
health,16.4,M,0,24,Sun,13,Long_Distance
travel,47.88,F,0,25,Sat,3,Commute
shopping,5.23,M,0,38,Fri,19,Regional
misc,169.71,F,0,19,Sun,21,Long_Distance
home,70.45,F,0,48,Fri,15,Long_Distance
entertainment,62.59,M,0,47,Tue,16,Long_Distance
shopping,7.91,F,0,39,Mon,14,Long_Distance
travel,72.35,M,0,26,Sat,8,Remote
grocery,114.36,F,0,30,Thu,4,Regional
shopping,5.67,F,0,30,Sun,23,Long_Distance
grocery,21.35,F,0,28,Sun,20,Long_Distance
grocery,42.13,M,0,40,Thu,5,Regional
misc,2.2,F,0,47,Sun,23,Long_Distance
personal,33.62,F,0,41,Sat,21,Long_Distance
misc,32.23,M,0,47,Wed,19,Commute
home,115.56,F,0,86,Fri,19,Long_Distance
misc,20.88,M,0,40,Mon,10,Long_Distance
shopping,2.92,F,0,35,Sat,13,Commute
health,25.4,F,0,53,Fri,15,Regional
misc,152.45,F,0,42,Mon,0,Regional
grocery,54.38,M,0,45,Mon,7,Long_Distance
home,45.39,F,0,38,Tue,23,Long_Distance
health,32.67,F,0,70,Sat,19,Long_Distance
entertainment,70.16,M,0,28,Wed,20,Long_Distance
travel,66.3,F,0,23,Mon,2,Long_Distance
travel,8.9,F,0,23,Mon,15,Long_Distance
grocery,99.16,F,0,45,Mon,1,Long_Distance
travel,78.04,M,0,44,Sun,9,Commute
personal,62.37,F,0,25,Sat,13,Long_Distance
grocery,41.17,M,0,44,Sat,14,Commute
shopping,6.46,F,0,36,Mon,19,Regional
home,152.52,F,0,62,Sun,16,Commute
grocery,80.08,M,0,28,Thu,9,Long_Distance
grocery,80.8,F,0,37,Tue,4,Long_Distance
grocery,66.23,F,0,51,Sat,0,Commute
grocery,65.01,F,0,40,Sun,8,Commute
home,69.37,F,0,31,Thu,20,Long_Distance
travel,90.62,F,0,22,Tue,1,Commute
travel,38.47,F,0,39,Tue,8,Long_Distance
grocery,88.63,M,0,47,Sun,0,Long_Distance
personal,74.4,M,0,32,Mon,13,Long_Distance
home,2.81,F,0,37,Tue,19,Commute
shopping,7.23,F,0,37,Tue,15,Long_Distance
health,47.77,F,0,36,Sun,16,Regional
home,46.75,M,0,35,Wed,18,Long_Distance
grocery,36.78,M,0,54,Tue,2,Long_Distance
grocery,85.68,M,0,33,Mon,6,Regional
home,35.01,F,0,90,Tue,22,Long_Distance
entertainment,5.45,M,0,56,Thu,2,Commute
travel,62.24,M,0,39,Mon,3,Commute
entertainment,79.32,M,0,36,Mon,20,Long_Distance
grocery,68.16,M,0,34,Mon,17,Commute
home,28.05,M,0,23,Tue,16,Regional
health,73.5,M,0,42,Mon,17,Commute
health,73.27,M,0,33,Mon,23,Long_Distance
shopping,44.06,F,0,37,Mon,16,Long_Distance
health,36.73,F,0,58,Sun,19,Commute
shopping,6.93,F,0,63,Tue,7,Commute
grocery,113.27,F,0,47,Thu,8,Commute
personal,154.02,F,0,66,Sat,22,Local
grocery,8.83,M,0,25,Thu,18,Commute
grocery,79.62,F,0,47,Mon,4,Long_Distance
entertainment,1.47,F,0,53,Fri,1,Long_Distance
grocery,68.41,F,0,45,Tue,0,Long_Distance
grocery,210.2,F,0,42,Tue,11,Commute
home,112.15,M,0,55,Thu,23,Commute
grocery,85.23,F,0,33,Thu,8,Long_Distance
health,14.6,F,0,39,Sat,21,Long_Distance
entertainment,121.15,M,0,30,Mon,15,Commute
health,5.94,M,0,25,Wed,18,Commute
grocery,42.86,M,0,47,Fri,8,Long_Distance
home,59.49,M,0,29,Tue,13,Local
home,77.8,M,0,40,Thu,23,Long_Distance
entertainment,6.54,M,0,66,Mon,10,Commute
grocery,101.92,M,0,46,Thu,1,Commute
personal,85.78,F,0,35,Tue,15,Commute
entertainment,68.48,M,0,44,Wed,17,Regional
travel,63.0,M,0,22,Sat,0,Commute
health,6.65,M,0,57,Sat,22,Long_Distance
shopping,5.72,F,0,23,Mon,13,Regional
grocery,44.27,F,0,28,Sun,23,Long_Distance
travel,37.16,F,0,89,Fri,3,Long_Distance
shopping,3.31,F,0,44,Mon,12,Local
shopping,4.62,F,0,45,Wed,20,Commute
home,29.05,M,0,54,Tue,12,Commute
home,52.55,F,0,32,Fri,12,Long_Distance
health,12.79,F,0,30,Fri,12,Long_Distance
travel,68.66,M,0,39,Mon,9,Remote
shopping,101.34,M,0,28,Wed,6,Regional
home,94.25,M,0,54,Thu,19,Long_Distance
grocery,79.4,F,0,50,Mon,3,Commute
home,25.95,F,0,28,Sat,12,Long_Distance
misc,36.11,M,0,36,Tue,20,Regional
shopping,116.66,M,0,66,Sat,3,Long_Distance
grocery,46.46,M,0,33,Sat,2,Long_Distance
shopping,7.52,F,0,34,Thu,13,Long_Distance
grocery,90.65,F,0,47,Tue,6,Commute
entertainment,49.51,F,0,35,Sun,23,Long_Distance
entertainment,22.17,F,0,45,Sat,14,Commute
shopping,2.5,M,0,48,Mon,18,Remote
travel,59.86,F,0,46,Sun,11,Long_Distance
travel,62.67,F,0,66,Sun,3,Regional
travel,70.1,M,0,54,Mon,7,Local
health,14.21,F,0,54,Sun,19,Regional
travel,50.55,F,0,16,Fri,2,Commute
home,161.14,F,0,79,Wed,23,Commute
home,70.25,F,0,26,Mon,16,Regional
home,17.73,M,0,21,Sun,23,Local
shopping,9.02,F,0,36,Wed,21,Long_Distance
entertainment,50.33,M,0,79,Sat,12,Commute
home,120.01,F,0,45,Mon,17,Regional
shopping,2.79,F,0,36,Sat,23,Regional
travel,63.71,F,0,36,Fri,2,Remote
travel,76.66,F,0,16,Sat,5,Long_Distance
grocery,43.25,M,0,30,Fri,6,Commute
travel,59.69,F,0,40,Thu,10,Commute
shopping,7.14,F,0,31,Sun,15,Long_Distance
home,40.55,M,0,54,Tue,21,Local
grocery,19.31,M,0,25,Sun,14,Remote
misc,75.03,F,0,46,Thu,2,Long_Distance
misc,8.58,M,0,15,Sun,16,Regional
misc,110.57,M,0,67,Sun,5,Commute
home,116.5,F,0,59,Sat,16,Commute
travel,51.25,F,0,20,Sun,1,Long_Distance
home,2.8,M,0,85,Thu,18,Long_Distance
entertainment,175.55,F,0,34,Thu,14,Long_Distance
entertainment,40.28,F,0,49,Sun,23,Commute
shopping,236.6,F,0,23,Sat,17,Long_Distance
travel,7.54,M,0,46,Tue,16,Regional
misc,49.72,F,0,50,Fri,7,Regional
shopping,4.71,F,0,39,Mon,17,Long_Distance
personal,14.23,F,0,43,Mon,15,Commute
shopping,2.19,M,0,30,Sat,21,Long_Distance
entertainment,16.46,F,0,21,Mon,13,Regional
travel,69.82,F,0,47,Tue,5,Regional
home,152.72,F,0,45,Mon,19,Commute
personal,80.51,F,0,43,Wed,12,Long_Distance
grocery,31.29,M,0,29,Sun,8,Commute
misc,2.1,F,0,39,Fri,15,Commute
home,51.42,M,0,41,Sun,18,Long_Distance
shopping,5.51,F,0,68,Sun,2,Long_Distance
home,7.02,F,0,32,Mon,18,Commute
grocery,144.32,F,0,57,Fri,9,Long_Distance
shopping,93.78,M,0,46,Mon,8,Long_Distance
shopping,96.64,M,0,29,Mon,10,Long_Distance
shopping,5.46,F,0,38,Wed,19,Local
grocery,34.69,M,0,26,Fri,8,Long_Distance
travel,45.4,F,0,31,Fri,5,Regional
grocery,88.61,F,0,52,Wed,8,Long_Distance
grocery,145.13,M,0,56,Thu,1,Remote
entertainment,9.74,F,0,58,Sun,11,Commute
personal,13.4,F,0,50,Thu,16,Local
travel,75.29,M,0,33,Mon,10,Long_Distance
home,65.03,F,0,48,Fri,18,Long_Distance
health,7.25,F,0,81,Sat,22,Commute
grocery,100.72,M,0,28,Thu,7,Regional
misc,14.44,M,0,23,Sun,14,Long_Distance
misc,6.02,M,0,23,Tue,14,Regional
grocery,215.53,F,0,34,Sun,4,Long_Distance
personal,8.24,F,0,55,Wed,12,Commute
home,49.11,F,0,60,Thu,23,Long_Distance
travel,52.82,F,0,21,Sun,8,Commute
misc,30.0,M,0,35,Fri,1,Long_Distance
shopping,831.99,F,0,33,Mon,15,Long_Distance
misc,82.2,F,0,57,Thu,7,Commute
home,4.52,F,0,65,Sun,23,Regional
travel,78.47,M,0,28,Fri,5,Commute
misc,3.75,F,0,63,Mon,2,Regional
home,19.6,F,0,35,Tue,21,Long_Distance
home,18.11,M,0,54,Sun,21,Commute
misc,50.53,F,0,31,Sun,8,Commute
home,67.15,M,0,32,Tue,16,Commute
health,135.05,F,0,31,Sat,19,Commute
entertainment,78.19,F,0,38,Sat,23,Regional
health,51.64,F,0,45,Mon,15,Commute
grocery,54.57,M,0,32,Sun,3,Regional
travel,79.82,M,0,92,Sun,9,Long_Distance
grocery,73.22,F,0,26,Fri,12,Long_Distance
travel,40.61,M,0,53,Tue,2,Long_Distance
shopping,6.43,M,0,55,Wed,9,Long_Distance
grocery,38.43,F,0,32,Thu,7,Remote
misc,2.79,M,0,48,Tue,11,Commute
misc,2.08,M,0,73,Fri,11,Long_Distance
personal,34.38,F,0,80,Tue,16,Commute
grocery,140.26,F,0,33,Tue,0,Long_Distance
personal,50.87,F,0,32,Fri,19,Long_Distance
misc,1.41,M,0,66,Fri,11,Long_Distance
health,34.73,M,0,34,Sun,22,Commute
shopping,8.34,F,0,64,Sat,9,Long_Distance
grocery,108.16,F,0,33,Sun,11,Commute
home,76.16,F,0,36,Sat,20,Regional
grocery,23.47,M,0,40,Mon,3,Regional
grocery,38.57,M,0,25,Tue,4,Long_Distance
shopping,2.2,F,0,87,Mon,4,Long_Distance
misc,603.18,M,0,65,Mon,9,Local
home,402.86,M,0,46,Mon,14,Long_Distance
shopping,2.82,M,0,44,Thu,22,Long_Distance
grocery,116.65,F,0,80,Sat,11,Commute
personal,39.07,F,0,26,Sun,18,Local
shopping,8.66,F,0,28,Mon,23,Regional
shopping,1647.87,M,0,32,Tue,19,Remote
home,87.14,F,0,33,Mon,14,Long_Distance
entertainment,20.91,F,0,25,Fri,18,Commute
grocery,133.29,F,0,68,Tue,9,Commute
grocery,111.22,F,0,40,Mon,8,Long_Distance
travel,8.16,F,0,30,Sat,13,Commute
home,32.77,M,0,65,Wed,14,Long_Distance
grocery,26.92,M,0,21,Sun,22,Commute
misc,74.8,M,0,28,Fri,1,Remote
misc,108.7,F,0,27,Fri,3,Long_Distance
grocery,72.27,M,0,71,Sat,6,Long_Distance
shopping,1.44,F,0,25,Tue,16,Long_Distance
misc,110.72,F,0,48,Tue,10,Long_Distance
grocery,25.17,M,0,29,Mon,9,Long_Distance
home,6.21,F,0,15,Tue,18,Long_Distance
travel,60.46,M,0,39,Sat,8,Commute
travel,5.79,F,0,22,Mon,16,Long_Distance
grocery,76.87,F,0,21,Tue,0,Commute
health,16.43,M,0,56,Sat,21,Long_Distance
entertainment,55.92,F,0,43,Tue,20,Long_Distance
health,78.0,M,0,33,Mon,18,Long_Distance
home,12.25,M,0,69,Sat,13,Commute
entertainment,81.67,M,0,78,Sun,22,Commute
travel,8.68,M,0,58,Sun,19,Long_Distance
health,56.35,F,0,29,Mon,23,Long_Distance
personal,30.99,F,0,31,Sat,18,Commute
travel,55.57,M,0,64,Fri,7,Remote
shopping,108.89,M,0,37,Fri,11,Long_Distance
shopping,86.64,M,0,26,Mon,9,Commute
entertainment,129.38,F,0,41,Sun,18,Long_Distance
misc,67.32,F,0,56,Wed,11,Long_Distance
home,15.12,M,0,23,Sat,13,Commute
home,98.44,F,0,34,Fri,20,Commute
health,11.5,F,0,15,Mon,23,Regional
grocery,60.24,M,0,35,Fri,3,Regional
shopping,2.82,F,0,31,Wed,22,Commute
home,46.78,M,0,34,Mon,19,Regional
personal,2.57,F,0,46,Sun,22,Long_Distance
home,50.15,M,0,32,Sun,13,Local
shopping,4.49,M,0,44,Tue,17,Commute
grocery,5.35,M,0,35,Tue,23,Long_Distance
grocery,26.77,F,0,33,Sun,14,Long_Distance
home,248.68,M,0,65,Fri,23,Long_Distance
shopping,6.46,F,0,32,Wed,20,Local
travel,85.91,F,0,80,Wed,4,Long_Distance
entertainment,15.33,F,0,29,Mon,20,Regional
travel,1436.29,M,0,53,Mon,19,Commute
entertainment,14.68,F,0,84,Thu,12,Commute
home,17.95,F,0,72,Mon,22,Commute
shopping,8.69,M,0,25,Mon,19,Regional
shopping,34.56,M,0,25,Tue,14,Long_Distance
personal,190.03,M,0,70,Sun,20,Regional
entertainment,23.76,M,0,61,Sun,4,Long_Distance
grocery,98.37,F,0,61,Mon,7,Local
home,12.37,M,0,45,Mon,17,Regional
misc,33.6,M,0,75,Sun,8,Long_Distance
grocery,66.71,M,0,38,Sat,21,Long_Distance
shopping,17.18,F,0,27,Tue,15,Remote
personal,139.67,F,0,72,Mon,21,Regional
home,50.76,F,0,34,Wed,23,Regional
entertainment,76.5,M,0,27,Sun,13,Long_Distance
personal,47.06,F,0,33,Thu,19,Long_Distance
shopping,109.91,M,0,19,Mon,18,Long_Distance
shopping,3.58,M,0,37,Sun,17,Long_Distance
entertainment,61.6,M,0,29,Tue,13,Long_Distance
misc,514.02,M,0,56,Tue,7,Commute
misc,34.74,M,0,38,Sat,10,Regional
misc,1.49,M,0,51,Tue,0,Commute
home,54.93,M,0,52,Mon,20,Commute
home,69.23,M,0,27,Sun,17,Long_Distance
grocery,187.34,F,0,49,Sat,5,Regional
grocery,254.34,F,0,33,Mon,11,Long_Distance
grocery,53.96,M,0,35,Sun,9,Commute
misc,162.08,M,0,44,Mon,16,Regional
home,21.43,M,0,35,Tue,19,Long_Distance
grocery,124.26,F,0,48,Mon,5,Long_Distance
misc,86.71,M,0,20,Mon,12,Remote
grocery,215.18,F,0,27,Wed,10,Long_Distance
entertainment,27.47,M,0,59,Sat,19,Commute
health,110.17,F,0,65,Tue,20,Long_Distance
travel,46.28,F,0,40,Mon,3,Long_Distance
personal,2.2,F,0,31,Sun,23,Commute
entertainment,16.13,M,0,50,Fri,3,Regional
misc,290.8,F,0,49,Thu,10,Commute
shopping,2.04,M,0,52,Sun,6,Long_Distance
personal,5.14,M,0,50,Fri,18,Long_Distance
home,244.05,M,0,36,Thu,17,Regional
travel,62.63,F,0,47,Tue,5,Commute
grocery,42.54,F,0,39,Sun,16,Long_Distance
personal,33.07,M,0,53,Thu,15,Long_Distance
grocery,22.32,M,0,35,Thu,15,Local
travel,4.44,M,0,47,Thu,12,Remote
shopping,2.62,F,0,34,Fri,23,Regional
grocery,106.49,M,0,28,Sun,9,Local
personal,4.98,M,0,61,Mon,13,Commute
misc,2.17,F,0,48,Wed,23,Regional
travel,8.32,M,0,64,Thu,18,Regional
shopping,6.43,M,0,53,Sat,9,Commute
travel,64.34,F,0,50,Thu,8,Commute
home,12.54,F,0,47,Wed,16,Commute
grocery,42.34,F,0,51,Sun,21,Long_Distance
grocery,193.45,F,0,30,Wed,3,Long_Distance
health,171.66,F,0,31,Sun,19,Long_Distance
misc,12.9,M,0,22,Mon,22,Regional
grocery,189.5,F,0,35,Wed,6,Commute
grocery,187.87,F,0,44,Thu,9,Commute
misc,236.84,M,0,26,Sun,11,Local
entertainment,69.67,M,0,45,Thu,15,Commute
grocery,64.26,M,0,43,Tue,18,Commute
entertainment,42.01,F,0,58,Thu,1,Commute
grocery,55.93,F,0,28,Sat,14,Regional
personal,5.32,F,0,28,Tue,17,Commute
misc,263.84,F,0,33,Sun,19,Regional
shopping,5.87,F,0,35,Sun,13,Long_Distance
shopping,1260.09,M,0,39,Thu,14,Long_Distance
home,42.52,F,0,53,Fri,18,Long_Distance
entertainment,35.88,F,0,65,Mon,12,Long_Distance
grocery,94.36,F,0,69,Sun,3,Long_Distance
misc,2.6,M,0,47,Sun,16,Commute
grocery,51.62,F,0,49,Fri,5,Regional
travel,57.35,F,0,70,Thu,2,Commute
travel,63.56,M,0,43,Sat,9,Long_Distance
entertainment,14.74,F,0,55,Thu,18,Commute
travel,66.89,F,0,94,Wed,8,Long_Distance
home,82.68,M,0,83,Tue,15,Regional
shopping,109.98,M,0,35,Sat,4,Regional
grocery,74.84,M,0,79,Sat,9,Regional
shopping,8.8,M,0,29,Wed,12,Long_Distance
shopping,8.76,F,0,49,Wed,13,Long_Distance
grocery,18.12,M,0,35,Mon,6,Commute
grocery,1.04,M,0,23,Mon,22,Long_Distance
travel,73.49,M,0,55,Thu,4,Long_Distance
entertainment,92.38,F,0,62,Mon,6,Regional
health,192.7,M,0,75,Mon,12,Long_Distance
misc,778.96,M,0,47,Mon,16,Regional
travel,47.89,F,0,62,Thu,1,Commute
misc,2.03,M,0,41,Sun,10,Long_Distance
travel,1.84,F,0,79,Thu,15,Long_Distance
home,34.03,M,0,60,Thu,23,Long_Distance
entertainment,1.99,F,0,69,Mon,2,Commute
shopping,97.49,M,0,31,Wed,10,Regional
grocery,1.92,F,0,30,Mon,21,Regional
travel,55.69,M,0,54,Mon,11,Regional
travel,50.55,M,0,24,Sun,11,Commute
home,83.22,M,0,64,Sat,18,Remote
health,24.17,M,0,50,Mon,16,Commute
home,50.9,F,0,47,Sun,16,Long_Distance
misc,3.26,M,0,56,Wed,1,Long_Distance
shopping,60.01,M,0,52,Mon,8,Commute
shopping,144.95,F,0,29,Tue,22,Long_Distance
travel,54.21,F,0,47,Sat,1,Regional
shopping,4.95,F,0,83,Wed,7,Local
misc,4.81,M,0,42,Mon,8,Long_Distance
grocery,113.92,F,0,63,Thu,7,Remote
grocery,18.9,F,0,32,Sun,13,Commute
travel,44.62,F,0,60,Mon,5,Local
grocery,20.94,F,0,32,Sat,17,Regional
health,63.61,F,0,62,Fri,19,Commute
health,76.34,M,0,40,Tue,14,Long_Distance
misc,8.75,F,0,22,Sun,19,Regional
travel,36.57,F,0,35,Fri,7,Long_Distance
health,35.57,F,0,46,Tue,16,Regional
entertainment,2.51,M,0,51,Thu,16,Commute
personal,2.91,F,0,18,Wed,20,Long_Distance
shopping,126.67,M,0,45,Fri,16,Commute
home,31.15,F,0,34,Wed,18,Commute
travel,40.95,M,0,82,Sun,3,Regional
travel,55.02,F,0,47,Sat,4,Commute
misc,36.01,M,0,34,Sat,5,Long_Distance
shopping,40.6,M,0,53,Fri,5,Regional
home,7.68,F,0,89,Tue,15,Long_Distance
entertainment,6.09,M,0,39,Sat,15,Long_Distance
grocery,87.42,F,0,59,Fri,6,Long_Distance
grocery,197.44,F,0,27,Sat,5,Long_Distance
grocery,172.33,F,0,50,Mon,0,Long_Distance
personal,3.16,F,0,50,Wed,12,Commute
grocery,243.0,F,0,46,Tue,11,Regional
grocery,54.68,M,0,46,Fri,8,Regional
travel,50.88,F,0,43,Sat,1,Long_Distance
grocery,124.99,F,0,74,Sun,6,Commute
travel,57.31,M,0,33,Fri,0,Regional
travel,37.97,F,0,66,Mon,3,Long_Distance
travel,41.02,F,0,53,Sat,4,Local
travel,83.32,M,0,58,Sat,6,Regional
grocery,29.59,M,0,44,Mon,7,Long_Distance
travel,46.26,F,0,47,Sat,0,Commute
health,37.23,F,0,28,Tue,15,Long_Distance
home,141.14,M,0,21,Sun,13,Regional
shopping,476.1,F,0,60,Sat,8,Regional
home,85.33,M,0,83,Sun,22,Long_Distance
entertainment,63.42,F,0,32,Sat,23,Long_Distance
entertainment,46.75,F,0,40,Mon,20,Commute
travel,66.02,M,0,48,Sun,4,Long_Distance
home,16.84,F,0,72,Tue,20,Long_Distance
travel,54.18,M,0,71,Mon,11,Local
shopping,65.29,F,0,69,Sat,5,Commute
shopping,9.01,M,0,62,Sun,10,Regional
home,107.12,F,0,30,Sat,23,Remote
travel,7.48,F,0,57,Sun,20,Regional
shopping,45.28,M,0,79,Mon,11,Commute
shopping,1.41,M,0,45,Fri,19,Commute
grocery,17.76,F,0,30,Wed,20,Long_Distance
travel,64.72,M,0,64,Thu,11,Commute
grocery,48.09,F,0,91,Fri,22,Commute
grocery,96.93,F,0,48,Tue,6,Commute
misc,1337.59,F,0,55,Tue,0,Long_Distance
misc,8.63,F,0,57,Mon,6,Remote
home,214.35,M,0,52,Fri,23,Regional
health,213.32,M,0,52,Sun,22,Long_Distance
grocery,95.25,M,0,34,Tue,11,Long_Distance
travel,35.08,F,0,53,Tue,2,Commute
home,48.95,F,0,31,Mon,19,Regional
grocery,115.94,F,0,60,Sat,5,Long_Distance
misc,33.28,F,0,43,Sat,6,Long_Distance
misc,1.95,F,0,29,Fri,14,Commute
misc,3.04,M,0,32,Sat,6,Long_Distance
shopping,39.97,F,0,24,Tue,22,Regional
entertainment,103.74,F,0,22,Wed,16,Commute
travel,70.7,M,0,52,Sat,6,Long_Distance
grocery,48.02,M,0,37,Mon,6,Remote
grocery,96.64,F,0,36,Fri,4,Long_Distance
home,15.4,M,0,74,Sun,19,Remote
entertainment,87.86,M,0,55,Fri,19,Regional
home,31.18,M,0,25,Fri,23,Long_Distance
travel,66.23,M,0,27,Sun,8,Long_Distance
shopping,15.81,M,0,52,Sun,0,Regional
travel,54.17,F,0,47,Thu,2,Commute
grocery,12.87,F,0,30,Wed,12,Commute
travel,58.59,M,0,60,Tue,8,Regional
shopping,8.14,M,0,15,Sat,15,Local
travel,7.17,M,0,74,Thu,15,Long_Distance
travel,52.5,F,0,35,Sun,11,Long_Distance
shopping,3.51,M,0,92,Sat,6,Long_Distance
misc,2.96,M,0,58,Sat,6,Long_Distance
grocery,194.71,F,0,39,Tue,11,Commute
misc,2.82,F,0,22,Sat,23,Long_Distance
grocery,103.88,F,0,59,Tue,5,Long_Distance
health,51.58,M,0,19,Mon,21,Long_Distance
entertainment,162.09,F,0,39,Mon,12,Commute
home,39.45,F,0,36,Sat,15,Long_Distance
grocery,63.26,M,0,31,Fri,15,Long_Distance
personal,77.37,M,0,34,Tue,14,Remote
shopping,2.06,F,0,56,Sun,5,Long_Distance
entertainment,67.96,M,0,19,Fri,22,Commute
travel,81.75,M,0,26,Thu,6,Commute
health,4.7,M,0,22,Tue,19,Regional
home,94.23,M,0,45,Mon,22,Long_Distance
travel,55.69,M,0,52,Sun,11,Remote
home,12.83,M,0,35,Sun,14,Remote
misc,131.49,M,0,45,Tue,6,Long_Distance
health,37.05,M,0,49,Thu,17,Long_Distance
misc,6.02,F,0,48,Tue,9,Commute
travel,54.29,F,0,23,Tue,1,Long_Distance
grocery,62.08,M,0,41,Fri,18,Long_Distance
shopping,136.15,M,0,14,Tue,18,Remote
travel,33.35,F,0,47,Fri,1,Commute
health,21.09,M,0,55,Sat,12,Long_Distance
shopping,4.59,F,0,33,Sun,23,Regional
grocery,53.07,F,0,43,Mon,6,Regional
grocery,1.72,F,0,66,Sun,13,Long_Distance
entertainment,84.86,M,0,40,Thu,12,Long_Distance
personal,2.22,F,0,48,Thu,20,Long_Distance
grocery,80.93,F,0,58,Tue,8,Commute
entertainment,3.42,F,0,94,Thu,12,Long_Distance
home,159.79,F,0,72,Sun,17,Commute
shopping,4.26,M,0,38,Mon,12,Local
travel,46.4,F,0,22,Thu,1,Commute
misc,1.4,M,0,57,Sun,5,Long_Distance
shopping,26.57,M,0,29,Sat,17,Long_Distance
travel,50.85,M,0,78,Sun,10,Regional
entertainment,35.7,M,0,67,Fri,2,Commute
grocery,106.29,F,0,60,Mon,8,Commute
home,3.92,M,0,32,Sun,16,Commute
travel,55.82,M,0,46,Wed,3,Regional
shopping,13.29,F,0,61,Sun,9,Commute
shopping,5.62,F,0,47,Tue,18,Commute
grocery,221.87,F,0,33,Fri,7,Regional
grocery,51.49,F,0,20,Sat,6,Commute
travel,46.98,M,0,68,Thu,2,Long_Distance
misc,292.31,F,0,16,Tue,20,Long_Distance
misc,80.38,F,0,39,Mon,1,Long_Distance
travel,64.95,F,0,28,Mon,4,Regional
misc,100.55,F,0,20,Wed,21,Long_Distance
health,90.48,F,0,69,Wed,17,Long_Distance
personal,36.21,M,0,25,Tue,16,Regional
home,11.93,M,0,47,Wed,21,Long_Distance
misc,1.49,F,0,33,Fri,1,Commute
shopping,605.87,F,0,28,Mon,23,Long_Distance
travel,62.7,M,0,75,Mon,8,Long_Distance
shopping,14.17,F,0,54,Fri,7,Commute
misc,241.62,F,0,31,Fri,13,Commute
home,22.46,F,0,66,Sun,19,Long_Distance
health,28.13,M,0,47,Thu,13,Long_Distance
shopping,3.21,M,0,74,Mon,3,Long_Distance
health,51.85,M,0,34,Sun,21,Long_Distance
shopping,9.81,F,0,35,Wed,15,Long_Distance
entertainment,9.96,M,0,63,Sun,22,Commute
home,52.02,M,0,42,Tue,15,Regional
health,79.57,F,0,79,Fri,18,Commute
travel,77.06,M,0,30,Wed,10,Long_Distance
misc,9.78,F,0,55,Fri,6,Long_Distance
grocery,60.96,M,0,87,Sun,7,Commute
shopping,6.45,F,0,20,Sun,19,Regional
grocery,242.04,F,0,80,Fri,17,Long_Distance
grocery,63.2,M,0,40,Sun,7,Remote
health,126.85,F,0,29,Tue,14,Long_Distance
misc,78.98,F,0,90,Wed,11,Long_Distance
home,25.65,F,0,37,Wed,12,Commute
shopping,3.37,M,0,63,Thu,0,Commute
entertainment,20.85,F,0,47,Fri,21,Remote
shopping,8.4,M,0,23,Mon,20,Long_Distance
misc,87.94,M,0,32,Wed,10,Commute
grocery,229.47,F,0,36,Sat,4,Long_Distance
travel,79.97,F,0,72,Fri,9,Long_Distance
home,7.64,F,0,85,Thu,17,Remote
home,81.01,M,0,48,Tue,13,Long_Distance
misc,190.43,F,0,28,Sat,14,Long_Distance
personal,77.49,F,0,50,Fri,13,Regional
personal,49.11,M,0,76,Sat,16,Long_Distance
shopping,1.79,M,0,61,Tue,7,Commute
misc,1.16,M,0,65,Fri,2,Long_Distance
grocery,38.53,F,0,31,Wed,15,Long_Distance
personal,15.83,M,0,84,Sat,21,Commute
shopping,130.88,F,0,31,Tue,12,Commute
travel,81.35,F,0,94,Mon,9,Long_Distance
home,7.62,F,0,29,Tue,19,Regional
shopping,4.79,F,0,32,Mon,16,Long_Distance
entertainment,111.13,F,0,56,Mon,2,Commute
shopping,6.14,F,0,48,Mon,18,Long_Distance
grocery,42.5,M,0,43,Fri,22,Long_Distance
grocery,75.99,F,0,57,Mon,5,Long_Distance
shopping,6.14,F,0,25,Mon,20,Regional
health,23.0,M,0,34,Wed,17,Long_Distance
misc,402.28,M,0,29,Fri,7,Remote
travel,608.1,M,0,30,Mon,23,Regional
shopping,4.91,M,0,29,Sat,21,Regional
entertainment,15.63,M,0,66,Wed,18,Long_Distance
entertainment,61.48,M,0,27,Mon,15,Commute
health,29.57,F,0,83,Tue,12,Remote
shopping,4.12,M,0,41,Sat,16,Regional
travel,57.99,F,0,67,Sun,6,Long_Distance
misc,18.08,F,0,34,Mon,19,Long_Distance
personal,150.92,F,0,45,Fri,22,Commute
shopping,18.29,F,0,32,Fri,18,Commute
grocery,84.5,F,0,24,Tue,5,Long_Distance
home,61.69,F,0,35,Mon,12,Long_Distance
travel,61.01,F,0,52,Thu,8,Long_Distance
home,105.92,F,0,49,Sun,16,Long_Distance
grocery,148.19,M,0,53,Sat,4,Regional
shopping,45.9,M,0,56,Wed,2,Long_Distance
health,37.83,F,0,33,Thu,18,Long_Distance
shopping,2.28,F,0,42,Wed,15,Commute
grocery,49.47,M,0,51,Fri,18,Commute
personal,28.24,F,0,32,Tue,14,Regional
home,55.37,M,0,31,Thu,16,Regional
home,65.46,F,0,80,Mon,16,Remote
health,1.47,M,0,65,Wed,12,Long_Distance
grocery,158.84,F,0,28,Fri,19,Long_Distance
grocery,204.21,F,0,37,Sun,9,Regional
misc,4.57,M,0,46,Tue,6,Commute
grocery,75.43,F,0,81,Tue,6,Commute
grocery,17.63,F,0,51,Sun,17,Commute
travel,42.59,F,0,52,Sat,8,Commute
health,72.9,M,0,43,Tue,20,Long_Distance
misc,146.63,F,0,28,Tue,7,Long_Distance
shopping,19.56,F,0,42,Mon,13,Regional
misc,330.89,F,0,53,Mon,6,Long_Distance
misc,11.32,F,0,91,Thu,7,Long_Distance
misc,136.59,F,0,16,Fri,13,Commute
grocery,49.84,F,0,91,Mon,9,Regional
entertainment,86.54,M,0,40,Fri,19,Regional
home,130.84,F,0,32,Fri,12,Regional
home,77.05,F,0,45,Mon,23,Long_Distance
shopping,5.77,F,0,72,Sun,4,Commute
grocery,24.1,M,0,26,Sun,18,Long_Distance
home,193.6,M,0,40,Wed,18,Long_Distance
grocery,40.93,M,0,46,Wed,22,Regional
grocery,71.8,M,0,48,Mon,9,Long_Distance
home,63.81,F,0,48,Tue,19,Long_Distance
grocery,210.06,F,0,25,Wed,2,Regional
travel,3.26,F,0,84,Mon,19,Regional
home,143.8,F,0,42,Thu,15,Commute
travel,67.19,F,0,77,Sun,8,Regional
grocery,51.34,M,0,19,Sun,2,Long_Distance
home,109.21,M,0,53,Mon,20,Commute
home,40.51,M,0,62,Mon,23,Long_Distance
personal,8.67,F,0,42,Thu,18,Long_Distance
misc,8.77,F,0,48,Thu,20,Regional
travel,88.61,M,0,61,Thu,11,Long_Distance
home,12.15,F,0,28,Mon,12,Commute
travel,55.59,M,0,22,Fri,0,Remote
home,39.82,F,0,66,Tue,18,Regional
home,46.9,F,0,84,Sat,14,Long_Distance
grocery,81.68,M,0,41,Tue,0,Remote
home,69.22,F,0,59,Thu,17,Commute
grocery,24.58,F,0,41,Sun,21,Long_Distance
home,121.69,F,0,36,Tue,16,Long_Distance
misc,8.74,M,0,47,Tue,6,Regional
home,47.54,F,0,57,Thu,19,Long_Distance
personal,41.19,F,0,53,Mon,23,Long_Distance
shopping,7.44,M,0,76,Wed,4,Commute
travel,52.47,M,0,34,Sat,4,Long_Distance
travel,9.41,M,0,16,Sun,23,Long_Distance
home,8.44,F,0,33,Sat,13,Long_Distance
grocery,1.19,F,0,31,Mon,12,Long_Distance
shopping,2.59,F,0,60,Sat,11,Long_Distance
home,64.83,M,0,40,Fri,16,Long_Distance
grocery,81.69,F,0,54,Thu,6,Long_Distance
travel,77.98,M,0,51,Sun,2,Commute
entertainment,6.49,F,0,72,Sat,3,Remote
grocery,109.43,F,0,68,Sun,7,Long_Distance
home,25.35,F,0,69,Mon,15,Regional
home,100.16,F,0,27,Sun,19,Regional
shopping,4.48,M,0,20,Sat,18,Long_Distance
grocery,112.26,M,0,82,Sun,7,Regional
home,36.44,F,0,43,Fri,21,Long_Distance
entertainment,13.14,M,0,35,Tue,17,Remote
misc,2.26,F,0,87,Sat,5,Commute
travel,4.45,F,0,63,Mon,14,Long_Distance
misc,2.65,F,0,28,Sat,16,Commute
home,25.47,M,0,44,Tue,16,Regional
shopping,3.48,F,0,35,Sat,12,Long_Distance
health,32.31,M,0,49,Sun,16,Regional
shopping,69.57,M,0,62,Thu,5,Long_Distance
misc,110.02,F,0,35,Sun,14,Commute
home,77.4,F,0,78,Tue,12,Long_Distance
grocery,63.36,F,0,42,Fri,10,Commute
personal,66.27,F,0,48,Mon,21,Commute
shopping,37.52,F,0,69,Sun,7,Long_Distance
travel,2.06,F,0,64,Mon,20,Commute
personal,10.97,F,0,61,Sun,23,Regional
grocery,11.04,F,0,75,Fri,19,Commute
shopping,4.73,M,0,49,Tue,4,Long_Distance
travel,55.23,M,0,62,Thu,5,Regional
shopping,133.73,M,0,25,Wed,9,Long_Distance
misc,14.16,F,0,35,Mon,5,Long_Distance
travel,55.11,M,0,80,Sun,0,Regional
personal,56.97,F,0,33,Fri,13,Commute
shopping,5.53,M,0,71,Mon,10,Regional
health,33.78,F,0,45,Tue,12,Regional
home,9.91,F,0,26,Thu,17,Regional
shopping,8.08,F,0,47,Mon,21,Commute
home,17.24,F,0,46,Sun,20,Long_Distance
home,90.34,M,0,29,Tue,20,Long_Distance
home,219.96,F,0,46,Wed,16,Commute
travel,44.39,M,0,18,Mon,13,Commute
home,2.81,M,0,31,Mon,16,Regional
misc,27.73,M,0,42,Sun,22,Commute
shopping,142.81,M,0,16,Sun,18,Long_Distance
home,101.14,F,0,35,Mon,12,Commute
home,49.22,M,0,61,Mon,22,Regional
misc,14.48,F,0,28,Tue,11,Long_Distance
misc,3.6,M,0,31,Sat,14,Long_Distance
grocery,51.74,M,0,26,Tue,3,Long_Distance
home,45.12,M,0,39,Sat,19,Long_Distance
shopping,7.71,M,0,23,Sun,15,Commute
grocery,60.06,F,0,29,Thu,8,Regional
personal,68.88,F,0,88,Sat,15,Commute
home,12.11,M,0,44,Tue,22,Long_Distance
grocery,136.79,M,0,57,Wed,1,Long_Distance
travel,77.42,M,0,32,Mon,6,Regional
home,40.91,M,0,48,Sat,23,Commute
shopping,3.22,F,0,18,Wed,17,Long_Distance
shopping,1.78,F,0,21,Wed,14,Commute
travel,6.13,F,0,21,Sun,20,Long_Distance
misc,8.14,F,0,20,Mon,15,Long_Distance
grocery,33.58,F,0,28,Wed,10,Long_Distance
shopping,8.28,M,0,40,Thu,16,Long_Distance
grocery,39.85,F,0,48,Fri,10,Regional
shopping,5.05,M,0,73,Sat,8,Local
home,83.62,M,0,26,Sun,20,Commute
grocery,132.47,F,0,67,Sat,6,Long_Distance
grocery,1.56,F,0,47,Mon,19,Long_Distance
health,88.34,F,0,29,Wed,23,Long_Distance
grocery,75.47,F,0,52,Mon,7,Commute
grocery,2.76,F,0,28,Sun,13,Commute
travel,3.28,F,0,62,Tue,12,Commute
travel,67.65,F,0,25,Sat,5,Commute
travel,41.47,F,0,42,Sun,8,Local
shopping,24.05,M,0,51,Sun,11,Long_Distance
health,76.06,F,0,26,Tue,20,Commute
personal,80.97,F,0,44,Mon,20,Long_Distance
grocery,128.36,M,0,83,Thu,4,Long_Distance
entertainment,80.33,M,0,48,Mon,14,Long_Distance
travel,72.76,F,0,57,Sun,3,Regional
misc,2.44,F,0,60,Fri,0,Long_Distance
misc,197.01,F,0,27,Tue,6,Local
entertainment,24.48,M,0,52,Sun,18,Long_Distance
health,93.48,M,0,57,Tue,17,Long_Distance
shopping,2.39,M,0,63,Tue,8,Long_Distance
misc,6.57,M,0,46,Fri,4,Remote
entertainment,58.43,F,0,52,Thu,14,Regional
shopping,2.15,M,0,29,Tue,16,Commute
entertainment,1.55,M,0,82,Tue,3,Regional
travel,61.54,F,0,29,Sun,2,Regional
shopping,662.23,F,0,40,Thu,16,Commute
shopping,235.93,F,0,23,Sun,21,Regional
shopping,666.86,M,0,24,Fri,19,Long_Distance
shopping,409.2,F,0,42,Tue,15,Local
health,107.53,F,0,22,Thu,15,Long_Distance
travel,96.34,M,0,44,Mon,10,Regional
grocery,46.16,F,0,42,Fri,9,Long_Distance
shopping,8.45,F,0,19,Fri,16,Long_Distance
misc,195.57,F,0,44,Fri,0,Commute
misc,2.79,M,0,62,Thu,7,Commute
shopping,141.01,F,0,34,Sun,14,Regional
travel,66.17,F,0,57,Mon,8,Long_Distance
grocery,17.6,F,0,23,Tue,16,Remote
home,23.85,M,0,78,Tue,14,Long_Distance
misc,32.09,F,0,33,Mon,0,Regional
personal,33.8,F,0,53,Thu,14,Long_Distance
grocery,25.17,M,0,93,Mon,8,Commute
entertainment,69.26,M,0,33,Mon,12,Regional
grocery,13.07,M,0,82,Thu,14,Regional
travel,51.93,F,0,48,Mon,4,Long_Distance
home,230.54,F,0,52,Mon,18,Long_Distance
entertainment,21.68,M,0,69,Tue,3,Regional
home,13.04,M,0,32,Mon,20,Local
personal,44.22,M,0,22,Sun,18,Commute
grocery,49.51,M,0,43,Wed,1,Regional
grocery,21.14,M,0,57,Sun,17,Regional
grocery,51.32,F,0,39,Sat,22,Regional
shopping,3.61,F,0,53,Sun,3,Long_Distance
grocery,50.87,F,0,58,Mon,17,Long_Distance
personal,3.26,F,0,58,Tue,13,Long_Distance
personal,5.17,M,0,61,Sun,16,Long_Distance
grocery,79.8,M,0,55,Mon,10,Regional
home,57.32,M,0,27,Mon,18,Long_Distance
entertainment,57.41,M,0,45,Sun,13,Regional
travel,5.16,F,0,33,Tue,20,Long_Distance
misc,9.89,F,0,56,Sat,3,Commute
health,30.24,M,0,58,Tue,13,Regional
home,46.76,M,0,46,Mon,18,Long_Distance
personal,32.58,F,0,23,Sat,12,Regional
shopping,3.83,M,0,78,Sat,8,Commute
travel,58.87,M,0,59,Mon,0,Regional
home,60.57,F,0,32,Mon,23,Regional
shopping,43.13,M,0,95,Sat,7,Long_Distance
home,20.75,M,0,64,Fri,13,Regional
grocery,53.05,M,0,25,Thu,8,Long_Distance
shopping,131.19,M,0,37,Tue,10,Commute
home,46.65,M,0,32,Fri,15,Commute
shopping,1.48,M,0,33,Tue,19,Regional
travel,52.73,F,0,86,Wed,0,Long_Distance
home,91.96,F,0,63,Thu,17,Long_Distance
shopping,9.82,F,0,71,Mon,11,Commute
travel,85.41,F,0,28,Thu,5,Regional
health,19.63,F,0,45,Wed,22,Commute
grocery,36.16,F,0,28,Sat,21,Regional
health,227.53,F,0,21,Mon,17,Long_Distance
travel,51.05,M,0,26,Tue,7,Local
entertainment,80.52,F,0,31,Mon,18,Commute
home,66.37,M,0,46,Mon,14,Long_Distance
shopping,15.56,M,0,54,Wed,11,Long_Distance
health,10.03,M,0,72,Sat,14,Long_Distance
travel,70.32,M,0,78,Wed,1,Long_Distance
personal,2.19,M,0,21,Wed,18,Commute
grocery,49.53,M,0,39,Tue,7,Long_Distance
entertainment,81.78,M,0,18,Mon,21,Long_Distance
grocery,55.27,M,0,43,Wed,11,Long_Distance
entertainment,262.04,F,0,32,Mon,15,Long_Distance
grocery,41.97,M,0,34,Wed,7,Long_Distance
shopping,6.57,F,0,51,Sun,0,Commute
personal,60.33,F,0,27,Tue,23,Long_Distance
personal,102.82,F,0,71,Sat,23,Long_Distance
misc,17.65,M,0,55,Tue,2,Commute
grocery,133.87,M,0,88,Sat,1,Commute
grocery,27.53,M,0,32,Mon,1,Long_Distance
misc,3.6,M,0,50,Thu,4,Long_Distance
entertainment,66.72,F,0,46,Tue,13,Long_Distance
grocery,82.78,F,0,32,Thu,10,Long_Distance
misc,8.52,F,0,39,Sun,12,Long_Distance
travel,411.8,M,0,27,Sat,20,Long_Distance
grocery,177.89,F,0,43,Sun,3,Regional
home,42.23,F,0,47,Sun,17,Remote
travel,5.95,M,0,59,Mon,16,Regional
entertainment,23.04,F,0,43,Tue,22,Long_Distance
entertainment,23.65,F,0,57,Sat,7,Regional
travel,46.38,F,0,44,Tue,0,Long_Distance
health,32.58,F,0,20,Sun,13,Commute
shopping,5.96,F,0,24,Tue,12,Regional
travel,1.34,M,0,80,Wed,17,Commute
grocery,80.35,M,0,35,Wed,1,Regional
travel,46.02,F,0,33,Fri,0,Regional
misc,8.19,F,0,71,Fri,0,Long_Distance
grocery,50.96,M,0,35,Tue,0,Commute
grocery,86.51,M,0,29,Fri,8,Regional
grocery,119.45,F,0,66,Sat,14,Regional
entertainment,85.25,M,0,26,Sun,13,Commute
misc,25.11,F,0,49,Sun,20,Regional
misc,26.8,M,0,45,Sat,11,Long_Distance
travel,3.33,F,0,20,Wed,13,Long_Distance
home,48.01,M,0,33,Thu,17,Regional
health,41.53,F,0,62,Mon,15,Regional
misc,2.29,F,0,66,Sun,4,Long_Distance
home,14.19,F,0,48,Wed,16,Long_Distance
travel,76.93,M,0,37,Sat,9,Regional
shopping,135.58,M,0,49,Fri,11,Commute
grocery,82.37,F,0,35,Tue,8,Commute
travel,3.73,M,0,64,Fri,15,Commute
misc,80.0,F,0,36,Sun,6,Commute
grocery,107.11,F,0,31,Sat,2,Long_Distance
health,61.96,M,0,74,Sun,19,Long_Distance
entertainment,10.94,F,0,46,Sat,23,Long_Distance
home,145.89,M,0,46,Fri,22,Long_Distance
personal,204.05,M,0,54,Thu,14,Regional
grocery,117.98,F,0,51,Mon,0,Long_Distance
shopping,5.48,F,0,24,Sun,18,Long_Distance
travel,57.42,F,0,52,Sun,8,Local
shopping,41.14,F,0,27,Mon,15,Commute
home,240.64,F,0,91,Sun,17,Long_Distance
shopping,7.04,M,0,25,Sun,15,Regional
health,72.97,M,0,33,Sat,20,Regional
health,61.83,F,0,52,Mon,18,Regional
personal,69.48,F,0,89,Sat,13,Long_Distance
grocery,58.08,F,0,36,Tue,18,Long_Distance
shopping,20.4,M,0,40,Wed,19,Commute
travel,44.17,F,0,39,Wed,9,Commute
home,178.99,M,0,84,Thu,14,Regional
travel,2.54,F,0,36,Sun,14,Long_Distance
home,120.03,M,0,40,Mon,22,Long_Distance
grocery,69.05,F,0,48,Mon,18,Commute
travel,54.3,M,0,64,Mon,5,Long_Distance
grocery,88.21,M,0,53,Sun,3,Long_Distance
grocery,60.69,M,0,30,Fri,22,Regional
shopping,5.88,F,0,32,Fri,20,Remote
home,91.27,F,0,58,Tue,14,Regional
home,48.5,M,0,52,Sat,23,Long_Distance
personal,21.47,F,0,22,Sun,20,Long_Distance
shopping,4.12,F,0,67,Tue,8,Commute
grocery,70.99,F,0,57,Mon,5,Long_Distance
travel,68.89,M,0,51,Mon,0,Commute
misc,41.81,M,0,26,Mon,0,Commute
home,87.11,M,0,57,Fri,21,Commute
home,60.52,M,0,26,Wed,18,Long_Distance
home,49.03,M,0,46,Thu,16,Long_Distance
misc,155.75,M,0,19,Sun,15,Long_Distance
grocery,1.8,M,0,24,Mon,21,Long_Distance
home,31.49,F,0,34,Sat,19,Long_Distance
shopping,38.83,F,0,50,Wed,20,Long_Distance
personal,8.35,F,0,28,Tue,18,Regional
shopping,3.07,F,0,22,Mon,13,Long_Distance
personal,17.19,F,0,49,Sat,19,Long_Distance
grocery,91.04,M,0,64,Mon,4,Long_Distance
home,93.02,F,0,26,Tue,23,Regional
travel,64.09,F,0,35,Sat,3,Commute
home,129.82,M,0,35,Mon,17,Regional
grocery,101.94,M,0,53,Sun,7,Regional
travel,55.44,F,0,78,Mon,1,Local
home,15.52,M,0,73,Mon,15,Long_Distance
home,33.55,F,0,41,Sun,21,Long_Distance
shopping,3.35,F,0,67,Mon,7,Long_Distance
home,11.81,F,0,27,Thu,16,Commute
travel,84.82,F,0,94,Fri,6,Commute
personal,14.39,M,0,49,Thu,17,Remote
travel,451.19,M,0,46,Mon,23,Long_Distance
personal,43.06,F,0,48,Thu,12,Commute
travel,51.39,M,0,71,Mon,2,Regional
shopping,586.32,M,0,49,Sat,1,Commute
shopping,6.78,F,0,27,Mon,13,Commute
grocery,132.5,F,0,84,Sat,1,Long_Distance
home,20.96,F,0,30,Sat,18,Long_Distance
shopping,3.38,M,0,25,Mon,18,Commute
home,14.54,F,0,39,Mon,13,Remote
personal,334.67,M,0,23,Thu,18,Commute
home,8.71,F,0,44,Mon,22,Regional
grocery,2.65,M,0,17,Wed,12,Regional
grocery,61.55,F,0,21,Tue,4,Long_Distance
home,57.99,F,0,91,Mon,12,Regional
grocery,57.83,F,0,25,Tue,16,Long_Distance
travel,65.8,F,0,47,Sun,11,Long_Distance
misc,117.52,M,0,27,Sun,6,Long_Distance
travel,471.64,M,0,30,Sun,12,Regional
grocery,102.46,F,0,87,Wed,19,Remote
shopping,6.65,F,0,20,Sat,19,Long_Distance
shopping,10.88,M,0,74,Sun,5,Commute
travel,112.05,F,0,68,Tue,7,Regional
shopping,94.13,M,0,30,Fri,2,Regional
health,2.48,M,0,20,Mon,14,Long_Distance
entertainment,17.9,F,0,41,Mon,17,Long_Distance
travel,522.52,M,0,41,Thu,15,Regional
travel,60.15,F,0,78,Tue,7,Long_Distance
grocery,129.89,M,0,67,Wed,8,Commute
grocery,68.04,F,0,32,Tue,14,Long_Distance
shopping,76.57,F,0,28,Sat,18,Regional
grocery,116.92,F,0,34,Fri,1,Long_Distance
entertainment,114.03,M,0,79,Thu,22,Long_Distance
health,76.08,M,0,42,Sun,13,Regional
misc,56.82,F,0,26,Sun,8,Commute
misc,27.74,M,0,26,Sat,4,Commute
travel,69.03,M,0,68,Sat,11,Commute
grocery,85.39,F,0,55,Sun,3,Local
home,67.37,F,0,50,Mon,17,Regional
entertainment,2.53,M,0,56,Fri,7,Regional
personal,13.3,F,0,85,Thu,14,Commute
health,105.74,F,0,32,Fri,18,Regional
travel,3.79,F,0,80,Sun,13,Regional
grocery,70.65,F,0,45,Fri,3,Long_Distance
shopping,1463.15,F,0,44,Sun,21,Commute
health,191.65,M,0,63,Tue,19,Long_Distance
misc,395.92,F,0,48,Thu,6,Long_Distance
shopping,6.44,F,0,33,Fri,16,Long_Distance
home,161.12,M,0,37,Wed,14,Commute
home,43.1,M,0,54,Mon,21,Commute
home,51.05,M,0,26,Sun,19,Commute
shopping,108.54,M,0,42,Sat,2,Regional
home,109.91,F,0,59,Sun,12,Long_Distance
home,21.11,M,0,50,Wed,22,Local
grocery,99.26,F,0,36,Sun,2,Local
travel,75.72,F,0,23,Mon,8,Long_Distance
grocery,139.17,M,0,53,Thu,9,Long_Distance
entertainment,40.71,M,0,47,Tue,12,Long_Distance
grocery,175.84,F,0,49,Sun,9,Local
home,59.02,F,0,85,Sat,12,Long_Distance
home,16.35,F,0,25,Sun,15,Regional
misc,2.27,M,0,26,Mon,1,Regional
home,5.08,F,0,49,Mon,16,Regional
entertainment,81.61,M,0,25,Sun,18,Commute
home,68.55,M,0,67,Sat,18,Remote
health,25.27,M,0,63,Sat,15,Long_Distance
shopping,59.46,F,0,36,Sat,12,Regional
shopping,1.27,F,0,89,Sun,2,Local
home,11.56,F,0,37,Sun,16,Long_Distance
travel,85.87,M,0,59,Sun,4,Regional
shopping,6.65,F,0,52,Fri,3,Long_Distance
personal,29.62,F,0,47,Wed,15,Regional
misc,199.8,F,0,27,Wed,2,Commute
travel,96.99,F,0,65,Sun,4,Commute
health,32.53,F,0,42,Tue,21,Local
personal,20.9,M,0,62,Sat,13,Regional
health,39.78,M,0,14,Thu,14,Long_Distance
home,57.18,F,0,33,Sun,15,Commute
personal,52.73,F,0,40,Wed,15,Commute
misc,167.17,M,0,31,Sat,9,Long_Distance
grocery,38.07,F,0,59,Thu,1,Regional
home,5.05,F,0,89,Sun,19,Long_Distance
shopping,1.1,F,0,55,Wed,8,Long_Distance
grocery,67.4,M,0,26,Sun,4,Commute
travel,83.1,M,0,49,Tue,10,Long_Distance
misc,1.84,M,0,35,Sun,9,Commute
home,235.76,F,0,33,Wed,20,Long_Distance
grocery,31.69,M,0,32,Fri,10,Regional
home,9.19,M,0,47,Sun,18,Commute
home,54.39,F,0,31,Thu,12,Long_Distance
travel,66.94,M,0,30,Thu,0,Commute
grocery,106.21,M,0,50,Wed,18,Commute
shopping,2.82,M,0,27,Tue,19,Commute
home,5.79,F,0,30,Thu,21,Long_Distance
travel,47.46,F,0,33,Wed,7,Long_Distance
personal,9.87,M,0,37,Sun,12,Long_Distance
entertainment,34.86,M,0,77,Sat,10,Long_Distance
home,25.13,M,0,68,Tue,21,Commute
home,176.8,F,0,39,Wed,18,Regional
shopping,7.4,F,0,51,Mon,8,Regional
personal,43.01,F,0,40,Sun,12,Long_Distance
entertainment,232.46,F,0,42,Sun,23,Long_Distance
home,10.79,M,0,64,Sun,21,Long_Distance
misc,9.53,M,0,17,Thu,22,Commute
grocery,64.76,M,0,71,Fri,2,Commute
shopping,350.04,M,0,35,Mon,23,Long_Distance
grocery,51.93,F,0,51,Sun,5,Long_Distance
misc,1.46,M,0,44,Sat,1,Commute
entertainment,61.24,F,0,42,Sun,15,Regional
home,127.03,M,0,30,Thu,21,Regional
grocery,132.33,M,0,93,Tue,2,Commute
grocery,201.96,F,0,33,Sun,10,Commute
personal,18.85,F,0,39,Tue,22,Commute
travel,37.96,M,0,57,Sun,5,Local
shopping,2.28,M,0,72,Mon,1,Regional
travel,48.29,F,0,79,Thu,4,Regional
home,76.98,M,0,36,Mon,15,Remote
grocery,105.06,M,0,50,Fri,3,Long_Distance
grocery,92.2,F,0,59,Sun,9,Long_Distance
home,84.18,F,0,34,Sun,13,Long_Distance
shopping,2.43,F,0,28,Thu,16,Regional
travel,73.48,M,0,59,Sat,8,Local
misc,22.76,M,0,40,Sun,9,Commute
shopping,8.19,F,0,18,Wed,13,Local
health,1.83,M,0,78,Sun,12,Regional
home,22.35,M,0,39,Sun,23,Commute
health,5.94,M,0,19,Sat,23,Commute
personal,10.32,M,0,63,Thu,18,Regional
travel,62.4,M,0,40,Mon,3,Local
shopping,9.83,F,0,52,Mon,8,Commute
personal,67.27,M,0,42,Fri,23,Commute
misc,175.02,F,0,22,Fri,13,Regional
grocery,135.67,M,0,64,Fri,0,Remote
shopping,1.85,M,0,52,Wed,6,Regional
travel,64.39,F,0,50,Tue,4,Local
home,19.05,F,0,34,Sun,16,Commute
grocery,69.66,F,0,32,Sun,1,Regional
misc,60.56,F,0,49,Sun,1,Commute
home,4.18,F,0,74,Mon,18,Long_Distance
travel,67.37,F,0,38,Fri,2,Long_Distance
grocery,74.64,F,0,34,Sun,23,Commute
misc,6.27,F,0,90,Fri,6,Long_Distance
travel,54.82,F,0,46,Mon,6,Long_Distance
misc,340.68,F,0,64,Thu,5,Local
health,168.14,F,0,43,Sat,21,Long_Distance
shopping,39.93,M,0,39,Sat,22,Long_Distance
misc,46.65,F,0,31,Sun,19,Commute
grocery,111.14,M,0,64,Sun,23,Remote
shopping,87.35,M,0,42,Thu,4,Regional
home,33.73,F,0,71,Mon,12,Remote
shopping,4.39,M,0,31,Sat,12,Long_Distance
grocery,39.25,F,0,72,Tue,23,Long_Distance
health,13.34,F,0,88,Wed,23,Long_Distance
home,26.43,M,0,50,Sat,22,Long_Distance
home,52.48,M,0,28,Mon,14,Commute
home,14.38,F,0,38,Sat,19,Long_Distance
misc,8.86,M,0,46,Tue,16,Long_Distance
home,77.2,M,0,32,Mon,20,Commute
shopping,8.44,M,0,25,Sun,16,Long_Distance
home,3.37,F,0,57,Sun,14,Commute
misc,41.47,M,0,87,Sat,2,Commute
grocery,8.26,F,0,31,Wed,23,Long_Distance
grocery,5.27,M,0,22,Sun,16,Long_Distance
shopping,2.33,F,0,48,Fri,13,Regional
home,68.3,M,0,52,Mon,12,Long_Distance
grocery,46.9,F,0,71,Tue,9,Regional
health,13.03,F,0,39,Tue,16,Commute
travel,8.01,M,0,79,Fri,17,Regional
shopping,225.11,F,0,32,Wed,12,Long_Distance
home,132.62,M,0,34,Sat,16,Long_Distance
home,32.55,F,0,58,Tue,17,Commute
shopping,3.69,M,0,38,Tue,22,Long_Distance
home,127.87,M,0,53,Fri,17,Commute
shopping,24.81,M,0,67,Mon,11,Long_Distance
misc,243.45,F,0,51,Fri,6,Remote
shopping,1.85,M,0,76,Sat,5,Long_Distance
grocery,9.11,F,0,32,Mon,12,Commute
shopping,8.01,M,0,86,Wed,6,Long_Distance
shopping,6.13,F,0,30,Sat,21,Long_Distance
shopping,5.41,M,0,60,Tue,1,Commute
shopping,8.89,F,0,59,Fri,3,Long_Distance
entertainment,27.69,F,0,46,Sun,18,Long_Distance
health,37.31,M,0,51,Wed,19,Long_Distance
shopping,96.23,M,0,19,Tue,19,Regional
grocery,64.81,M,0,29,Sun,4,Regional
shopping,7.63,M,0,49,Wed,20,Commute
travel,49.65,F,0,44,Mon,7,Regional
travel,4.26,M,0,35,Fri,23,Long_Distance
entertainment,9.35,M,0,59,Sun,23,Regional
health,24.74,F,0,21,Fri,16,Long_Distance
health,46.05,M,0,73,Thu,15,Commute
grocery,99.91,M,0,34,Sun,6,Regional
home,21.63,F,0,16,Thu,17,Regional
grocery,81.94,F,0,29,Sun,15,Commute
travel,52.13,F,0,36,Sun,2,Long_Distance
home,45.08,M,0,73,Sun,20,Remote
grocery,61.24,M,0,36,Sat,0,Long_Distance
home,4.3,M,0,83,Thu,22,Commute
grocery,81.06,F,0,33,Mon,3,Regional
health,51.52,F,0,60,Mon,16,Regional
personal,73.4,M,0,28,Mon,14,Commute
personal,56.73,M,0,60,Wed,21,Long_Distance
personal,4.18,F,0,31,Thu,15,Commute
misc,2.61,F,0,22,Tue,19,Long_Distance
grocery,61.13,M,0,33,Mon,6,Remote
shopping,193.39,F,0,44,Fri,23,Commute
entertainment,190.89,F,0,45,Sun,13,Regional
shopping,80.98,M,0,56,Thu,4,Remote
health,57.53,F,0,20,Mon,21,Regional
entertainment,81.84,F,0,34,Mon,22,Commute
shopping,9.65,M,0,46,Fri,13,Long_Distance
travel,52.78,F,0,48,Sat,0,Long_Distance
home,99.77,M,0,52,Thu,14,Regional
home,57.12,F,0,30,Sat,17,Long_Distance
personal,45.91,M,0,62,Thu,16,Long_Distance
home,56.39,M,0,34,Thu,15,Commute
shopping,16.1,F,0,37,Sun,20,Long_Distance
misc,4.19,F,0,53,Tue,1,Long_Distance
grocery,124.95,M,0,64,Fri,9,Commute
personal,39.18,F,0,36,Thu,22,Long_Distance
shopping,6.78,F,0,68,Thu,0,Commute
grocery,103.82,F,0,45,Sun,5,Long_Distance
travel,437.79,M,0,31,Sat,22,Long_Distance
grocery,42.23,M,0,30,Wed,1,Regional
travel,84.97,F,0,67,Tue,11,Regional
shopping,3.99,M,0,61,Wed,7,Regional
grocery,68.98,F,0,48,Mon,18,Commute
personal,28.17,F,0,65,Fri,23,Regional
travel,76.56,M,0,55,Fri,9,Commute
grocery,77.35,M,0,41,Sat,7,Commute
home,28.63,F,0,36,Thu,15,Long_Distance
travel,46.92,M,0,51,Sun,9,Commute
grocery,16.31,F,0,30,Thu,13,Long_Distance
home,15.34,F,0,74,Sat,14,Regional
travel,49.9,F,0,30,Sun,5,Regional
grocery,58.44,M,0,48,Sat,3,Long_Distance
shopping,1.74,F,0,35,Wed,15,Local
health,10.82,F,0,59,Thu,20,Regional
entertainment,32.89,F,0,36,Wed,19,Regional
health,6.91,F,0,37,Mon,14,Commute
misc,2.77,M,0,35,Mon,12,Long_Distance
shopping,7.94,F,0,48,Wed,17,Commute
travel,7.94,M,0,52,Sun,19,Regional
shopping,2.23,M,0,46,Wed,20,Long_Distance
health,89.87,M,0,27,Mon,16,Local
travel,28.28,F,0,43,Sun,9,Commute
shopping,5.25,F,0,30,Sat,19,Long_Distance
shopping,138.93,F,0,35,Sat,14,Long_Distance
shopping,2.11,M,0,16,Mon,14,Remote
grocery,52.33,M,0,39,Sun,11,Commute
home,230.05,M,0,60,Sun,12,Long_Distance
grocery,116.67,M,0,78,Sun,8,Long_Distance
travel,56.99,F,0,71,Mon,3,Long_Distance
travel,40.54,M,0,40,Fri,2,Long_Distance
personal,42.45,F,0,64,Sun,15,Long_Distance
home,119.56,F,0,60,Mon,23,Long_Distance
misc,38.86,M,0,42,Tue,10,Regional
grocery,99.44,M,0,28,Fri,5,Long_Distance
misc,4.52,F,0,57,Thu,3,Regional
grocery,125.98,M,0,60,Mon,3,Long_Distance
travel,56.86,F,0,85,Sun,10,Regional
travel,9.23,M,0,36,Wed,15,Long_Distance
grocery,99.53,M,0,40,Thu,7,Long_Distance
home,34.19,F,0,31,Sun,19,Regional
travel,57.52,F,0,78,Tue,8,Long_Distance
misc,5.05,M,0,23,Tue,23,Long_Distance
personal,91.96,M,0,61,Wed,13,Long_Distance
personal,70.58,F,0,31,Sat,21,Long_Distance
grocery,42.69,M,0,46,Wed,11,Commute
grocery,162.16,M,0,63,Mon,2,Long_Distance
grocery,98.57,M,0,29,Mon,10,Long_Distance
shopping,9.44,F,0,62,Tue,11,Remote
home,59.42,F,0,55,Tue,12,Long_Distance
misc,1.62,F,0,88,Sat,1,Commute
shopping,26.56,F,0,42,Sun,21,Regional
home,67.79,M,0,63,Fri,12,Commute
health,83.67,M,0,57,Tue,15,Commute
misc,293.78,M,0,35,Mon,6,Long_Distance
home,69.72,M,0,27,Fri,15,Regional
home,58.29,F,0,71,Mon,12,Commute
grocery,55.39,M,0,37,Mon,10,Long_Distance
grocery,109.58,M,0,76,Tue,3,Local
shopping,131.58,M,0,40,Tue,6,Regional
health,3.64,F,0,35,Wed,22,Commute
shopping,3.41,M,0,72,Mon,2,Long_Distance
grocery,220.45,F,0,44,Fri,3,Regional
personal,74.58,M,0,33,Sat,21,Long_Distance
misc,278.15,M,0,24,Sat,21,Long_Distance
travel,62.19,M,0,50,Wed,6,Regional
home,17.63,F,0,74,Sat,18,Commute
travel,599.57,M,0,46,Sat,13,Long_Distance
grocery,190.9,F,0,46,Thu,10,Long_Distance
misc,107.82,M,0,60,Fri,11,Long_Distance
shopping,2.85,M,0,49,Wed,8,Remote
misc,39.24,M,0,33,Mon,4,Long_Distance
shopping,2.16,M,0,42,Wed,13,Long_Distance
entertainment,7.83,F,0,55,Sun,21,Long_Distance
grocery,33.75,F,0,26,Mon,0,Long_Distance
grocery,36.55,M,0,46,Mon,4,Commute
entertainment,137.85,F,0,23,Tue,12,Long_Distance
home,14.8,F,0,36,Fri,16,Regional
home,36.94,F,0,47,Thu,19,Commute
health,70.58,M,0,40,Fri,16,Remote
misc,20.12,F,0,50,Mon,2,Commute
health,37.19,F,0,30,Mon,13,Commute
misc,1.76,F,0,55,Sun,7,Remote
travel,77.68,M,0,46,Tue,3,Regional
grocery,21.92,F,0,25,Tue,22,Commute
home,43.53,M,0,39,Tue,16,Commute
grocery,52.43,F,0,49,Sat,14,Commute
grocery,42.23,F,0,16,Mon,17,Long_Distance
misc,139.52,F,0,23,Wed,13,Long_Distance
entertainment,94.74,F,0,70,Sun,22,Regional
misc,6.21,F,0,36,Mon,23,Regional
grocery,148.71,F,0,66,Tue,6,Long_Distance
home,5.46,F,0,54,Mon,17,Commute
travel,63.56,M,0,39,Sun,2,Regional
misc,30.01,M,0,45,Tue,4,Regional
personal,50.01,F,0,63,Wed,17,Regional
home,31.69,M,0,30,Sat,14,Local
misc,32.45,F,0,23,Sun,18,Commute
home,48.11,F,0,37,Thu,21,Long_Distance
grocery,2.16,F,0,49,Sat,22,Regional
shopping,7.32,F,0,48,Thu,16,Commute
home,21.05,F,0,59,Fri,22,Long_Distance
travel,9.81,F,0,64,Thu,13,Regional
grocery,96.38,F,0,32,Sun,2,Commute
entertainment,198.43,F,0,66,Sun,12,Long_Distance
home,33.31,F,0,38,Thu,16,Commute
travel,37.66,M,0,51,Sun,1,Regional
grocery,64.17,M,0,47,Fri,3,Commute
travel,52.59,F,0,21,Tue,1,Long_Distance
travel,58.95,F,0,40,Wed,10,Long_Distance
travel,79.59,F,0,49,Tue,10,Commute
health,7.26,F,0,69,Sat,16,Long_Distance
misc,1.43,F,0,60,Wed,8,Long_Distance
misc,2.61,F,0,75,Sat,11,Commute
misc,30.1,M,0,32,Fri,2,Commute
misc,16.26,F,0,72,Sun,11,Commute
grocery,110.36,F,0,90,Sun,9,Regional
home,108.0,F,0,94,Mon,21,Regional
travel,5.22,F,0,70,Mon,14,Remote
misc,2.37,M,0,63,Wed,4,Remote
shopping,3.35,M,0,73,Sat,3,Local
travel,61.29,F,0,68,Wed,10,Regional
travel,463.09,M,0,31,Mon,13,Commute
travel,65.02,M,0,32,Thu,5,Long_Distance
health,71.99,M,0,46,Mon,18,Regional
entertainment,51.72,F,0,56,Sat,23,Regional
home,31.26,F,0,79,Sun,17,Commute
personal,13.85,M,0,26,Fri,15,Long_Distance
grocery,114.57,F,0,48,Mon,5,Regional
grocery,240.85,F,0,35,Tue,3,Long_Distance
travel,49.16,F,0,57,Thu,1,Commute
grocery,48.35,M,0,44,Sat,10,Regional
personal,16.16,F,0,51,Mon,22,Long_Distance
grocery,71.57,F,0,35,Sun,0,Regional
health,14.07,F,0,37,Wed,20,Commute
shopping,201.75,F,0,22,Sun,12,Local
shopping,1.93,M,0,27,Tue,19,Commute
travel,2.51,M,0,64,Sun,20,Long_Distance
personal,112.21,F,0,67,Sun,21,Commute
home,21.08,F,0,34,Sun,21,Long_Distance
home,21.35,M,0,57,Mon,16,Regional
home,50.47,F,0,53,Mon,15,Regional
grocery,47.45,M,0,39,Thu,7,Regional
travel,78.13,F,0,55,Tue,6,Long_Distance
shopping,3.64,M,0,75,Sun,11,Long_Distance
personal,42.43,F,0,55,Sat,21,Long_Distance
shopping,8.48,F,0,49,Wed,19,Long_Distance
personal,11.48,M,0,79,Mon,22,Long_Distance
entertainment,41.67,F,0,36,Tue,21,Long_Distance
entertainment,60.26,M,0,35,Mon,21,Commute
shopping,1.76,F,0,33,Tue,13,Commute
home,84.88,M,0,17,Sat,22,Regional
shopping,46.16,F,0,37,Sat,15,Commute
travel,42.3,M,0,20,Mon,6,Long_Distance
shopping,284.27,F,0,45,Tue,17,Regional
health,47.19,M,0,34,Mon,13,Regional
shopping,103.49,M,0,33,Sun,7,Long_Distance
shopping,1.4,F,0,29,Mon,17,Commute
grocery,200.27,F,0,37,Wed,10,Commute
shopping,30.87,M,0,64,Wed,9,Regional
entertainment,225.18,M,0,53,Sat,18,Long_Distance
home,84.77,M,0,44,Sat,20,Remote
home,12.59,M,0,70,Sat,13,Commute
health,12.31,F,0,80,Sat,20,Long_Distance
shopping,3.96,M,0,25,Mon,17,Commute
personal,73.47,M,0,44,Mon,15,Long_Distance
travel,9.92,F,0,70,Mon,13,Long_Distance
personal,25.69,F,0,24,Thu,13,Commute
grocery,50.05,F,0,46,Wed,3,Commute
entertainment,12.2,M,0,22,Mon,20,Long_Distance
travel,429.79,M,0,31,Mon,20,Regional
personal,54.69,M,0,55,Wed,19,Commute
misc,3.36,M,0,40,Mon,4,Remote
entertainment,18.49,F,0,34,Sun,23,Regional
grocery,49.56,M,0,29,Sat,10,Commute
shopping,5.25,M,0,40,Wed,23,Regional
home,19.1,M,0,65,Thu,14,Regional
home,117.21,M,0,62,Thu,18,Long_Distance
grocery,3.71,F,0,23,Mon,14,Commute
personal,47.72,M,0,88,Thu,15,Commute
home,75.94,M,0,30,Mon,21,Long_Distance
travel,2.61,M,0,57,Thu,14,Long_Distance
home,71.38,M,0,54,Wed,14,Long_Distance
grocery,45.09,M,0,51,Wed,21,Long_Distance
travel,53.76,F,0,19,Thu,4,Regional
personal,1.04,M,0,38,Sun,12,Long_Distance
home,35.27,F,0,37,Thu,21,Regional
health,72.51,M,0,26,Sat,15,Commute
grocery,48.99,F,0,23,Thu,20,Long_Distance
shopping,52.21,F,0,30,Mon,17,Long_Distance
home,3.17,F,0,47,Sun,21,Commute
grocery,45.78,F,0,21,Mon,10,Commute
travel,49.33,M,0,73,Sun,5,Commute
grocery,297.15,F,0,46,Sat,15,Commute
home,81.89,M,0,51,Mon,14,Regional
home,16.86,M,0,28,Mon,22,Remote
shopping,35.73,F,0,30,Sun,22,Long_Distance
personal,90.75,M,0,69,Sun,18,Long_Distance
entertainment,171.45,F,0,33,Sat,14,Long_Distance
home,100.42,M,0,58,Tue,21,Long_Distance
travel,89.1,F,0,66,Sun,3,Regional
home,54.21,M,0,29,Mon,14,Commute
personal,70.69,M,0,41,Sun,22,Long_Distance
misc,3.57,M,0,64,Mon,3,Commute
travel,66.89,M,0,54,Sat,1,Long_Distance
shopping,8.21,F,0,50,Sun,7,Long_Distance
home,87.39,M,0,57,Thu,15,Commute
personal,27.35,M,0,27,Thu,21,Commute
grocery,13.38,F,0,46,Sat,12,Remote
grocery,1.55,M,0,20,Sat,16,Long_Distance
travel,41.68,M,0,83,Mon,1,Long_Distance
shopping,8.82,F,0,59,Mon,3,Long_Distance
home,46.71,M,0,35,Mon,12,Commute
personal,62.96,M,0,43,Thu,22,Commute
travel,76.3,F,0,71,Thu,7,Long_Distance
travel,58.87,M,0,65,Tue,3,Regional
personal,62.1,F,0,32,Sat,23,Long_Distance
entertainment,1.37,M,0,42,Tue,19,Long_Distance
travel,54.03,M,0,46,Mon,0,Regional
home,45.17,M,0,42,Mon,19,Remote
personal,11.67,M,0,44,Wed,20,Long_Distance
grocery,72.83,M,0,54,Thu,1,Long_Distance
grocery,53.61,M,0,35,Sat,14,Long_Distance
travel,3.97,F,0,24,Thu,12,Regional
misc,57.1,F,0,31,Sun,18,Regional
grocery,107.91,F,0,69,Fri,2,Commute
grocery,12.71,M,0,40,Thu,20,Commute
grocery,44.45,M,0,54,Sun,20,Long_Distance
grocery,117.26,M,0,56,Tue,17,Long_Distance
home,100.67,F,0,36,Sun,12,Commute
shopping,2.51,F,0,27,Sun,20,Commute
entertainment,78.56,M,0,41,Sat,23,Regional
home,36.11,M,0,74,Fri,18,Long_Distance
entertainment,83.63,M,0,42,Mon,12,Long_Distance
travel,9.37,F,0,55,Mon,16,Long_Distance
shopping,8.84,M,0,32,Sun,22,Long_Distance
health,93.07,F,0,26,Mon,14,Regional
home,28.41,M,0,50,Thu,20,Long_Distance
grocery,31.35,M,0,82,Sat,13,Long_Distance
travel,88.61,M,0,46,Wed,8,Long_Distance
grocery,43.8,M,0,25,Mon,10,Commute
personal,3.93,F,0,57,Fri,15,Long_Distance
grocery,102.21,F,0,29,Sat,10,Commute
misc,5.98,F,0,30,Mon,3,Commute
shopping,3.11,F,0,44,Sun,20,Commute
shopping,1.39,F,0,54,Sat,2,Local
travel,62.8,F,0,45,Mon,5,Long_Distance
grocery,84.03,F,0,90,Sat,9,Long_Distance
travel,62.77,F,0,32,Fri,7,Remote
grocery,56.21,F,0,42,Sat,20,Long_Distance
misc,3.48,M,0,67,Mon,2,Regional
misc,2.33,M,0,50,Sun,11,Long_Distance
travel,44.95,M,0,53,Sun,1,Long_Distance
misc,9.16,F,0,30,Sun,6,Regional
misc,7.62,M,0,76,Mon,4,Long_Distance
grocery,3.19,F,0,21,Sun,21,Regional
grocery,24.02,M,0,30,Mon,6,Long_Distance
shopping,96.6,F,0,68,Sat,11,Long_Distance
misc,1.01,M,0,72,Tue,10,Regional
grocery,49.06,F,0,33,Sun,13,Long_Distance
travel,66.73,F,0,84,Mon,11,Long_Distance
shopping,8.99,F,0,25,Sun,17,Regional
home,46.45,F,0,33,Thu,18,Long_Distance
entertainment,133.8,F,0,35,Mon,17,Commute
shopping,5.82,F,0,42,Tue,12,Regional
shopping,9.46,M,0,30,Fri,20,Commute
home,4.85,M,0,44,Fri,21,Commute
home,3.58,F,0,36,Mon,21,Regional
entertainment,146.56,F,0,67,Fri,9,Long_Distance
health,14.37,F,0,60,Thu,19,Regional
travel,6.51,M,0,47,Fri,20,Local
home,1.68,F,0,29,Wed,19,Remote
shopping,76.75,F,0,30,Sun,22,Regional
shopping,1.75,F,0,43,Mon,19,Long_Distance
grocery,106.33,M,0,59,Thu,4,Long_Distance
grocery,106.99,F,0,29,Fri,8,Long_Distance
grocery,130.01,F,0,57,Tue,3,Regional
home,86.7,M,0,38,Mon,23,Commute
travel,1.69,M,0,40,Mon,12,Commute
travel,59.54,F,0,31,Wed,5,Long_Distance
home,31.68,F,0,33,Mon,16,Long_Distance
travel,63.41,F,0,36,Sun,11,Commute
shopping,3.46,M,0,29,Fri,15,Regional
misc,6.88,M,0,72,Tue,7,Long_Distance
misc,181.85,F,0,46,Tue,20,Long_Distance
misc,199.88,F,0,37,Tue,16,Commute
grocery,60.1,M,0,45,Fri,5,Commute
shopping,72.73,F,0,57,Sun,2,Regional
misc,7.7,F,0,29,Wed,14,Local
home,124.36,M,0,23,Fri,22,Long_Distance
personal,51.35,F,0,41,Tue,18,Regional
home,49.93,F,0,74,Tue,19,Long_Distance
health,1.75,M,0,57,Wed,18,Regional
health,33.89,F,0,79,Mon,12,Long_Distance
travel,88.97,M,0,47,Sat,5,Commute
home,61.75,F,0,59,Fri,18,Regional
personal,52.2,F,0,31,Mon,12,Commute
health,9.02,F,0,44,Fri,20,Long_Distance
misc,37.13,M,0,42,Sat,8,Commute
health,3.05,F,0,51,Sun,21,Commute
entertainment,4.73,M,0,73,Mon,8,Regional
shopping,249.84,F,0,28,Fri,20,Regional
personal,9.83,F,0,86,Sun,15,Regional
shopping,81.0,F,0,36,Mon,13,Commute
home,73.44,M,0,50,Wed,23,Regional
home,64.2,F,0,55,Fri,13,Commute
shopping,8.99,F,0,25,Sun,13,Regional
shopping,84.69,F,0,60,Mon,2,Long_Distance
entertainment,74.45,M,0,35,Wed,15,Remote
grocery,102.69,F,0,93,Sat,4,Commute
grocery,48.87,F,0,63,Mon,8,Remote
misc,6.33,F,0,22,Mon,15,Long_Distance
health,83.23,F,0,62,Sat,13,Local
home,7.44,F,0,41,Fri,22,Long_Distance
home,129.95,F,0,33,Mon,17,Remote
shopping,2.27,F,0,56,Fri,11,Commute
entertainment,60.04,F,0,49,Mon,23,Commute
travel,71.09,M,0,45,Mon,11,Long_Distance
health,76.07,M,0,47,Sat,14,Regional
grocery,52.8,M,0,39,Fri,10,Commute
home,55.03,M,0,27,Tue,14,Long_Distance
home,9.83,F,0,34,Thu,12,Long_Distance
misc,1.87,F,0,31,Sun,15,Commute
grocery,207.29,F,0,26,Thu,6,Long_Distance
grocery,90.5,F,0,29,Sun,11,Long_Distance
travel,80.57,M,0,35,Tue,8,Remote
personal,95.03,F,0,36,Fri,20,Local
shopping,6.0,F,0,47,Sun,19,Regional
travel,60.69,F,0,35,Wed,8,Regional
home,27.89,F,0,34,Wed,23,Long_Distance
home,4.24,F,0,36,Tue,18,Local
shopping,3.11,M,0,65,Tue,2,Long_Distance
entertainment,140.92,F,0,36,Sun,14,Long_Distance
entertainment,94.7,F,0,74,Mon,7,Commute
health,40.13,F,0,29,Thu,15,Commute
personal,31.62,M,0,46,Wed,14,Regional
home,127.69,F,0,33,Mon,18,Commute
entertainment,70.27,M,0,47,Sat,19,Regional
shopping,3.69,M,0,42,Fri,23,Commute
shopping,2.6,F,0,49,Tue,22,Long_Distance
travel,50.19,M,0,44,Fri,8,Regional
personal,81.59,F,0,73,Thu,13,Long_Distance
home,80.31,M,0,58,Tue,12,Long_Distance
home,17.9,F,0,50,Wed,20,Long_Distance
entertainment,70.94,M,0,30,Tue,17,Regional
home,30.99,F,0,67,Fri,19,Regional
health,73.08,M,0,27,Sat,15,Commute
shopping,701.81,F,0,64,Sat,4,Local
travel,64.39,M,0,50,Mon,1,Long_Distance
home,76.59,M,0,47,Fri,18,Long_Distance
travel,506.82,M,0,48,Sun,18,Regional
travel,8.66,F,0,23,Sun,19,Commute
grocery,84.67,F,0,47,Sun,9,Regional
home,24.91,M,0,72,Sun,23,Long_Distance
home,10.68,F,0,32,Thu,14,Long_Distance
misc,155.72,F,0,75,Thu,9,Commute
shopping,280.65,F,0,31,Thu,22,Commute
home,121.26,F,0,36,Mon,19,Commute
entertainment,1.19,M,0,85,Mon,19,Long_Distance
travel,92.53,M,0,53,Sat,2,Commute
grocery,115.97,M,0,84,Mon,9,Long_Distance
home,130.27,F,0,40,Thu,18,Long_Distance
travel,3.13,M,0,58,Sat,18,Long_Distance
home,12.8,F,0,32,Sun,22,Regional
home,23.29,M,0,56,Sat,16,Long_Distance
misc,7.43,F,0,86,Fri,11,Long_Distance
home,63.25,F,0,43,Wed,19,Long_Distance
health,90.86,M,0,50,Wed,12,Long_Distance
personal,26.07,F,0,31,Fri,18,Regional
personal,5.91,M,0,73,Wed,15,Regional
home,47.43,F,0,33,Mon,13,Regional
misc,2.3,M,0,27,Mon,9,Local
personal,28.67,F,0,37,Mon,17,Regional
home,22.02,M,0,34,Thu,16,Commute
travel,64.08,F,0,35,Sun,3,Regional
health,19.72,F,0,32,Wed,17,Long_Distance
travel,4.57,F,0,54,Wed,18,Commute
misc,2.48,M,0,76,Sun,5,Long_Distance
personal,126.86,M,0,77,Sun,16,Remote
grocery,51.57,M,0,32,Sat,8,Remote
grocery,94.78,M,0,32,Thu,6,Commute
home,31.57,F,0,44,Sat,14,Long_Distance
travel,71.56,F,0,49,Thu,10,Long_Distance
health,75.43,M,0,44,Tue,20,Regional
home,61.4,F,0,36,Sat,18,Long_Distance
shopping,1.1,F,0,32,Thu,13,Long_Distance
home,39.86,F,0,50,Mon,23,Regional
entertainment,13.16,F,0,21,Sat,19,Long_Distance
misc,16.63,F,0,41,Tue,0,Long_Distance
shopping,24.15,F,0,70,Wed,8,Long_Distance
shopping,8.41,M,0,58,Tue,8,Commute
grocery,116.98,F,0,64,Thu,5,Long_Distance
shopping,12.04,M,0,57,Fri,8,Local
grocery,69.22,M,0,25,Wed,11,Remote
shopping,8.68,F,0,46,Mon,17,Long_Distance
grocery,86.65,F,0,48,Tue,9,Regional
misc,9.73,F,0,74,Fri,0,Commute
home,32.65,F,0,81,Sun,12,Commute
home,110.56,M,0,44,Sun,12,Commute
travel,70.64,M,0,21,Mon,9,Commute
grocery,71.48,F,0,85,Sat,4,Local
home,1.48,M,0,18,Sat,16,Commute
misc,3.57,F,0,33,Sat,20,Commute
grocery,41.78,F,0,74,Thu,17,Commute
grocery,87.39,M,0,25,Sat,5,Regional
shopping,3.4,F,0,31,Thu,20,Long_Distance
home,14.25,F,0,77,Thu,20,Long_Distance
home,72.71,M,0,63,Wed,17,Commute
misc,3.97,F,0,74,Mon,6,Long_Distance
shopping,5.66,M,0,47,Wed,13,Commute
shopping,8.35,F,0,44,Mon,18,Remote
grocery,108.71,F,0,91,Wed,2,Long_Distance
grocery,190.9,F,0,27,Sat,2,Regional
travel,83.31,M,0,64,Sat,9,Regional
grocery,66.55,M,0,38,Mon,1,Regional
shopping,6.73,F,0,26,Sat,13,Remote
personal,25.04,F,0,49,Sun,23,Long_Distance
home,18.5,F,0,35,Mon,15,Long_Distance
health,16.61,M,0,29,Fri,21,Long_Distance
personal,2.52,F,0,40,Fri,21,Long_Distance
grocery,42.98,F,0,34,Thu,11,Commute
shopping,16.28,F,0,42,Thu,22,Long_Distance
grocery,61.57,F,0,21,Sun,13,Regional
health,67.86,F,0,25,Mon,22,Commute
travel,4.26,M,0,53,Tue,19,Long_Distance
home,15.83,F,0,32,Sun,12,Regional
health,72.9,M,0,41,Sun,13,Commute
grocery,196.27,F,0,27,Mon,4,Long_Distance
home,40.87,F,0,58,Mon,15,Commute
health,30.01,F,0,34,Fri,22,Long_Distance
misc,5.83,F,0,58,Tue,2,Long_Distance
shopping,121.98,M,0,37,Thu,1,Regional
travel,72.18,F,0,54,Sat,7,Long_Distance
grocery,30.36,F,0,43,Tue,23,Long_Distance
personal,51.89,M,0,22,Mon,23,Long_Distance
home,223.78,F,0,64,Thu,12,Regional
personal,26.2,F,0,21,Sun,15,Regional
misc,8.65,F,0,48,Wed,9,Remote
shopping,9.16,F,0,56,Fri,5,Local
personal,20.66,M,0,34,Mon,13,Long_Distance
shopping,8.68,F,0,25,Thu,18,Long_Distance
home,79.54,F,0,83,Fri,18,Regional
personal,1.59,M,0,80,Wed,18,Commute
home,11.27,M,0,27,Sun,20,Regional
personal,82.12,F,0,21,Thu,23,Commute
misc,8.21,M,0,36,Thu,5,Commute
travel,5.45,M,0,42,Wed,19,Regional
health,59.63,M,0,49,Tue,19,Commute
grocery,103.89,F,0,36,Sat,5,Long_Distance
grocery,90.67,F,0,70,Tue,2,Commute
shopping,98.44,M,0,53,Wed,1,Commute
travel,58.22,F,0,43,Tue,7,Regional
home,127.23,M,0,54,Sat,12,Regional
entertainment,49.46,F,0,49,Sat,22,Commute
travel,86.6,F,0,51,Mon,0,Long_Distance
entertainment,90.16,F,0,50,Sun,12,Long_Distance
grocery,64.51,M,0,40,Wed,8,Long_Distance
personal,195.39,F,0,46,Sun,21,Regional
travel,46.42,F,0,22,Sat,11,Remote
entertainment,6.48,M,0,55,Sun,16,Regional
personal,57.55,F,0,55,Tue,18,Commute
home,75.03,F,0,34,Tue,19,Regional
home,120.55,F,0,43,Sat,19,Regional
misc,445.65,F,0,77,Fri,3,Long_Distance
personal,12.5,F,0,44,Sat,14,Long_Distance
grocery,40.21,F,0,39,Tue,4,Long_Distance
entertainment,20.88,F,0,19,Sun,21,Remote
shopping,3.24,M,0,53,Mon,2,Commute
travel,5.65,F,0,31,Fri,14,Long_Distance
health,74.37,F,0,71,Sun,17,Long_Distance
grocery,55.97,M,0,42,Sat,5,Long_Distance
entertainment,53.73,F,0,32,Mon,16,Commute
grocery,39.22,M,0,23,Tue,0,Commute
grocery,19.0,M,0,25,Tue,15,Long_Distance
grocery,45.13,M,0,21,Tue,10,Long_Distance
home,33.52,F,0,65,Tue,20,Long_Distance
travel,46.84,F,0,47,Sat,11,Remote
misc,8.82,M,0,15,Thu,15,Regional
shopping,9.72,M,0,54,Thu,8,Long_Distance
shopping,7.13,M,0,77,Thu,11,Remote
personal,77.0,M,0,38,Thu,17,Long_Distance
travel,33.25,F,0,60,Sat,10,Regional
travel,63.18,M,0,42,Mon,2,Regional
home,44.93,F,0,35,Thu,14,Long_Distance
health,119.88,F,0,27,Fri,15,Long_Distance
travel,353.36,F,0,34,Tue,19,Long_Distance
grocery,115.52,F,0,71,Tue,4,Regional
health,89.02,F,0,71,Sat,17,Commute
home,83.1,F,0,88,Wed,18,Long_Distance
misc,4.29,M,0,51,Thu,2,Regional
home,24.78,M,0,60,Sat,20,Commute
shopping,8.43,F,0,48,Sun,14,Remote
grocery,245.25,F,0,47,Fri,18,Commute
grocery,25.48,F,0,90,Mon,18,Long_Distance
travel,41.13,F,0,85,Sat,9,Long_Distance
home,49.03,M,0,34,Fri,18,Commute
home,5.51,M,0,19,Tue,19,Long_Distance
personal,132.17,F,0,49,Sat,19,Long_Distance
travel,68.04,F,0,21,Tue,6,Remote
home,50.45,M,0,35,Sun,21,Commute
personal,23.81,F,0,41,Sat,20,Regional
grocery,28.14,F,0,32,Fri,11,Remote
grocery,26.29,M,0,30,Thu,10,Commute
grocery,70.04,F,0,35,Sat,8,Long_Distance
home,50.77,F,0,65,Wed,17,Long_Distance
home,32.97,M,0,53,Tue,16,Long_Distance
shopping,57.74,F,0,34,Tue,17,Regional
misc,1.57,F,0,91,Tue,1,Regional
entertainment,64.07,M,0,50,Mon,17,Long_Distance
grocery,58.25,M,0,34,Fri,20,Commute
travel,68.53,M,0,26,Sat,4,Long_Distance
entertainment,97.83,F,0,47,Tue,22,Commute
entertainment,22.98,M,0,75,Thu,13,Local
grocery,251.98,F,0,35,Fri,1,Long_Distance
home,79.76,F,0,59,Mon,13,Long_Distance
travel,4.43,F,0,50,Sun,21,Long_Distance
entertainment,84.39,F,0,71,Tue,18,Commute
home,27.64,F,0,79,Thu,19,Regional
personal,40.11,F,0,35,Fri,20,Regional
travel,78.96,M,0,53,Sun,2,Long_Distance
misc,122.08,F,0,22,Wed,22,Regional
grocery,194.42,F,0,44,Tue,5,Long_Distance
misc,167.07,F,0,35,Sun,20,Long_Distance
home,54.41,F,0,44,Sat,20,Long_Distance
grocery,103.86,F,0,31,Wed,3,Long_Distance
grocery,2.48,F,0,43,Thu,13,Long_Distance
personal,83.16,F,0,55,Sat,12,Long_Distance
entertainment,12.81,M,0,33,Thu,17,Local
shopping,6.17,M,0,46,Fri,18,Commute
misc,2.19,M,0,42,Mon,16,Long_Distance
grocery,176.43,F,0,76,Thu,0,Commute
home,21.62,M,0,34,Sat,18,Long_Distance
travel,69.27,F,0,50,Wed,9,Regional
shopping,7.31,F,0,61,Tue,2,Regional
shopping,9.2,F,0,44,Wed,16,Long_Distance
entertainment,76.59,M,0,27,Tue,14,Regional
personal,212.5,F,0,85,Wed,23,Regional
home,24.69,F,0,43,Thu,15,Long_Distance
shopping,7.57,M,0,51,Thu,0,Commute
health,73.55,M,0,35,Fri,23,Long_Distance
travel,57.63,F,0,31,Wed,3,Long_Distance
travel,83.57,F,0,51,Mon,5,Long_Distance
shopping,10.18,M,0,55,Tue,1,Regional
home,72.35,M,0,34,Mon,20,Commute
home,58.28,M,0,56,Mon,22,Local
home,38.92,M,0,27,Thu,23,Regional
misc,8.07,F,0,88,Thu,8,Remote
grocery,81.18,F,0,35,Wed,5,Long_Distance
entertainment,101.78,M,0,71,Sat,2,Commute
home,38.8,F,0,37,Sun,21,Regional
health,112.74,F,0,33,Mon,19,Regional
grocery,51.59,M,0,46,Sun,14,Long_Distance
shopping,5.86,M,0,43,Sun,23,Long_Distance
misc,6.59,M,0,37,Thu,15,Commute
misc,9.25,M,0,79,Sun,3,Commute
shopping,5.52,M,0,63,Fri,9,Regional
shopping,21.71,F,0,25,Sun,14,Commute
grocery,58.02,M,0,47,Sun,13,Long_Distance
home,69.38,F,0,47,Tue,16,Long_Distance
shopping,4.35,F,0,34,Sun,18,Regional
home,44.62,M,0,32,Sun,18,Long_Distance
home,16.49,F,0,48,Mon,12,Commute
entertainment,26.94,M,0,19,Mon,14,Commute
grocery,52.17,F,0,54,Thu,21,Regional
home,22.62,M,0,70,Sat,16,Long_Distance
travel,31.06,M,0,75,Sat,10,Long_Distance
home,157.82,F,0,42,Mon,14,Regional
grocery,195.21,F,0,44,Wed,1,Long_Distance
shopping,4.7,M,0,25,Mon,23,Regional
shopping,126.32,M,0,35,Fri,11,Commute
personal,42.04,F,0,63,Sat,14,Commute
home,16.6,M,0,51,Sat,18,Regional
home,47.79,F,0,90,Wed,19,Commute
home,33.36,F,0,33,Sat,13,Long_Distance
travel,67.9,M,0,67,Sun,10,Long_Distance
travel,56.66,F,0,36,Thu,10,Commute
home,110.63,M,0,51,Mon,13,Long_Distance
personal,126.2,F,0,43,Sun,23,Remote
shopping,4.45,M,0,50,Thu,11,Long_Distance
entertainment,200.4,M,0,86,Sat,6,Long_Distance
home,82.16,M,0,19,Mon,20,Commute
shopping,7.59,M,0,43,Sat,16,Long_Distance
shopping,136.92,M,0,46,Sun,4,Long_Distance
shopping,54.12,F,0,32,Wed,17,Long_Distance
home,70.67,M,0,42,Tue,17,Commute
shopping,35.35,F,0,86,Thu,10,Long_Distance
home,5.87,F,0,30,Tue,12,Local
grocery,51.06,M,0,34,Mon,5,Commute
home,20.22,F,0,42,Thu,22,Commute
home,162.45,F,0,61,Mon,20,Commute
shopping,9.55,M,0,27,Wed,12,Long_Distance
misc,2.01,F,0,47,Tue,10,Long_Distance
personal,41.37,F,0,59,Wed,23,Long_Distance
shopping,191.53,M,0,47,Tue,14,Long_Distance
grocery,89.05,M,0,42,Mon,8,Commute
travel,5.75,M,0,35,Wed,23,Long_Distance
home,22.02,F,0,47,Mon,22,Long_Distance
home,46.46,M,0,60,Sat,21,Long_Distance
shopping,1.48,M,0,94,Wed,9,Long_Distance
shopping,2.3,F,0,89,Wed,0,Remote
travel,66.09,F,0,55,Mon,8,Regional
grocery,66.02,M,0,50,Sat,7,Regional
home,27.64,F,0,85,Mon,23,Long_Distance
shopping,49.15,F,0,30,Thu,12,Regional
shopping,125.43,M,0,49,Mon,23,Commute
travel,62.65,M,0,72,Sat,11,Regional
grocery,29.61,F,0,48,Wed,12,Commute
shopping,7.91,M,0,46,Sat,23,Commute
shopping,2.31,M,0,55,Sat,10,Long_Distance
misc,1.44,M,0,52,Wed,7,Regional
personal,70.43,M,0,31,Sun,12,Commute
grocery,134.59,F,0,33,Mon,5,Commute
travel,74.31,M,0,74,Fri,1,Regional
shopping,45.25,F,0,35,Tue,16,Long_Distance
entertainment,86.63,M,0,40,Mon,21,Commute
grocery,8.53,F,0,38,Sat,22,Regional
home,80.4,F,0,56,Wed,20,Commute
travel,60.19,F,0,23,Sat,2,Long_Distance
home,139.33,F,0,59,Fri,17,Commute
home,34.47,M,0,35,Sun,21,Long_Distance
home,85.92,M,0,62,Mon,15,Regional
shopping,6.3,F,0,35,Fri,20,Commute
personal,31.96,M,0,56,Sat,22,Long_Distance
shopping,5.84,M,0,52,Sun,6,Remote
personal,54.02,F,0,32,Tue,14,Long_Distance
travel,33.53,M,0,94,Sun,5,Regional
entertainment,68.39,F,0,49,Sat,23,Commute
entertainment,169.46,F,0,27,Fri,23,Long_Distance
shopping,14.55,F,0,67,Tue,5,Long_Distance
health,15.57,M,0,57,Tue,13,Long_Distance
entertainment,65.26,M,0,37,Wed,21,Long_Distance
shopping,161.76,M,0,21,Sat,15,Long_Distance
home,15.0,F,0,58,Wed,19,Regional
travel,5.22,F,0,44,Tue,21,Commute
home,15.83,F,0,50,Fri,12,Long_Distance
home,39.64,F,0,49,Tue,18,Regional
home,18.15,F,0,43,Tue,15,Long_Distance
shopping,7.54,M,0,67,Thu,8,Commute
home,100.15,M,0,60,Thu,22,Commute
personal,24.38,F,0,48,Mon,14,Commute
travel,8.57,F,0,69,Thu,17,Local
grocery,235.5,F,0,47,Fri,16,Long_Distance
misc,30.74,M,0,19,Sun,13,Remote
personal,1.4,F,0,22,Fri,16,Commute
shopping,1.55,M,0,44,Wed,22,Long_Distance
grocery,114.09,F,0,74,Wed,9,Regional
entertainment,68.65,F,0,77,Sat,18,Long_Distance
personal,46.43,F,0,45,Tue,21,Long_Distance
travel,75.08,F,0,48,Sat,8,Regional
health,78.46,M,0,47,Sun,19,Long_Distance
travel,70.11,F,0,48,Mon,11,Long_Distance
health,156.26,F,0,36,Mon,22,Long_Distance
misc,33.48,M,0,44,Mon,8,Commute
health,91.39,M,0,50,Sat,14,Regional
health,114.19,F,0,60,Tue,12,Commute
home,78.02,F,0,47,Thu,20,Long_Distance
grocery,23.63,M,0,22,Thu,20,Long_Distance
shopping,175.76,M,0,92,Fri,2,Regional
travel,53.86,M,0,70,Fri,8,Long_Distance
health,127.52,M,0,78,Thu,16,Long_Distance
home,54.28,M,0,27,Wed,16,Commute
travel,50.03,F,0,29,Thu,10,Regional
entertainment,31.51,M,0,67,Tue,2,Commute
grocery,190.39,F,0,49,Sun,1,Long_Distance
misc,6.28,F,0,41,Mon,23,Long_Distance
grocery,50.73,F,0,38,Fri,15,Long_Distance
travel,50.2,F,0,51,Wed,4,Commute
health,24.22,F,0,66,Sat,17,Commute
home,65.37,M,0,74,Thu,16,Long_Distance
shopping,5.33,F,0,21,Mon,21,Regional
health,163.96,M,0,40,Sat,12,Regional
shopping,6.71,M,0,21,Sat,22,Commute
home,1.56,F,0,51,Wed,17,Local
home,12.28,M,0,29,Mon,19,Commute
shopping,4.48,M,0,38,Thu,23,Commute
shopping,23.05,M,0,63,Fri,0,Regional
shopping,95.46,M,0,37,Thu,1,Commute
home,43.68,F,0,48,Thu,16,Regional
misc,9.67,M,0,65,Tue,7,Commute
travel,6.06,M,0,17,Tue,18,Long_Distance
entertainment,125.32,F,0,49,Tue,20,Long_Distance
shopping,160.08,M,0,46,Tue,1,Long_Distance
grocery,73.96,F,0,56,Sun,15,Long_Distance
misc,9.68,F,0,47,Fri,10,Commute
grocery,96.93,M,0,32,Fri,10,Regional
home,68.76,F,0,63,Mon,19,Long_Distance
grocery,106.08,F,0,43,Wed,1,Long_Distance
home,149.87,M,0,84,Wed,20,Long_Distance
travel,43.5,M,0,55,Sun,3,Long_Distance
health,31.13,F,0,83,Sat,21,Commute
home,55.9,F,0,43,Thu,16,Long_Distance
home,8.03,F,0,39,Fri,16,Regional
home,12.15,F,0,89,Sun,13,Local
grocery,87.51,M,0,48,Sun,5,Remote
travel,62.51,F,0,44,Sat,8,Commute
grocery,121.86,M,0,60,Sun,4,Regional
misc,49.29,M,0,30,Fri,20,Long_Distance
travel,39.88,M,0,64,Mon,9,Commute
grocery,40.86,F,0,41,Sat,7,Remote
grocery,134.96,F,0,59,Fri,4,Long_Distance
home,35.16,M,0,31,Sun,20,Regional
grocery,86.73,M,0,41,Wed,0,Commute
shopping,9.74,F,0,61,Sat,2,Commute
grocery,28.2,F,0,43,Sat,14,Commute
grocery,83.84,M,0,37,Sun,1,Regional
misc,8.38,M,0,20,Tue,20,Regional
home,100.53,F,0,38,Tue,22,Regional
home,98.08,F,0,70,Mon,14,Long_Distance
entertainment,77.4,M,0,29,Tue,17,Long_Distance
shopping,9.75,M,0,48,Tue,19,Long_Distance
home,74.02,F,0,33,Sun,13,Remote
personal,147.75,F,0,29,Thu,12,Commute
misc,4.23,M,0,37,Sat,23,Long_Distance
health,18.36,F,0,58,Sat,16,Long_Distance
entertainment,49.55,M,0,74,Tue,0,Commute
personal,4.93,F,0,59,Sun,16,Long_Distance
entertainment,20.47,F,0,37,Tue,14,Remote
shopping,105.25,M,0,17,Mon,14,Long_Distance
shopping,7.54,F,0,72,Sun,9,Remote
shopping,8.01,F,0,52,Mon,9,Long_Distance
grocery,58.69,M,0,31,Fri,18,Regional
misc,5.78,M,0,30,Tue,18,Long_Distance
shopping,2.28,F,0,59,Sat,10,Long_Distance
home,41.74,M,0,87,Mon,14,Commute
travel,49.34,F,0,31,Tue,3,Long_Distance
grocery,23.01,M,0,64,Mon,13,Regional
entertainment,70.41,M,0,43,Sun,14,Commute
entertainment,73.58,F,0,22,Sun,13,Regional
entertainment,172.85,F,0,35,Mon,20,Long_Distance
travel,3.43,F,0,71,Fri,16,Regional
grocery,24.58,M,0,22,Thu,3,Commute
grocery,62.68,F,0,47,Sat,9,Long_Distance
entertainment,65.21,M,0,29,Fri,19,Commute
home,11.48,F,0,36,Thu,23,Regional
home,72.72,F,0,70,Sat,23,Commute
misc,44.33,M,0,93,Sat,6,Long_Distance
travel,62.86,M,0,36,Wed,4,Long_Distance
home,44.59,M,0,30,Thu,15,Long_Distance
grocery,88.84,F,0,29,Sun,8,Long_Distance
grocery,7.33,M,0,20,Sat,15,Commute
misc,6.74,F,0,39,Wed,7,Long_Distance
home,95.28,F,0,66,Thu,21,Commute
travel,67.47,F,0,30,Wed,4,Regional
home,92.64,F,0,23,Tue,20,Long_Distance
shopping,8.4,F,0,54,Wed,5,Commute
travel,59.76,F,0,28,Sat,9,Commute
shopping,390.36,F,0,36,Sun,14,Long_Distance
health,33.49,M,0,43,Sat,18,Long_Distance
home,78.83,M,0,37,Sat,22,Long_Distance
grocery,25.69,F,0,61,Sun,18,Commute
grocery,111.09,M,0,31,Tue,9,Long_Distance
health,3.5,F,0,91,Sat,19,Long_Distance
shopping,3.27,M,0,35,Fri,12,Long_Distance
misc,3.16,F,0,44,Fri,13,Long_Distance
home,77.34,F,0,53,Tue,12,Long_Distance
misc,301.34,F,0,20,Sun,15,Long_Distance
grocery,122.31,F,0,70,Sat,2,Long_Distance
home,78.73,M,0,26,Sat,23,Commute
shopping,5.26,M,0,44,Tue,13,Commute
grocery,76.67,F,0,81,Sat,4,Long_Distance
shopping,3046.01,M,0,47,Thu,17,Commute
travel,66.94,M,0,57,Mon,2,Commute
grocery,41.08,F,0,26,Thu,2,Long_Distance
travel,58.18,M,0,57,Mon,7,Long_Distance
home,79.06,M,0,46,Tue,21,Commute
entertainment,2.8,F,0,58,Sat,11,Regional
shopping,70.71,M,0,65,Sun,11,Long_Distance
travel,3.58,M,0,21,Sat,12,Commute
home,67.09,M,0,61,Sun,19,Commute
home,65.44,M,0,39,Sat,13,Commute
grocery,12.68,M,0,40,Sun,10,Long_Distance
health,16.93,F,0,84,Mon,14,Long_Distance
shopping,25.05,M,0,62,Sat,0,Regional
home,40.48,M,0,75,Mon,15,Long_Distance
grocery,5.08,F,0,35,Mon,17,Regional
health,74.82,M,0,46,Fri,13,Commute
grocery,175.6,F,0,49,Sun,4,Long_Distance
home,42.58,F,0,48,Sun,17,Remote
entertainment,176.39,F,0,79,Sun,10,Commute
home,26.66,F,0,69,Sun,20,Commute
personal,32.68,F,0,51,Thu,16,Regional
personal,3.17,F,0,30,Sun,16,Long_Distance
grocery,114.88,M,0,62,Mon,2,Commute
grocery,77.72,M,0,67,Sun,3,Local
shopping,6.01,F,0,63,Sun,8,Long_Distance
misc,4.15,F,0,70,Wed,8,Long_Distance
grocery,41.96,M,0,28,Sat,3,Local
grocery,102.5,F,0,67,Sat,22,Long_Distance
travel,7.25,F,0,45,Mon,22,Long_Distance
personal,134.95,F,0,57,Mon,20,Long_Distance
grocery,185.44,F,0,26,Sun,2,Commute
entertainment,20.83,F,0,50,Wed,20,Local
misc,130.65,M,0,32,Sun,1,Remote
grocery,69.5,F,0,42,Mon,20,Regional
travel,88.13,F,0,66,Thu,8,Long_Distance
grocery,79.94,F,0,42,Tue,10,Commute
entertainment,73.44,M,0,33,Wed,19,Long_Distance
home,141.21,F,0,34,Thu,17,Regional
travel,63.19,M,0,53,Mon,2,Long_Distance
shopping,429.78,M,0,58,Mon,6,Regional
shopping,43.44,F,0,50,Fri,19,Long_Distance
travel,59.71,M,0,57,Wed,10,Regional
home,170.09,M,0,70,Sat,20,Commute
travel,44.73,F,0,20,Tue,8,Commute
misc,38.78,F,0,38,Wed,4,Remote
grocery,88.54,F,0,32,Tue,8,Long_Distance
home,9.87,F,0,46,Tue,22,Commute
shopping,3.91,M,0,52,Sat,4,Long_Distance
entertainment,17.83,F,0,25,Mon,20,Long_Distance
grocery,78.63,M,0,39,Thu,20,Regional
home,60.67,F,0,43,Mon,15,Long_Distance
health,39.75,M,0,39,Tue,21,Long_Distance
grocery,68.94,F,0,61,Sat,8,Remote
travel,70.26,M,0,37,Thu,2,Long_Distance
home,10.91,F,0,29,Wed,19,Long_Distance
shopping,3.08,F,0,30,Sun,23,Long_Distance
grocery,154.16,F,0,65,Tue,11,Long_Distance
misc,8.39,F,0,36,Mon,14,Long_Distance
health,53.89,F,0,33,Fri,23,Commute
home,43.88,F,0,72,Mon,20,Regional
entertainment,78.05,F,0,29,Sun,19,Local
shopping,6.06,M,0,45,Sun,13,Commute
health,114.83,M,0,16,Wed,15,Remote
home,105.1,M,0,19,Sun,17,Regional
health,55.97,M,0,32,Wed,19,Long_Distance
grocery,13.67,F,0,45,Sat,16,Commute
home,29.35,M,0,24,Mon,22,Remote
entertainment,92.5,F,0,34,Thu,14,Local
grocery,6.15,F,0,32,Tue,23,Regional
travel,55.52,F,0,77,Sun,11,Long_Distance
home,58.04,M,0,53,Sat,13,Long_Distance
shopping,9.26,M,0,64,Thu,0,Regional
travel,72.67,M,0,55,Mon,10,Long_Distance
grocery,97.94,F,0,35,Mon,11,Regional
grocery,224.69,F,0,27,Mon,0,Long_Distance
travel,65.93,M,0,20,Tue,10,Long_Distance
home,4.18,F,0,26,Mon,15,Long_Distance
misc,41.69,M,0,40,Sun,0,Regional
home,66.63,F,0,80,Fri,23,Regional
shopping,8.02,F,0,42,Sun,20,Long_Distance
home,38.34,M,0,25,Wed,19,Local
misc,40.71,F,0,33,Wed,11,Commute
shopping,1.45,F,0,30,Fri,14,Local
entertainment,72.18,M,0,28,Fri,19,Regional
travel,40.2,F,0,37,Fri,8,Long_Distance
home,51.52,M,0,30,Mon,16,Long_Distance
health,165.88,M,0,29,Fri,16,Regional
home,12.74,F,0,47,Sun,12,Long_Distance
home,137.57,F,0,58,Sun,17,Commute
grocery,55.91,F,0,35,Sun,0,Commute
grocery,73.86,F,0,67,Sun,9,Regional
misc,12.36,F,0,37,Tue,11,Long_Distance
misc,21.52,F,0,91,Tue,10,Commute
grocery,102.4,F,0,32,Wed,9,Long_Distance
misc,178.68,M,0,23,Tue,14,Commute
home,55.26,F,0,41,Sun,13,Long_Distance
shopping,136.94,M,0,64,Tue,11,Regional
shopping,2.7,F,0,42,Sat,19,Regional
home,59.98,F,0,68,Sun,23,Long_Distance
health,37.77,F,0,32,Thu,17,Remote
personal,3.87,M,0,38,Fri,19,Long_Distance
travel,510.54,M,0,41,Thu,22,Regional
entertainment,111.92,M,0,57,Thu,19,Local
misc,7.8,F,0,36,Mon,4,Commute
misc,5.07,F,0,46,Wed,22,Long_Distance
entertainment,5.75,M,0,68,Sat,0,Long_Distance
shopping,1.57,F,0,25,Mon,23,Commute
misc,4.37,F,0,30,Sat,21,Long_Distance
home,27.57,M,0,76,Mon,22,Commute
grocery,73.15,F,0,32,Tue,6,Commute
home,19.07,F,0,35,Sun,20,Long_Distance
home,114.65,F,0,54,Wed,19,Commute
home,20.12,F,0,58,Sun,22,Regional
grocery,183.31,F,0,36,Wed,7,Long_Distance
travel,46.06,M,0,20,Sun,0,Long_Distance
grocery,35.46,F,0,47,Fri,17,Commute
personal,43.0,F,0,45,Tue,12,Local
shopping,367.94,F,0,48,Sun,17,Commute
grocery,28.87,M,0,25,Thu,1,Long_Distance
entertainment,207.9,F,0,69,Sun,11,Long_Distance
personal,369.75,M,0,70,Thu,18,Long_Distance
home,9.08,M,0,49,Wed,21,Remote
travel,73.58,M,0,52,Thu,7,Remote
entertainment,47.97,F,0,31,Mon,22,Commute
home,3.44,F,0,59,Sun,23,Regional
grocery,41.39,F,0,49,Thu,20,Commute
misc,2.25,M,0,59,Tue,7,Regional
entertainment,64.77,F,0,42,Tue,12,Regional
grocery,139.41,M,0,83,Mon,0,Long_Distance
shopping,3.21,M,0,17,Sun,23,Long_Distance
shopping,1.1,F,0,42,Sun,22,Long_Distance
shopping,9.36,M,0,52,Mon,0,Long_Distance
travel,51.18,M,0,56,Mon,0,Commute
shopping,7.62,M,0,37,Fri,23,Regional
grocery,71.79,F,0,81,Sun,7,Commute
home,178.63,M,0,64,Sun,18,Regional
grocery,57.46,M,0,39,Sun,12,Commute
entertainment,24.16,F,0,24,Sun,12,Regional
health,33.78,M,0,54,Tue,15,Long_Distance
shopping,2.93,F,0,27,Mon,16,Long_Distance
home,77.02,F,0,37,Sun,22,Long_Distance
shopping,7.86,F,0,56,Thu,3,Commute
shopping,132.71,M,0,30,Tue,8,Long_Distance
misc,5.99,F,0,41,Sun,9,Regional
health,63.81,M,0,44,Thu,12,Long_Distance
shopping,79.78,F,0,40,Mon,16,Long_Distance
home,6.43,F,0,47,Mon,22,Long_Distance
misc,3.77,M,0,51,Tue,8,Long_Distance
grocery,38.05,M,0,53,Sun,3,Commute
home,97.89,M,0,30,Sun,22,Commute
grocery,95.55,F,0,37,Tue,4,Regional
shopping,60.47,M,0,52,Mon,8,Regional
grocery,93.06,F,0,44,Fri,5,Commute
shopping,8.69,F,0,35,Thu,20,Commute
shopping,4.03,F,0,51,Sun,7,Commute
personal,72.64,F,0,48,Sun,12,Long_Distance
home,106.09,M,0,63,Sun,23,Long_Distance
grocery,223.17,F,0,31,Sun,8,Long_Distance
home,63.19,M,0,39,Thu,16,Regional
shopping,1.43,F,0,85,Mon,7,Long_Distance
shopping,79.47,M,0,28,Wed,3,Regional
grocery,73.48,F,0,20,Wed,11,Regional
shopping,5.11,F,0,50,Fri,16,Commute
misc,8.4,M,0,36,Thu,21,Long_Distance
shopping,7.75,M,0,65,Mon,5,Regional
personal,183.24,M,0,54,Sat,15,Long_Distance
entertainment,348.96,F,0,45,Wed,19,Commute
travel,52.55,F,0,63,Sun,1,Commute
entertainment,24.38,F,0,23,Fri,15,Long_Distance
shopping,6.06,M,0,47,Tue,17,Regional
shopping,1.0,F,0,91,Mon,7,Long_Distance
health,70.4,M,0,86,Sun,17,Long_Distance
home,46.77,M,0,30,Sat,14,Regional
shopping,9.98,F,0,63,Sun,10,Long_Distance
health,80.85,M,0,60,Sun,12,Regional
shopping,9.43,F,0,47,Mon,14,Commute
home,57.79,F,0,18,Tue,20,Long_Distance
home,93.93,M,0,42,Sat,12,Regional
grocery,47.9,F,0,48,Thu,8,Long_Distance
grocery,189.84,F,0,48,Fri,4,Long_Distance
entertainment,106.8,M,0,67,Fri,17,Long_Distance
shopping,3.72,M,0,43,Fri,13,Commute
travel,468.06,M,0,44,Mon,17,Long_Distance
grocery,69.23,F,0,80,Sat,1,Long_Distance
health,54.74,M,0,45,Sun,14,Commute
entertainment,43.28,F,0,32,Sat,18,Commute
entertainment,57.25,F,0,40,Wed,18,Commute
home,20.05,F,0,35,Fri,21,Regional
shopping,145.34,M,0,46,Fri,21,Long_Distance
grocery,12.74,M,0,25,Thu,18,Regional
health,24.19,F,0,75,Thu,23,Regional
travel,76.49,M,0,46,Fri,1,Regional
personal,62.43,F,0,43,Tue,20,Commute
shopping,133.8,F,0,39,Sat,18,Long_Distance
entertainment,55.68,F,0,48,Sat,20,Commute
travel,90.68,M,0,53,Tue,6,Long_Distance
personal,4.43,F,0,33,Tue,17,Long_Distance
misc,3.28,M,0,62,Tue,11,Long_Distance
travel,56.61,F,0,63,Wed,8,Regional
home,27.2,F,0,28,Fri,17,Local
shopping,15.58,F,0,36,Thu,17,Long_Distance
health,59.89,M,0,21,Sun,17,Long_Distance
grocery,35.66,F,0,80,Mon,13,Commute
misc,1.55,M,0,50,Fri,10,Commute
misc,42.79,M,0,31,Sat,6,Long_Distance
travel,28.25,M,0,61,Wed,18,Long_Distance
personal,109.62,F,0,36,Mon,20,Long_Distance
grocery,20.71,M,0,45,Wed,14,Commute
health,96.26,F,0,44,Mon,18,Commute
home,13.39,F,0,58,Fri,21,Long_Distance
misc,8.97,F,0,38,Mon,18,Long_Distance
entertainment,2.83,M,0,30,Sun,19,Long_Distance
travel,3.15,F,0,63,Mon,19,Commute
health,74.96,M,0,38,Sat,21,Regional
shopping,146.83,M,0,33,Sun,15,Regional
grocery,141.76,F,0,43,Sun,6,Commute
shopping,6.7,F,0,44,Mon,21,Commute
grocery,98.29,M,0,78,Wed,0,Long_Distance
misc,355.68,F,0,44,Wed,1,Long_Distance
shopping,57.09,F,0,36,Wed,16,Regional
grocery,72.3,F,0,43,Fri,6,Remote
home,96.56,F,0,41,Mon,14,Long_Distance
grocery,93.45,M,0,51,Sun,9,Long_Distance
misc,142.76,M,0,20,Mon,22,Long_Distance
entertainment,16.79,M,0,69,Mon,6,Commute
travel,61.55,F,0,91,Sat,1,Commute
home,8.87,M,0,52,Tue,17,Remote
grocery,37.6,F,0,43,Tue,16,Long_Distance
grocery,34.39,F,0,19,Fri,7,Long_Distance
shopping,8.86,F,0,88,Fri,3,Long_Distance
health,76.87,M,0,35,Wed,21,Regional
home,5.37,M,0,57,Thu,23,Commute
travel,69.85,M,0,39,Sun,3,Local
grocery,78.34,F,0,27,Sun,19,Long_Distance
personal,23.12,M,0,61,Sun,18,Commute
travel,50.08,F,0,45,Thu,2,Long_Distance
travel,73.29,M,0,38,Sat,9,Commute
misc,8.32,M,0,64,Tue,3,Long_Distance
misc,2.31,M,0,59,Sun,3,Local
shopping,9.29,F,0,41,Fri,12,Long_Distance
home,98.42,M,0,45,Thu,16,Long_Distance
home,45.62,M,0,26,Sat,14,Long_Distance
home,90.69,F,0,44,Mon,16,Long_Distance
home,29.01,M,0,33,Sat,16,Local
grocery,55.07,F,0,49,Sat,7,Regional
home,59.41,M,0,70,Fri,21,Long_Distance
shopping,4.94,M,0,74,Tue,0,Commute
shopping,7.7,F,0,36,Sun,18,Long_Distance
home,93.85,M,0,60,Tue,22,Commute
grocery,11.12,F,0,36,Mon,16,Regional
entertainment,163.38,F,0,49,Sun,22,Remote
misc,6.62,M,0,71,Fri,3,Long_Distance
misc,8.92,M,0,26,Sun,3,Long_Distance
travel,66.74,M,0,33,Mon,6,Long_Distance
grocery,42.09,F,0,37,Sat,3,Long_Distance
travel,66.64,F,0,70,Sat,6,Commute
travel,91.9,F,0,51,Mon,0,Long_Distance
grocery,55.43,M,0,38,Tue,22,Long_Distance
misc,8.19,M,0,80,Thu,8,Commute
grocery,62.18,F,0,31,Thu,15,Regional
shopping,344.81,F,0,28,Fri,21,Long_Distance
misc,8.73,M,0,49,Sat,7,Remote
home,30.37,F,0,60,Fri,15,Local
health,7.52,F,0,41,Sat,20,Long_Distance
home,34.18,M,0,44,Thu,12,Long_Distance
shopping,7.14,F,0,58,Tue,1,Regional
entertainment,80.34,M,0,40,Thu,23,Commute
home,78.77,F,0,30,Mon,21,Long_Distance
personal,11.33,F,0,90,Fri,16,Long_Distance
home,39.98,F,0,77,Sat,17,Long_Distance
health,9.1,F,0,50,Thu,17,Long_Distance
travel,3.36,F,0,58,Wed,15,Long_Distance
shopping,683.84,M,0,35,Sat,18,Commute
home,66.98,M,0,42,Mon,22,Long_Distance
entertainment,8.93,M,0,33,Fri,16,Long_Distance
health,43.43,M,0,49,Thu,14,Regional
misc,1.82,F,0,38,Sun,23,Long_Distance
shopping,6.27,M,0,54,Thu,4,Long_Distance
shopping,177.01,F,0,32,Sun,14,Regional
personal,2.58,F,0,32,Fri,22,Long_Distance
misc,72.21,F,0,43,Sun,5,Long_Distance
travel,5.89,M,0,22,Mon,21,Long_Distance
entertainment,23.56,F,0,67,Sun,11,Long_Distance
home,46.82,F,0,50,Fri,17,Commute
grocery,166.88,F,0,37,Thu,2,Long_Distance
grocery,107.54,M,0,61,Tue,8,Regional
travel,58.91,F,0,47,Mon,6,Long_Distance
entertainment,4.46,M,0,58,Sun,7,Long_Distance
home,63.53,M,0,46,Thu,21,Commute
shopping,2.94,M,0,33,Mon,22,Commute
grocery,81.1,M,0,26,Tue,19,Remote
travel,2.43,F,0,31,Thu,13,Local
home,37.63,F,0,36,Wed,12,Commute
personal,16.5,F,0,69,Sun,16,Long_Distance
travel,90.13,M,0,52,Mon,8,Long_Distance
personal,20.88,M,0,62,Tue,20,Long_Distance
travel,71.9,F,0,65,Thu,11,Long_Distance
entertainment,52.1,F,0,47,Thu,20,Long_Distance
misc,128.81,F,0,42,Thu,11,Commute
health,3.13,F,0,42,Sun,14,Regional
grocery,93.71,F,0,40,Mon,3,Long_Distance
entertainment,124.94,F,0,47,Thu,17,Commute
grocery,62.58,M,0,29,Tue,11,Commute
home,20.67,M,0,58,Thu,15,Commute
personal,11.49,F,0,32,Mon,21,Regional
grocery,127.12,F,0,87,Tue,6,Long_Distance
misc,59.02,F,0,40,Mon,0,Commute
personal,69.76,M,0,93,Tue,23,Regional
home,50.99,M,0,88,Mon,23,Commute
home,56.75,M,0,47,Mon,19,Local
grocery,53.51,M,0,34,Wed,3,Long_Distance
health,72.27,M,0,31,Mon,19,Long_Distance
grocery,109.09,M,0,71,Fri,8,Long_Distance
travel,91.93,M,0,66,Sat,8,Remote
travel,47.11,M,0,60,Fri,3,Long_Distance
home,18.51,M,0,82,Tue,23,Long_Distance
home,31.87,M,0,42,Mon,17,Regional
home,17.41,M,0,30,Sun,12,Commute
misc,15.5,M,0,48,Tue,20,Long_Distance
personal,3.03,M,0,71,Sun,21,Commute
shopping,202.67,F,0,32,Mon,15,Commute
grocery,186.41,F,0,34,Thu,8,Commute
home,66.65,M,0,77,Sat,14,Commute
misc,3.04,F,0,67,Sun,10,Long_Distance
travel,4.25,M,0,56,Thu,12,Long_Distance
grocery,70.6,F,0,46,Tue,3,Regional
misc,35.87,F,0,65,Thu,11,Regional
shopping,72.14,F,0,42,Mon,13,Regional
grocery,4.63,M,0,39,Tue,20,Regional
home,7.98,F,0,67,Fri,14,Commute
travel,85.23,F,0,70,Sat,3,Commute
home,184.52,M,0,25,Mon,21,Long_Distance
shopping,2.81,F,0,68,Mon,2,Regional
home,57.99,M,0,73,Wed,20,Long_Distance
grocery,107.65,M,0,43,Thu,10,Long_Distance
entertainment,37.29,F,0,44,Wed,23,Commute
grocery,14.66,F,0,35,Tue,20,Commute
shopping,138.58,M,0,47,Fri,1,Long_Distance
misc,295.97,M,0,21,Sat,13,Long_Distance
entertainment,41.93,F,0,46,Sun,21,Long_Distance
grocery,114.34,F,0,33,Mon,2,Long_Distance
home,109.8,F,0,34,Sun,15,Long_Distance
home,2.41,F,0,47,Mon,18,Long_Distance
shopping,3.68,M,0,71,Sun,8,Remote
grocery,95.58,F,0,29,Mon,5,Remote
shopping,2.98,F,0,34,Sun,18,Long_Distance
grocery,100.93,F,0,31,Mon,8,Regional
grocery,84.01,F,0,68,Sat,11,Commute
shopping,129.89,F,0,44,Thu,13,Long_Distance
home,69.45,M,0,44,Fri,22,Long_Distance
grocery,16.83,M,0,25,Sun,1,Long_Distance
shopping,24.03,F,0,47,Fri,15,Commute
home,51.47,M,0,40,Sat,16,Commute
travel,69.54,F,0,15,Sat,11,Local
shopping,767.34,F,0,45,Tue,20,Commute
grocery,8.41,F,0,63,Fri,12,Commute
grocery,32.97,F,0,51,Tue,4,Long_Distance
travel,55.64,M,0,62,Mon,5,Regional
entertainment,128.06,M,0,76,Sun,10,Commute
home,32.06,F,0,49,Fri,14,Long_Distance
misc,54.35,M,0,45,Fri,17,Commute
travel,41.32,M,0,58,Tue,3,Long_Distance
personal,25.51,F,0,54,Sun,19,Long_Distance
misc,1.6,F,0,75,Sat,6,Long_Distance
shopping,15.34,F,0,40,Sat,20,Commute
grocery,96.52,M,0,72,Mon,11,Regional
travel,60.95,M,0,41,Sun,10,Commute
misc,3.12,F,0,25,Sun,22,Commute
home,56.13,F,0,35,Fri,17,Long_Distance
shopping,9.64,M,0,65,Mon,11,Long_Distance
misc,1.88,F,0,36,Tue,17,Long_Distance
travel,61.14,F,0,56,Thu,3,Long_Distance
travel,1.93,F,0,44,Mon,21,Commute
entertainment,70.03,M,0,81,Tue,14,Long_Distance
misc,104.86,M,0,64,Fri,7,Long_Distance
grocery,110.13,M,0,59,Mon,0,Commute
grocery,56.63,M,0,34,Mon,13,Regional
travel,27.09,F,0,15,Wed,11,Regional
entertainment,7.19,F,0,34,Mon,15,Long_Distance
misc,3.45,M,0,75,Mon,2,Commute
shopping,4.14,F,0,42,Tue,20,Long_Distance
grocery,6.76,M,0,34,Tue,23,Regional
health,20.16,F,0,35,Sun,19,Commute
health,26.41,M,0,78,Sun,14,Remote
travel,61.12,M,0,54,Sun,8,Regional
travel,3.84,M,0,30,Tue,15,Remote
home,15.72,F,0,36,Thu,20,Commute
entertainment,154.33,F,0,43,Mon,12,Regional
grocery,7.59,F,0,35,Wed,13,Commute
home,11.7,F,0,26,Sun,14,Commute
misc,1.8,M,0,41,Thu,5,Commute
travel,426.5,M,0,30,Sun,20,Long_Distance
personal,7.19,F,0,39,Wed,16,Commute
personal,73.98,F,0,28,Fri,13,Regional
personal,116.78,F,0,39,Wed,21,Commute
personal,77.43,F,0,34,Mon,18,Long_Distance
misc,7.13,F,0,79,Thu,1,Commute
personal,11.72,F,0,84,Tue,13,Commute
grocery,165.21,F,0,42,Sat,9,Commute
home,204.59,M,0,71,Mon,12,Remote
shopping,3.41,F,0,26,Sun,13,Long_Distance
shopping,91.41,M,0,45,Sun,7,Long_Distance
travel,49.64,F,0,31,Sat,5,Long_Distance
misc,83.9,M,0,17,Mon,14,Long_Distance
shopping,371.64,M,0,78,Wed,9,Commute
travel,9.39,F,0,36,Mon,19,Regional
travel,81.65,F,0,78,Wed,4,Long_Distance
travel,72.44,M,0,34,Thu,10,Regional
misc,151.37,M,0,60,Wed,5,Commute
grocery,49.3,M,0,21,Fri,7,Long_Distance
misc,47.8,F,0,20,Thu,19,Long_Distance
shopping,539.98,F,0,33,Mon,20,Long_Distance
grocery,93.42,M,0,45,Mon,7,Long_Distance
personal,8.04,F,0,45,Sat,12,Long_Distance
entertainment,7.33,M,0,55,Sat,4,Long_Distance
shopping,76.3,M,0,27,Fri,2,Long_Distance
health,31.67,F,0,60,Sun,13,Commute
travel,2.29,F,0,48,Sun,14,Long_Distance
home,80.5,M,0,41,Mon,18,Long_Distance
health,7.23,F,0,29,Fri,22,Commute
entertainment,165.52,F,0,36,Mon,22,Remote
home,72.64,M,0,42,Thu,23,Long_Distance
misc,19.46,F,0,28,Sat,10,Commute
misc,31.24,M,0,36,Wed,4,Long_Distance
travel,64.98,F,0,19,Mon,0,Long_Distance
shopping,4.67,F,0,44,Mon,17,Commute
entertainment,9.21,M,0,49,Mon,1,Commute
travel,64.18,F,0,48,Sun,11,Long_Distance
grocery,57.05,F,0,39,Sat,6,Long_Distance
misc,3.87,F,0,44,Sun,17,Long_Distance
health,115.41,F,0,43,Tue,12,Commute
home,20.54,M,0,32,Sun,19,Regional
grocery,134.46,F,0,71,Tue,11,Long_Distance
health,78.01,M,0,42,Fri,23,Regional
shopping,1067.73,F,0,34,Sat,22,Commute
shopping,9.86,M,0,66,Sun,3,Regional
health,155.98,M,0,57,Sun,15,Long_Distance
home,34.76,F,0,48,Wed,18,Remote
home,37.61,M,0,30,Mon,18,Long_Distance
travel,60.25,F,0,72,Sun,7,Long_Distance
shopping,104.04,M,0,48,Thu,8,Commute
travel,61.73,F,0,48,Tue,9,Regional
entertainment,64.3,M,0,36,Thu,23,Commute
home,113.87,F,0,65,Tue,23,Regional
shopping,2.75,F,0,31,Fri,17,Long_Distance
shopping,38.3,M,0,73,Sat,7,Regional
home,89.95,M,0,74,Wed,16,Long_Distance
home,86.08,F,0,43,Thu,23,Commute
personal,71.38,F,0,42,Wed,20,Long_Distance
travel,76.1,F,0,30,Thu,0,Long_Distance
travel,66.37,M,0,70,Sun,11,Remote
travel,118.66,M,0,71,Fri,5,Long_Distance
grocery,70.36,M,0,60,Mon,5,Commute
misc,6.17,M,0,54,Tue,9,Regional
home,54.81,M,0,52,Thu,19,Commute
travel,58.04,F,0,47,Sat,4,Commute
misc,5.64,M,0,63,Fri,9,Regional
grocery,121.85,M,0,58,Mon,0,Commute
shopping,6.6,M,0,36,Sat,17,Local
grocery,26.81,M,0,48,Fri,10,Regional
grocery,56.25,M,0,33,Wed,17,Long_Distance
shopping,1219.58,M,0,31,Thu,22,Long_Distance
home,4.18,M,0,73,Sun,12,Long_Distance
grocery,14.01,M,0,41,Sat,16,Long_Distance
grocery,62.06,F,0,29,Mon,12,Long_Distance
travel,53.19,M,0,23,Mon,0,Long_Distance
shopping,1.89,F,0,49,Sun,21,Regional
home,57.19,M,0,35,Mon,14,Regional
home,78.56,M,0,43,Wed,21,Regional
home,65.53,M,0,40,Sat,19,Long_Distance
entertainment,39.97,F,0,84,Mon,19,Commute
misc,64.16,F,0,53,Sun,2,Long_Distance
shopping,4.74,M,0,30,Tue,21,Regional
home,101.15,F,0,40,Mon,18,Commute
shopping,4.58,M,0,31,Mon,12,Long_Distance
grocery,60.02,M,0,39,Sun,17,Local
shopping,3.73,M,0,33,Tue,14,Long_Distance
grocery,58.7,F,0,22,Sat,19,Remote
misc,22.58,F,0,35,Sat,0,Commute
shopping,2.12,M,0,45,Thu,18,Regional
personal,41.82,F,0,63,Sun,12,Local
grocery,60.92,F,0,46,Mon,5,Commute
home,56.54,F,0,53,Tue,16,Regional
home,45.14,F,0,52,Fri,13,Long_Distance
shopping,9.83,F,0,41,Sat,21,Long_Distance
health,10.92,F,0,34,Sun,19,Long_Distance
grocery,139.11,M,0,96,Tue,22,Regional
travel,4.38,F,0,33,Mon,22,Regional
entertainment,80.21,M,0,46,Fri,16,Local
shopping,163.15,M,0,15,Mon,19,Regional
home,38.29,M,0,75,Wed,18,Regional
travel,67.98,M,0,24,Fri,5,Local
shopping,8.66,F,0,35,Thu,23,Long_Distance
grocery,200.22,F,0,43,Mon,9,Remote
travel,53.69,M,0,62,Wed,6,Commute
home,85.62,M,0,31,Mon,23,Long_Distance
home,51.42,M,0,38,Tue,20,Commute
shopping,3.59,F,0,46,Mon,16,Long_Distance
misc,1.14,M,0,35,Sat,1,Local
shopping,3.97,F,0,43,Thu,16,Remote
misc,36.24,F,0,47,Sat,9,Regional
grocery,178.11,M,0,68,Mon,3,Long_Distance
health,3.15,F,0,45,Fri,13,Commute
shopping,6.08,F,0,37,Sun,13,Long_Distance
shopping,4.04,M,0,52,Sun,6,Long_Distance
home,39.66,M,0,33,Sat,17,Commute
entertainment,1.3,F,0,89,Mon,1,Commute
grocery,43.09,F,0,80,Fri,6,Long_Distance
home,61.58,M,0,42,Sun,12,Remote
grocery,97.65,F,0,64,Fri,3,Long_Distance
shopping,24.28,M,0,70,Sun,6,Long_Distance
grocery,41.46,M,0,63,Wed,22,Commute
home,38.71,F,0,64,Wed,17,Commute
home,58.29,M,0,47,Sat,20,Commute
shopping,8.53,F,0,23,Sun,21,Regional
grocery,98.42,M,0,72,Mon,8,Long_Distance
shopping,7.45,M,0,45,Sat,17,Remote
grocery,39.35,F,0,27,Wed,5,Commute
grocery,91.81,M,0,51,Sat,6,Long_Distance
health,112.81,M,0,34,Tue,19,Long_Distance
grocery,141.04,M,0,81,Mon,1,Long_Distance
grocery,22.59,F,0,56,Tue,13,Commute
travel,81.02,F,0,55,Sun,7,Long_Distance
shopping,6.17,M,0,44,Mon,12,Long_Distance
home,74.98,F,0,34,Tue,17,Regional
grocery,57.75,M,0,65,Thu,19,Remote
health,37.44,F,0,48,Tue,19,Regional
home,152.08,M,0,75,Fri,21,Local
entertainment,22.03,F,0,67,Fri,12,Local
health,43.87,F,0,74,Fri,23,Commute
health,73.99,M,0,46,Tue,12,Long_Distance
shopping,8.71,F,0,42,Fri,14,Long_Distance
grocery,25.94,F,0,44,Wed,21,Long_Distance
misc,33.51,M,0,43,Wed,0,Long_Distance
health,4.79,M,0,22,Sun,12,Commute
entertainment,16.04,M,0,45,Sat,16,Commute
home,21.34,M,0,67,Tue,18,Long_Distance
shopping,3.97,M,0,33,Sun,20,Regional
entertainment,9.56,M,0,91,Wed,0,Commute
shopping,3.37,F,0,30,Sun,19,Regional
grocery,9.05,F,0,36,Fri,15,Long_Distance
health,24.2,F,0,34,Sat,15,Long_Distance
shopping,78.28,F,0,48,Tue,22,Commute
home,63.13,F,0,35,Thu,23,Long_Distance
home,77.85,F,0,70,Tue,19,Regional
shopping,7.73,M,0,33,Thu,23,Local
home,73.03,F,0,37,Tue,22,Long_Distance
misc,5.16,F,0,47,Mon,18,Regional
health,45.7,M,0,34,Thu,12,Long_Distance
shopping,1.18,F,0,26,Fri,15,Long_Distance
personal,15.27,M,0,23,Mon,21,Remote
travel,47.0,F,0,90,Tue,4,Long_Distance
shopping,8.01,F,0,48,Sat,22,Long_Distance
grocery,190.16,F,0,46,Sun,10,Remote
shopping,3.92,M,0,50,Sun,11,Regional
shopping,4.07,M,0,47,Sun,12,Regional
health,76.62,M,0,43,Sat,16,Commute
grocery,138.92,F,0,60,Tue,10,Long_Distance
home,125.63,F,0,47,Fri,13,Long_Distance
travel,60.75,F,0,47,Thu,5,Long_Distance
grocery,46.15,M,0,37,Sun,9,Local
grocery,17.91,M,0,76,Tue,22,Commute
home,11.25,F,0,39,Sat,19,Remote
health,46.99,F,0,35,Sat,20,Commute
home,98.42,M,0,57,Mon,14,Long_Distance
travel,9.07,M,0,64,Tue,17,Regional
shopping,9.15,F,0,45,Tue,19,Regional
grocery,81.87,F,0,46,Sun,2,Regional
health,72.54,F,0,58,Sat,14,Long_Distance
misc,5.88,M,0,30,Sun,18,Long_Distance
travel,49.43,F,0,33,Sat,8,Regional
home,22.46,M,0,34,Mon,15,Regional
grocery,100.57,M,0,51,Sat,6,Long_Distance
personal,14.81,M,0,74,Sun,15,Long_Distance
personal,11.89,F,0,48,Wed,18,Long_Distance
grocery,44.88,M,0,36,Wed,4,Regional
home,86.61,M,0,43,Mon,22,Commute
personal,43.06,F,0,20,Sun,13,Long_Distance
grocery,25.68,M,0,34,Sun,3,Long_Distance
misc,75.27,F,0,74,Sun,10,Commute
grocery,86.32,M,0,31,Thu,7,Long_Distance
home,47.45,F,0,46,Wed,15,Regional
home,109.23,M,0,53,Sat,23,Commute
grocery,122.12,M,0,35,Tue,6,Long_Distance
grocery,125.94,F,0,48,Wed,19,Regional
home,24.04,F,0,31,Sun,17,Commute
shopping,2.07,M,0,35,Mon,13,Long_Distance
misc,27.32,F,0,36,Mon,11,Commute
grocery,96.49,F,0,92,Mon,1,Regional
grocery,30.96,F,0,39,Sat,17,Commute
entertainment,18.95,M,0,74,Mon,3,Long_Distance
home,78.47,F,0,44,Mon,17,Long_Distance
travel,37.53,F,0,36,Fri,9,Regional
health,71.4,F,0,54,Fri,13,Long_Distance
personal,157.12,F,0,41,Fri,17,Long_Distance
home,106.46,F,0,57,Sun,12,Commute
shopping,58.44,F,0,55,Sat,2,Long_Distance
misc,8.0,M,0,34,Wed,19,Regional
grocery,128.48,M,0,57,Mon,6,Long_Distance
health,26.98,F,0,55,Mon,19,Commute
travel,69.49,M,0,25,Sun,6,Commute
home,8.48,F,0,59,Wed,22,Regional
health,78.15,M,0,26,Sun,12,Regional
entertainment,12.81,F,0,47,Wed,22,Regional
health,67.28,F,0,34,Sat,18,Commute
travel,49.14,M,0,54,Mon,3,Regional
shopping,3.06,F,0,24,Fri,16,Commute
travel,72.06,M,0,83,Wed,1,Long_Distance
misc,1.29,F,0,28,Sun,0,Regional
personal,78.14,M,0,41,Mon,23,Commute
travel,6.5,F,0,37,Thu,19,Long_Distance
home,32.22,F,0,61,Sun,23,Long_Distance
grocery,141.3,F,0,33,Mon,5,Long_Distance
personal,18.65,M,0,52,Wed,17,Commute
health,1.75,F,0,58,Fri,13,Long_Distance
shopping,8.42,M,0,54,Sun,3,Regional
home,3.55,F,0,29,Tue,22,Regional
personal,31.24,F,0,90,Thu,13,Commute
health,23.46,F,0,92,Thu,21,Regional
entertainment,54.12,F,0,45,Tue,23,Commute
health,41.15,F,0,88,Tue,21,Commute
home,127.88,M,0,63,Tue,16,Long_Distance
home,25.66,M,0,91,Sat,18,Commute
travel,8.1,F,0,29,Tue,22,Long_Distance
health,48.71,F,0,48,Mon,19,Long_Distance
travel,73.21,F,0,54,Fri,5,Regional
misc,102.02,M,0,56,Tue,11,Local
health,4.72,F,0,93,Thu,21,Commute
personal,70.14,F,0,34,Sun,18,Commute
entertainment,211.58,F,0,63,Sun,4,Commute
shopping,4.29,F,0,55,Thu,2,Long_Distance
misc,8.31,M,0,28,Sun,10,Commute
travel,66.09,F,0,79,Sat,8,Commute
home,40.4,F,0,90,Sat,14,Regional
shopping,8.55,M,0,48,Tue,20,Regional
home,12.34,F,0,59,Fri,18,Commute
home,227.47,M,0,51,Mon,21,Regional
shopping,2.2,F,0,39,Mon,16,Long_Distance
travel,71.33,F,0,69,Sun,9,Commute
grocery,181.03,F,0,27,Tue,4,Long_Distance
health,65.63,M,0,58,Sun,19,Regional
health,74.51,M,0,35,Tue,14,Long_Distance
personal,8.51,F,0,48,Mon,12,Commute
grocery,79.47,F,0,23,Tue,13,Commute
grocery,70.71,M,0,57,Thu,23,Regional
grocery,41.76,F,0,40,Wed,7,Long_Distance
travel,5.89,M,0,24,Mon,17,Commute
shopping,8.68,M,0,22,Sun,16,Commute
grocery,62.95,F,0,22,Fri,11,Regional
health,45.3,F,0,15,Wed,23,Local
misc,68.91,M,0,21,Tue,15,Regional
health,114.06,F,0,23,Sun,15,Commute
travel,69.11,M,0,57,Wed,5,Commute
home,46.45,M,0,81,Sat,13,Regional
personal,35.25,F,0,45,Tue,18,Commute
grocery,70.57,M,0,31,Sun,9,Regional
personal,168.56,M,0,51,Wed,14,Regional
entertainment,87.98,M,0,73,Sun,16,Long_Distance
grocery,209.08,F,0,34,Tue,1,Long_Distance
grocery,108.4,M,0,77,Sat,7,Long_Distance
grocery,128.54,M,0,92,Sat,9,Commute
travel,84.93,F,0,36,Mon,6,Long_Distance
shopping,9.32,M,0,26,Sun,18,Regional
grocery,112.89,M,0,77,Thu,10,Regional
shopping,17.3,F,0,50,Sun,21,Long_Distance
home,63.45,F,0,79,Wed,18,Long_Distance
shopping,527.51,F,0,60,Mon,4,Regional
grocery,71.15,M,0,23,Mon,23,Long_Distance
health,25.64,F,0,27,Tue,17,Long_Distance
home,5.87,F,0,26,Fri,13,Commute
grocery,110.74,F,0,53,Sun,6,Commute
home,154.44,M,0,53,Tue,21,Long_Distance
home,39.28,F,0,36,Fri,18,Regional
health,29.62,F,0,41,Sun,14,Commute
shopping,40.24,M,0,34,Thu,14,Commute
travel,55.38,M,0,44,Mon,0,Long_Distance
home,47.76,F,0,89,Tue,19,Commute
travel,61.79,M,0,64,Sun,2,Regional
grocery,93.12,F,0,92,Fri,2,Long_Distance
shopping,6.19,M,0,56,Tue,3,Commute
shopping,216.88,M,0,78,Mon,3,Long_Distance
entertainment,115.81,F,0,33,Wed,12,Long_Distance
home,21.77,F,0,39,Sat,14,Regional
misc,9.27,M,0,26,Tue,5,Commute
shopping,9.21,F,0,45,Sat,14,Long_Distance
home,105.28,M,0,34,Tue,18,Long_Distance
home,119.46,F,0,50,Mon,16,Local
travel,43.35,F,0,59,Sat,5,Long_Distance
shopping,3.38,F,0,85,Thu,1,Commute
shopping,6.74,F,0,62,Sun,1,Long_Distance
grocery,193.99,F,0,48,Mon,2,Regional
grocery,59.33,M,0,25,Thu,13,Commute
personal,4.68,F,0,33,Fri,18,Regional
shopping,7.26,F,0,42,Tue,16,Long_Distance
home,57.62,F,0,34,Thu,17,Long_Distance
grocery,97.7,F,0,56,Sun,7,Long_Distance
grocery,84.71,F,0,40,Sun,3,Regional
travel,74.64,F,0,56,Mon,1,Long_Distance
home,52.42,F,0,92,Fri,20,Commute
home,24.14,M,0,17,Sun,20,Commute
home,63.0,F,0,71,Fri,18,Long_Distance
home,74.99,M,0,87,Sun,18,Long_Distance
travel,62.09,F,0,66,Sun,9,Long_Distance
home,117.23,F,0,32,Tue,14,Commute
misc,708.99,F,0,38,Sun,21,Long_Distance
shopping,1368.1,F,0,50,Sun,4,Regional
travel,2.05,M,0,55,Tue,18,Regional
shopping,108.75,M,0,45,Tue,2,Long_Distance
entertainment,24.34,M,0,61,Sun,3,Long_Distance
home,75.07,M,0,36,Mon,12,Long_Distance
home,88.67,F,0,57,Thu,21,Long_Distance
entertainment,30.28,F,0,66,Sun,17,Long_Distance
grocery,63.79,F,0,47,Sat,1,Commute
home,87.55,M,0,62,Thu,21,Long_Distance
health,126.05,M,0,36,Sun,16,Long_Distance
health,196.59,F,0,71,Mon,16,Regional
grocery,70.56,F,0,29,Wed,21,Long_Distance
grocery,60.52,M,0,46,Tue,5,Commute
travel,59.62,F,0,29,Sun,1,Commute
entertainment,65.87,F,0,33,Mon,17,Regional
shopping,7.9,M,0,66,Mon,9,Long_Distance
misc,1.98,F,0,71,Thu,5,Remote
home,19.2,M,0,60,Sun,13,Regional
grocery,29.92,M,0,40,Fri,5,Regional
shopping,4.11,F,0,35,Wed,17,Commute
personal,32.12,F,0,32,Fri,23,Long_Distance
shopping,45.01,M,0,93,Thu,10,Local
home,110.09,F,0,60,Thu,23,Long_Distance
misc,166.71,F,0,69,Mon,9,Regional
shopping,1.85,M,0,22,Fri,17,Commute
shopping,7.92,F,0,69,Mon,4,Long_Distance
home,45.93,M,0,50,Sun,16,Regional
grocery,105.44,M,0,39,Tue,6,Long_Distance
shopping,775.76,F,0,79,Sun,2,Regional
home,5.48,M,0,95,Sat,12,Long_Distance
home,50.89,F,0,42,Wed,15,Long_Distance
personal,4.08,F,0,36,Tue,16,Regional
personal,1.11,M,0,47,Sun,23,Long_Distance
grocery,83.39,F,0,75,Sat,6,Commute
travel,39.19,M,0,79,Wed,1,Regional
grocery,75.42,F,0,32,Sun,9,Long_Distance
grocery,129.34,M,0,45,Wed,2,Long_Distance
travel,94.9,F,0,50,Tue,8,Commute
home,26.65,M,0,33,Sun,21,Long_Distance
grocery,92.08,M,0,68,Sun,2,Long_Distance
shopping,5.16,F,0,29,Fri,13,Commute
personal,63.14,M,0,64,Tue,22,Regional
home,6.54,F,0,36,Thu,21,Long_Distance
personal,76.26,M,0,75,Mon,19,Long_Distance
home,58.28,M,0,22,Tue,15,Long_Distance
health,38.13,M,0,50,Mon,15,Long_Distance
health,150.42,M,0,57,Thu,18,Long_Distance
shopping,7.32,F,0,16,Mon,19,Commute
grocery,91.39,M,0,30,Mon,3,Long_Distance
health,41.58,M,0,36,Thu,15,Long_Distance
grocery,13.42,M,0,77,Tue,14,Regional
health,6.62,F,0,65,Thu,18,Long_Distance
shopping,3.7,F,0,48,Fri,16,Long_Distance
personal,23.68,M,0,62,Mon,14,Regional
grocery,91.18,F,0,78,Sun,0,Commute
health,7.82,M,0,64,Tue,19,Long_Distance
entertainment,252.89,F,0,48,Tue,14,Long_Distance
misc,1.38,M,0,61,Sun,7,Commute
misc,1.18,M,0,41,Mon,19,Long_Distance
home,90.63,F,0,39,Sat,14,Long_Distance
grocery,65.44,M,0,33,Fri,14,Commute
travel,59.65,M,0,21,Thu,7,Commute
grocery,44.48,M,0,42,Sat,5,Long_Distance
shopping,22.19,F,0,35,Sat,13,Long_Distance
home,142.07,F,0,47,Mon,22,Regional
travel,41.72,F,0,35,Mon,7,Regional
shopping,3.61,F,0,80,Tue,2,Long_Distance
grocery,61.92,M,0,76,Tue,16,Long_Distance
home,56.68,M,0,65,Wed,15,Remote
travel,68.49,M,0,53,Mon,6,Commute
shopping,1.65,M,0,30,Sun,12,Long_Distance
personal,3.5,F,0,47,Wed,21,Long_Distance
entertainment,76.2,M,0,35,Sun,14,Regional
travel,86.88,F,0,39,Thu,4,Commute
misc,78.68,F,0,32,Mon,5,Regional
home,146.17,F,0,93,Thu,14,Long_Distance
grocery,48.25,M,0,42,Mon,6,Commute
entertainment,19.68,F,0,81,Fri,23,Long_Distance
grocery,97.38,F,0,73,Sun,5,Commute
entertainment,314.97,F,0,28,Wed,21,Regional
home,77.7,M,0,44,Sat,22,Local
shopping,4.19,F,0,71,Tue,4,Long_Distance
shopping,242.43,F,0,36,Tue,13,Commute
health,21.99,F,0,42,Fri,17,Long_Distance
shopping,1.4,M,0,60,Mon,6,Regional
shopping,8.5,F,0,65,Wed,7,Commute
shopping,5.32,F,0,48,Sun,16,Long_Distance
travel,58.02,F,0,62,Tue,9,Long_Distance
home,89.82,F,0,35,Tue,18,Commute
travel,67.65,F,0,28,Thu,4,Regional
misc,85.98,M,0,46,Thu,0,Long_Distance
home,28.92,F,0,45,Tue,12,Long_Distance
entertainment,67.28,M,0,33,Wed,18,Commute
travel,3.77,M,0,43,Wed,23,Long_Distance
home,6.06,F,0,41,Fri,17,Long_Distance
travel,52.63,M,0,78,Wed,7,Commute
home,19.18,M,0,19,Tue,18,Regional
home,71.26,M,0,26,Wed,18,Regional
home,147.34,F,0,45,Sun,21,Long_Distance
entertainment,8.66,F,0,34,Wed,21,Commute
shopping,7.15,M,0,66,Sat,5,Regional
grocery,27.22,M,0,38,Tue,10,Regional
grocery,3.53,F,0,46,Mon,12,Commute
shopping,196.44,M,0,39,Wed,15,Regional
misc,53.93,M,0,47,Wed,17,Long_Distance
shopping,3.42,F,0,35,Thu,19,Commute
grocery,176.59,F,0,36,Sat,6,Long_Distance
home,26.65,M,0,92,Tue,12,Long_Distance
grocery,230.54,F,0,49,Sat,11,Regional
shopping,16.17,F,0,26,Sun,16,Long_Distance
grocery,105.45,M,0,32,Wed,20,Long_Distance
health,19.74,F,0,54,Fri,20,Long_Distance
shopping,2.56,M,0,56,Sun,10,Regional
shopping,2.88,F,0,44,Sun,15,Commute
health,113.73,M,0,77,Sat,13,Remote
grocery,65.17,F,0,32,Sun,10,Commute
grocery,152.63,F,0,56,Sun,0,Long_Distance
grocery,87.81,F,0,56,Wed,11,Regional
travel,61.78,M,0,23,Fri,1,Commute
personal,23.73,F,0,40,Wed,16,Commute
travel,54.73,M,0,62,Thu,7,Commute
home,70.61,M,0,46,Mon,20,Commute
entertainment,74.16,M,0,30,Fri,22,Long_Distance
misc,22.63,F,0,26,Wed,0,Long_Distance
grocery,58.45,M,0,37,Sat,5,Long_Distance
shopping,2.32,F,0,36,Thu,21,Long_Distance
entertainment,20.83,M,0,63,Thu,16,Regional
shopping,97.88,M,0,21,Thu,19,Long_Distance
health,16.21,F,0,33,Sun,22,Local
home,39.05,M,0,29,Wed,17,Regional
grocery,136.83,M,0,26,Tue,8,Long_Distance
health,74.76,M,0,31,Thu,20,Long_Distance
shopping,621.69,F,0,25,Mon,16,Long_Distance
personal,16.59,F,0,85,Thu,23,Long_Distance
shopping,4.02,M,0,46,Thu,14,Regional
entertainment,20.44,F,0,19,Tue,14,Commute
travel,491.38,M,0,27,Wed,20,Commute
grocery,161.56,M,0,73,Sat,0,Regional
grocery,159.41,F,0,57,Sat,5,Long_Distance
personal,36.51,F,0,21,Sun,16,Commute
travel,30.89,F,0,51,Mon,3,Regional
travel,77.51,F,0,52,Thu,8,Regional
shopping,6.41,F,0,23,Tue,22,Long_Distance
home,153.69,M,0,29,Sat,22,Long_Distance
entertainment,131.41,F,0,24,Tue,18,Local
travel,4.79,M,0,41,Sun,21,Regional
shopping,87.33,M,0,37,Mon,8,Regional
misc,118.2,F,0,34,Thu,18,Commute
grocery,28.54,M,0,75,Sat,15,Long_Distance
entertainment,105.3,M,0,35,Tue,15,Commute
home,57.48,M,0,55,Mon,14,Long_Distance
travel,36.88,F,0,30,Tue,5,Commute
grocery,49.48,F,0,26,Tue,3,Regional
home,38.21,F,0,74,Sun,22,Commute
travel,76.25,F,0,69,Wed,5,Remote
entertainment,21.16,M,0,24,Mon,16,Commute
grocery,73.96,F,0,44,Sat,20,Regional
travel,56.51,M,0,49,Mon,9,Long_Distance
travel,4.77,F,0,74,Thu,14,Regional
shopping,2.67,F,0,43,Sat,20,Long_Distance
grocery,68.2,M,0,38,Fri,5,Commute
home,106.05,M,0,25,Mon,23,Long_Distance
grocery,63.69,M,0,43,Tue,6,Commute
misc,18.26,M,0,67,Sun,8,Long_Distance
home,48.99,M,0,52,Tue,21,Long_Distance
shopping,142.67,M,0,36,Mon,3,Long_Distance
misc,35.55,M,0,28,Sun,1,Commute
grocery,92.29,F,0,29,Mon,7,Long_Distance
grocery,8.46,F,0,65,Fri,18,Long_Distance
shopping,36.7,M,0,41,Sat,18,Commute
grocery,61.06,M,0,72,Sat,10,Long_Distance
travel,52.85,M,0,45,Wed,5,Long_Distance
shopping,9.27,F,0,48,Thu,23,Commute
home,47.24,F,0,38,Sun,21,Commute
health,27.97,M,0,40,Thu,14,Commute
travel,88.21,M,0,68,Mon,2,Long_Distance
misc,82.38,F,0,48,Mon,5,Long_Distance
entertainment,57.48,F,0,49,Mon,22,Long_Distance
home,1.12,F,0,33,Thu,23,Commute
travel,3.82,M,0,60,Wed,18,Commute
misc,95.68,M,0,63,Mon,3,Commute
home,11.22,F,0,84,Mon,21,Commute
grocery,115.47,M,0,37,Fri,2,Long_Distance
personal,55.3,F,0,22,Sun,14,Long_Distance
misc,2.75,M,0,22,Fri,18,Commute
home,4.43,M,0,51,Mon,12,Long_Distance
travel,1.19,F,0,55,Sat,18,Commute
shopping,2.63,M,0,47,Tue,16,Long_Distance
shopping,5.44,F,0,59,Fri,0,Local
grocery,8.39,F,0,32,Thu,22,Long_Distance
travel,103.97,M,0,38,Tue,2,Regional
home,28.51,F,0,43,Mon,23,Commute
entertainment,26.47,F,0,32,Tue,16,Remote
entertainment,18.94,M,0,32,Mon,15,Regional
personal,149.38,F,0,44,Mon,14,Long_Distance
grocery,110.01,M,0,40,Tue,6,Local
shopping,137.35,M,0,28,Wed,0,Long_Distance
home,98.07,M,0,15,Sun,23,Long_Distance
grocery,124.6,F,0,61,Mon,8,Commute
grocery,233.05,F,0,36,Mon,1,Regional
home,166.28,F,0,55,Fri,19,Local
travel,6.4,F,0,90,Wed,13,Long_Distance
misc,2.57,F,0,29,Sun,17,Regional
misc,8.75,F,0,39,Tue,0,Regional
travel,50.55,F,0,65,Sun,7,Long_Distance
shopping,1.6,F,0,80,Sun,4,Commute
misc,21.06,F,0,34,Mon,7,Commute
travel,61.75,M,0,57,Thu,6,Commute
shopping,8.58,F,0,45,Mon,18,Long_Distance
entertainment,71.75,M,0,68,Tue,4,Commute
home,86.08,M,0,49,Sun,16,Long_Distance
shopping,1195.54,F,0,33,Sun,22,Long_Distance
health,30.15,M,0,41,Sun,20,Commute
personal,3.4,F,0,36,Thu,12,Long_Distance
grocery,171.82,F,0,56,Thu,5,Commute
entertainment,9.36,M,0,74,Sun,12,Long_Distance
grocery,7.61,M,0,66,Tue,15,Long_Distance
shopping,4.29,F,0,77,Tue,6,Regional
home,39.57,M,0,51,Sun,18,Long_Distance
personal,29.45,M,0,55,Sat,15,Long_Distance
home,33.62,M,0,30,Sun,12,Regional
personal,29.72,M,0,37,Mon,20,Commute
grocery,33.4,F,0,42,Tue,3,Long_Distance
personal,179.07,F,0,70,Mon,19,Long_Distance
misc,410.38,F,0,34,Mon,6,Regional
home,18.27,M,0,34,Wed,22,Long_Distance
misc,38.45,F,0,31,Sun,3,Commute
entertainment,75.4,M,0,16,Thu,20,Regional
entertainment,247.61,F,0,47,Thu,14,Long_Distance
health,232.86,M,0,53,Fri,20,Commute
travel,7.36,F,0,23,Thu,21,Long_Distance
home,21.0,F,0,38,Tue,18,Commute
shopping,54.99,F,0,88,Fri,1,Regional
misc,22.35,M,0,31,Thu,15,Commute
personal,51.25,M,0,59,Sun,20,Long_Distance
entertainment,345.23,F,0,57,Wed,16,Regional
grocery,95.58,F,0,33,Sat,7,Long_Distance
misc,3.85,F,0,21,Thu,15,Long_Distance
shopping,3.26,F,0,33,Mon,14,Long_Distance
grocery,13.88,F,0,23,Sat,7,Remote
grocery,19.0,M,0,53,Sat,20,Regional
grocery,82.56,F,0,45,Sat,6,Commute
misc,43.84,M,0,67,Mon,8,Long_Distance
health,7.03,M,0,22,Tue,18,Regional
grocery,205.04,F,0,48,Sun,4,Regional
travel,36.52,F,0,22,Sun,10,Regional
health,77.23,M,0,31,Fri,13,Regional
grocery,128.28,F,0,66,Wed,9,Long_Distance
misc,169.97,F,0,42,Thu,14,Remote
misc,59.87,M,0,55,Thu,10,Commute
home,96.39,M,0,94,Wed,12,Commute
shopping,9.14,M,0,35,Thu,16,Commute
misc,12.25,F,0,33,Sun,14,Commute
home,133.73,M,0,26,Wed,19,Commute
travel,70.84,F,0,48,Fri,8,Long_Distance
travel,47.43,M,0,57,Wed,10,Long_Distance
health,50.91,F,0,85,Mon,17,Long_Distance
travel,80.45,F,0,80,Sun,1,Local
grocery,51.98,M,0,50,Sun,7,Regional
entertainment,92.61,F,0,73,Sun,23,Commute
shopping,141.48,F,0,41,Sat,15,Commute
health,111.65,M,0,26,Sat,17,Commute
shopping,27.14,F,0,43,Fri,21,Remote
grocery,51.64,M,0,47,Tue,0,Regional
grocery,45.82,F,0,21,Wed,18,Long_Distance
grocery,103.98,F,0,35,Sun,2,Regional
grocery,133.24,F,0,66,Mon,10,Regional
home,87.71,M,0,31,Sat,13,Long_Distance
entertainment,63.98,M,0,23,Sat,12,Long_Distance
shopping,149.18,F,0,23,Wed,18,Long_Distance
home,2.93,M,0,50,Mon,21,Long_Distance
grocery,107.97,M,0,54,Fri,9,Long_Distance
grocery,4.6,F,0,22,Sat,12,Long_Distance
shopping,2.0,F,0,51,Sun,4,Regional
personal,8.34,F,0,34,Sat,13,Long_Distance
grocery,104.65,M,0,44,Tue,8,Long_Distance
home,11.09,F,0,24,Fri,19,Commute
home,34.91,M,0,53,Tue,18,Commute
health,19.55,M,0,70,Fri,17,Regional
grocery,70.5,M,0,41,Tue,6,Regional
travel,9.99,M,0,65,Thu,21,Long_Distance
home,30.56,F,0,33,Fri,18,Remote
grocery,46.88,M,0,32,Mon,9,Regional
misc,86.42,F,0,43,Thu,4,Long_Distance
grocery,37.86,F,0,36,Sat,16,Remote
health,74.58,M,0,46,Sat,23,Commute
travel,81.45,M,0,45,Fri,1,Regional
travel,52.95,M,0,40,Sun,10,Long_Distance
personal,51.41,F,0,28,Sun,23,Long_Distance
shopping,2.32,M,0,60,Tue,8,Commute
grocery,17.14,F,0,34,Sun,8,Commute
travel,43.37,F,0,15,Wed,6,Commute
home,38.49,M,0,57,Wed,21,Long_Distance
misc,10.42,F,0,50,Wed,9,Long_Distance
misc,2.22,M,0,26,Sun,3,Regional
travel,9.52,M,0,78,Mon,18,Regional
personal,133.42,F,0,25,Fri,12,Remote
shopping,9.35,F,0,20,Fri,21,Long_Distance
personal,1.68,F,0,52,Thu,16,Local
travel,60.09,F,0,30,Thu,9,Long_Distance
misc,58.33,F,0,65,Thu,11,Commute
grocery,63.84,F,0,69,Wed,1,Regional
grocery,26.77,M,0,18,Mon,7,Regional
shopping,6.26,M,0,30,Fri,23,Long_Distance
entertainment,6.29,M,0,29,Mon,22,Commute
grocery,116.35,M,0,54,Mon,6,Commute
home,30.7,F,0,80,Sat,23,Long_Distance
home,12.15,F,0,34,Sat,21,Long_Distance
grocery,102.66,F,0,84,Sat,0,Long_Distance
grocery,11.01,F,0,46,Sat,20,Long_Distance
travel,69.91,M,0,44,Mon,6,Commute
travel,71.45,F,0,46,Sat,3,Remote
entertainment,34.58,F,0,79,Thu,11,Commute
travel,75.33,F,0,67,Mon,7,Long_Distance
home,4.44,F,0,45,Wed,16,Commute
health,66.47,M,0,57,Sun,12,Commute
shopping,128.05,M,0,39,Mon,20,Long_Distance
misc,170.93,F,0,59,Sat,3,Commute
shopping,128.45,M,0,28,Fri,8,Commute
home,133.91,M,0,78,Wed,19,Commute
home,72.43,M,0,31,Tue,16,Local
home,83.79,F,0,45,Sun,19,Remote
home,44.97,F,0,46,Sun,18,Long_Distance
grocery,87.99,F,0,27,Sun,12,Long_Distance
personal,26.86,F,0,31,Wed,17,Remote
home,47.33,F,0,52,Sat,14,Long_Distance
travel,8.22,M,0,78,Mon,20,Long_Distance
entertainment,39.6,M,0,37,Tue,18,Regional
home,26.28,M,0,25,Sun,14,Commute
personal,34.57,M,0,52,Sun,12,Commute
home,31.85,M,0,40,Sun,23,Regional
travel,32.79,F,0,51,Sun,5,Commute
grocery,90.31,F,0,35,Sat,5,Regional
travel,4.62,F,0,69,Sun,16,Long_Distance
home,229.42,F,0,55,Thu,17,Long_Distance
shopping,8.16,F,0,59,Tue,5,Long_Distance
shopping,8.21,F,0,36,Sun,22,Remote
grocery,68.46,F,0,63,Wed,6,Commute
grocery,117.64,F,0,71,Thu,0,Regional
travel,6.98,M,0,61,Sun,23,Long_Distance
home,96.44,F,0,42,Mon,23,Regional
home,49.1,F,0,47,Wed,13,Regional
travel,50.93,F,0,80,Wed,8,Long_Distance
travel,52.85,F,0,16,Tue,7,Commute
misc,4.15,F,0,86,Tue,9,Long_Distance
travel,521.0,M,0,47,Tue,19,Long_Distance
travel,80.44,M,0,26,Wed,11,Commute
personal,70.34,F,0,44,Tue,22,Commute
misc,5.39,F,0,42,Mon,22,Long_Distance
shopping,4.3,F,0,69,Mon,8,Commute
health,19.43,F,0,47,Tue,12,Remote
entertainment,34.16,M,0,51,Sun,10,Long_Distance
travel,70.98,F,0,65,Sat,4,Commute
grocery,55.06,M,0,48,Mon,1,Regional
travel,85.74,M,0,32,Mon,7,Commute
misc,9.6,F,0,30,Sun,10,Remote
grocery,13.92,M,0,54,Sun,17,Long_Distance
home,53.73,M,0,28,Mon,20,Long_Distance
travel,52.46,F,0,61,Wed,4,Long_Distance
shopping,6.4,M,0,36,Mon,15,Long_Distance
travel,63.22,M,0,74,Mon,6,Regional
home,2.43,F,0,47,Wed,16,Long_Distance
grocery,9.88,F,0,41,Tue,22,Regional
home,13.47,F,0,75,Mon,14,Commute
shopping,165.4,F,0,35,Mon,20,Commute
entertainment,74.0,M,0,40,Sun,18,Long_Distance
home,33.97,F,0,47,Mon,17,Regional
shopping,3.41,M,0,36,Tue,16,Long_Distance
shopping,1.19,M,0,47,Sun,21,Commute
grocery,5.67,F,0,44,Thu,16,Long_Distance
shopping,128.59,F,0,46,Tue,17,Long_Distance
health,74.75,M,0,46,Tue,16,Regional
health,15.5,F,0,20,Fri,13,Commute
travel,34.25,F,0,29,Wed,9,Long_Distance
travel,76.48,M,0,32,Sat,1,Commute
health,40.55,F,0,43,Sat,12,Regional
grocery,27.11,M,0,45,Sun,9,Long_Distance
personal,1.05,M,0,20,Mon,12,Long_Distance
misc,282.49,F,0,20,Fri,17,Regional
shopping,2.86,F,0,91,Wed,2,Regional
grocery,143.57,F,0,70,Sat,10,Long_Distance
home,70.81,F,0,62,Tue,15,Long_Distance
personal,160.64,M,0,37,Mon,15,Commute
personal,18.02,F,0,57,Tue,16,Long_Distance
misc,45.1,F,0,49,Tue,6,Commute
health,92.7,F,0,27,Wed,13,Remote
travel,43.99,F,0,68,Mon,4,Long_Distance
travel,81.45,F,0,43,Mon,0,Long_Distance
grocery,49.14,M,0,66,Mon,4,Regional
home,51.98,F,0,40,Fri,23,Long_Distance
grocery,51.81,F,0,84,Mon,17,Long_Distance
home,4.52,M,0,62,Sun,14,Commute
health,103.78,F,0,60,Mon,14,Long_Distance
health,38.08,F,0,27,Sat,23,Commute
grocery,75.52,F,0,23,Fri,20,Long_Distance
home,46.79,F,0,29,Sun,21,Commute
misc,23.78,M,0,83,Fri,11,Long_Distance
grocery,7.6,M,0,50,Fri,13,Long_Distance
shopping,22.68,F,0,27,Sat,22,Regional
travel,43.49,F,0,47,Sat,1,Long_Distance
travel,46.33,F,0,70,Sat,9,Long_Distance
home,53.55,M,0,29,Mon,13,Long_Distance
travel,9.7,M,0,42,Sat,22,Long_Distance
grocery,81.11,M,0,90,Sat,4,Long_Distance
travel,55.78,F,0,75,Thu,7,Local
home,49.61,M,0,27,Mon,12,Commute
misc,33.76,M,0,45,Fri,0,Long_Distance
grocery,168.48,F,0,46,Wed,4,Long_Distance
personal,101.71,F,0,25,Fri,23,Long_Distance
travel,31.38,F,0,51,Wed,0,Commute
shopping,77.05,F,0,67,Sat,8,Long_Distance
health,53.55,F,0,22,Wed,20,Regional
shopping,6.7,M,0,29,Sun,20,Long_Distance
shopping,72.98,M,0,25,Sat,22,Regional
misc,7.07,M,0,42,Wed,14,Commute
shopping,2.25,M,0,59,Mon,6,Long_Distance
misc,8.09,M,0,22,Mon,21,Long_Distance
misc,9.73,F,0,65,Wed,7,Commute
personal,172.23,F,0,61,Mon,23,Long_Distance
home,19.56,F,0,39,Fri,22,Regional
personal,47.27,F,0,34,Mon,22,Regional
home,47.13,M,0,34,Tue,13,Long_Distance
health,17.11,F,0,57,Fri,14,Regional
shopping,2.83,M,0,40,Tue,19,Commute
travel,53.85,F,0,94,Mon,0,Long_Distance
home,6.55,M,0,35,Sun,20,Regional
shopping,22.98,F,0,40,Sat,23,Regional
grocery,33.68,F,0,19,Wed,6,Long_Distance
home,76.9,M,0,32,Mon,14,Commute
home,20.42,F,0,58,Wed,22,Long_Distance
shopping,12.01,F,0,41,Tue,23,Long_Distance
entertainment,3.46,M,0,77,Sun,7,Long_Distance
grocery,60.12,M,0,46,Sun,16,Commute
entertainment,267.76,F,0,36,Mon,20,Regional
health,6.65,F,0,54,Wed,17,Long_Distance
home,161.5,F,0,52,Wed,18,Long_Distance
health,75.93,M,0,37,Fri,16,Long_Distance
misc,63.8,M,0,60,Sat,10,Remote
grocery,146.69,M,0,77,Wed,10,Commute
travel,48.92,M,0,24,Sat,6,Commute
shopping,35.57,F,0,30,Mon,14,Long_Distance
entertainment,91.23,F,0,22,Sun,22,Commute
grocery,221.92,F,0,48,Mon,1,Long_Distance
personal,94.63,F,0,31,Fri,19,Commute
health,11.75,F,0,65,Tue,21,Commute
misc,88.11,F,0,28,Sun,18,Commute
grocery,156.55,F,0,91,Mon,4,Long_Distance
misc,1.94,M,0,45,Wed,7,Long_Distance
misc,204.74,M,0,16,Mon,13,Long_Distance
entertainment,86.82,F,0,30,Wed,22,Long_Distance
grocery,100.21,M,0,31,Mon,11,Regional
personal,40.76,F,0,48,Thu,23,Regional
grocery,114.96,M,0,88,Tue,1,Regional
health,44.75,F,0,32,Thu,23,Long_Distance
travel,82.26,M,0,43,Tue,9,Commute
grocery,25.63,M,0,33,Sat,9,Regional
grocery,103.57,M,0,43,Sun,11,Long_Distance
misc,34.81,M,0,26,Wed,10,Long_Distance
home,115.91,F,0,25,Sat,16,Long_Distance
misc,157.71,F,0,42,Sun,7,Regional
shopping,6.31,F,0,44,Fri,22,Commute
shopping,4.1,F,0,72,Thu,7,Long_Distance
grocery,151.85,F,0,61,Thu,9,Commute
shopping,402.33,F,0,61,Mon,10,Regional
home,107.16,F,0,70,Sun,13,Regional
grocery,79.95,M,0,48,Sun,6,Long_Distance
shopping,81.71,F,0,38,Mon,19,Long_Distance
misc,5.97,M,0,92,Tue,11,Commute
travel,63.02,F,0,47,Fri,0,Long_Distance
shopping,1.42,M,0,76,Thu,1,Regional
entertainment,9.84,F,0,32,Sun,13,Long_Distance
grocery,172.37,F,0,72,Sun,1,Commute
misc,37.64,F,0,48,Sat,10,Long_Distance
grocery,89.94,F,0,48,Sun,1,Regional
misc,100.27,M,0,49,Thu,6,Regional
home,76.61,M,0,42,Mon,20,Local
shopping,15.99,M,0,49,Tue,6,Remote
home,81.4,F,0,49,Fri,12,Long_Distance
home,29.72,F,0,42,Mon,12,Regional
personal,25.5,M,0,73,Thu,16,Commute
home,139.2,F,0,33,Mon,20,Long_Distance
travel,37.2,F,0,74,Sat,0,Local
misc,16.68,M,0,42,Sat,14,Long_Distance
misc,9.36,M,0,49,Mon,1,Long_Distance
entertainment,60.01,F,0,29,Fri,12,Remote
home,15.26,F,0,48,Sat,19,Commute
home,94.82,F,0,35,Tue,21,Long_Distance
shopping,8.16,M,0,28,Fri,16,Long_Distance
grocery,87.5,M,0,63,Wed,12,Long_Distance
travel,50.15,F,0,22,Sun,7,Long_Distance
misc,8.34,F,0,24,Mon,13,Long_Distance
travel,70.16,M,0,38,Mon,11,Regional
personal,79.16,F,0,64,Mon,17,Long_Distance
home,74.62,F,0,44,Fri,14,Long_Distance
grocery,7.43,M,0,55,Sun,13,Commute
travel,56.81,M,0,77,Sat,2,Long_Distance
grocery,1.61,M,0,20,Tue,13,Long_Distance
grocery,100.05,M,0,36,Sat,2,Local
travel,34.54,F,0,59,Sun,6,Long_Distance
grocery,47.26,M,0,41,Tue,11,Regional
misc,8.88,M,0,56,Sun,0,Regional
travel,49.86,F,0,70,Sun,2,Commute
entertainment,30.24,F,0,25,Thu,16,Remote
travel,55.0,F,0,65,Tue,6,Remote
shopping,94.57,M,0,51,Fri,5,Long_Distance
travel,34.68,F,0,31,Sun,8,Regional
entertainment,159.65,F,0,32,Wed,17,Regional
grocery,45.8,F,0,46,Sun,13,Long_Distance
misc,632.97,F,0,90,Thu,9,Commute
grocery,106.03,F,0,77,Thu,0,Commute
health,38.22,F,0,53,Fri,15,Long_Distance
home,37.5,F,0,31,Fri,13,Long_Distance
grocery,7.25,M,0,21,Wed,21,Long_Distance
shopping,272.18,F,0,46,Wed,15,Long_Distance
personal,71.34,M,0,27,Mon,23,Commute
entertainment,1.31,F,0,84,Wed,12,Commute
home,46.44,M,0,40,Tue,21,Long_Distance
grocery,81.79,M,0,72,Tue,6,Long_Distance
grocery,132.55,F,0,54,Wed,3,Remote
travel,53.41,M,0,35,Sat,9,Regional
travel,57.72,F,0,40,Sun,7,Commute
home,268.02,M,0,35,Sun,22,Commute
home,14.48,F,0,58,Sun,12,Regional
grocery,108.65,M,0,86,Tue,6,Commute
home,138.55,F,0,36,Wed,20,Long_Distance
home,2.43,M,0,47,Fri,16,Long_Distance
travel,78.15,M,0,58,Sun,1,Regional
health,12.76,F,0,66,Sun,23,Local
home,9.59,M,0,32,Tue,16,Long_Distance
grocery,148.71,F,0,65,Sat,5,Commute
home,25.93,F,0,46,Wed,16,Commute
travel,2.92,M,0,73,Fri,18,Long_Distance
grocery,257.03,F,0,45,Wed,1,Commute
home,26.75,F,0,65,Sun,15,Long_Distance
grocery,86.15,M,0,44,Fri,23,Long_Distance
grocery,168.09,F,0,65,Tue,9,Long_Distance
grocery,96.2,F,0,33,Sun,6,Regional
home,48.05,M,0,43,Mon,22,Commute
misc,3.5,F,0,83,Sun,4,Long_Distance
shopping,6.98,F,0,94,Mon,0,Long_Distance
travel,63.55,M,0,38,Sun,7,Regional
grocery,41.43,M,0,26,Sat,5,Regional
misc,4.25,M,0,23,Sun,22,Long_Distance
shopping,9.17,M,0,64,Mon,0,Commute
grocery,100.9,F,0,59,Mon,4,Long_Distance
travel,82.78,F,0,52,Mon,7,Long_Distance
travel,70.95,M,0,40,Mon,11,Regional
travel,54.1,F,0,46,Fri,0,Regional
health,32.9,M,0,27,Sat,13,Long_Distance
health,54.19,F,0,77,Thu,12,Remote
home,108.46,F,0,59,Mon,16,Regional
grocery,59.89,F,0,28,Fri,13,Long_Distance
home,56.38,F,0,65,Mon,19,Remote
misc,73.67,M,0,24,Sun,14,Long_Distance
grocery,154.88,M,0,75,Sun,10,Long_Distance
misc,1.34,M,0,55,Mon,5,Regional
shopping,7.86,M,0,64,Thu,8,Commute
home,44.31,F,0,45,Wed,22,Long_Distance
entertainment,81.4,M,0,31,Sat,14,Local
travel,521.56,M,0,33,Thu,23,Commute
health,66.35,M,0,39,Sun,15,Commute
home,65.04,F,0,48,Fri,12,Commute
personal,25.03,M,0,27,Mon,17,Regional
misc,3.65,M,0,61,Fri,3,Commute
entertainment,56.19,F,0,85,Sun,11,Regional
travel,83.53,M,0,71,Mon,3,Commute
misc,196.92,F,0,22,Mon,17,Long_Distance
personal,75.26,F,0,34,Tue,15,Long_Distance
home,52.39,F,0,80,Mon,18,Commute
grocery,75.97,M,0,55,Wed,7,Local
home,70.57,F,0,45,Mon,15,Regional
travel,53.56,F,0,48,Fri,9,Local
health,30.88,M,0,55,Mon,22,Commute
travel,79.32,F,0,20,Sun,2,Regional
misc,2.55,M,0,61,Sun,10,Long_Distance
entertainment,85.32,M,0,41,Mon,16,Long_Distance
home,21.08,M,0,44,Fri,23,Commute
shopping,27.85,M,0,58,Sun,8,Regional
grocery,21.22,M,0,22,Mon,2,Long_Distance
shopping,5.22,F,0,29,Sat,15,Long_Distance
personal,68.38,M,0,28,Thu,13,Commute
travel,64.34,M,0,62,Mon,8,Long_Distance
misc,3.74,F,0,25,Tue,20,Long_Distance
home,80.16,M,0,29,Sun,23,Commute
grocery,64.8,M,0,46,Fri,20,Commute
personal,5.19,M,0,37,Sun,23,Long_Distance
personal,69.89,M,0,46,Mon,21,Commute
grocery,174.0,M,0,81,Thu,0,Remote
home,4.49,M,0,79,Wed,12,Commute
home,61.88,F,0,34,Tue,16,Long_Distance
entertainment,3.87,M,0,41,Sat,19,Regional
home,80.54,M,0,46,Mon,21,Regional
shopping,2.53,F,0,48,Thu,14,Regional
travel,75.46,M,0,39,Fri,9,Remote
personal,2.55,F,0,65,Tue,23,Regional
grocery,107.97,F,0,33,Mon,8,Long_Distance
personal,41.73,F,0,33,Wed,17,Regional
home,45.14,M,0,50,Sun,19,Long_Distance
travel,76.79,F,0,59,Thu,9,Regional
shopping,153.4,M,0,45,Thu,19,Commute
travel,5.1,F,0,64,Tue,20,Commute
shopping,3.41,F,0,29,Sun,14,Regional
entertainment,41.64,F,0,66,Fri,14,Commute
shopping,144.71,M,0,30,Tue,8,Regional
shopping,6.98,M,0,37,Fri,21,Long_Distance
grocery,89.64,F,0,53,Sun,9,Long_Distance
shopping,25.99,M,0,59,Fri,8,Local
personal,27.03,M,0,22,Sun,17,Regional
home,28.28,F,0,43,Wed,23,Regional
misc,5.29,M,0,57,Fri,0,Commute
home,83.64,F,0,36,Fri,19,Long_Distance
grocery,17.19,F,0,20,Mon,1,Long_Distance
misc,4.26,F,0,58,Fri,5,Long_Distance
misc,7.75,F,0,44,Thu,11,Long_Distance
travel,32.42,F,0,65,Sun,9,Regional
grocery,43.18,M,0,33,Wed,21,Long_Distance
health,8.54,M,0,23,Sun,15,Long_Distance
home,49.83,M,0,48,Tue,20,Long_Distance
travel,8.88,M,0,23,Sun,20,Local
health,57.39,F,0,51,Thu,14,Commute
grocery,135.65,F,0,32,Sun,7,Long_Distance
grocery,110.22,M,0,29,Sun,3,Long_Distance
grocery,140.36,F,0,52,Tue,1,Long_Distance
personal,12.43,M,0,64,Mon,20,Local
grocery,17.6,M,0,62,Tue,0,Long_Distance
travel,82.91,F,0,36,Sun,3,Long_Distance
grocery,38.6,M,0,44,Sat,15,Long_Distance
entertainment,5.8,M,0,55,Thu,8,Commute
personal,1.59,F,0,58,Fri,22,Commute
personal,4.55,M,0,93,Thu,13,Regional
home,19.15,F,0,61,Fri,23,Long_Distance
home,34.73,F,0,43,Sun,22,Long_Distance
home,77.4,F,0,50,Mon,19,Commute
home,275.5,F,0,80,Sun,22,Commute
grocery,179.32,F,0,48,Wed,3,Long_Distance
personal,14.73,M,0,78,Sun,13,Commute
travel,77.79,F,0,77,Sun,2,Regional
travel,42.58,M,0,16,Mon,3,Long_Distance
misc,1.55,M,0,65,Fri,5,Commute
entertainment,57.18,F,0,23,Tue,20,Long_Distance
personal,12.79,M,0,67,Tue,21,Long_Distance
misc,54.71,F,0,50,Thu,9,Commute
home,4.44,F,0,47,Thu,17,Regional
travel,93.75,M,0,44,Sun,8,Commute
misc,163.97,M,0,24,Mon,13,Commute
misc,160.27,F,0,37,Mon,2,Regional
grocery,67.59,F,0,50,Tue,1,Commute
home,22.16,M,0,48,Mon,19,Regional
personal,12.14,M,0,37,Mon,20,Long_Distance
travel,76.75,M,0,42,Mon,3,Commute
misc,6.44,F,0,85,Sun,4,Long_Distance
travel,456.0,M,0,43,Fri,15,Long_Distance
shopping,80.81,F,0,48,Mon,23,Commute
health,1.12,M,0,64,Sat,15,Long_Distance
shopping,10.95,M,0,47,Thu,16,Long_Distance
home,8.31,F,0,36,Mon,22,Remote
grocery,94.4,F,0,58,Mon,0,Regional
entertainment,44.07,F,0,32,Mon,15,Regional
travel,89.66,F,0,40,Sat,8,Long_Distance
grocery,68.62,M,0,49,Mon,11,Long_Distance
misc,28.7,M,0,29,Fri,2,Commute
grocery,1.43,M,0,16,Fri,13,Regional
health,118.76,F,0,46,Sun,14,Long_Distance
entertainment,77.85,M,0,54,Sun,23,Long_Distance
health,205.97,M,0,37,Fri,18,Commute
shopping,7.82,M,0,16,Tue,17,Long_Distance
grocery,45.92,M,0,46,Fri,3,Regional
health,51.85,F,0,69,Sat,22,Long_Distance
home,64.67,M,0,47,Sat,14,Long_Distance
entertainment,104.34,F,0,59,Thu,3,Long_Distance
home,24.48,F,0,19,Wed,22,Regional
grocery,170.71,M,0,46,Sun,18,Long_Distance
grocery,46.92,M,0,50,Thu,6,Commute
shopping,7.56,F,0,43,Mon,19,Commute
grocery,68.56,F,0,33,Thu,10,Regional
personal,205.76,F,0,40,Mon,23,Long_Distance
travel,3.98,M,0,49,Sun,13,Long_Distance
travel,1.46,M,0,47,Sat,22,Regional
home,82.53,M,0,36,Mon,23,Regional
home,58.42,M,0,86,Sun,22,Regional
entertainment,90.17,M,0,39,Wed,20,Regional
shopping,101.93,M,0,46,Sat,10,Long_Distance
shopping,14.08,F,0,27,Sun,19,Regional
travel,48.66,M,0,64,Fri,9,Long_Distance
health,6.92,F,0,60,Mon,22,Regional
health,77.48,M,0,46,Tue,12,Long_Distance
grocery,69.92,M,0,72,Tue,2,Regional
grocery,123.3,M,0,90,Wed,9,Remote
shopping,74.69,F,0,48,Tue,21,Long_Distance
misc,1.33,F,0,83,Sat,0,Commute
shopping,6.77,F,0,78,Mon,8,Remote
health,12.58,F,0,35,Mon,19,Regional
misc,2.58,F,0,31,Mon,17,Commute
grocery,55.27,M,0,31,Thu,23,Long_Distance
personal,7.85,M,0,41,Mon,22,Regional
grocery,31.08,F,0,31,Mon,9,Long_Distance
home,40.53,M,0,36,Sun,16,Long_Distance
entertainment,164.34,F,0,44,Thu,15,Long_Distance
health,31.24,M,0,57,Fri,15,Long_Distance
travel,46.93,F,0,49,Mon,10,Long_Distance
grocery,231.63,F,0,27,Tue,9,Regional
home,13.29,M,0,55,Thu,15,Commute
misc,33.81,M,0,41,Tue,0,Regional
health,72.65,M,0,45,Wed,17,Local
misc,7.12,F,0,35,Mon,20,Regional
grocery,53.2,M,0,16,Mon,14,Regional
travel,36.03,M,0,92,Mon,5,Commute
home,47.15,M,0,52,Sun,20,Long_Distance
shopping,382.4,M,0,69,Sun,0,Regional
personal,34.39,F,0,68,Sat,22,Long_Distance
home,34.75,M,0,41,Thu,16,Long_Distance
grocery,32.5,F,0,47,Fri,19,Long_Distance
grocery,23.41,M,0,74,Mon,18,Long_Distance
home,31.44,F,0,44,Wed,19,Long_Distance
grocery,14.47,F,0,29,Wed,16,Remote
shopping,8.4,F,0,41,Tue,22,Local
shopping,223.39,F,0,27,Fri,12,Long_Distance
grocery,124.77,M,0,58,Sun,2,Remote
grocery,9.95,M,0,16,Thu,15,Long_Distance
misc,8.1,M,0,57,Thu,1,Remote
shopping,8.35,M,0,55,Sun,3,Long_Distance
shopping,7.7,F,0,64,Sat,0,Long_Distance
entertainment,9.57,F,0,56,Sat,11,Commute
grocery,81.35,M,0,56,Thu,8,Long_Distance
misc,8.57,M,0,58,Thu,3,Long_Distance
home,169.41,F,0,29,Sat,12,Commute
shopping,6.26,F,0,37,Sun,13,Long_Distance
shopping,7.23,F,0,41,Wed,13,Long_Distance
grocery,14.19,M,0,34,Thu,17,Local
home,15.8,F,0,50,Mon,12,Regional
misc,27.12,F,0,48,Sun,12,Long_Distance
health,135.01,F,0,49,Mon,15,Long_Distance
grocery,79.92,F,0,30,Wed,3,Regional
shopping,191.85,M,0,23,Tue,22,Long_Distance
travel,596.67,M,0,30,Sat,23,Local
home,10.18,F,0,48,Fri,21,Commute
shopping,2.72,F,0,29,Tue,17,Commute
shopping,96.54,F,0,56,Sun,2,Regional
travel,56.62,M,0,74,Wed,0,Regional
home,14.39,M,0,72,Sat,20,Long_Distance
grocery,120.11,M,0,30,Sat,10,Commute
entertainment,69.35,M,0,29,Sun,20,Long_Distance
travel,2.55,M,0,57,Thu,22,Regional
home,346.69,M,0,59,Mon,23,Regional
personal,10.26,M,0,50,Sat,17,Regional
shopping,5.4,F,0,38,Sat,16,Commute
home,20.84,F,0,69,Thu,19,Commute
grocery,83.24,F,0,32,Thu,9,Commute
home,45.5,M,0,32,Mon,13,Regional
home,148.36,M,0,60,Mon,12,Long_Distance
personal,6.79,F,0,27,Wed,19,Commute
home,6.45,M,0,33,Sun,14,Regional
travel,499.93,M,0,40,Thu,13,Regional
travel,8.8,M,0,47,Fri,17,Regional
shopping,16.79,F,0,34,Sat,19,Long_Distance
misc,226.76,M,0,15,Sun,15,Long_Distance
entertainment,39.17,F,0,34,Sun,20,Regional
shopping,4.63,M,0,40,Fri,14,Long_Distance
misc,5.53,M,0,42,Sat,23,Regional
grocery,8.0,M,0,21,Sun,19,Regional
grocery,18.22,F,0,67,Mon,15,Regional
grocery,87.4,F,0,59,Sun,9,Commute
home,134.61,M,0,59,Sun,12,Long_Distance
travel,53.77,M,0,53,Fri,8,Commute
travel,70.14,M,0,32,Wed,6,Long_Distance
entertainment,123.87,F,0,35,Sun,13,Long_Distance
health,5.31,M,0,56,Tue,19,Regional
shopping,9.08,F,0,64,Fri,5,Commute
shopping,9.33,M,0,53,Wed,7,Regional
grocery,147.61,M,0,64,Tue,9,Long_Distance
travel,51.91,F,0,56,Sun,10,Commute
home,46.22,F,0,39,Wed,14,Regional
misc,1.47,M,0,21,Thu,20,Long_Distance
misc,42.08,F,0,50,Thu,2,Remote
misc,7.7,M,0,81,Sun,10,Commute
grocery,76.16,M,0,38,Tue,1,Long_Distance
travel,1839.59,F,0,46,Thu,22,Commute
misc,226.8,F,0,58,Thu,1,Regional
entertainment,5.32,M,0,46,Sun,14,Commute
misc,13.95,F,0,50,Mon,4,Regional
shopping,145.79,M,0,37,Tue,2,Regional
entertainment,50.85,F,0,56,Sat,13,Long_Distance
travel,65.87,F,0,67,Sat,10,Long_Distance
travel,8.38,M,0,46,Sun,18,Long_Distance
home,62.65,M,0,73,Sun,13,Commute
grocery,12.05,F,0,41,Sun,14,Commute
misc,13.95,F,0,49,Sat,11,Regional
travel,1.47,M,0,73,Mon,12,Regional
entertainment,8.42,M,0,57,Sat,20,Local
misc,108.08,M,0,29,Wed,9,Commute
misc,8.14,F,0,31,Wed,19,Long_Distance
health,31.08,F,0,24,Sun,15,Long_Distance
travel,1.11,M,0,34,Sat,23,Remote
grocery,10.94,M,0,39,Mon,21,Commute
travel,77.39,M,0,34,Sun,10,Commute
grocery,90.69,F,0,41,Wed,5,Long_Distance
personal,28.03,F,0,92,Fri,22,Commute
home,115.92,F,0,62,Thu,21,Long_Distance
health,24.35,M,0,47,Sun,17,Long_Distance
travel,68.12,M,0,20,Fri,11,Remote
personal,49.86,M,0,57,Tue,20,Long_Distance
grocery,156.63,F,0,84,Tue,4,Long_Distance
grocery,87.77,F,0,62,Thu,10,Long_Distance
travel,67.75,F,0,35,Mon,8,Long_Distance
grocery,186.38,F,0,40,Thu,6,Local
travel,9.11,M,0,54,Sun,20,Remote
shopping,5.03,F,0,90,Mon,9,Long_Distance
home,5.78,F,0,36,Sat,12,Local
personal,63.31,F,0,20,Mon,12,Commute
grocery,222.69,F,0,34,Sat,3,Regional
home,49.68,F,0,26,Thu,15,Local
shopping,1.01,F,0,30,Thu,13,Local
grocery,229.13,F,0,48,Fri,6,Long_Distance
shopping,2.2,F,0,74,Mon,0,Regional
home,35.78,F,0,67,Wed,14,Commute
grocery,24.64,F,0,43,Wed,14,Long_Distance
grocery,95.52,M,0,41,Sun,22,Local
home,31.71,F,0,46,Mon,19,Regional
home,3.87,F,0,48,Sat,19,Regional
personal,13.85,F,0,54,Mon,20,Long_Distance
grocery,118.99,F,0,88,Tue,4,Long_Distance
personal,71.8,M,0,54,Fri,22,Regional
shopping,7.98,F,0,44,Sat,13,Long_Distance
grocery,62.72,F,0,25,Mon,1,Regional
shopping,2.63,F,0,36,Tue,23,Long_Distance
grocery,132.15,M,0,72,Tue,6,Long_Distance
shopping,98.14,F,0,86,Sun,8,Long_Distance
shopping,1.04,M,0,43,Wed,21,Local
home,37.61,M,0,61,Sat,16,Commute
home,11.71,F,0,15,Sun,16,Commute
home,46.8,M,0,23,Wed,12,Commute
travel,4.78,F,0,90,Tue,18,Long_Distance
misc,107.49,M,0,41,Mon,1,Long_Distance
health,15.08,M,0,21,Wed,14,Commute
grocery,25.18,M,0,45,Thu,6,Long_Distance
shopping,2.54,M,0,47,Sat,19,Long_Distance
grocery,116.68,F,0,68,Sun,3,Long_Distance
grocery,91.88,F,0,41,Mon,3,Regional
home,7.74,M,0,76,Sat,19,Long_Distance
personal,2.94,M,0,94,Sun,20,Commute
home,44.04,M,0,62,Tue,13,Long_Distance
home,48.31,F,0,51,Sat,13,Commute
misc,23.04,M,0,55,Mon,5,Commute
travel,58.74,F,0,32,Tue,4,Long_Distance
shopping,3.62,F,0,25,Tue,17,Long_Distance
grocery,180.94,F,0,35,Wed,5,Long_Distance
grocery,54.23,M,0,43,Sun,21,Commute
entertainment,45.4,M,0,38,Mon,17,Remote
grocery,14.63,F,0,20,Sat,5,Long_Distance
home,38.88,M,0,45,Sun,14,Long_Distance
entertainment,57.25,F,0,39,Thu,16,Regional
personal,29.82,M,0,40,Sun,23,Long_Distance
travel,57.18,M,0,46,Sun,3,Long_Distance
misc,50.08,M,0,58,Thu,5,Regional
grocery,136.94,M,0,60,Thu,7,Regional
travel,63.14,F,0,36,Sun,7,Commute
home,21.07,M,0,82,Sat,18,Commute
misc,4.32,F,0,74,Thu,1,Long_Distance
grocery,39.02,F,0,43,Sun,8,Commute
grocery,61.56,M,0,62,Mon,3,Long_Distance
health,132.64,M,0,34,Mon,18,Long_Distance
home,118.48,F,0,87,Tue,21,Long_Distance
grocery,109.91,F,0,50,Sun,9,Commute
grocery,181.49,F,0,33,Mon,9,Long_Distance
grocery,44.3,F,0,62,Wed,8,Long_Distance
travel,62.25,M,0,62,Sun,10,Long_Distance
misc,44.39,M,0,49,Tue,3,Long_Distance
personal,63.62,F,0,35,Fri,22,Commute
travel,60.87,M,0,55,Mon,4,Regional
grocery,76.2,F,0,33,Tue,2,Long_Distance
shopping,9.67,M,0,57,Sun,9,Long_Distance
shopping,6.35,F,0,41,Fri,20,Long_Distance
home,59.16,M,0,68,Sat,15,Regional
travel,59.5,F,0,58,Mon,9,Long_Distance
shopping,6.59,M,0,25,Fri,13,Long_Distance
grocery,48.44,M,0,31,Sun,8,Local
shopping,6.24,F,0,68,Sat,10,Regional
personal,10.76,M,0,48,Sat,21,Commute
health,74.28,M,0,46,Sun,12,Commute
grocery,124.55,M,0,58,Wed,3,Long_Distance
home,52.8,F,0,36,Wed,12,Long_Distance
home,1.67,F,0,21,Sun,16,Regional
misc,5.55,M,0,53,Sun,1,Commute
home,5.54,M,0,55,Thu,15,Commute
health,72.32,F,0,27,Sun,19,Long_Distance
personal,35.6,F,0,33,Thu,17,Long_Distance
home,130.4,F,0,46,Sat,20,Commute
personal,28.11,F,0,41,Sat,15,Long_Distance
home,45.85,M,0,18,Sun,17,Long_Distance
home,36.69,F,0,73,Wed,16,Long_Distance
personal,59.46,F,0,27,Tue,22,Long_Distance
shopping,7.76,M,0,35,Wed,17,Long_Distance
shopping,3.56,M,0,25,Sun,21,Regional
travel,69.42,M,0,57,Sat,5,Regional
grocery,16.68,M,0,32,Wed,15,Regional
shopping,2.38,F,0,69,Tue,9,Regional
entertainment,29.53,F,0,63,Mon,18,Commute
health,44.92,F,0,46,Sat,22,Commute
personal,70.67,M,0,87,Wed,21,Long_Distance
travel,82.12,F,0,55,Thu,1,Commute
home,74.23,F,0,29,Mon,12,Long_Distance
shopping,1426.3,F,0,49,Fri,19,Commute
travel,9.26,F,0,42,Mon,13,Commute
grocery,56.95,M,0,27,Mon,0,Long_Distance
home,31.12,F,0,28,Mon,21,Regional
personal,44.24,M,0,56,Sat,21,Long_Distance
home,10.37,M,0,60,Mon,16,Regional
shopping,5.57,M,0,54,Mon,3,Commute
grocery,114.44,F,0,54,Thu,10,Long_Distance
home,49.17,F,0,32,Sun,16,Regional
entertainment,81.3,M,0,34,Fri,12,Regional
misc,130.56,M,0,76,Tue,4,Long_Distance
home,150.14,F,0,54,Thu,18,Commute
grocery,124.54,M,0,53,Sun,0,Regional
health,20.36,F,0,65,Sun,19,Long_Distance
home,47.14,F,0,80,Sun,14,Commute
misc,20.12,F,0,29,Sun,2,Long_Distance
entertainment,83.75,M,0,41,Mon,20,Long_Distance
entertainment,80.65,F,0,31,Mon,15,Commute
travel,41.61,F,0,54,Mon,0,Long_Distance
entertainment,19.51,M,0,44,Wed,12,Long_Distance
shopping,104.35,M,0,31,Thu,4,Commute
home,72.36,M,0,93,Sat,15,Long_Distance
personal,2.96,M,0,48,Thu,22,Regional
personal,5.0,M,0,38,Fri,18,Commute
grocery,46.0,F,0,31,Thu,3,Long_Distance
grocery,90.79,F,0,36,Sat,20,Long_Distance
grocery,9.76,M,0,28,Thu,14,Long_Distance
grocery,85.65,F,0,59,Sun,19,Long_Distance
shopping,55.41,M,0,51,Mon,6,Commute
personal,22.3,M,0,54,Sun,13,Long_Distance
grocery,20.97,F,0,39,Sat,8,Remote
shopping,454.06,M,0,28,Wed,21,Long_Distance
grocery,24.77,M,0,28,Thu,5,Commute
travel,49.49,F,0,25,Sat,6,Long_Distance
home,21.63,M,0,28,Wed,17,Commute
health,26.02,F,0,32,Fri,21,Commute
shopping,4.47,F,0,58,Fri,2,Commute
shopping,139.92,M,0,33,Wed,1,Commute
entertainment,26.62,M,0,56,Sun,5,Long_Distance
entertainment,16.11,M,0,47,Mon,19,Commute
travel,46.32,F,0,47,Tue,0,Long_Distance
home,16.68,F,0,52,Thu,13,Regional
shopping,8.2,F,0,60,Sat,9,Regional
home,6.71,F,0,65,Mon,17,Regional
shopping,4.79,M,0,59,Tue,9,Commute
health,112.92,M,0,65,Fri,19,Regional
grocery,113.46,F,0,23,Sun,9,Long_Distance
shopping,6.57,F,0,26,Sat,23,Commute
health,36.43,M,0,71,Mon,21,Commute
misc,28.38,M,0,22,Wed,14,Remote
shopping,847.91,F,0,35,Fri,20,Remote
health,3.08,M,0,49,Wed,20,Regional
entertainment,245.53,F,0,36,Sun,19,Regional
home,17.58,M,0,67,Mon,14,Remote
home,44.51,M,0,24,Fri,15,Long_Distance
personal,3.15,F,0,58,Fri,17,Commute
grocery,195.99,F,0,47,Tue,10,Commute
misc,29.95,F,0,53,Mon,0,Long_Distance
travel,45.49,M,0,23,Thu,4,Regional
travel,69.24,M,0,44,Sat,2,Regional
misc,37.48,M,0,41,Sat,6,Commute
home,82.27,M,0,52,Tue,17,Commute
shopping,4.47,F,0,37,Tue,16,Long_Distance
shopping,322.61,F,0,59,Thu,1,Long_Distance
grocery,2.89,M,0,38,Fri,18,Remote
grocery,43.3,M,0,88,Mon,19,Long_Distance
entertainment,28.43,M,0,48,Sat,18,Commute
personal,1.92,M,0,59,Tue,14,Regional
health,87.88,F,0,37,Sun,17,Regional
grocery,96.73,F,0,92,Fri,5,Long_Distance
misc,409.33,M,0,78,Sun,7,Long_Distance
home,103.49,F,0,44,Sun,23,Regional
grocery,118.83,F,0,44,Sat,8,Commute
personal,11.05,M,0,66,Tue,22,Regional
shopping,8.85,F,0,21,Tue,20,Long_Distance
shopping,6.03,M,0,33,Sat,14,Regional
grocery,12.11,M,0,49,Sat,16,Remote
grocery,52.85,F,0,31,Mon,13,Commute
grocery,56.34,F,0,45,Sun,17,Regional
travel,45.49,F,0,39,Thu,0,Long_Distance
travel,92.38,M,0,21,Thu,10,Regional
travel,47.11,F,0,48,Wed,9,Long_Distance
grocery,98.83,M,0,72,Sat,23,Long_Distance
grocery,106.39,F,0,35,Tue,5,Remote
grocery,29.92,M,0,45,Fri,9,Remote
shopping,2.25,F,0,47,Sat,12,Long_Distance
grocery,115.61,F,0,33,Sun,1,Commute
grocery,128.79,M,0,65,Fri,11,Long_Distance
misc,111.06,F,0,35,Mon,1,Long_Distance
travel,3.03,F,0,48,Mon,22,Remote
grocery,35.85,F,0,53,Fri,1,Long_Distance
entertainment,17.91,M,0,22,Tue,18,Commute
grocery,37.3,M,0,35,Thu,6,Long_Distance
grocery,127.8,F,0,54,Fri,6,Long_Distance
shopping,6.94,F,0,28,Wed,12,Commute
health,37.76,M,0,28,Mon,23,Regional
grocery,49.14,F,0,48,Fri,8,Long_Distance
travel,60.15,F,0,33,Wed,10,Commute
misc,2.08,M,0,32,Mon,18,Commute
misc,10.58,F,0,33,Fri,8,Commute
grocery,102.43,M,0,31,Sat,9,Commute
home,18.84,F,0,53,Tue,23,Regional
personal,74.21,M,0,44,Sat,21,Long_Distance
home,51.25,F,0,50,Thu,18,Long_Distance
shopping,91.45,M,0,45,Sun,1,Long_Distance
misc,52.2,F,0,40,Sun,10,Regional
personal,4.23,F,0,24,Sat,17,Regional
personal,25.53,M,0,58,Mon,14,Local
shopping,6.73,M,0,59,Fri,4,Local
home,70.96,F,0,35,Fri,17,Long_Distance
grocery,141.22,F,0,57,Fri,16,Long_Distance
travel,42.37,F,0,46,Mon,6,Regional
shopping,6.72,M,0,46,Fri,19,Long_Distance
grocery,63.53,F,0,20,Sun,11,Long_Distance
home,75.79,M,0,43,Sun,14,Long_Distance
home,110.34,M,0,64,Sun,12,Long_Distance
shopping,3.95,F,0,50,Wed,23,Commute
travel,5.55,F,0,29,Mon,13,Long_Distance
health,37.04,M,0,78,Tue,15,Commute
health,13.84,F,0,80,Sat,14,Commute
health,28.27,F,0,60,Fri,20,Regional
misc,3.91,M,0,23,Mon,22,Commute
travel,69.71,M,0,27,Fri,4,Long_Distance
grocery,51.64,M,0,85,Sun,14,Long_Distance
misc,6.17,F,0,46,Mon,18,Regional
personal,58.39,F,0,28,Mon,14,Long_Distance
shopping,102.7,M,0,45,Wed,0,Long_Distance
travel,74.47,M,0,26,Mon,8,Commute
grocery,11.3,M,0,22,Sun,21,Commute
travel,43.28,F,0,32,Sun,5,Local
misc,5.41,M,0,21,Thu,18,Commute
grocery,66.39,M,0,41,Thu,5,Commute
misc,3.04,F,0,78,Fri,11,Commute
grocery,79.45,M,0,60,Tue,3,Regional
home,27.28,F,0,50,Wed,15,Regional
misc,172.13,M,0,24,Sat,19,Long_Distance
travel,82.06,F,0,26,Tue,10,Long_Distance
travel,501.68,M,0,38,Sat,21,Remote
grocery,59.18,M,0,33,Mon,8,Long_Distance
travel,101.49,M,0,38,Mon,9,Remote
misc,7.87,M,0,32,Thu,11,Regional
home,40.45,F,0,34,Fri,20,Commute
misc,1.52,F,0,31,Mon,2,Regional
home,94.73,M,0,47,Wed,17,Commute
misc,1.55,M,0,50,Sun,20,Commute
home,31.98,M,0,53,Sat,18,Regional
health,13.01,F,0,60,Tue,13,Long_Distance
shopping,152.04,M,0,20,Thu,19,Commute
travel,525.56,M,0,32,Tue,17,Regional
travel,61.82,M,0,39,Mon,7,Regional
personal,19.61,F,0,33,Sun,12,Regional
shopping,29.62,F,0,38,Sun,21,Regional
home,57.26,F,0,53,Tue,15,Long_Distance
shopping,135.98,M,0,33,Thu,13,Commute
travel,70.54,M,0,74,Mon,11,Long_Distance
home,97.42,M,0,82,Mon,12,Long_Distance
home,47.71,M,0,40,Fri,20,Regional
health,17.85,M,0,47,Tue,13,Long_Distance
personal,21.26,F,0,43,Wed,23,Commute
home,9.05,F,0,29,Thu,20,Remote
travel,135.3,F,0,53,Sat,5,Long_Distance
home,26.74,F,0,28,Mon,19,Commute
travel,79.45,M,0,72,Mon,7,Commute
travel,34.51,F,0,23,Tue,9,Long_Distance
travel,40.96,M,0,85,Mon,8,Long_Distance
home,37.89,F,0,51,Mon,18,Long_Distance
personal,56.67,F,0,44,Sun,17,Long_Distance
entertainment,76.35,M,0,36,Tue,14,Commute
grocery,159.83,F,0,66,Thu,5,Long_Distance
travel,3.98,M,0,51,Thu,13,Regional
home,3.88,M,0,33,Fri,22,Commute
grocery,65.9,F,0,70,Sat,3,Remote
home,73.27,M,0,29,Fri,20,Commute
grocery,60.65,F,0,61,Fri,2,Commute
travel,49.68,F,0,29,Wed,0,Long_Distance
grocery,109.68,F,0,68,Sun,2,Regional
misc,360.64,M,0,20,Sat,19,Regional
grocery,145.17,F,0,66,Sat,9,Local
personal,48.09,M,0,29,Sat,17,Commute
misc,4.51,F,0,54,Sun,1,Commute
shopping,4.8,F,0,33,Sat,15,Regional
personal,82.0,F,0,63,Tue,17,Commute
grocery,55.68,F,0,48,Mon,18,Regional
personal,18.45,M,0,54,Sun,12,Long_Distance
grocery,104.45,M,0,31,Wed,5,Commute
shopping,151.7,M,0,39,Tue,9,Long_Distance
grocery,60.24,F,0,23,Fri,13,Regional
misc,10.13,M,0,64,Sat,11,Long_Distance
travel,71.25,M,0,51,Wed,2,Commute
home,203.79,F,0,53,Sat,13,Commute
shopping,180.46,M,0,52,Tue,3,Commute
misc,4.1,F,0,48,Sat,12,Regional
home,158.92,M,0,61,Tue,19,Regional
travel,96.85,F,0,93,Tue,10,Commute
home,36.0,M,0,50,Sun,19,Regional
shopping,9.7,M,0,21,Tue,12,Regional
personal,32.94,F,0,20,Mon,12,Remote
personal,75.35,M,0,38,Tue,18,Long_Distance
travel,81.35,M,0,33,Sat,5,Commute
misc,71.22,F,0,41,Sat,7,Long_Distance
misc,32.6,F,0,48,Fri,2,Long_Distance
health,65.93,F,0,32,Wed,23,Commute
grocery,179.78,F,0,44,Thu,0,Regional
entertainment,76.06,M,0,30,Thu,13,Commute
entertainment,21.86,F,0,61,Mon,5,Long_Distance
home,9.04,M,0,46,Mon,23,Long_Distance
grocery,17.27,M,0,46,Sun,14,Regional
entertainment,85.89,M,0,37,Thu,23,Remote
misc,5.18,M,0,82,Mon,7,Long_Distance
health,57.35,F,0,42,Fri,16,Commute
misc,5.87,F,0,35,Sat,2,Regional
grocery,39.03,M,0,32,Mon,7,Regional
personal,61.08,F,0,47,Sun,23,Long_Distance
shopping,8.99,M,0,53,Fri,9,Commute
shopping,5.09,F,0,66,Wed,5,Long_Distance
home,31.15,M,0,59,Mon,15,Commute
misc,5.83,F,0,40,Wed,19,Long_Distance
misc,359.48,M,0,32,Thu,22,Long_Distance
grocery,1.29,M,0,39,Tue,19,Regional
shopping,9.57,M,0,48,Tue,13,Commute
health,63.99,F,0,70,Wed,20,Commute
grocery,213.61,F,0,41,Sun,4,Regional
home,27.78,M,0,53,Tue,18,Long_Distance
misc,46.13,M,0,32,Thu,11,Long_Distance
entertainment,76.78,M,0,48,Sun,13,Regional
shopping,437.49,F,0,37,Tue,21,Regional
misc,258.81,M,0,40,Sat,7,Regional
grocery,85.49,F,0,33,Tue,11,Regional
grocery,38.59,F,0,36,Fri,7,Long_Distance
shopping,9.31,M,0,34,Sat,17,Commute
grocery,3.55,F,0,34,Thu,14,Commute
misc,7.24,M,0,50,Mon,10,Long_Distance
travel,4.39,F,0,49,Sat,15,Commute
misc,8.66,M,0,47,Sat,7,Long_Distance
misc,156.89,F,0,90,Tue,8,Long_Distance
grocery,28.38,M,0,22,Mon,18,Long_Distance
health,6.26,F,0,85,Sun,12,Long_Distance
health,81.43,F,0,64,Thu,20,Long_Distance
home,34.6,M,0,45,Wed,23,Regional
shopping,3.01,F,0,90,Wed,1,Commute
entertainment,92.37,F,0,19,Sun,20,Commute
entertainment,166.93,F,0,43,Mon,13,Long_Distance
shopping,2.61,M,0,60,Fri,6,Commute
misc,1.02,F,0,26,Thu,0,Remote
travel,92.39,F,0,84,Tue,11,Long_Distance
home,114.09,M,0,32,Sat,23,Commute
personal,44.45,F,0,48,Mon,15,Long_Distance
health,73.93,M,0,39,Fri,20,Regional
home,49.07,F,0,29,Sun,21,Long_Distance
travel,60.08,M,0,93,Thu,2,Long_Distance
shopping,138.48,M,0,46,Thu,3,Long_Distance
shopping,2.73,M,0,35,Mon,13,Remote
home,27.03,F,0,47,Sun,15,Commute
personal,1.15,M,0,55,Sat,20,Long_Distance
home,36.09,F,0,31,Fri,17,Commute
health,72.44,M,0,46,Sun,13,Commute
shopping,101.96,M,0,37,Wed,3,Commute
grocery,16.47,M,0,52,Sat,17,Regional
grocery,105.81,M,0,45,Tue,5,Commute
health,24.89,F,0,53,Wed,15,Commute
home,124.72,F,0,39,Sat,12,Commute
misc,67.63,M,0,46,Wed,19,Regional
travel,1.66,F,0,62,Wed,18,Long_Distance
misc,13.65,M,0,34,Mon,1,Regional
shopping,4.78,F,0,50,Sun,11,Long_Distance
shopping,7.72,M,0,22,Mon,19,Commute
home,5.12,F,0,45,Mon,23,Commute
entertainment,112.52,F,0,23,Sun,14,Long_Distance
grocery,24.28,F,0,39,Tue,10,Commute
shopping,231.19,F,0,52,Thu,11,Long_Distance
home,78.76,F,0,60,Sat,23,Long_Distance
home,27.18,F,0,32,Sun,16,Local
grocery,3.21,F,0,19,Fri,19,Remote
grocery,98.17,F,0,40,Wed,7,Long_Distance
grocery,35.04,M,0,39,Tue,2,Long_Distance
home,99.38,F,0,84,Tue,16,Local
home,26.08,F,0,37,Thu,17,Commute
entertainment,131.93,F,0,44,Thu,23,Commute
grocery,22.08,F,0,26,Sat,6,Regional
home,27.67,F,0,39,Sun,19,Long_Distance
health,76.18,M,0,36,Fri,19,Long_Distance
travel,4.71,F,0,28,Wed,12,Regional
shopping,9.08,F,0,47,Mon,18,Regional
home,107.71,M,0,52,Fri,19,Commute
shopping,1.09,M,0,54,Tue,1,Long_Distance
home,26.64,M,0,65,Fri,13,Long_Distance
misc,10.11,F,0,32,Sun,21,Commute
home,8.6,F,0,51,Wed,22,Regional
home,15.16,F,0,56,Tue,15,Long_Distance
entertainment,175.76,F,0,85,Thu,17,Commute
travel,3.96,M,0,26,Thu,15,Commute
shopping,5.61,M,0,35,Sun,19,Regional
personal,6.18,F,0,29,Fri,22,Long_Distance
grocery,62.53,M,0,45,Wed,16,Commute
personal,77.02,M,0,38,Sun,13,Long_Distance
shopping,4.55,F,0,48,Mon,21,Long_Distance
grocery,64.26,F,0,66,Wed,15,Commute
shopping,5.9,M,0,61,Sun,11,Regional
grocery,6.51,M,0,17,Sat,10,Long_Distance
travel,58.85,F,0,52,Sat,1,Long_Distance
travel,59.34,F,0,23,Mon,7,Regional
home,94.35,M,0,46,Mon,16,Regional
shopping,191.93,F,0,45,Wed,17,Commute
personal,64.48,F,0,48,Wed,18,Long_Distance
shopping,8.05,F,0,44,Sun,19,Long_Distance
shopping,36.1,F,0,48,Mon,20,Regional
misc,36.02,M,0,45,Fri,0,Long_Distance
grocery,17.18,F,0,94,Sun,6,Commute
travel,47.81,F,0,57,Thu,3,Commute
entertainment,16.35,M,0,54,Thu,9,Long_Distance
travel,73.52,F,0,38,Sun,6,Local
home,15.76,F,0,48,Sun,14,Regional
personal,33.45,M,0,92,Fri,20,Commute
grocery,65.31,F,0,29,Thu,12,Long_Distance
health,77.83,M,0,40,Fri,15,Regional
shopping,9.95,F,0,31,Sat,20,Remote
personal,29.78,F,0,59,Fri,23,Commute
health,39.06,F,0,21,Sun,21,Long_Distance
misc,7.85,F,0,62,Sun,9,Commute
home,4.47,F,0,36,Sun,16,Long_Distance
home,3.71,F,0,72,Sat,20,Long_Distance
misc,164.58,F,0,37,Sat,6,Long_Distance
home,85.76,F,0,55,Tue,23,Long_Distance
shopping,2174.57,F,0,21,Thu,15,Remote
home,71.69,M,0,36,Sun,21,Commute
entertainment,22.6,F,0,40,Fri,17,Regional
travel,68.2,M,0,65,Mon,8,Regional
shopping,72.95,F,0,48,Wed,21,Long_Distance
shopping,9.12,M,0,42,Sat,19,Long_Distance
grocery,77.88,M,0,40,Wed,4,Local
home,9.78,M,0,61,Sun,22,Regional
misc,42.88,M,0,31,Mon,8,Long_Distance
travel,9.48,M,0,23,Wed,20,Commute
misc,2.33,M,0,21,Sat,20,Commute
grocery,9.31,F,0,22,Fri,0,Commute
grocery,117.6,M,0,49,Mon,20,Commute
grocery,1.55,F,0,41,Thu,17,Commute
entertainment,13.64,F,0,65,Thu,18,Regional
home,181.7,M,0,44,Mon,13,Long_Distance
personal,18.37,M,0,64,Fri,17,Long_Distance
grocery,135.31,F,0,69,Wed,4,Long_Distance
shopping,138.03,M,0,43,Wed,19,Long_Distance
travel,29.91,F,0,69,Mon,3,Long_Distance
home,48.13,M,0,34,Sat,23,Commute
entertainment,34.69,F,0,86,Mon,10,Long_Distance
home,69.02,F,0,23,Sun,19,Remote
shopping,6.93,F,0,27,Tue,23,Remote
home,105.83,F,0,93,Sun,18,Remote
grocery,48.61,F,0,35,Sat,11,Commute
home,208.22,F,0,67,Thu,14,Long_Distance
home,20.48,M,0,75,Tue,19,Commute
shopping,3.55,M,0,59,Sat,2,Regional
home,41.61,F,0,45,Sun,20,Regional
personal,68.77,F,0,24,Thu,16,Commute
misc,142.0,M,0,28,Tue,21,Long_Distance
shopping,6.26,F,0,28,Fri,23,Regional
home,26.14,F,0,67,Thu,17,Long_Distance
grocery,61.14,F,0,54,Sun,6,Commute
misc,78.12,M,0,50,Tue,17,Commute
shopping,123.08,F,0,23,Mon,12,Remote
home,31.07,M,0,47,Mon,16,Regional
health,19.16,M,0,62,Fri,18,Long_Distance
travel,71.02,F,0,35,Sun,0,Long_Distance
misc,37.78,M,0,36,Sun,2,Long_Distance
home,43.8,M,0,40,Mon,16,Long_Distance
misc,1.51,M,0,23,Thu,19,Local
grocery,201.27,F,0,33,Mon,11,Long_Distance
misc,22.28,F,0,89,Sun,9,Regional
entertainment,2.91,F,0,79,Sat,4,Remote
home,10.38,M,0,58,Tue,22,Commute
health,35.4,M,0,18,Mon,19,Long_Distance
health,19.14,F,0,48,Thu,19,Commute
misc,1.66,F,0,39,Tue,6,Regional
grocery,58.04,M,0,38,Mon,11,Long_Distance
home,7.1,F,0,33,Sat,23,Commute
misc,7.56,F,0,32,Sun,17,Commute
misc,72.34,F,0,36,Thu,5,Commute
misc,140.45,M,0,24,Sat,19,Remote
personal,416.65,M,0,56,Fri,16,Remote
shopping,2.34,F,0,85,Wed,7,Long_Distance
shopping,6.62,F,0,33,Wed,12,Long_Distance
home,50.08,M,0,33,Wed,20,Remote
entertainment,41.24,F,0,76,Wed,21,Long_Distance
travel,64.89,F,0,33,Tue,5,Regional
travel,56.33,F,0,33,Sun,8,Commute
grocery,37.41,M,0,35,Sun,4,Commute
travel,43.13,F,0,23,Sat,1,Remote
personal,62.72,F,0,59,Sun,18,Commute
grocery,165.1,F,0,44,Thu,8,Commute
misc,5.57,F,0,60,Fri,6,Regional
travel,63.19,F,0,22,Sun,0,Commute
misc,7.97,F,0,42,Sat,19,Long_Distance
travel,60.99,M,0,48,Fri,10,Long_Distance
personal,12.48,F,0,57,Wed,19,Commute
home,37.41,M,0,71,Tue,22,Long_Distance
misc,4.58,F,0,94,Sat,1,Long_Distance
health,29.16,F,0,84,Sun,14,Regional
shopping,5.81,F,0,31,Wed,22,Long_Distance
grocery,46.11,M,0,35,Wed,1,Long_Distance
travel,30.48,M,0,61,Fri,7,Long_Distance
grocery,20.53,F,0,43,Sun,16,Long_Distance
home,4.68,M,0,14,Sat,22,Regional
home,21.88,M,0,29,Sun,17,Commute
home,59.93,F,0,48,Sun,17,Long_Distance
travel,57.12,F,0,53,Fri,4,Commute
personal,16.69,M,0,67,Mon,19,Regional
shopping,2.91,F,0,21,Mon,23,Long_Distance
shopping,6.28,F,0,47,Sat,20,Commute
grocery,20.28,F,0,20,Mon,11,Long_Distance
shopping,4.85,M,0,32,Fri,14,Commute
travel,78.86,F,0,90,Thu,6,Commute
home,67.91,M,0,33,Tue,14,Long_Distance
shopping,1.79,F,0,46,Sat,17,Remote
misc,75.73,F,0,30,Sun,8,Remote
health,58.02,F,0,91,Mon,23,Local
travel,47.08,F,0,33,Thu,4,Regional
shopping,9.5,F,0,69,Wed,5,Regional
personal,9.94,M,0,15,Wed,19,Commute
health,33.94,M,0,35,Tue,14,Commute
travel,455.21,M,0,37,Sat,16,Regional
grocery,138.71,M,0,80,Sun,7,Long_Distance
health,356.92,M,0,54,Sun,18,Regional
grocery,35.21,M,0,34,Mon,8,Regional
grocery,11.77,M,0,28,Sat,15,Commute
grocery,1.5,F,0,37,Thu,16,Long_Distance
health,138.9,F,0,80,Sun,23,Long_Distance
travel,49.86,F,0,36,Sat,7,Regional
travel,7.03,F,0,21,Mon,22,Long_Distance
home,54.12,M,0,38,Tue,13,Remote
personal,16.85,F,0,38,Sat,15,Long_Distance
grocery,49.57,F,0,36,Sun,2,Long_Distance
travel,62.42,F,0,28,Mon,0,Regional
grocery,57.02,M,0,45,Mon,20,Regional
travel,70.15,M,0,33,Sun,0,Regional
grocery,187.86,F,0,34,Fri,0,Regional
home,69.5,M,0,37,Tue,18,Regional
misc,29.01,M,0,63,Thu,9,Commute
misc,75.76,M,0,67,Tue,11,Long_Distance
grocery,91.56,F,0,32,Tue,3,Long_Distance
grocery,40.99,F,0,42,Mon,15,Commute
shopping,4.71,M,0,54,Mon,2,Long_Distance
travel,71.83,M,0,74,Mon,1,Commute
travel,83.31,M,0,39,Sat,0,Commute
home,9.19,F,0,59,Tue,18,Remote
home,126.68,M,0,52,Mon,13,Regional
entertainment,111.25,M,0,63,Mon,16,Commute
grocery,48.22,F,0,36,Mon,22,Long_Distance
shopping,2.06,F,0,28,Tue,18,Commute
grocery,59.19,M,0,54,Mon,4,Regional
personal,11.06,M,0,74,Mon,13,Commute
health,90.29,F,0,46,Mon,13,Regional
grocery,53.48,M,0,65,Mon,4,Commute
shopping,130.48,F,0,16,Sun,18,Long_Distance
travel,60.92,F,0,79,Mon,9,Regional
travel,8.05,F,0,65,Wed,17,Long_Distance
home,144.63,F,0,81,Tue,12,Regional
travel,63.37,F,0,63,Sun,11,Regional
shopping,9.11,F,0,41,Mon,18,Regional
shopping,105.68,M,0,48,Tue,6,Regional
grocery,64.79,F,0,43,Fri,9,Commute
grocery,139.11,F,0,92,Sat,3,Regional
personal,71.43,M,0,44,Tue,12,Long_Distance
travel,71.91,F,0,50,Sun,1,Regional
shopping,285.1,M,0,87,Sat,1,Regional
grocery,3.12,F,0,70,Thu,6,Regional
grocery,207.16,F,0,32,Sat,8,Commute
travel,38.24,F,0,53,Mon,6,Long_Distance
grocery,124.93,F,0,61,Fri,7,Long_Distance
shopping,109.86,F,0,66,Fri,7,Regional
home,34.2,F,0,48,Mon,15,Long_Distance
grocery,75.95,F,0,29,Tue,9,Commute
travel,38.72,M,0,22,Thu,3,Regional
misc,159.92,F,0,45,Thu,6,Commute
entertainment,29.73,F,0,24,Sun,23,Regional
entertainment,62.63,M,0,42,Sun,19,Commute
home,17.32,F,0,63,Mon,12,Remote
shopping,6.3,M,0,93,Mon,9,Long_Distance
shopping,80.04,F,0,15,Mon,12,Commute
personal,6.79,F,0,48,Sun,22,Long_Distance
grocery,74.71,F,0,27,Sun,22,Long_Distance
travel,8.9,F,0,48,Tue,20,Long_Distance
home,34.78,M,0,50,Thu,20,Remote
travel,39.92,F,0,57,Tue,2,Commute
misc,1.26,M,0,45,Wed,15,Regional
personal,18.19,M,0,62,Tue,22,Long_Distance
misc,1.88,M,0,26,Mon,4,Long_Distance
grocery,95.05,M,0,67,Mon,8,Commute
home,93.49,F,0,67,Fri,17,Long_Distance
shopping,9.74,M,0,70,Tue,5,Long_Distance
travel,63.62,M,0,22,Fri,8,Regional
travel,64.92,F,0,63,Fri,11,Remote
home,70.87,M,0,33,Tue,13,Commute
personal,142.0,M,0,21,Mon,15,Commute
misc,6.63,F,0,81,Sun,0,Long_Distance
home,68.34,F,0,91,Sat,17,Regional
home,13.77,M,0,30,Tue,21,Long_Distance
travel,57.42,F,0,44,Fri,5,Commute
entertainment,10.24,M,0,55,Mon,21,Regional
misc,8.03,F,0,47,Tue,15,Commute
shopping,4.62,F,0,70,Mon,2,Commute
grocery,175.67,M,0,50,Sun,10,Regional
grocery,85.03,M,0,89,Sat,18,Commute
home,19.7,M,0,59,Tue,17,Commute
grocery,187.28,F,0,45,Mon,0,Long_Distance
home,76.59,M,0,36,Thu,12,Long_Distance
grocery,56.66,M,0,40,Mon,22,Long_Distance
home,6.17,M,0,59,Mon,12,Commute
grocery,9.5,M,0,33,Sun,13,Long_Distance
personal,51.96,F,0,60,Tue,23,Long_Distance
home,27.65,F,0,42,Fri,13,Commute
grocery,118.26,F,0,67,Fri,7,Long_Distance
home,92.83,M,0,45,Tue,19,Long_Distance
travel,112.58,M,0,60,Sat,8,Long_Distance
misc,7.58,M,0,47,Tue,13,Long_Distance
home,110.93,F,0,19,Fri,22,Long_Distance
travel,71.82,F,0,33,Thu,9,Commute
home,3.86,M,0,50,Mon,12,Regional
travel,58.49,F,0,32,Sun,4,Long_Distance
personal,72.79,M,0,29,Thu,12,Long_Distance
shopping,199.15,F,0,68,Thu,7,Long_Distance
shopping,8.54,F,0,89,Mon,6,Commute
entertainment,75.81,M,0,43,Thu,20,Commute
entertainment,58.2,M,0,80,Sat,8,Commute
misc,1.1,F,0,89,Wed,7,Regional
shopping,8.71,M,0,44,Mon,23,Long_Distance
misc,7.91,F,0,65,Sat,11,Regional
travel,510.31,M,0,42,Fri,21,Long_Distance
misc,254.22,F,0,23,Mon,14,Commute
entertainment,71.92,M,0,31,Tue,21,Commute
travel,1.32,M,0,79,Sat,22,Long_Distance
grocery,5.97,F,0,22,Sun,16,Long_Distance
personal,9.99,F,0,40,Sat,12,Regional
home,93.63,F,0,48,Thu,16,Commute
travel,50.41,F,0,34,Sat,7,Long_Distance
travel,79.95,F,0,46,Sun,6,Commute
home,65.78,F,0,42,Thu,17,Long_Distance
grocery,248.53,F,0,49,Tue,9,Regional
travel,60.65,F,0,84,Sat,4,Long_Distance
shopping,6.4,F,0,40,Sat,22,Long_Distance
home,23.68,F,0,35,Wed,15,Commute
home,1.8,F,0,40,Sun,21,Commute
home,196.64,F,0,35,Sun,23,Long_Distance
travel,56.14,M,0,65,Sun,1,Long_Distance
shopping,9.24,M,0,54,Thu,9,Long_Distance
travel,43.17,F,0,48,Sat,9,Long_Distance
travel,66.04,M,0,44,Tue,10,Long_Distance
travel,1.05,F,0,54,Tue,19,Long_Distance
grocery,108.59,F,0,69,Thu,10,Regional
misc,1.84,F,0,58,Sat,8,Regional
home,63.32,M,0,84,Sun,22,Commute
grocery,35.1,M,0,33,Wed,14,Regional
travel,524.38,M,0,42,Wed,12,Regional
misc,63.23,F,0,47,Mon,10,Commute
home,74.94,F,0,36,Sat,19,Local
travel,9.76,F,0,36,Sun,20,Commute
shopping,62.29,F,0,47,Thu,17,Long_Distance
travel,77.43,F,0,67,Mon,6,Long_Distance
home,7.72,M,0,44,Wed,14,Long_Distance
entertainment,39.67,F,0,20,Sun,16,Long_Distance
misc,102.33,F,0,39,Sun,11,Commute
shopping,42.09,F,0,32,Sat,12,Long_Distance
travel,8.85,F,0,74,Wed,12,Long_Distance
travel,45.54,F,0,20,Fri,2,Regional
entertainment,61.12,F,0,16,Fri,18,Long_Distance
health,15.9,F,0,25,Sun,23,Long_Distance
misc,144.16,F,0,58,Tue,9,Commute
health,25.07,M,0,80,Tue,20,Commute
shopping,9.2,M,0,34,Sun,20,Long_Distance
grocery,71.86,F,0,39,Mon,11,Regional
grocery,103.63,F,0,81,Fri,2,Commute
misc,2.96,M,0,50,Sat,5,Long_Distance
health,3.79,M,0,35,Fri,20,Regional
shopping,2.71,M,0,24,Sat,21,Long_Distance
entertainment,136.69,F,0,43,Sun,21,Long_Distance
travel,86.03,M,0,25,Sun,7,Long_Distance
home,6.06,M,0,29,Mon,23,Long_Distance
health,18.23,F,0,51,Mon,12,Long_Distance
shopping,146.18,F,0,28,Sun,19,Long_Distance
shopping,5.34,F,0,30,Fri,20,Regional
grocery,69.77,M,0,47,Sat,10,Long_Distance
grocery,62.24,M,0,36,Mon,20,Commute
grocery,74.9,M,0,36,Thu,8,Long_Distance
health,74.04,M,0,32,Mon,21,Commute
entertainment,22.93,F,0,65,Mon,22,Commute
home,20.38,M,0,73,Tue,17,Commute
grocery,76.1,F,0,56,Sun,6,Commute
shopping,9.67,M,0,38,Sun,12,Regional
grocery,127.52,F,0,44,Fri,0,Commute
travel,59.27,F,0,39,Mon,3,Commute
home,65.57,M,0,47,Fri,23,Long_Distance
grocery,194.3,F,0,48,Mon,7,Commute
grocery,7.53,F,0,66,Sat,16,Long_Distance
home,16.25,M,0,58,Sat,15,Local
health,55.86,M,0,35,Thu,17,Long_Distance
travel,61.5,F,0,44,Mon,6,Commute
misc,32.21,M,0,39,Sat,10,Long_Distance
misc,37.47,F,0,27,Thu,7,Long_Distance
entertainment,22.21,F,0,26,Tue,17,Long_Distance
misc,85.61,M,0,19,Wed,20,Regional
shopping,11.85,F,0,51,Mon,10,Long_Distance
personal,56.47,F,0,50,Mon,14,Regional
health,10.95,M,0,49,Thu,17,Long_Distance
grocery,97.16,M,0,53,Fri,0,Long_Distance
travel,89.66,M,0,70,Mon,6,Long_Distance
home,145.74,F,0,33,Wed,14,Local
home,86.56,M,0,35,Tue,18,Regional
grocery,103.78,M,0,40,Mon,9,Remote
grocery,100.96,F,0,40,Fri,11,Regional
travel,65.26,M,0,42,Sat,5,Regional
home,63.14,F,0,34,Mon,15,Long_Distance
health,54.25,F,0,39,Sat,16,Commute
misc,86.33,M,0,39,Fri,6,Regional
travel,73.54,M,0,54,Thu,3,Commute
misc,3.12,M,0,64,Sun,1,Long_Distance
misc,3.72,M,0,32,Mon,9,Remote
travel,434.22,M,0,54,Sun,23,Regional
home,131.11,M,0,67,Sun,14,Local
home,4.88,F,0,34,Sat,20,Long_Distance
travel,72.8,F,0,25,Sat,2,Regional
shopping,6.11,M,0,61,Thu,7,Commute
misc,65.42,F,0,41,Wed,2,Long_Distance
grocery,38.91,M,0,28,Sun,11,Regional
health,53.53,M,0,76,Tue,20,Long_Distance
shopping,6.57,F,0,34,Sat,19,Long_Distance
home,83.73,M,0,26,Thu,20,Regional
shopping,49.87,F,0,42,Sat,19,Regional
home,75.72,M,0,88,Tue,13,Regional
shopping,4.57,F,0,27,Mon,13,Long_Distance
misc,5.22,F,0,70,Mon,11,Long_Distance
home,22.0,M,0,47,Thu,12,Commute
entertainment,15.91,F,0,31,Mon,14,Commute
personal,110.98,F,0,33,Sat,13,Long_Distance
misc,135.96,M,0,20,Sun,16,Regional
grocery,32.9,M,0,46,Tue,1,Long_Distance
misc,25.65,F,0,35,Thu,10,Long_Distance
grocery,51.86,M,0,41,Tue,22,Commute
travel,80.09,F,0,45,Wed,7,Commute
shopping,111.66,M,0,26,Tue,8,Long_Distance
grocery,143.44,M,0,57,Tue,11,Commute
misc,9.39,M,0,52,Thu,4,Long_Distance
travel,62.82,F,0,29,Sun,7,Long_Distance
shopping,8.23,F,0,31,Tue,18,Regional
shopping,27.23,M,0,76,Sat,6,Long_Distance
shopping,190.18,F,0,54,Mon,8,Long_Distance
shopping,8.29,F,0,48,Tue,21,Long_Distance
home,39.27,F,0,34,Tue,16,Long_Distance
travel,371.69,M,0,35,Sat,21,Long_Distance
personal,90.88,M,0,60,Mon,21,Regional
misc,51.14,M,0,46,Tue,17,Long_Distance
shopping,141.68,M,0,24,Thu,18,Long_Distance
travel,7.84,F,0,60,Thu,18,Long_Distance
travel,40.03,F,0,49,Mon,5,Long_Distance
grocery,62.67,M,0,33,Tue,17,Long_Distance
grocery,54.04,M,0,22,Sun,3,Commute
entertainment,2.85,F,0,88,Sat,19,Commute
misc,30.41,F,0,57,Sun,0,Long_Distance
misc,7.97,F,0,41,Thu,23,Long_Distance
travel,83.7,M,0,35,Mon,9,Commute
grocery,117.86,F,0,54,Sun,0,Long_Distance
travel,8.59,F,0,40,Wed,22,Local
shopping,105.83,F,0,34,Fri,14,Remote
misc,168.23,F,0,42,Tue,0,Regional
grocery,1.54,M,0,21,Sun,23,Long_Distance
grocery,49.67,F,0,37,Mon,5,Long_Distance
travel,63.62,M,0,57,Sat,0,Long_Distance
grocery,60.54,M,0,39,Mon,14,Long_Distance
home,178.3,M,0,89,Fri,16,Commute
misc,164.93,M,0,24,Sun,12,Commute
health,82.46,F,0,33,Wed,16,Long_Distance
grocery,138.78,M,0,61,Fri,6,Commute
personal,23.78,M,0,73,Sat,14,Long_Distance
entertainment,53.89,M,0,54,Tue,6,Long_Distance
misc,5.5,F,0,48,Mon,21,Long_Distance
misc,53.91,M,0,23,Mon,18,Long_Distance
shopping,28.79,F,0,65,Sat,11,Long_Distance
shopping,478.02,F,0,34,Wed,15,Remote
entertainment,3.17,M,0,50,Sat,18,Long_Distance
travel,43.43,F,0,34,Mon,2,Long_Distance
shopping,5.53,F,0,38,Mon,15,Long_Distance
misc,25.82,F,0,59,Sun,1,Commute
home,88.2,F,0,65,Sat,21,Commute
grocery,5.5,M,0,45,Sun,14,Regional
shopping,5.35,M,0,50,Thu,7,Long_Distance
misc,6.46,M,0,35,Wed,18,Long_Distance
entertainment,139.16,F,0,49,Sat,14,Remote
travel,42.79,M,0,58,Tue,5,Commute
personal,4.89,F,0,53,Mon,15,Regional
home,15.84,F,0,65,Thu,22,Long_Distance
shopping,8.84,F,0,36,Tue,22,Commute
shopping,59.26,F,0,78,Mon,1,Regional
grocery,199.07,F,0,62,Sun,0,Long_Distance
travel,50.46,F,0,15,Sun,3,Commute
grocery,4.76,M,0,42,Fri,16,Local
home,65.68,M,0,26,Wed,18,Commute
shopping,5.01,M,0,82,Sat,2,Long_Distance
home,3.66,F,0,28,Sun,13,Commute
misc,114.86,F,0,28,Mon,3,Commute
shopping,9.89,F,0,35,Fri,21,Long_Distance
travel,1289.99,M,0,36,Sat,14,Regional
misc,4.5,F,0,94,Mon,2,Long_Distance
home,103.64,F,0,32,Mon,12,Commute
health,60.09,M,0,41,Thu,14,Commute
misc,6.21,F,0,57,Sun,7,Regional
misc,3.25,F,0,77,Sat,0,Long_Distance
home,34.0,F,0,23,Sat,13,Long_Distance
health,32.97,M,0,40,Mon,13,Commute
travel,9.12,M,0,52,Wed,13,Regional
shopping,26.91,F,0,40,Mon,12,Long_Distance
personal,39.84,F,0,62,Sat,20,Commute
grocery,71.61,M,0,70,Wed,7,Long_Distance
shopping,1.51,M,0,47,Mon,19,Commute
travel,66.99,F,0,47,Thu,2,Regional
misc,8.09,M,0,46,Mon,19,Commute
entertainment,77.04,M,0,40,Fri,17,Regional
home,91.3,M,0,65,Fri,23,Regional
entertainment,122.31,F,0,48,Sun,18,Long_Distance
travel,2.58,M,0,24,Sat,16,Long_Distance
grocery,15.14,M,0,26,Sun,13,Long_Distance
health,32.94,M,0,68,Thu,16,Long_Distance
home,5.15,F,0,66,Thu,16,Regional
personal,89.28,F,0,47,Sun,13,Long_Distance
home,75.66,M,0,87,Wed,13,Long_Distance
travel,49.46,F,0,93,Thu,4,Commute
travel,1.1,M,0,64,Thu,19,Regional
home,45.56,F,0,43,Thu,22,Long_Distance
home,19.77,M,0,71,Mon,13,Commute
misc,7.89,M,0,57,Sat,7,Commute
health,118.91,M,0,36,Tue,18,Long_Distance
shopping,130.55,F,0,29,Tue,13,Local
personal,9.71,M,0,26,Mon,13,Commute
home,37.22,M,0,54,Thu,20,Commute
travel,67.07,F,0,36,Mon,5,Long_Distance
travel,100.21,M,0,64,Thu,7,Commute
entertainment,26.67,F,0,38,Tue,13,Commute
health,43.43,F,0,29,Fri,13,Long_Distance
grocery,146.76,F,0,70,Sat,12,Long_Distance
entertainment,9.39,F,0,86,Tue,8,Long_Distance
grocery,32.93,M,0,26,Fri,10,Long_Distance
home,86.57,M,0,46,Sat,22,Long_Distance
shopping,3.37,F,0,38,Wed,20,Local
personal,4.66,M,0,23,Sun,18,Long_Distance
health,23.71,M,0,32,Sun,21,Commute
home,196.54,F,0,91,Thu,20,Long_Distance
home,59.86,F,0,59,Mon,15,Long_Distance
shopping,2.77,M,0,53,Sun,8,Long_Distance
grocery,61.14,M,0,23,Wed,20,Commute
personal,4.64,F,0,32,Thu,19,Regional
home,1.29,F,0,37,Wed,18,Regional
home,98.22,F,0,25,Wed,14,Long_Distance
shopping,4.35,F,0,28,Tue,23,Regional
grocery,58.24,M,0,84,Fri,10,Long_Distance
misc,21.75,F,0,85,Sat,2,Long_Distance
grocery,57.01,M,0,46,Fri,7,Remote
travel,482.04,M,0,35,Sun,21,Commute
entertainment,168.38,F,0,42,Mon,22,Regional
shopping,137.5,M,0,19,Sat,15,Long_Distance
entertainment,5.88,M,0,45,Sun,20,Commute
personal,30.3,F,0,50,Wed,12,Regional
personal,28.95,M,0,30,Thu,12,Remote
travel,9.32,M,0,60,Sun,19,Regional
grocery,56.69,F,0,32,Wed,3,Regional
home,70.71,M,0,37,Sat,13,Long_Distance
misc,8.96,M,0,58,Mon,2,Regional
travel,32.93,F,0,21,Sun,2,Commute
personal,78.12,F,0,23,Tue,19,Long_Distance
home,10.31,F,0,21,Tue,13,Commute
home,83.53,M,0,48,Fri,13,Long_Distance
grocery,82.61,M,0,45,Sat,9,Regional
travel,88.89,M,0,40,Sun,2,Long_Distance
grocery,3.57,F,0,15,Sat,23,Long_Distance
grocery,88.68,F,0,47,Tue,4,Long_Distance
health,136.32,M,0,87,Sat,19,Long_Distance
shopping,122.86,M,0,47,Mon,7,Remote
shopping,9.47,F,0,44,Mon,14,Long_Distance
personal,58.21,M,0,76,Fri,12,Commute
shopping,240.72,F,0,35,Sat,13,Long_Distance
misc,8.83,F,0,46,Sun,2,Long_Distance
home,21.12,F,0,22,Mon,23,Long_Distance
personal,79.07,M,0,20,Sun,17,Long_Distance
grocery,105.32,F,0,54,Wed,9,Commute
health,51.77,F,0,35,Fri,13,Regional
health,1.89,F,0,59,Mon,13,Long_Distance
misc,122.36,F,0,20,Sun,15,Long_Distance
home,59.33,F,0,51,Wed,19,Long_Distance
personal,58.01,M,0,53,Sun,13,Long_Distance
entertainment,61.82,M,0,53,Sat,11,Long_Distance
misc,142.07,F,0,70,Fri,8,Long_Distance
grocery,7.66,M,0,33,Sun,15,Regional
shopping,8.93,F,0,47,Wed,18,Regional
misc,9.44,F,0,21,Tue,17,Commute
grocery,50.96,M,0,33,Sat,15,Regional
home,47.5,M,0,58,Sat,20,Regional
travel,71.77,M,0,64,Sun,10,Commute
home,39.01,F,0,36,Mon,13,Commute
personal,1.67,F,0,35,Sun,18,Commute
grocery,32.4,F,0,35,Mon,7,Commute
grocery,115.57,M,0,94,Mon,11,Long_Distance
grocery,102.38,M,0,22,Thu,18,Long_Distance
misc,2.46,M,0,42,Wed,21,Commute
grocery,58.57,M,0,35,Sun,9,Regional
grocery,59.05,M,0,42,Sun,12,Long_Distance
misc,1.45,F,0,36,Sat,3,Long_Distance
travel,9.33,F,0,59,Thu,15,Long_Distance
misc,192.54,F,0,46,Tue,2,Long_Distance
grocery,87.13,M,0,50,Thu,0,Long_Distance
shopping,112.78,F,0,30,Sun,22,Long_Distance
home,76.35,F,0,46,Tue,22,Local
grocery,41.87,F,0,81,Mon,2,Commute
personal,2.08,M,0,51,Thu,21,Commute
home,49.63,M,0,46,Thu,20,Commute
shopping,17.42,M,0,40,Mon,14,Commute
grocery,53.18,M,0,48,Tue,9,Long_Distance
health,87.86,F,0,33,Tue,20,Commute
misc,9.11,M,0,48,Mon,4,Commute
personal,54.9,F,0,49,Sun,20,Regional
personal,76.99,M,0,40,Mon,22,Regional
home,10.52,M,0,40,Thu,21,Long_Distance
home,14.37,F,0,66,Mon,14,Long_Distance
entertainment,95.3,M,0,51,Thu,23,Regional
health,14.77,F,0,48,Sun,12,Long_Distance
home,65.53,M,0,47,Sun,23,Local
grocery,45.11,F,0,25,Sun,20,Local
grocery,103.51,F,0,71,Fri,3,Long_Distance
grocery,13.14,M,0,64,Sat,21,Commute
grocery,81.5,M,0,79,Sun,3,Commute
grocery,48.72,F,0,40,Thu,6,Commute
grocery,35.47,M,0,24,Thu,19,Commute
grocery,50.44,F,0,80,Thu,1,Long_Distance
entertainment,35.56,F,0,48,Sat,22,Long_Distance
entertainment,140.85,F,0,31,Mon,21,Regional
home,5.8,M,0,87,Tue,12,Long_Distance
health,73.97,M,0,45,Thu,23,Local
misc,7.58,M,0,25,Mon,17,Commute
misc,22.49,F,0,29,Sun,11,Long_Distance
home,82.94,M,0,87,Mon,23,Long_Distance
health,7.48,F,0,48,Wed,16,Remote
shopping,67.23,F,0,43,Wed,14,Regional
misc,4.02,F,0,58,Sun,1,Long_Distance
grocery,62.66,M,0,40,Tue,0,Commute
grocery,51.56,M,0,44,Tue,9,Remote
misc,7.17,F,0,75,Mon,8,Local
health,6.23,M,0,65,Tue,23,Regional
misc,17.84,M,0,23,Sun,22,Commute
grocery,65.35,M,0,39,Tue,12,Long_Distance
personal,51.77,F,0,43,Thu,22,Commute
health,61.65,F,0,35,Thu,13,Regional
travel,60.86,F,0,20,Thu,5,Regional
grocery,73.6,M,0,74,Sun,14,Remote
home,62.71,F,0,55,Tue,14,Long_Distance
personal,77.64,F,0,35,Fri,21,Long_Distance
travel,3.93,F,0,62,Wed,12,Long_Distance
grocery,97.13,F,0,41,Thu,19,Long_Distance
travel,9.13,F,0,69,Sun,23,Commute
personal,45.71,M,0,44,Sun,13,Long_Distance
personal,96.65,F,0,68,Mon,23,Long_Distance
entertainment,56.09,F,0,15,Sun,20,Regional
home,97.15,M,0,26,Tue,14,Remote
travel,44.07,F,0,65,Tue,3,Commute
shopping,7.02,F,0,46,Sun,19,Regional
home,28.05,F,0,34,Wed,17,Long_Distance
home,115.08,F,0,59,Tue,13,Long_Distance
shopping,4.42,M,0,64,Mon,7,Long_Distance
personal,54.04,F,0,93,Thu,20,Regional
health,28.74,F,0,49,Fri,23,Long_Distance
entertainment,256.3,F,0,44,Sun,12,Commute
misc,204.87,F,0,48,Sun,5,Long_Distance
home,86.98,M,0,41,Wed,17,Long_Distance
shopping,78.1,M,0,45,Wed,4,Long_Distance
misc,1.69,M,0,19,Tue,22,Commute
travel,70.49,M,0,31,Sun,6,Long_Distance
entertainment,42.23,M,0,40,Thu,22,Commute
misc,34.11,M,0,45,Wed,2,Regional
misc,4.09,F,0,48,Thu,18,Long_Distance
home,69.08,M,0,26,Mon,21,Commute
grocery,112.92,F,0,34,Mon,6,Commute
misc,2.55,M,0,89,Mon,6,Commute
grocery,107.36,F,0,46,Sat,10,Regional
grocery,158.25,M,0,55,Sat,10,Long_Distance
travel,470.91,M,0,42,Mon,18,Commute
shopping,178.93,M,0,67,Fri,5,Long_Distance
grocery,57.13,M,0,53,Tue,3,Regional
grocery,77.2,F,0,29,Sat,8,Regional
grocery,85.33,F,0,47,Mon,1,Commute
home,100.97,M,0,50,Sat,20,Regional
travel,55.49,F,0,55,Thu,5,Commute
shopping,6.08,F,0,63,Sat,7,Regional
home,104.44,M,0,43,Sat,22,Long_Distance
home,20.59,M,0,87,Sun,22,Regional
grocery,84.01,M,0,68,Tue,0,Regional
grocery,139.04,M,0,49,Sun,4,Long_Distance
travel,68.08,F,0,92,Thu,5,Long_Distance
entertainment,160.63,F,0,36,Wed,19,Commute
shopping,7.23,M,0,40,Tue,15,Regional
home,5.4,M,0,55,Sun,20,Long_Distance
home,21.35,F,0,27,Sun,16,Commute
home,46.07,M,0,45,Sun,16,Commute
grocery,99.65,M,0,29,Fri,2,Commute
misc,2.9,M,0,64,Sun,6,Remote
travel,4.74,M,0,46,Thu,12,Long_Distance
misc,5.62,M,0,46,Wed,15,Regional
grocery,97.04,F,0,55,Sat,9,Long_Distance
home,121.87,F,0,29,Fri,13,Regional
travel,56.63,M,0,76,Sat,11,Long_Distance
health,112.49,M,0,21,Fri,12,Regional
entertainment,45.52,F,0,65,Tue,16,Regional
shopping,9.06,M,0,63,Mon,10,Long_Distance
shopping,2.32,F,0,19,Mon,20,Regional
health,177.76,F,0,35,Fri,18,Long_Distance
grocery,49.63,M,0,35,Thu,10,Long_Distance
travel,62.89,M,0,23,Mon,1,Long_Distance
health,59.73,F,0,41,Sun,20,Long_Distance
grocery,23.7,F,0,42,Tue,14,Long_Distance
shopping,2.02,F,0,37,Mon,12,Long_Distance
shopping,4.55,F,0,58,Fri,3,Long_Distance
misc,1.54,M,0,74,Thu,10,Commute
home,54.99,M,0,74,Thu,21,Remote
misc,5.39,F,0,90,Sun,3,Regional
entertainment,78.84,F,0,67,Mon,22,Long_Distance
misc,2.52,M,0,92,Sun,8,Long_Distance
grocery,39.4,F,0,33,Thu,2,Long_Distance
grocery,46.91,F,0,32,Mon,10,Commute
grocery,133.79,F,0,53,Thu,10,Long_Distance
grocery,68.87,F,0,32,Mon,5,Long_Distance
health,21.6,M,0,53,Sun,21,Long_Distance
health,29.67,F,0,31,Fri,14,Commute
home,83.61,M,0,29,Mon,13,Commute
grocery,65.96,F,0,43,Thu,15,Regional
shopping,3.99,M,0,36,Tue,12,Long_Distance
travel,77.73,M,0,32,Tue,11,Regional
travel,47.27,M,0,55,Sat,2,Long_Distance
travel,49.51,F,0,43,Sat,3,Long_Distance
home,37.15,M,0,35,Tue,19,Regional
travel,2.62,F,0,29,Mon,16,Long_Distance
health,71.91,M,0,37,Sun,20,Long_Distance
grocery,77.39,M,0,53,Tue,2,Long_Distance
home,133.86,F,0,33,Tue,19,Regional
shopping,7.93,M,0,44,Sun,16,Long_Distance
entertainment,22.33,F,0,61,Tue,19,Commute
misc,31.09,M,0,41,Tue,1,Remote
shopping,5.69,F,0,20,Mon,12,Long_Distance
misc,35.25,M,0,43,Mon,8,Commute
personal,11.02,F,0,45,Fri,13,Long_Distance
misc,8.03,M,0,39,Fri,16,Long_Distance
travel,70.28,M,0,31,Thu,11,Long_Distance
home,65.01,M,0,42,Sat,16,Long_Distance
shopping,7.33,M,0,22,Sat,19,Regional
home,4.83,M,0,30,Sun,13,Regional
shopping,4.16,F,0,45,Mon,18,Long_Distance
grocery,82.38,F,0,25,Sun,6,Long_Distance
health,11.66,F,0,65,Sat,15,Long_Distance
health,132.04,F,0,25,Fri,21,Long_Distance
travel,60.53,M,0,17,Sun,11,Long_Distance
home,30.82,M,0,82,Wed,18,Long_Distance
shopping,9.8,M,0,42,Mon,20,Long_Distance
shopping,7.12,M,0,35,Tue,17,Commute
grocery,51.53,M,0,30,Sat,11,Local
shopping,5.21,F,0,79,Fri,0,Commute
travel,69.17,M,0,31,Fri,0,Regional
home,73.12,F,0,83,Sun,17,Long_Distance
health,7.34,F,0,79,Fri,12,Commute
home,12.09,M,0,37,Wed,15,Regional
home,45.6,M,0,58,Sat,22,Long_Distance
grocery,42.48,M,0,46,Mon,11,Regional
home,75.58,M,0,31,Sat,18,Long_Distance
shopping,138.29,M,0,40,Tue,1,Long_Distance
grocery,78.97,F,0,44,Wed,22,Commute
grocery,61.83,M,0,35,Thu,9,Long_Distance
shopping,5.51,F,0,86,Mon,10,Commute
home,29.73,F,0,40,Sun,12,Long_Distance
home,131.07,F,0,85,Tue,22,Long_Distance
health,36.99,F,0,27,Sat,13,Commute
grocery,6.84,F,0,21,Sun,16,Commute
entertainment,145.52,F,0,56,Fri,6,Regional
shopping,5.58,F,0,80,Thu,8,Commute
home,24.23,M,0,61,Mon,12,Long_Distance
grocery,106.19,M,0,66,Mon,11,Long_Distance
misc,4.86,M,0,35,Fri,3,Commute
shopping,1.9,M,0,25,Mon,13,Long_Distance
grocery,59.24,F,0,34,Mon,16,Regional
travel,74.5,F,0,86,Fri,10,Long_Distance
entertainment,162.35,M,0,41,Sat,20,Long_Distance
home,85.27,F,0,44,Wed,13,Long_Distance
misc,87.76,F,0,45,Fri,9,Regional
shopping,7.75,F,0,78,Sat,5,Commute
health,14.15,F,0,88,Thu,13,Local
health,48.5,F,0,20,Mon,14,Long_Distance
health,21.44,M,0,64,Thu,18,Long_Distance
grocery,123.49,F,0,65,Thu,9,Regional
health,87.24,F,0,73,Sat,15,Regional
home,19.22,F,0,48,Fri,23,Remote
entertainment,44.99,M,0,52,Mon,14,Long_Distance
home,39.41,F,0,91,Sun,22,Commute
home,80.79,M,0,43,Tue,13,Commute
health,85.69,F,0,25,Tue,16,Remote
travel,50.44,F,0,75,Fri,1,Long_Distance
shopping,15.42,M,0,23,Sat,15,Commute
home,44.62,M,0,31,Wed,21,Regional
home,46.55,M,0,36,Mon,13,Commute
home,14.84,M,0,34,Tue,12,Long_Distance
health,66.55,F,0,23,Sun,16,Long_Distance
travel,70.91,M,0,34,Tue,9,Long_Distance
home,54.53,F,0,33,Fri,19,Regional
home,96.4,F,0,49,Mon,18,Long_Distance
home,56.94,M,0,67,Sat,22,Commute
home,114.12,F,0,58,Fri,13,Long_Distance
travel,1.71,F,0,64,Mon,21,Long_Distance
home,11.44,F,0,54,Thu,18,Regional
misc,9.83,F,0,29,Sat,13,Remote
health,171.42,M,0,91,Wed,23,Commute
grocery,88.57,M,0,24,Mon,21,Long_Distance
grocery,10.22,M,0,40,Mon,18,Long_Distance
misc,6.8,F,0,58,Sun,6,Regional
shopping,483.98,M,0,60,Sun,6,Regional
shopping,2.14,M,0,41,Wed,13,Regional
travel,485.72,M,0,35,Thu,13,Long_Distance
grocery,125.44,F,0,57,Sun,9,Regional
home,13.26,M,0,70,Fri,19,Commute
misc,3.48,M,0,65,Thu,10,Regional
misc,2.15,M,0,61,Fri,2,Long_Distance
shopping,6.8,M,0,42,Mon,17,Commute
shopping,9.37,M,0,45,Sat,23,Long_Distance
misc,125.63,M,0,43,Fri,11,Long_Distance
grocery,20.76,F,0,37,Sun,23,Commute
entertainment,52.74,F,0,90,Fri,15,Regional
misc,17.58,F,0,24,Wed,21,Regional
misc,8.15,M,0,30,Fri,2,Remote
entertainment,10.06,F,0,91,Mon,19,Commute
misc,5.66,M,0,34,Thu,6,Long_Distance
home,162.47,F,0,32,Mon,19,Long_Distance
travel,74.2,F,0,62,Mon,3,Long_Distance
travel,7.58,M,0,53,Tue,21,Long_Distance
entertainment,67.31,M,0,33,Fri,18,Commute
misc,3.03,F,0,52,Thu,5,Regional
entertainment,33.09,F,0,41,Mon,16,Long_Distance
misc,260.79,M,0,17,Sun,22,Commute
misc,1.16,M,0,56,Sat,6,Commute
misc,21.27,M,0,31,Tue,21,Long_Distance
shopping,161.79,F,0,45,Wed,19,Regional
travel,2.71,F,0,69,Tue,22,Commute
travel,64.47,F,0,47,Sat,10,Commute
shopping,8.92,F,0,53,Sat,9,Commute
grocery,35.84,F,0,29,Sat,1,Remote
home,42.92,F,0,34,Sat,17,Commute
travel,2.89,M,0,33,Sat,18,Commute
personal,81.92,M,0,33,Sun,20,Long_Distance
home,76.07,M,0,42,Wed,22,Commute
misc,4.57,F,0,67,Tue,10,Commute
shopping,1.79,F,0,33,Tue,20,Long_Distance
travel,62.18,M,0,53,Sun,4,Long_Distance
grocery,124.29,F,0,66,Sat,7,Long_Distance
misc,3.33,M,0,53,Tue,7,Long_Distance
misc,2.04,F,0,43,Mon,15,Local
travel,6.28,F,0,42,Mon,19,Commute
personal,79.32,M,0,41,Mon,15,Long_Distance
home,68.95,M,0,31,Fri,20,Regional
shopping,17.12,F,0,38,Sun,20,Long_Distance
shopping,175.21,F,0,67,Sun,1,Long_Distance
home,36.56,F,0,84,Thu,17,Long_Distance
home,15.57,M,0,62,Mon,22,Commute
travel,52.31,M,0,18,Sun,4,Regional
entertainment,36.22,F,0,69,Sat,23,Regional
travel,2.93,F,0,47,Thu,13,Commute
grocery,52.59,F,0,39,Mon,16,Long_Distance
home,30.05,F,0,65,Sun,23,Regional
grocery,118.89,M,0,67,Tue,11,Commute
grocery,127.73,F,0,71,Fri,4,Regional
grocery,94.55,M,0,51,Thu,5,Long_Distance
travel,38.26,M,0,77,Mon,5,Regional
personal,12.25,F,0,54,Fri,13,Regional
health,34.88,M,0,39,Sat,14,Long_Distance
travel,71.71,M,0,58,Thu,3,Remote
home,53.65,M,0,54,Tue,18,Commute
travel,67.44,F,0,54,Thu,6,Remote
home,59.2,M,0,35,Tue,20,Commute
shopping,1.38,M,0,54,Mon,2,Remote
travel,1.44,M,0,21,Sun,22,Remote
grocery,193.0,F,0,37,Sat,2,Long_Distance
grocery,44.33,F,0,54,Thu,8,Regional
travel,4.28,M,0,51,Sun,16,Remote
entertainment,19.9,M,0,65,Fri,8,Regional
home,32.46,F,0,81,Fri,22,Commute
personal,9.99,M,0,45,Sun,23,Regional
health,3.37,F,0,42,Sun,16,Remote
misc,9.08,F,0,93,Thu,9,Regional
grocery,47.73,F,0,59,Mon,4,Long_Distance
misc,9.35,M,0,47,Tue,10,Long_Distance
shopping,28.02,F,0,50,Mon,17,Commute
travel,73.41,F,0,72,Fri,1,Remote
misc,7.37,F,0,48,Sun,8,Regional
grocery,106.39,M,0,36,Sun,5,Commute
entertainment,106.38,F,0,32,Mon,18,Regional
misc,6.63,M,0,67,Fri,4,Local
personal,36.19,F,0,66,Thu,20,Long_Distance
shopping,238.35,F,0,40,Mon,19,Long_Distance
shopping,47.38,M,0,57,Mon,0,Long_Distance
home,9.5,M,0,42,Sun,13,Long_Distance
travel,1.07,F,0,54,Mon,17,Long_Distance
entertainment,83.0,F,0,23,Fri,18,Remote
home,18.43,M,0,54,Mon,23,Local
shopping,325.46,F,0,48,Wed,21,Long_Distance
grocery,61.14,M,0,44,Thu,6,Long_Distance
grocery,82.95,M,0,83,Sun,6,Long_Distance
grocery,55.23,M,0,35,Fri,5,Regional
misc,3.57,M,0,94,Fri,10,Long_Distance
home,28.52,F,0,54,Sat,18,Long_Distance
grocery,2.38,F,0,47,Sun,14,Regional
health,85.34,F,0,27,Wed,22,Long_Distance
travel,103.42,F,0,91,Thu,2,Long_Distance
entertainment,26.61,M,0,43,Tue,18,Commute
shopping,1.02,F,0,37,Thu,23,Commute
misc,128.44,M,0,47,Thu,22,Long_Distance
personal,21.07,M,0,58,Sat,20,Regional
entertainment,102.93,M,0,21,Mon,12,Long_Distance
grocery,96.66,F,0,26,Mon,21,Long_Distance
home,38.64,M,0,69,Sun,14,Commute
home,33.65,M,0,74,Mon,19,Regional
grocery,74.82,M,0,73,Sat,5,Long_Distance
shopping,258.87,F,0,45,Wed,14,Commute
shopping,511.11,M,0,66,Wed,2,Commute
shopping,3.52,F,0,35,Mon,20,Long_Distance
shopping,21.85,F,0,33,Mon,20,Commute
shopping,84.01,M,0,55,Sun,8,Regional
shopping,2.79,F,0,30,Mon,18,Long_Distance
misc,72.26,F,0,48,Sun,1,Long_Distance
entertainment,4.39,M,0,46,Sun,13,Long_Distance
entertainment,267.5,F,0,38,Mon,18,Long_Distance
home,79.11,F,0,32,Mon,21,Regional
misc,106.81,M,0,15,Sun,12,Regional
misc,32.85,M,0,27,Mon,7,Long_Distance
misc,31.67,M,0,40,Sat,9,Commute
health,106.37,M,0,54,Fri,21,Regional
grocery,106.16,M,0,71,Wed,2,Regional
shopping,130.84,F,0,45,Wed,13,Long_Distance
shopping,1.55,F,0,32,Sun,22,Commute
home,199.99,F,0,60,Sat,22,Commute
home,55.44,M,0,56,Thu,23,Regional
travel,2.18,M,0,23,Sun,22,Long_Distance
health,10.93,F,0,53,Mon,17,Commute
entertainment,65.23,F,0,43,Fri,22,Local
personal,30.62,F,0,33,Mon,16,Long_Distance
home,27.05,F,0,29,Sun,18,Local
grocery,47.37,M,0,45,Sun,9,Regional
home,193.45,F,0,57,Sun,14,Commute
home,92.34,F,0,32,Tue,22,Commute
shopping,4.66,F,0,35,Fri,13,Long_Distance
personal,54.76,M,0,57,Wed,17,Regional
entertainment,102.8,F,0,40,Sun,15,Local
misc,3.86,F,0,57,Thu,2,Long_Distance
home,29.4,M,0,78,Fri,22,Long_Distance
home,26.1,F,0,57,Sat,15,Long_Distance
grocery,194.83,F,0,45,Sun,0,Long_Distance
home,13.86,F,0,31,Sun,23,Commute
travel,48.74,F,0,34,Thu,7,Long_Distance
travel,67.5,F,0,65,Sun,10,Long_Distance
travel,69.21,M,0,38,Sat,11,Long_Distance
grocery,56.39,F,0,38,Sat,9,Regional
grocery,106.1,F,0,50,Sun,4,Commute
home,3.62,F,0,33,Tue,16,Regional
entertainment,84.69,M,0,48,Wed,18,Long_Distance
travel,97.87,M,0,64,Sun,3,Local
travel,55.15,F,0,73,Sun,5,Remote
grocery,39.8,F,0,66,Tue,20,Regional
home,48.93,F,0,32,Fri,17,Long_Distance
misc,2.81,M,0,46,Sun,1,Commute
misc,3.96,F,0,65,Sat,11,Regional
travel,65.36,M,0,26,Mon,8,Long_Distance
health,76.71,M,0,47,Mon,19,Long_Distance
entertainment,27.79,F,0,60,Tue,13,Commute
entertainment,30.53,F,0,26,Tue,23,Commute
grocery,58.93,M,0,67,Thu,4,Long_Distance
misc,5.2,F,0,23,Mon,18,Remote
misc,29.62,M,0,49,Mon,11,Long_Distance
home,8.48,M,0,58,Sun,19,Remote
health,161.48,M,0,58,Sun,12,Long_Distance
travel,47.97,F,0,47,Mon,9,Regional
health,2.72,F,0,52,Mon,22,Commute
misc,727.05,F,0,42,Mon,1,Commute
personal,50.56,M,0,46,Sun,22,Regional
health,195.01,M,0,35,Sun,15,Long_Distance
personal,38.92,F,0,42,Mon,21,Commute
grocery,86.54,M,0,37,Sun,5,Long_Distance
health,5.06,M,0,74,Wed,21,Long_Distance
home,9.99,F,0,22,Mon,18,Regional
personal,3.36,F,0,64,Mon,21,Remote
grocery,213.95,F,0,35,Thu,4,Commute
personal,70.81,M,0,36,Mon,20,Long_Distance
shopping,255.91,F,0,46,Mon,18,Long_Distance
shopping,1.14,M,0,22,Mon,22,Regional
travel,539.53,M,0,40,Fri,23,Long_Distance
entertainment,102.37,M,0,19,Mon,15,Commute
grocery,26.01,F,0,21,Sat,6,Commute
shopping,7.88,F,0,24,Fri,13,Commute
travel,58.15,F,0,22,Thu,9,Local
shopping,6.39,M,0,44,Wed,23,Long_Distance
shopping,4.2,F,0,48,Wed,19,Commute
grocery,41.43,F,0,88,Sun,3,Commute
grocery,42.17,M,0,32,Tue,4,Long_Distance
personal,145.23,F,0,15,Sun,23,Regional
shopping,5.32,F,0,55,Fri,5,Commute
misc,28.65,M,0,44,Fri,11,Long_Distance
shopping,7.54,M,0,35,Sun,18,Commute
misc,220.49,M,0,41,Tue,21,Commute
shopping,12.24,M,0,59,Wed,8,Regional
entertainment,3.12,M,0,88,Sun,21,Long_Distance
shopping,1.39,F,0,55,Fri,5,Remote
travel,51.01,F,0,39,Tue,2,Commute
travel,45.71,F,0,66,Sun,3,Long_Distance
home,154.89,M,0,34,Mon,12,Long_Distance
entertainment,179.24,F,0,34,Sun,19,Long_Distance
grocery,126.13,F,0,89,Sat,1,Regional
entertainment,46.66,F,0,37,Mon,21,Long_Distance
personal,1.76,M,0,16,Sun,14,Regional
grocery,66.97,M,0,90,Sun,0,Long_Distance
home,68.1,F,0,79,Thu,17,Commute
shopping,271.28,F,0,29,Sat,12,Long_Distance
grocery,39.8,F,0,90,Thu,15,Long_Distance
shopping,2.56,M,0,56,Sat,7,Commute
misc,18.25,F,0,46,Wed,6,Long_Distance
home,64.66,M,0,58,Fri,18,Long_Distance
personal,23.41,F,0,41,Sat,18,Commute
travel,8.58,M,0,65,Mon,18,Long_Distance
entertainment,35.29,F,0,30,Thu,18,Commute
shopping,2.32,M,0,32,Wed,12,Regional
shopping,4.01,M,0,88,Tue,8,Long_Distance
travel,5.58,M,0,57,Sun,19,Regional
misc,7.21,M,0,51,Thu,5,Commute
travel,52.24,F,0,25,Wed,8,Long_Distance
grocery,28.66,M,0,37,Tue,9,Long_Distance
grocery,87.81,M,0,38,Wed,8,Regional
shopping,1.63,F,0,60,Mon,2,Local
home,22.24,M,0,50,Thu,13,Long_Distance
health,13.84,F,0,58,Fri,13,Commute
home,31.11,F,0,40,Wed,23,Commute
misc,148.51,F,0,50,Sun,3,Regional
grocery,94.06,M,0,26,Tue,4,Long_Distance
home,4.03,F,0,42,Sun,17,Regional
shopping,6.65,F,0,52,Mon,2,Long_Distance
home,80.97,M,0,46,Sat,15,Remote
grocery,135.26,F,0,71,Tue,11,Regional
shopping,2.31,F,0,46,Wed,23,Long_Distance
misc,5.74,F,0,33,Sun,2,Long_Distance
personal,38.88,M,0,51,Tue,20,Long_Distance
grocery,11.21,F,0,46,Mon,23,Long_Distance
personal,85.53,M,0,25,Wed,12,Long_Distance
home,91.19,M,0,53,Fri,20,Commute
grocery,8.28,F,0,22,Sun,18,Local
personal,1.06,M,0,42,Mon,14,Long_Distance
misc,9.2,M,0,27,Fri,4,Long_Distance
personal,22.56,M,0,21,Wed,20,Long_Distance
health,32.11,M,0,24,Mon,13,Remote
misc,36.65,F,0,42,Thu,10,Long_Distance
home,32.91,F,0,93,Wed,14,Long_Distance
travel,4.74,M,0,60,Sun,21,Long_Distance
grocery,29.39,M,0,22,Sun,10,Commute
grocery,127.53,M,0,32,Wed,17,Regional
travel,41.26,F,0,28,Fri,2,Commute
personal,9.0,M,0,63,Mon,16,Regional
shopping,98.39,M,0,41,Mon,3,Long_Distance
shopping,2.98,F,0,47,Sun,21,Regional
grocery,37.61,F,0,49,Fri,10,Long_Distance
grocery,60.6,F,0,27,Fri,4,Long_Distance
travel,62.75,F,0,47,Tue,3,Regional
travel,61.89,F,0,22,Mon,6,Local
grocery,84.63,F,0,47,Sat,9,Long_Distance
home,5.52,F,0,25,Sun,12,Regional
misc,38.52,F,0,48,Tue,11,Long_Distance
personal,101.17,F,0,28,Sun,12,Regional
misc,120.85,M,0,34,Mon,21,Long_Distance
home,147.64,M,0,58,Mon,18,Regional
travel,64.69,M,0,34,Tue,11,Long_Distance
shopping,135.6,M,0,24,Sun,21,Regional
personal,27.32,F,0,42,Mon,22,Long_Distance
travel,71.41,M,0,23,Sat,9,Commute
travel,8.34,F,0,28,Sat,21,Long_Distance
home,26.11,F,0,48,Mon,16,Long_Distance
travel,79.19,M,0,45,Fri,3,Long_Distance
travel,1.27,M,0,92,Fri,22,Regional
travel,91.56,F,0,20,Mon,3,Long_Distance
personal,73.69,M,0,44,Mon,17,Long_Distance
home,82.77,M,0,84,Tue,22,Commute
grocery,58.13,M,0,41,Sat,18,Regional
home,87.21,F,0,44,Sun,23,Long_Distance
home,15.68,F,0,57,Mon,23,Long_Distance
grocery,7.75,F,0,47,Mon,18,Regional
entertainment,85.15,M,0,42,Wed,21,Long_Distance
shopping,4.12,M,0,59,Fri,2,Commute
misc,403.89,F,0,64,Sun,2,Long_Distance
misc,72.55,M,0,64,Sun,4,Long_Distance
grocery,54.48,M,0,42,Sat,3,Long_Distance
home,63.1,M,0,31,Mon,23,Regional
travel,5.86,M,0,49,Fri,15,Commute
home,35.94,M,0,45,Sun,19,Regional
home,74.68,F,0,86,Tue,23,Regional
shopping,4.8,M,0,23,Tue,19,Long_Distance
home,89.55,M,0,33,Sun,17,Regional
entertainment,76.07,M,0,29,Thu,13,Regional
entertainment,47.64,F,0,51,Mon,9,Commute
entertainment,96.8,F,0,75,Sun,20,Long_Distance
grocery,41.58,F,0,32,Thu,7,Long_Distance
misc,6.14,F,0,65,Mon,3,Regional
home,74.0,M,0,42,Mon,15,Commute
home,88.03,F,0,39,Mon,21,Long_Distance
travel,73.59,F,0,63,Mon,8,Remote
grocery,72.6,M,0,64,Tue,13,Regional
personal,9.29,F,0,46,Sun,14,Long_Distance
travel,80.23,M,0,44,Sun,5,Commute
travel,51.23,F,0,30,Sun,2,Long_Distance
misc,6.21,F,0,49,Sat,16,Regional
grocery,215.87,F,0,33,Thu,1,Commute
shopping,4.91,M,0,46,Sun,16,Commute
home,14.86,M,0,46,Sat,17,Remote
travel,1.46,M,0,34,Tue,15,Long_Distance
misc,5.88,M,0,73,Thu,9,Commute
misc,50.68,F,0,42,Fri,8,Commute
home,22.94,F,0,39,Tue,23,Commute
health,122.21,F,0,23,Fri,16,Long_Distance
grocery,116.63,M,0,53,Fri,10,Long_Distance
misc,2.28,F,0,51,Tue,1,Long_Distance
home,161.39,F,0,93,Mon,16,Commute
grocery,2.02,F,0,80,Wed,18,Long_Distance
home,12.4,F,0,43,Sun,22,Remote
grocery,60.26,M,0,45,Sat,19,Regional
health,31.04,F,0,90,Tue,13,Commute
home,51.02,F,0,29,Tue,18,Long_Distance
travel,74.52,M,0,48,Thu,8,Regional
home,77.3,F,0,49,Fri,19,Regional
grocery,123.2,F,0,48,Thu,12,Long_Distance
grocery,50.22,F,0,32,Thu,11,Long_Distance
home,86.1,M,0,29,Sun,21,Commute
health,2.42,M,0,74,Mon,14,Commute
grocery,43.22,M,0,35,Fri,10,Long_Distance
home,12.96,F,0,63,Sat,23,Long_Distance
grocery,83.74,M,0,29,Sat,1,Commute
shopping,43.0,F,0,27,Mon,18,Commute
home,28.6,F,0,48,Sat,16,Commute
misc,120.32,M,0,26,Sat,10,Long_Distance
grocery,29.39,F,0,57,Sun,6,Commute
shopping,2.02,F,0,75,Sun,5,Long_Distance
shopping,17.52,M,0,35,Sun,18,Local
entertainment,221.17,M,0,46,Fri,20,Commute
misc,58.75,F,0,26,Sat,1,Long_Distance
personal,18.69,F,0,43,Mon,21,Long_Distance
grocery,5.62,F,0,41,Sat,21,Regional
grocery,167.55,F,0,90,Sun,2,Commute
home,29.06,M,0,59,Sat,13,Long_Distance
health,83.58,M,0,26,Sun,15,Remote
travel,56.72,M,0,63,Mon,6,Long_Distance
entertainment,229.66,F,0,36,Sun,21,Long_Distance
shopping,1.15,M,0,58,Tue,11,Commute
home,65.8,F,0,43,Mon,16,Commute
travel,54.53,M,0,93,Fri,11,Long_Distance
entertainment,34.6,M,0,71,Sun,4,Regional
home,140.64,F,0,86,Sat,20,Long_Distance
travel,70.34,M,0,46,Mon,3,Regional
personal,39.74,F,0,32,Mon,18,Commute
shopping,5.52,M,0,35,Sun,19,Long_Distance
entertainment,77.21,M,0,28,Fri,21,Long_Distance
home,8.14,M,0,30,Fri,19,Commute
grocery,44.17,M,0,27,Tue,10,Regional
travel,83.14,M,0,45,Wed,1,Regional
shopping,129.57,M,0,32,Tue,3,Long_Distance
travel,84.33,F,0,28,Sun,10,Regional
home,53.84,F,0,49,Mon,20,Long_Distance
shopping,6.33,M,0,49,Mon,19,Commute
grocery,75.55,M,0,46,Wed,1,Regional
shopping,25.45,F,0,65,Sat,4,Long_Distance
home,132.32,F,0,66,Tue,18,Long_Distance
grocery,61.57,F,0,92,Tue,8,Commute
shopping,7.41,F,0,31,Fri,19,Long_Distance
personal,34.35,M,0,54,Sat,13,Long_Distance
misc,320.48,F,0,27,Tue,10,Commute
shopping,1.7,F,0,51,Fri,3,Commute
home,62.56,F,0,53,Tue,18,Commute
shopping,7.49,F,0,67,Sat,1,Long_Distance
health,26.81,F,0,36,Tue,14,Long_Distance
home,67.96,M,0,35,Mon,23,Commute
grocery,53.6,M,0,42,Sun,13,Commute
health,56.43,F,0,56,Wed,17,Regional
health,98.93,M,0,45,Sat,15,Commute
home,157.11,F,0,30,Wed,23,Commute
home,63.79,F,0,47,Wed,20,Long_Distance
misc,30.59,M,0,30,Mon,5,Commute
home,22.55,F,0,69,Sun,17,Long_Distance
entertainment,43.34,F,0,29,Thu,12,Commute
misc,2.69,M,0,33,Mon,18,Commute
grocery,58.05,M,0,48,Fri,13,Commute
home,55.63,F,0,26,Tue,14,Commute
grocery,102.44,M,0,31,Thu,3,Long_Distance
home,119.45,M,0,41,Sun,21,Commute
travel,9.32,M,0,79,Tue,17,Commute
home,26.33,F,0,84,Mon,12,Regional
shopping,8.93,F,0,47,Tue,14,Commute
misc,24.51,F,0,48,Tue,22,Regional
misc,27.01,M,0,39,Tue,10,Long_Distance
shopping,8.6,M,0,39,Sun,19,Remote
health,5.62,F,0,70,Thu,23,Regional
entertainment,52.57,M,0,42,Mon,19,Long_Distance
home,75.2,M,0,41,Sun,18,Regional
health,11.51,M,0,72,Wed,22,Commute
home,34.26,M,0,64,Fri,19,Commute
personal,17.83,M,0,21,Fri,14,Regional
misc,2.37,F,0,26,Tue,22,Long_Distance
shopping,154.41,F,0,50,Fri,20,Long_Distance
personal,84.39,F,0,48,Sun,18,Long_Distance
home,102.91,F,0,29,Tue,12,Regional
travel,57.88,F,0,25,Fri,11,Remote
grocery,4.12,M,0,23,Sun,2,Commute
grocery,56.38,F,0,68,Wed,10,Commute
grocery,5.73,M,0,38,Sun,14,Long_Distance
grocery,74.18,F,0,43,Mon,2,Regional
grocery,209.63,F,0,30,Mon,1,Long_Distance
misc,13.38,F,0,35,Wed,1,Commute
home,19.97,M,0,75,Wed,15,Regional
shopping,3.68,M,0,88,Mon,8,Local
entertainment,71.49,M,0,42,Sun,22,Regional
home,150.18,F,0,67,Sun,22,Commute
grocery,56.39,F,0,49,Thu,16,Commute
health,5.17,F,0,80,Fri,18,Long_Distance
grocery,53.14,M,0,47,Sat,10,Long_Distance
grocery,98.88,F,0,48,Sat,7,Commute
grocery,111.33,M,0,35,Sat,11,Long_Distance
health,3.49,F,0,29,Sun,17,Regional
entertainment,98.57,M,0,20,Sun,13,Long_Distance
grocery,109.57,F,0,54,Sat,9,Long_Distance
grocery,57.92,F,0,20,Tue,6,Regional
grocery,121.96,M,0,50,Mon,4,Remote
home,47.72,M,0,34,Thu,15,Long_Distance
shopping,7.0,F,0,28,Mon,13,Long_Distance
travel,68.51,M,0,35,Mon,6,Regional
home,13.07,F,0,44,Sun,21,Long_Distance
shopping,8.35,M,0,31,Fri,12,Commute
home,79.89,M,0,42,Mon,19,Regional
grocery,96.42,F,0,67,Sun,6,Remote
shopping,6.45,M,0,49,Thu,7,Local
travel,80.1,F,0,35,Mon,5,Long_Distance
grocery,33.94,F,0,69,Sun,0,Regional
shopping,9.18,M,0,51,Tue,9,Commute
misc,4.55,M,0,46,Fri,9,Regional
entertainment,7.09,F,0,80,Thu,18,Commute
home,33.98,F,0,46,Tue,15,Long_Distance
shopping,87.02,M,0,68,Sun,0,Long_Distance
personal,35.65,M,0,55,Thu,16,Local
personal,1.63,F,0,47,Wed,19,Long_Distance
shopping,5.89,F,0,40,Tue,12,Long_Distance
grocery,75.36,M,0,56,Tue,0,Commute
grocery,81.23,M,0,34,Sat,1,Commute
shopping,99.45,M,0,32,Mon,3,Regional
travel,74.8,M,0,31,Mon,8,Commute
misc,54.63,M,0,44,Sun,18,Commute
travel,85.87,F,0,65,Mon,11,Remote
misc,6.35,F,0,83,Wed,0,Long_Distance
misc,5.71,F,0,56,Sun,9,Regional
entertainment,87.08,F,0,24,Mon,18,Regional
shopping,89.72,M,0,34,Mon,5,Commute
misc,3.13,F,0,32,Sat,1,Commute
grocery,115.47,M,0,51,Fri,6,Long_Distance
shopping,2.05,F,0,32,Thu,20,Commute
grocery,68.35,F,0,67,Wed,3,Regional
home,19.37,F,0,58,Sun,12,Commute
grocery,108.17,M,0,74,Mon,2,Regional
travel,57.74,M,0,30,Sat,9,Long_Distance
travel,64.06,F,0,47,Tue,8,Long_Distance
travel,43.76,F,0,23,Sun,2,Local
travel,54.56,M,0,46,Mon,2,Regional
entertainment,11.94,F,0,21,Sun,20,Long_Distance
personal,105.44,M,0,53,Sun,14,Commute
misc,3.72,F,0,42,Wed,23,Long_Distance
personal,15.3,F,0,34,Sun,13,Long_Distance
home,150.75,F,0,67,Sat,12,Commute
misc,98.59,F,0,43,Thu,10,Commute
grocery,107.8,M,0,54,Tue,0,Long_Distance
shopping,172.28,F,0,36,Sun,13,Commute
travel,73.52,M,0,80,Tue,1,Long_Distance
travel,39.6,F,0,68,Sat,6,Long_Distance
misc,6.1,M,0,29,Sat,22,Long_Distance
health,18.53,M,0,37,Sun,18,Long_Distance
shopping,1.98,M,0,44,Mon,13,Long_Distance
home,10.21,M,0,36,Wed,13,Long_Distance
grocery,17.36,F,0,67,Wed,5,Commute
misc,80.98,M,0,42,Mon,17,Local
travel,91.24,F,0,44,Tue,3,Long_Distance
travel,5.94,F,0,43,Tue,15,Long_Distance
grocery,22.47,M,0,23,Wed,10,Commute
travel,72.46,M,0,36,Tue,3,Commute
grocery,116.05,F,0,80,Fri,9,Regional
shopping,6.17,M,0,59,Mon,11,Long_Distance
shopping,153.17,M,0,38,Thu,5,Long_Distance
home,24.36,M,0,48,Tue,13,Long_Distance
travel,4.93,F,0,60,Sun,23,Long_Distance
travel,52.56,M,0,26,Tue,3,Long_Distance
grocery,88.6,F,0,93,Sat,10,Long_Distance
grocery,10.33,M,0,28,Fri,20,Regional
health,85.61,M,0,30,Sat,17,Regional
travel,3.25,M,0,83,Fri,14,Commute
personal,74.37,F,0,35,Wed,22,Long_Distance
home,16.4,F,0,47,Sat,14,Long_Distance
misc,5.5,M,0,38,Sun,21,Long_Distance
personal,87.1,M,0,41,Tue,23,Long_Distance
home,29.3,F,0,22,Wed,17,Long_Distance
grocery,80.62,F,0,27,Tue,10,Long_Distance
grocery,49.87,M,0,34,Tue,2,Regional
entertainment,583.69,M,0,48,Tue,14,Regional
grocery,54.6,M,0,39,Wed,22,Regional
personal,54.31,F,0,55,Fri,15,Commute
shopping,2.64,M,0,75,Sat,9,Long_Distance
shopping,8.21,F,0,84,Fri,11,Commute
shopping,4.6,M,0,52,Sun,4,Commute
grocery,92.53,F,0,47,Wed,11,Regional
misc,68.23,F,0,37,Tue,5,Long_Distance
misc,826.03,F,0,93,Sun,7,Long_Distance
health,6.09,F,0,48,Wed,21,Regional
home,99.65,M,0,69,Thu,23,Commute
personal,260.9,M,0,72,Wed,23,Long_Distance
personal,81.32,F,0,30,Tue,20,Long_Distance
misc,4.0,F,0,66,Sun,10,Long_Distance
home,84.95,F,0,51,Mon,23,Long_Distance
health,28.87,M,0,25,Sat,23,Commute
travel,1.46,F,0,35,Sat,22,Long_Distance
grocery,49.43,M,0,46,Mon,14,Regional
health,48.01,M,0,27,Tue,21,Long_Distance
misc,95.44,M,0,45,Thu,1,Commute
entertainment,88.9,M,0,31,Fri,15,Long_Distance
misc,414.71,F,0,34,Thu,4,Commute
shopping,43.3,M,0,64,Mon,11,Long_Distance
personal,313.97,F,0,36,Wed,15,Remote
shopping,8.93,M,0,53,Mon,0,Long_Distance
travel,69.72,M,0,35,Fri,8,Regional
shopping,157.56,M,0,34,Fri,11,Commute
home,35.61,M,0,61,Mon,13,Long_Distance
health,102.51,F,0,72,Mon,15,Long_Distance
travel,67.14,F,0,22,Sat,6,Remote
entertainment,41.74,F,0,58,Thu,0,Long_Distance
grocery,61.34,F,0,23,Sat,3,Long_Distance
misc,7.48,F,0,47,Sat,13,Long_Distance
home,16.91,F,0,65,Tue,13,Regional
shopping,165.42,F,0,30,Tue,18,Regional
shopping,4.15,M,0,75,Sat,9,Commute
shopping,14.42,F,0,29,Sun,18,Regional
travel,34.37,M,0,55,Sun,11,Commute
entertainment,70.07,F,0,32,Thu,20,Regional
shopping,8.0,F,0,68,Tue,2,Regional
misc,10.79,M,0,60,Tue,9,Commute
grocery,116.55,F,0,45,Thu,16,Long_Distance
home,44.31,F,0,79,Sat,17,Regional
personal,7.86,M,0,63,Sun,15,Commute
grocery,137.35,M,0,87,Sun,1,Long_Distance
home,141.01,F,0,65,Mon,17,Commute
shopping,5.49,F,0,47,Fri,20,Long_Distance
grocery,88.35,F,0,49,Fri,4,Long_Distance
travel,7.99,F,0,57,Tue,16,Local
home,89.48,M,0,52,Fri,15,Long_Distance
shopping,2.72,M,0,25,Wed,20,Regional
home,47.41,F,0,32,Thu,12,Long_Distance
grocery,109.56,M,0,65,Mon,10,Long_Distance
home,70.61,F,0,77,Fri,22,Long_Distance
shopping,7.31,F,0,38,Fri,19,Long_Distance
misc,103.04,M,0,71,Mon,0,Regional
travel,43.55,F,0,46,Sat,8,Commute
home,50.67,F,0,34,Tue,22,Regional
grocery,10.63,M,0,64,Sun,13,Long_Distance
misc,5.82,F,0,34,Sun,1,Regional
shopping,2.0,F,0,23,Mon,12,Regional
shopping,84.94,M,0,79,Fri,0,Long_Distance
health,38.65,M,0,35,Sat,14,Long_Distance
misc,2.71,M,0,34,Thu,12,Commute
home,55.04,F,0,38,Sun,13,Remote
home,43.74,M,0,40,Fri,17,Commute
shopping,3.62,F,0,34,Tue,12,Commute
misc,8.67,M,0,48,Wed,23,Long_Distance
shopping,7.87,M,0,41,Sun,16,Long_Distance
entertainment,59.84,F,0,49,Tue,22,Regional
misc,6.71,F,0,26,Fri,6,Long_Distance
entertainment,49.88,F,0,37,Mon,13,Long_Distance
health,37.89,F,0,36,Tue,20,Commute
health,7.12,M,0,88,Sat,14,Long_Distance
travel,76.0,M,0,78,Thu,10,Regional
personal,7.82,M,0,49,Tue,18,Commute
personal,13.13,M,0,75,Mon,18,Regional
misc,94.78,M,0,40,Tue,6,Local
home,12.78,F,0,50,Sun,21,Local
misc,3.66,F,0,37,Thu,14,Long_Distance
travel,82.98,M,0,32,Mon,11,Long_Distance
grocery,34.89,M,0,45,Wed,9,Long_Distance
home,4.23,F,0,40,Tue,16,Commute
travel,61.56,M,0,41,Sun,9,Long_Distance
home,92.58,F,0,51,Mon,12,Commute
misc,287.97,F,0,28,Tue,9,Remote
grocery,108.08,M,0,46,Sat,13,Commute
personal,20.47,M,0,73,Tue,14,Commute
grocery,94.8,F,0,32,Sun,6,Long_Distance
travel,56.81,F,0,45,Thu,0,Long_Distance
shopping,7.05,F,0,33,Thu,14,Commute
home,14.43,F,0,37,Thu,23,Long_Distance
home,64.59,F,0,43,Fri,14,Long_Distance
home,84.16,M,0,32,Thu,21,Commute
travel,56.31,F,0,68,Sat,10,Long_Distance
home,77.15,M,0,62,Sun,23,Commute
home,80.68,M,0,39,Fri,23,Commute
shopping,113.27,M,0,40,Mon,4,Commute
shopping,132.7,F,0,65,Sat,9,Long_Distance
entertainment,8.11,M,0,74,Sun,16,Commute
grocery,51.55,M,0,40,Tue,22,Long_Distance
shopping,6.75,F,0,43,Fri,13,Commute
misc,137.42,F,0,38,Mon,6,Long_Distance
shopping,5.75,M,0,31,Sun,23,Remote
personal,9.84,F,0,53,Fri,15,Long_Distance
shopping,107.42,M,0,54,Thu,4,Regional
shopping,30.07,M,0,24,Tue,17,Regional
health,8.99,M,0,51,Mon,13,Commute
health,148.02,F,0,50,Mon,14,Remote
grocery,47.03,M,0,31,Sat,3,Long_Distance
home,63.01,F,0,29,Thu,19,Long_Distance
health,1.48,F,0,32,Thu,20,Commute
entertainment,50.74,F,0,39,Sun,23,Long_Distance
home,90.95,F,0,54,Thu,17,Commute
personal,33.56,F,0,28,Fri,22,Regional
travel,59.38,M,0,82,Mon,11,Commute
travel,3.95,F,0,90,Sun,21,Regional
home,10.47,F,0,51,Tue,12,Long_Distance
home,70.93,M,0,83,Sun,22,Long_Distance
grocery,77.83,F,0,31,Wed,11,Regional
grocery,96.87,M,0,53,Sat,0,Long_Distance
shopping,218.62,M,0,67,Sat,1,Long_Distance
grocery,225.82,F,0,44,Mon,6,Long_Distance
home,61.26,F,0,56,Fri,18,Commute
shopping,1.5,F,0,40,Sat,16,Remote
shopping,7.17,M,0,52,Sun,4,Long_Distance
home,18.34,F,0,18,Mon,12,Long_Distance
misc,7.8,M,0,48,Sat,13,Long_Distance
entertainment,77.47,M,0,45,Wed,18,Long_Distance
grocery,36.57,M,0,24,Sun,21,Long_Distance
grocery,68.1,F,0,56,Wed,5,Commute
misc,1.77,F,0,35,Sat,4,Long_Distance
misc,100.97,F,0,37,Sat,8,Commute
shopping,90.65,F,0,22,Sun,12,Long_Distance
home,111.16,M,0,22,Thu,15,Long_Distance
home,61.92,F,0,91,Thu,14,Long_Distance
home,45.54,F,0,38,Fri,23,Regional
misc,20.42,F,0,26,Mon,2,Regional
shopping,6.09,F,0,35,Sun,21,Commute
shopping,20.67,M,0,45,Thu,16,Commute
home,155.67,M,0,25,Sat,19,Commute
shopping,4.29,F,0,43,Sun,18,Commute
home,27.99,F,0,48,Sat,23,Long_Distance
home,89.27,M,0,46,Mon,19,Commute
shopping,435.4,M,0,51,Tue,11,Local
shopping,7.24,M,0,20,Sun,16,Regional
travel,86.73,M,0,56,Sun,4,Commute
health,18.27,F,0,33,Mon,13,Commute
home,6.07,M,0,41,Tue,13,Regional
grocery,84.78,M,0,45,Tue,9,Long_Distance
grocery,54.77,M,0,45,Mon,2,Regional
grocery,51.65,M,0,53,Wed,19,Commute
grocery,38.9,F,0,43,Sat,3,Commute
entertainment,64.32,F,0,90,Sat,12,Regional
travel,8.91,F,0,37,Tue,16,Long_Distance
grocery,27.42,F,0,25,Tue,19,Long_Distance
home,9.87,M,0,33,Mon,14,Long_Distance
shopping,1.98,F,0,57,Mon,5,Commute
personal,19.38,F,0,47,Tue,14,Regional
health,75.54,M,0,30,Tue,21,Local
personal,166.72,F,0,30,Mon,15,Regional
grocery,94.71,M,0,39,Sun,11,Long_Distance
shopping,7.74,M,0,35,Sun,21,Long_Distance
shopping,9.54,F,0,66,Wed,6,Long_Distance
entertainment,47.2,F,0,44,Sun,21,Commute
misc,1.03,M,0,33,Sun,22,Local
travel,53.7,F,0,48,Sat,7,Long_Distance
grocery,98.29,F,0,49,Sat,9,Regional
travel,51.31,F,0,57,Fri,2,Commute
health,84.65,M,0,62,Mon,18,Commute
misc,6.7,F,0,20,Wed,17,Regional
travel,485.56,M,0,30,Wed,19,Long_Distance
grocery,12.1,M,0,81,Fri,20,Regional
grocery,91.13,F,0,44,Tue,2,Commute
entertainment,51.01,M,0,17,Tue,19,Commute
health,76.47,F,0,35,Sun,12,Commute
shopping,1194.76,M,0,71,Thu,2,Long_Distance
health,76.25,M,0,42,Sat,17,Regional
travel,8.86,M,0,89,Fri,15,Long_Distance
health,80.81,M,0,75,Wed,14,Regional
health,73.63,M,0,44,Tue,19,Commute
shopping,8.98,F,0,47,Tue,21,Commute
entertainment,35.4,M,0,43,Sun,12,Commute
grocery,65.44,M,0,40,Tue,16,Regional
grocery,104.72,F,0,61,Fri,9,Commute
grocery,92.6,M,0,41,Sun,3,Commute
home,34.56,M,0,65,Thu,17,Regional
entertainment,69.14,M,0,27,Mon,16,Commute
misc,2.86,M,0,68,Sun,8,Long_Distance
personal,68.23,F,0,46,Mon,22,Local
shopping,100.07,F,0,45,Tue,18,Commute
shopping,2.47,F,0,45,Mon,13,Commute
home,36.41,M,0,73,Wed,14,Commute
misc,37.34,M,0,38,Thu,3,Regional
home,71.56,F,0,47,Thu,14,Regional
grocery,93.49,F,0,34,Sun,10,Commute
grocery,58.68,M,0,39,Tue,7,Long_Distance
home,14.32,M,0,40,Sat,18,Regional
entertainment,10.97,F,0,34,Fri,12,Long_Distance
entertainment,152.22,F,0,44,Wed,14,Local
travel,88.82,F,0,20,Sat,11,Long_Distance
personal,147.99,F,0,52,Mon,18,Regional
health,36.08,M,0,54,Mon,17,Regional
travel,50.28,F,0,57,Thu,0,Long_Distance
health,29.75,M,0,21,Wed,16,Local
shopping,4.74,M,0,92,Mon,5,Long_Distance
home,74.33,M,0,41,Fri,18,Remote
home,198.43,M,0,30,Fri,12,Regional
personal,22.29,M,0,58,Sat,15,Regional
travel,89.77,F,0,48,Wed,6,Regional
home,3.0,F,0,64,Fri,14,Long_Distance
personal,3.67,M,0,34,Tue,23,Commute
entertainment,39.98,F,0,24,Sat,12,Commute
grocery,132.23,F,0,90,Wed,6,Commute
misc,35.19,F,0,42,Sat,10,Long_Distance
shopping,2.56,F,0,47,Sat,20,Regional
shopping,4.85,M,0,31,Mon,15,Long_Distance
travel,9.7,M,0,21,Fri,21,Commute
home,22.99,F,0,42,Sun,16,Long_Distance
misc,9.19,F,0,47,Sat,17,Regional
health,12.33,M,0,75,Sun,17,Long_Distance
shopping,203.08,F,0,25,Sat,23,Regional
home,15.19,F,0,77,Sun,19,Long_Distance
misc,3.9,F,0,50,Mon,7,Commute
shopping,9.66,F,0,60,Tue,2,Remote
grocery,78.21,F,0,47,Sat,2,Long_Distance
personal,60.2,F,0,69,Tue,12,Remote
travel,43.51,M,0,34,Wed,8,Regional
grocery,105.17,M,0,44,Fri,11,Long_Distance
misc,8.85,F,0,33,Mon,19,Regional
grocery,33.73,F,0,48,Wed,16,Commute
home,85.5,M,0,31,Thu,14,Regional
shopping,2.55,F,0,63,Mon,4,Long_Distance
misc,378.75,F,0,43,Mon,1,Commute
grocery,86.97,M,0,28,Tue,11,Long_Distance
misc,292.37,F,0,37,Wed,6,Commute
travel,56.47,M,0,61,Tue,8,Long_Distance
home,8.92,M,0,32,Fri,20,Local
travel,65.72,F,0,57,Sat,11,Commute
home,79.51,M,0,41,Thu,20,Remote
shopping,109.6,M,0,45,Sun,5,Local
shopping,3.52,M,0,67,Sat,3,Long_Distance
shopping,6.76,F,0,91,Sun,3,Commute
grocery,19.48,M,0,44,Tue,15,Regional
personal,71.08,F,0,59,Sun,22,Commute
shopping,117.34,F,0,75,Tue,10,Commute
misc,6.92,F,0,89,Tue,11,Commute
health,10.27,M,0,54,Sat,17,Long_Distance
misc,3.51,F,0,47,Sun,13,Long_Distance
entertainment,74.76,F,0,42,Mon,21,Commute
misc,132.93,F,0,16,Fri,20,Commute
travel,65.79,M,0,45,Thu,9,Long_Distance
shopping,135.72,M,0,46,Sun,7,Long_Distance
misc,104.5,F,0,31,Mon,13,Long_Distance
shopping,233.84,M,0,18,Wed,13,Remote
grocery,92.44,F,0,44,Mon,7,Long_Distance
personal,52.67,F,0,33,Mon,23,Regional
misc,50.77,M,0,55,Fri,4,Regional
shopping,24.84,F,0,46,Sun,20,Commute
shopping,370.3,F,0,26,Fri,14,Long_Distance
grocery,213.66,F,0,35,Mon,7,Long_Distance
grocery,145.03,F,0,50,Sun,9,Long_Distance
home,11.19,F,0,36,Wed,14,Long_Distance
shopping,4.39,M,0,52,Sat,1,Long_Distance
personal,8.52,M,0,46,Fri,23,Commute
travel,77.92,M,0,53,Sat,9,Long_Distance
health,1.86,F,0,67,Thu,14,Long_Distance
grocery,78.56,M,0,74,Mon,3,Regional
travel,59.45,M,0,40,Mon,4,Long_Distance
entertainment,138.6,M,0,20,Tue,20,Long_Distance
travel,63.44,F,0,59,Tue,9,Long_Distance
health,40.06,F,0,31,Fri,15,Long_Distance
home,221.73,F,0,59,Wed,16,Commute
home,97.35,F,0,31,Fri,18,Commute
entertainment,70.56,M,0,40,Mon,18,Long_Distance
shopping,9.34,F,0,35,Sun,19,Long_Distance
misc,6.52,F,0,28,Tue,8,Commute
grocery,85.06,M,0,87,Sun,11,Long_Distance
shopping,4.44,M,0,23,Wed,23,Long_Distance
shopping,14.8,M,0,50,Mon,11,Regional
home,75.5,F,0,36,Sun,17,Long_Distance
grocery,14.29,F,0,42,Sat,20,Long_Distance
home,64.6,F,0,43,Fri,12,Long_Distance
misc,31.73,M,0,41,Sun,0,Commute
entertainment,41.34,M,0,30,Sat,17,Remote
misc,30.58,M,0,46,Sat,1,Long_Distance
grocery,94.22,M,0,40,Sun,7,Local
grocery,99.63,F,0,35,Tue,11,Commute
misc,40.08,F,0,49,Fri,6,Regional
misc,4.7,M,0,84,Sat,3,Long_Distance
travel,1.64,M,0,64,Fri,15,Long_Distance
grocery,107.21,M,0,49,Mon,10,Long_Distance
home,15.54,F,0,43,Mon,22,Remote
misc,4.44,F,0,55,Sun,9,Regional
health,41.59,F,0,60,Sat,16,Long_Distance
shopping,93.08,M,0,33,Thu,2,Long_Distance
travel,38.61,F,0,24,Mon,8,Long_Distance
personal,1.85,M,0,50,Mon,16,Long_Distance
misc,3.63,M,0,36,Mon,13,Regional
shopping,12.35,F,0,85,Fri,8,Regional
travel,44.94,F,0,43,Sat,10,Regional
grocery,14.55,M,0,64,Sun,7,Long_Distance
home,43.76,M,0,82,Fri,18,Regional
misc,30.65,M,0,41,Sun,11,Regional
misc,11.03,F,0,63,Wed,3,Regional
grocery,219.69,F,0,49,Thu,10,Remote
misc,1.06,F,0,29,Fri,20,Regional
grocery,115.73,M,0,50,Fri,10,Commute
misc,5.08,F,0,46,Fri,17,Long_Distance
health,8.37,F,0,80,Sat,16,Regional
misc,267.49,M,0,16,Mon,13,Commute
grocery,62.0,F,0,29,Sun,0,Regional
home,102.2,M,0,44,Sun,16,Commute
home,15.23,F,0,93,Sun,20,Local
home,28.58,F,0,69,Sun,14,Regional
travel,75.32,F,0,57,Sat,11,Commute
misc,7.7,M,0,35,Sun,16,Regional
health,185.04,M,0,39,Mon,21,Regional
shopping,46.08,F,0,32,Sun,15,Long_Distance
travel,71.19,F,0,21,Sun,8,Long_Distance
health,75.11,M,0,47,Mon,19,Long_Distance
shopping,3.81,F,0,75,Sat,4,Commute
shopping,2.82,F,0,29,Mon,20,Commute
home,126.11,F,0,70,Sun,13,Regional
grocery,4.43,F,0,21,Sat,14,Long_Distance
home,62.34,F,0,52,Thu,14,Long_Distance
misc,88.87,M,0,35,Mon,9,Regional
grocery,81.61,M,0,48,Wed,2,Commute
home,118.12,F,0,22,Sat,16,Long_Distance
entertainment,29.19,M,0,35,Thu,16,Remote
entertainment,2.02,F,0,44,Sun,20,Regional
misc,6.88,M,0,50,Mon,1,Long_Distance
home,63.22,M,0,53,Sat,16,Commute
entertainment,15.41,M,0,46,Tue,15,Long_Distance
shopping,90.02,M,0,38,Sat,6,Local
grocery,67.84,M,0,24,Wed,2,Commute
grocery,95.58,M,0,30,Wed,1,Long_Distance
misc,7.67,M,0,45,Thu,19,Long_Distance
home,4.36,F,0,45,Mon,22,Long_Distance
travel,43.94,F,0,35,Tue,10,Regional
misc,43.78,M,0,39,Thu,2,Regional
home,9.29,F,0,66,Mon,22,Commute
misc,2.85,F,0,72,Sun,6,Long_Distance
misc,7.08,F,0,43,Mon,21,Commute
misc,135.32,F,0,26,Sun,2,Long_Distance
home,19.21,F,0,39,Sat,18,Commute
grocery,140.61,F,0,64,Mon,11,Commute
travel,57.39,F,0,74,Mon,6,Long_Distance
home,173.07,M,0,37,Sat,19,Regional
entertainment,135.1,F,0,84,Mon,1,Long_Distance
travel,9.53,M,0,31,Tue,23,Regional
travel,69.98,M,0,62,Sat,1,Long_Distance
travel,49.12,F,0,48,Sun,8,Long_Distance
travel,41.72,M,0,16,Sat,11,Regional
misc,3.47,M,0,25,Sat,8,Remote
shopping,1.45,F,0,48,Tue,19,Long_Distance
grocery,4.47,F,0,43,Fri,21,Commute
home,10.51,M,0,46,Wed,14,Regional
home,73.24,M,0,44,Sun,18,Regional
misc,5.39,F,0,36,Tue,18,Long_Distance
personal,70.94,M,0,40,Fri,19,Long_Distance
travel,94.73,M,0,23,Mon,11,Long_Distance
personal,53.01,M,0,25,Mon,18,Long_Distance
home,92.96,F,0,75,Tue,17,Long_Distance
home,100.66,M,0,24,Mon,21,Regional
misc,5.73,M,0,38,Thu,3,Long_Distance
grocery,137.65,F,0,84,Mon,6,Long_Distance
home,24.51,F,0,60,Sat,15,Regional
travel,60.93,F,0,35,Sun,5,Long_Distance
home,2.55,M,0,86,Wed,12,Commute
grocery,150.9,M,0,54,Fri,10,Long_Distance
grocery,64.45,M,0,41,Sat,3,Long_Distance
travel,69.0,M,0,23,Thu,9,Long_Distance
home,116.5,F,0,42,Wed,17,Local
shopping,7.62,F,0,24,Sat,22,Commute
grocery,52.49,F,0,22,Mon,11,Long_Distance
grocery,109.23,F,0,30,Fri,8,Regional
grocery,73.06,M,0,73,Sat,6,Long_Distance
home,28.59,F,0,65,Fri,12,Commute
home,155.22,M,0,25,Sat,16,Commute
travel,68.22,F,0,49,Fri,0,Regional
entertainment,28.47,F,0,38,Tue,21,Commute
misc,1.59,M,0,44,Wed,22,Commute
home,72.12,F,0,21,Sat,23,Long_Distance
health,16.94,M,0,37,Fri,18,Long_Distance
home,60.46,M,0,37,Sun,14,Regional
home,46.63,M,0,48,Mon,22,Long_Distance
grocery,25.92,F,0,59,Sat,14,Remote
grocery,36.39,F,0,69,Wed,9,Long_Distance
health,18.02,F,0,68,Wed,16,Long_Distance
grocery,7.13,M,0,83,Tue,12,Commute
grocery,108.32,M,0,58,Tue,2,Long_Distance
personal,12.06,F,0,51,Sun,21,Regional
health,9.51,M,0,51,Sun,15,Commute
home,52.38,M,0,16,Fri,23,Commute
home,8.43,F,0,66,Tue,20,Long_Distance
entertainment,21.33,M,0,45,Mon,17,Regional
travel,5.71,F,0,30,Sun,21,Regional
health,10.99,F,0,25,Mon,17,Regional
misc,63.67,F,0,42,Sun,9,Commute
shopping,6.16,F,0,43,Mon,17,Regional
grocery,84.51,F,0,53,Fri,15,Long_Distance
misc,1.65,F,0,33,Tue,6,Regional
personal,38.5,F,0,34,Mon,16,Commute
misc,6.92,M,0,49,Tue,1,Long_Distance
health,102.44,M,0,51,Sat,18,Commute
travel,1.95,M,0,53,Fri,13,Regional
travel,7.06,F,0,22,Mon,23,Regional
home,54.73,M,0,46,Mon,21,Long_Distance
grocery,57.45,M,0,30,Mon,8,Commute
personal,110.29,M,0,63,Thu,22,Regional
travel,51.61,F,0,26,Thu,1,Commute
shopping,429.12,M,0,64,Tue,9,Regional
home,18.26,F,0,68,Sat,15,Long_Distance
grocery,104.86,F,0,50,Tue,5,Long_Distance
grocery,10.23,F,0,62,Mon,1,Commute
shopping,9.25,F,0,47,Wed,18,Long_Distance
entertainment,10.61,M,0,65,Tue,14,Long_Distance
entertainment,78.09,M,0,40,Mon,16,Long_Distance
health,93.33,F,0,20,Tue,12,Long_Distance
personal,68.13,F,0,46,Sun,17,Regional
entertainment,28.16,M,0,47,Tue,21,Regional
entertainment,16.18,F,0,49,Thu,22,Commute
home,1.68,M,0,47,Tue,15,Long_Distance
shopping,221.47,F,0,43,Wed,21,Regional
misc,9.36,F,0,41,Sun,15,Regional
health,25.46,F,0,31,Mon,21,Long_Distance
grocery,98.41,F,0,58,Mon,2,Regional
travel,4.84,M,0,56,Mon,12,Commute
personal,57.8,F,0,38,Thu,20,Regional
shopping,118.86,F,0,22,Tue,20,Commute
grocery,128.47,F,0,47,Fri,4,Long_Distance
home,39.45,M,0,48,Tue,18,Long_Distance
shopping,4.53,F,0,34,Fri,12,Long_Distance
travel,49.94,M,0,47,Tue,9,Long_Distance
shopping,5.48,M,0,58,Tue,10,Commute
health,23.28,M,0,35,Tue,12,Local
shopping,8.75,F,0,26,Sun,12,Long_Distance
home,48.22,F,0,42,Wed,21,Commute
personal,15.75,M,0,65,Sun,15,Regional
grocery,57.04,F,0,48,Mon,23,Regional
misc,1.61,M,0,42,Thu,1,Long_Distance
home,134.5,F,0,32,Fri,20,Commute
home,1.06,F,0,39,Sun,18,Commute
shopping,4.85,F,0,82,Thu,0,Long_Distance
home,72.78,M,0,57,Wed,16,Commute
entertainment,136.71,F,0,15,Sat,22,Commute
shopping,54.3,F,0,26,Sun,18,Long_Distance
travel,79.49,M,0,48,Wed,9,Regional
grocery,16.37,F,0,61,Tue,23,Commute
health,24.56,F,0,34,Sun,19,Regional
home,39.02,F,0,36,Sun,15,Long_Distance
travel,108.56,M,0,35,Sat,11,Long_Distance
home,6.21,F,0,43,Sun,16,Regional
personal,29.75,F,0,29,Mon,18,Regional
health,58.01,F,0,49,Sun,19,Long_Distance
home,311.29,M,0,41,Sat,19,Remote
home,44.15,M,0,30,Sun,20,Long_Distance
home,8.37,F,0,25,Tue,22,Commute
grocery,4.44,M,0,93,Fri,18,Regional
entertainment,125.67,F,0,25,Tue,23,Commute
home,131.44,M,0,36,Sat,17,Long_Distance
travel,71.42,M,0,35,Tue,9,Regional
misc,7.24,M,0,54,Sun,0,Long_Distance
shopping,2.2,F,0,84,Sat,3,Long_Distance
health,88.25,F,0,51,Mon,23,Regional
shopping,135.54,F,0,19,Tue,19,Regional
shopping,5.71,M,0,34,Fri,20,Local
home,22.42,F,0,57,Wed,14,Regional
grocery,126.35,F,0,24,Tue,6,Regional
home,83.38,M,0,46,Mon,23,Long_Distance
travel,73.5,M,0,54,Sun,6,Local
shopping,9.12,F,0,59,Sat,4,Remote
shopping,8.14,F,0,37,Sat,17,Commute
travel,7.45,M,0,53,Sat,22,Commute
health,174.49,F,0,27,Fri,13,Regional
travel,47.17,M,0,82,Mon,1,Commute
home,88.71,M,0,45,Fri,21,Remote
shopping,180.81,F,0,36,Sat,20,Long_Distance
grocery,29.74,F,0,16,Sun,7,Regional
home,24.59,F,0,66,Fri,17,Commute
health,45.09,M,0,47,Thu,14,Commute
grocery,96.22,M,0,26,Sat,0,Long_Distance
shopping,4.83,F,0,80,Sun,6,Long_Distance
personal,39.59,F,0,88,Mon,23,Regional
grocery,92.1,F,0,48,Wed,6,Commute
home,111.52,F,0,50,Wed,13,Long_Distance
grocery,119.26,M,0,52,Mon,3,Long_Distance
grocery,82.27,M,0,26,Thu,8,Regional
entertainment,74.71,M,0,20,Tue,20,Regional
shopping,642.88,F,0,49,Thu,22,Commute
travel,61.15,M,0,63,Sat,7,Long_Distance
travel,87.8,F,0,32,Fri,6,Commute
shopping,79.38,F,0,46,Tue,14,Long_Distance
home,87.12,F,0,51,Wed,17,Local
grocery,91.67,F,0,71,Mon,8,Remote
misc,7.55,F,0,23,Mon,13,Long_Distance
grocery,94.75,M,0,52,Sat,7,Long_Distance
travel,60.88,F,0,28,Wed,0,Long_Distance
shopping,97.92,M,0,39,Fri,21,Long_Distance
health,81.33,F,0,32,Tue,22,Regional
home,11.94,F,0,37,Fri,17,Long_Distance
travel,55.66,M,0,75,Sun,4,Long_Distance
travel,92.31,M,0,54,Wed,9,Long_Distance
shopping,303.11,F,0,19,Sun,18,Commute
shopping,3.51,F,0,92,Fri,2,Long_Distance
grocery,50.76,M,0,33,Thu,2,Long_Distance
grocery,102.46,M,0,22,Mon,18,Regional
misc,77.09,M,0,26,Sat,2,Long_Distance
travel,36.35,F,0,91,Fri,9,Long_Distance
grocery,190.8,F,0,41,Sun,11,Long_Distance
home,84.26,M,0,45,Sun,16,Commute
home,62.86,F,0,51,Mon,12,Commute
entertainment,108.84,M,0,28,Wed,21,Long_Distance
travel,55.8,M,0,29,Sat,8,Regional
grocery,3.28,F,0,30,Sat,12,Long_Distance
travel,46.53,F,0,83,Mon,4,Commute
entertainment,13.62,F,0,51,Sat,10,Regional
grocery,87.69,M,0,39,Fri,0,Long_Distance
personal,125.31,F,0,43,Wed,21,Long_Distance
travel,3.23,M,0,53,Thu,15,Long_Distance
travel,6.11,F,0,34,Fri,16,Long_Distance
travel,54.61,F,0,63,Sat,7,Long_Distance
grocery,44.65,M,0,38,Sun,1,Long_Distance
grocery,114.63,M,0,55,Fri,3,Long_Distance
travel,3.61,M,0,41,Tue,15,Long_Distance
personal,39.43,M,0,33,Sun,13,Remote
health,105.84,F,0,48,Wed,20,Regional
misc,1.12,M,0,50,Tue,0,Regional
home,54.89,F,0,28,Thu,13,Remote
travel,63.5,M,0,54,Sun,4,Regional
home,32.93,M,0,53,Sun,20,Commute
grocery,139.4,M,0,50,Mon,3,Long_Distance
grocery,213.54,F,0,47,Sat,10,Regional
home,63.86,F,0,39,Tue,23,Regional
travel,5.44,F,0,80,Mon,21,Long_Distance
shopping,148.1,M,0,14,Mon,13,Long_Distance
travel,85.02,F,0,55,Wed,8,Commute
misc,3.82,M,0,42,Fri,17,Long_Distance
travel,2.65,F,0,32,Sun,12,Long_Distance
shopping,12.22,M,0,50,Tue,6,Regional
shopping,394.11,F,0,66,Thu,6,Long_Distance
travel,68.51,M,0,33,Mon,9,Regional
entertainment,32.82,M,0,70,Sun,5,Long_Distance
travel,44.93,F,0,65,Fri,2,Regional
home,14.5,M,0,61,Tue,15,Long_Distance
home,36.69,M,0,25,Sun,17,Long_Distance
entertainment,48.12,F,0,32,Sun,17,Regional
home,30.32,F,0,42,Mon,18,Commute
shopping,53.8,F,0,38,Tue,13,Regional
health,100.42,F,0,38,Fri,21,Commute
personal,55.89,M,0,50,Sat,14,Local
personal,26.78,F,0,62,Mon,18,Local
shopping,9.88,F,0,48,Sat,14,Long_Distance
home,24.86,M,0,82,Sat,14,Long_Distance
entertainment,191.63,F,0,48,Wed,21,Commute
grocery,97.06,F,0,31,Sun,8,Commute
misc,4.0,F,0,64,Fri,10,Long_Distance
shopping,2442.75,F,0,66,Mon,10,Commute
health,14.53,F,0,44,Sat,13,Commute
health,70.08,F,0,66,Tue,14,Long_Distance
grocery,57.61,M,0,37,Fri,13,Commute
health,6.78,M,0,45,Thu,15,Long_Distance
entertainment,64.76,M,0,39,Wed,14,Remote
health,26.98,F,0,35,Sat,17,Long_Distance
grocery,6.12,F,0,35,Mon,13,Commute
home,48.52,M,0,41,Tue,16,Commute
grocery,75.74,M,0,67,Thu,18,Regional
grocery,2.49,F,0,21,Thu,13,Long_Distance
shopping,5.27,M,0,25,Sat,23,Commute
home,85.46,M,0,24,Tue,21,Commute
grocery,189.85,F,0,37,Tue,7,Long_Distance
grocery,142.24,F,0,69,Fri,0,Long_Distance
travel,61.3,F,0,16,Tue,2,Commute
home,98.37,M,0,47,Sat,15,Regional
grocery,144.67,M,0,50,Mon,10,Commute
grocery,183.56,F,0,26,Tue,2,Long_Distance
home,85.48,M,0,30,Tue,20,Commute
health,7.67,F,0,45,Sun,20,Long_Distance
grocery,2.91,M,0,21,Tue,17,Long_Distance
shopping,8.9,F,0,73,Thu,5,Long_Distance
health,7.39,F,0,29,Sat,21,Commute
shopping,8.47,M,0,40,Tue,22,Remote
home,34.87,F,0,48,Wed,12,Long_Distance
travel,2.64,F,0,85,Mon,22,Long_Distance
entertainment,13.96,M,0,40,Mon,15,Long_Distance
home,2.11,M,0,77,Fri,23,Commute
travel,71.21,M,0,25,Wed,10,Commute
home,72.68,M,0,54,Tue,14,Remote
entertainment,63.93,M,0,44,Tue,16,Regional
shopping,3.03,F,0,46,Mon,18,Long_Distance
grocery,69.97,M,0,32,Tue,2,Long_Distance
grocery,45.65,M,0,20,Sat,18,Long_Distance
misc,52.13,F,0,48,Tue,6,Commute
grocery,232.88,F,0,49,Wed,8,Remote
travel,67.31,F,0,65,Sat,9,Commute
grocery,124.32,F,0,54,Tue,7,Regional
home,88.03,M,0,68,Fri,12,Long_Distance
grocery,82.48,M,0,72,Sun,0,Commute
home,154.95,M,0,31,Wed,20,Remote
home,108.67,M,0,83,Fri,15,Regional
personal,15.33,M,0,29,Wed,18,Remote
personal,4.02,F,0,20,Fri,23,Long_Distance
home,9.03,F,0,47,Tue,22,Regional
shopping,1.42,M,0,76,Tue,1,Commute
grocery,58.47,M,0,56,Fri,7,Commute
home,12.71,F,0,92,Sun,16,Regional
home,31.74,F,0,50,Fri,15,Regional
home,43.42,M,0,35,Sat,19,Commute
travel,119.07,M,0,60,Wed,7,Regional
travel,58.55,M,0,44,Sat,3,Local
personal,77.62,M,0,59,Wed,12,Long_Distance
health,134.27,F,0,48,Sat,14,Regional
grocery,49.99,M,0,33,Tue,5,Commute
grocery,90.37,M,0,37,Mon,0,Long_Distance
travel,84.63,F,0,33,Thu,1,Long_Distance
travel,72.48,F,0,25,Sun,7,Long_Distance
personal,38.11,F,0,47,Sat,17,Long_Distance
personal,10.97,F,0,70,Sun,16,Long_Distance
grocery,43.46,F,0,48,Mon,8,Long_Distance
shopping,25.82,F,0,25,Sun,20,Regional
misc,4.37,M,0,26,Wed,14,Regional
travel,57.81,F,0,68,Wed,2,Commute
personal,50.71,F,0,32,Thu,20,Commute
grocery,63.94,F,0,23,Fri,4,Regional
shopping,6.52,F,0,59,Mon,5,Commute
grocery,126.13,F,0,89,Sat,6,Regional
misc,41.3,M,0,48,Thu,4,Long_Distance
home,39.91,F,0,46,Mon,22,Remote
shopping,5.58,F,0,59,Mon,4,Long_Distance
grocery,217.26,F,0,39,Tue,11,Long_Distance
health,75.57,M,0,46,Wed,22,Regional
grocery,56.72,F,0,32,Sat,6,Commute
grocery,24.28,M,0,77,Wed,21,Regional
grocery,2.24,F,0,62,Tue,21,Commute
misc,121.85,M,0,45,Thu,13,Commute
grocery,197.38,F,0,36,Mon,4,Long_Distance
shopping,3.81,F,0,35,Wed,23,Regional
misc,8.8,F,0,54,Thu,9,Long_Distance
entertainment,75.65,M,0,36,Mon,19,Commute
home,56.68,M,0,60,Thu,19,Long_Distance
personal,34.88,F,0,53,Mon,15,Local
home,27.55,M,0,39,Wed,22,Remote
grocery,60.29,M,0,51,Mon,6,Local
travel,74.56,M,0,22,Sun,9,Commute
entertainment,57.6,M,0,44,Sun,16,Long_Distance
home,68.92,F,0,61,Wed,14,Commute
grocery,164.25,F,0,56,Thu,3,Remote
home,23.77,F,0,46,Mon,15,Commute
grocery,51.11,M,0,31,Fri,7,Long_Distance
health,21.41,M,0,46,Sun,16,Long_Distance
travel,44.55,M,0,63,Thu,7,Commute
grocery,108.4,M,0,74,Wed,4,Regional
shopping,421.93,M,0,18,Sun,18,Long_Distance
shopping,3.36,F,0,80,Mon,3,Commute
grocery,175.09,F,0,43,Sun,8,Commute
shopping,5.08,F,0,48,Sun,15,Long_Distance
grocery,79.61,M,0,30,Sat,11,Regional
home,83.44,M,0,55,Tue,21,Long_Distance
personal,15.9,F,0,44,Thu,13,Long_Distance
home,30.61,F,0,49,Wed,12,Long_Distance
grocery,74.44,F,0,25,Tue,13,Long_Distance
shopping,1.12,F,0,40,Thu,12,Long_Distance
grocery,114.13,M,0,53,Wed,0,Regional
home,76.1,M,0,45,Sat,15,Regional
misc,18.05,F,0,22,Thu,14,Long_Distance
shopping,6.91,F,0,59,Tue,8,Long_Distance
home,5.29,M,0,58,Sun,23,Regional
home,145.34,M,0,79,Mon,12,Commute
entertainment,195.9,M,0,42,Fri,17,Regional
misc,155.77,M,0,31,Thu,20,Long_Distance
entertainment,12.14,M,0,47,Tue,12,Regional
health,19.44,M,0,40,Sat,12,Commute
grocery,120.02,F,0,65,Mon,0,Long_Distance
health,16.51,F,0,31,Tue,23,Regional
home,72.69,F,0,37,Tue,12,Commute
home,26.95,F,0,33,Fri,23,Commute
shopping,8.87,M,0,92,Sun,0,Long_Distance
travel,50.55,M,0,35,Tue,11,Regional
grocery,111.76,F,0,40,Tue,2,Long_Distance
misc,142.21,F,0,22,Sat,20,Long_Distance
health,68.76,F,0,47,Mon,22,Commute
home,135.56,M,0,43,Sat,23,Long_Distance
personal,48.7,M,0,20,Sat,17,Commute
shopping,4.68,M,0,50,Thu,11,Long_Distance
entertainment,110.92,F,0,34,Fri,21,Commute
entertainment,19.27,F,0,56,Tue,11,Long_Distance
misc,134.68,F,0,70,Wed,6,Regional
grocery,210.87,F,0,36,Thu,6,Long_Distance
shopping,99.41,M,0,38,Wed,7,Commute
grocery,169.07,F,0,35,Tue,3,Long_Distance
shopping,206.84,F,0,32,Sun,23,Long_Distance
travel,25.77,F,0,53,Sat,14,Local
grocery,60.42,M,0,46,Sun,8,Commute
health,5.81,F,0,43,Sat,12,Long_Distance
home,112.37,F,0,31,Tue,20,Regional
personal,8.58,M,0,26,Sun,20,Commute
misc,208.54,F,0,23,Mon,21,Long_Distance
travel,74.47,M,0,54,Tue,7,Regional
misc,1081.21,F,0,34,Tue,18,Local
travel,59.21,F,0,54,Thu,11,Remote
misc,106.07,M,0,40,Wed,5,Commute
shopping,15.76,F,0,47,Sun,22,Regional
travel,99.82,F,0,22,Sat,7,Long_Distance
shopping,5.19,F,0,47,Tue,22,Long_Distance
misc,1.17,M,0,31,Sun,21,Regional
health,95.61,F,0,38,Thu,13,Long_Distance
misc,3.76,M,0,53,Sat,6,Commute
personal,20.2,F,0,48,Fri,16,Regional
misc,3.92,F,0,55,Sun,8,Commute
grocery,94.09,F,0,74,Sun,8,Commute
personal,20.99,F,0,29,Sat,13,Commute
shopping,7.15,F,0,34,Sat,19,Commute
misc,1.01,M,0,74,Tue,10,Long_Distance
home,28.37,F,0,31,Mon,18,Long_Distance
travel,72.59,M,0,29,Fri,2,Long_Distance
home,56.15,F,0,50,Sun,18,Long_Distance
entertainment,76.66,M,0,29,Sun,23,Regional
home,24.39,M,0,39,Tue,14,Regional
travel,61.42,M,0,39,Fri,9,Long_Distance
home,52.12,M,0,43,Sun,14,Long_Distance
misc,3.06,F,0,36,Sat,17,Long_Distance
shopping,3.83,F,0,16,Sat,12,Commute
misc,1.3,F,0,47,Tue,14,Commute
misc,2.73,M,0,32,Tue,17,Commute
entertainment,69.41,M,0,25,Mon,22,Long_Distance
grocery,88.18,F,0,61,Fri,0,Remote
home,52.28,M,0,41,Fri,20,Long_Distance
shopping,18.18,F,0,92,Mon,11,Commute
travel,6.82,F,0,50,Sat,17,Commute
health,95.35,F,0,49,Sun,22,Long_Distance
home,21.68,M,0,45,Wed,13,Long_Distance
grocery,1.95,M,0,19,Sun,22,Long_Distance
home,1.02,F,0,31,Wed,18,Regional
health,88.42,F,0,37,Mon,14,Long_Distance
misc,1.99,M,0,21,Sun,23,Long_Distance
travel,45.82,F,0,68,Sun,5,Long_Distance
travel,50.83,M,0,67,Fri,4,Long_Distance
entertainment,1.72,M,0,35,Thu,14,Regional
personal,42.11,M,0,74,Mon,14,Commute
travel,56.24,F,0,68,Mon,0,Long_Distance
home,42.4,F,0,52,Sun,15,Commute
misc,38.03,M,0,29,Wed,11,Local
entertainment,30.16,M,0,50,Sat,13,Long_Distance
shopping,2.34,M,0,41,Sun,12,Long_Distance
grocery,42.02,F,0,35,Mon,2,Commute
misc,12.28,F,0,38,Tue,23,Regional
misc,1.11,F,0,60,Wed,11,Commute
travel,66.99,F,0,64,Mon,11,Commute
grocery,274.04,M,0,51,Sun,8,Regional
health,147.17,M,0,58,Tue,12,Long_Distance
shopping,9.98,F,0,37,Sun,19,Long_Distance
entertainment,64.68,F,0,31,Sun,21,Commute
grocery,9.34,F,0,46,Tue,12,Long_Distance
grocery,164.07,F,0,48,Sat,9,Long_Distance
grocery,70.6,M,0,72,Tue,6,Commute
grocery,130.59,F,0,24,Wed,3,Regional
travel,58.28,F,0,32,Wed,2,Long_Distance
grocery,30.91,M,0,38,Mon,19,Long_Distance
personal,14.36,M,0,71,Thu,23,Long_Distance
shopping,1.36,F,0,20,Sat,18,Regional
shopping,8.24,F,0,34,Wed,13,Long_Distance
misc,348.45,M,0,65,Fri,0,Regional
misc,7.87,F,0,32,Mon,5,Regional
grocery,130.96,M,0,52,Thu,6,Commute
shopping,9.55,F,0,47,Fri,18,Long_Distance
grocery,136.69,M,0,65,Tue,1,Long_Distance
grocery,53.12,M,0,35,Fri,13,Long_Distance
home,46.36,M,0,40,Thu,22,Commute
misc,9.77,M,0,34,Thu,20,Remote
travel,76.86,M,0,68,Thu,2,Long_Distance
travel,91.42,M,0,69,Sat,10,Long_Distance
home,7.58,M,0,64,Fri,15,Commute
travel,48.42,M,0,64,Sun,11,Regional
home,68.3,M,0,72,Tue,23,Long_Distance
shopping,145.56,M,0,47,Tue,5,Long_Distance
home,58.21,F,0,29,Sat,19,Local
home,37.4,F,0,32,Tue,15,Regional
health,52.23,F,0,48,Mon,20,Regional
home,101.89,F,0,59,Sat,23,Local
shopping,2.08,F,0,88,Wed,1,Long_Distance
shopping,1.39,F,0,36,Tue,12,Long_Distance
entertainment,137.03,M,0,34,Tue,17,Regional
shopping,28.43,F,0,42,Sun,22,Long_Distance
travel,5.57,F,0,45,Tue,15,Regional
travel,68.58,M,0,45,Sun,4,Long_Distance
home,56.29,F,0,63,Tue,19,Long_Distance
entertainment,71.63,M,0,46,Mon,20,Regional
grocery,111.9,M,0,29,Thu,6,Long_Distance
travel,6.65,M,0,56,Mon,18,Regional
shopping,279.46,F,0,39,Sun,21,Long_Distance
home,4.42,F,0,21,Tue,12,Regional
shopping,2.89,F,0,59,Sat,9,Long_Distance
home,5.23,F,0,52,Sun,23,Regional
home,50.58,M,0,38,Mon,22,Commute
grocery,82.97,M,0,31,Fri,1,Regional
grocery,104.92,F,0,84,Mon,11,Regional
shopping,7.83,M,0,58,Tue,4,Commute
travel,56.01,F,0,44,Sat,10,Long_Distance
misc,53.12,F,0,44,Fri,2,Long_Distance
travel,61.04,M,0,20,Tue,1,Remote
misc,9.66,F,0,44,Mon,7,Long_Distance
grocery,153.74,M,0,65,Sun,0,Commute
entertainment,13.21,M,0,63,Fri,13,Long_Distance
grocery,46.21,F,0,52,Sat,0,Remote
travel,51.41,F,0,34,Fri,4,Regional
grocery,60.18,M,0,48,Wed,6,Long_Distance
misc,3.0,F,0,79,Sat,1,Long_Distance
home,69.93,F,0,35,Tue,15,Long_Distance
entertainment,119.79,F,0,93,Sat,16,Regional
home,64.44,F,0,70,Sun,13,Long_Distance
grocery,53.91,M,0,46,Sun,10,Regional
shopping,9.82,F,0,32,Mon,20,Commute
travel,65.04,F,0,62,Mon,3,Long_Distance
grocery,78.72,F,0,74,Tue,7,Regional
entertainment,22.84,F,0,39,Mon,15,Commute
grocery,65.39,F,0,51,Mon,19,Long_Distance
travel,49.71,F,0,15,Sun,3,Regional
travel,103.48,F,0,22,Mon,10,Regional
entertainment,2.84,M,0,51,Tue,23,Regional
home,143.95,F,0,57,Sun,22,Regional
grocery,240.71,F,0,55,Fri,23,Regional
home,35.15,M,0,60,Tue,20,Local
shopping,6.52,F,0,47,Wed,21,Commute
misc,4.03,M,0,58,Wed,7,Regional
travel,6.02,M,0,29,Wed,16,Commute
shopping,3.83,F,0,47,Mon,13,Long_Distance
misc,2.32,F,0,36,Tue,4,Long_Distance
travel,50.8,F,0,34,Fri,9,Long_Distance
misc,230.8,F,0,21,Mon,17,Regional
misc,10.17,F,0,56,Sun,11,Regional
home,48.73,M,0,46,Wed,20,Commute
grocery,202.96,F,0,37,Sun,0,Commute
grocery,46.59,M,0,48,Sun,2,Long_Distance
home,21.46,M,0,65,Sun,19,Remote
health,4.54,F,0,47,Mon,12,Long_Distance
shopping,3.07,F,0,34,Thu,20,Commute
misc,4.04,F,0,72,Thu,11,Regional
grocery,88.67,F,0,91,Mon,2,Long_Distance
home,136.78,F,0,31,Mon,20,Regional
travel,51.83,M,0,63,Fri,10,Long_Distance
grocery,70.11,M,0,48,Fri,11,Long_Distance
home,158.55,M,0,26,Sat,15,Long_Distance
personal,124.52,F,0,42,Tue,19,Long_Distance
entertainment,77.52,M,0,42,Fri,23,Long_Distance
entertainment,63.6,F,0,31,Sat,18,Regional
shopping,48.78,F,0,44,Sun,16,Long_Distance
health,32.87,M,0,35,Sat,19,Commute
personal,6.28,M,0,54,Sat,12,Long_Distance
health,71.53,M,0,42,Sat,23,Long_Distance
shopping,123.58,M,0,30,Sun,4,Commute
travel,101.26,M,0,38,Mon,0,Commute
personal,39.19,M,0,66,Mon,23,Long_Distance
personal,8.96,M,0,46,Sat,23,Commute
grocery,59.9,F,0,32,Wed,15,Commute
home,30.7,F,0,53,Mon,23,Long_Distance
grocery,67.44,F,0,76,Sun,3,Commute
health,77.8,M,0,44,Tue,12,Long_Distance
misc,1155.49,F,0,29,Tue,11,Regional
misc,37.26,F,0,40,Wed,2,Regional
grocery,84.6,F,0,58,Thu,3,Long_Distance
shopping,10.34,F,0,50,Tue,14,Regional
misc,3.92,M,0,65,Fri,3,Long_Distance
shopping,119.66,M,0,36,Wed,7,Regional
grocery,81.75,M,0,47,Fri,5,Commute
personal,32.5,F,0,31,Fri,14,Long_Distance
grocery,197.13,F,0,36,Wed,5,Long_Distance
misc,594.89,F,0,49,Wed,2,Commute
home,41.56,F,0,37,Sun,17,Commute
grocery,69.52,M,0,43,Sun,12,Long_Distance
personal,97.78,F,0,51,Mon,21,Long_Distance
grocery,166.32,M,0,27,Sat,13,Commute
home,91.18,M,0,48,Sun,19,Long_Distance
shopping,2.45,F,0,35,Mon,19,Commute
health,27.53,M,0,34,Mon,18,Local
shopping,8.79,M,0,55,Mon,2,Local
health,4.71,M,0,44,Sun,13,Long_Distance
travel,60.34,M,0,26,Fri,2,Regional
home,1.49,F,0,45,Fri,21,Regional
personal,55.3,F,0,36,Wed,17,Regional
travel,57.14,M,0,48,Thu,8,Remote
travel,27.44,F,0,48,Thu,0,Commute
grocery,2.06,F,0,24,Fri,21,Commute
shopping,33.45,M,0,64,Fri,6,Commute
health,44.82,F,0,32,Fri,14,Long_Distance
home,13.89,F,0,91,Thu,12,Regional
grocery,55.8,M,0,38,Sun,23,Regional
shopping,86.19,M,0,45,Fri,4,Commute
personal,42.0,F,0,34,Sun,13,Long_Distance
shopping,477.85,M,0,19,Sun,14,Commute
misc,3.31,M,0,59,Thu,4,Regional
grocery,164.19,M,0,53,Mon,1,Long_Distance
shopping,113.33,M,0,27,Thu,8,Long_Distance
home,105.07,M,0,41,Fri,21,Remote
health,10.29,F,0,28,Mon,21,Regional
home,35.25,M,0,53,Mon,18,Long_Distance
home,172.53,F,0,55,Fri,14,Commute
travel,49.57,M,0,31,Fri,8,Commute
personal,26.97,M,0,47,Thu,19,Long_Distance
shopping,5.28,M,0,16,Sun,23,Long_Distance
shopping,89.68,F,0,42,Tue,23,Long_Distance
grocery,89.44,F,0,34,Mon,2,Long_Distance
travel,531.15,M,0,44,Wed,18,Commute
misc,4.6,F,0,43,Mon,23,Regional
travel,57.63,F,0,30,Sun,6,Long_Distance
grocery,142.81,M,0,66,Sat,3,Long_Distance
misc,4.76,M,0,25,Tue,13,Long_Distance
misc,1.22,F,0,42,Sun,4,Commute
grocery,211.25,F,0,32,Wed,2,Local
entertainment,42.55,M,0,31,Mon,15,Long_Distance
travel,72.9,M,0,31,Fri,5,Local
shopping,16.12,M,0,92,Fri,2,Long_Distance
grocery,222.87,F,0,35,Thu,0,Regional
grocery,40.92,M,0,23,Sun,11,Commute
personal,2.53,M,0,31,Fri,15,Long_Distance
travel,5.36,F,0,71,Sun,18,Commute
grocery,3.67,F,0,47,Sun,13,Commute
misc,7.67,F,0,34,Thu,0,Regional
home,3.31,F,0,93,Mon,12,Remote
misc,3.1,F,0,62,Wed,5,Remote
misc,14.52,M,0,31,Sun,21,Remote
entertainment,104.72,M,0,18,Sat,17,Long_Distance
entertainment,128.74,F,0,32,Tue,12,Long_Distance
home,42.34,F,0,47,Sun,18,Long_Distance
home,64.14,M,0,57,Mon,17,Remote
personal,161.39,M,0,57,Mon,14,Long_Distance
entertainment,119.78,F,0,34,Sun,16,Commute
shopping,9.37,F,0,90,Sat,6,Long_Distance
travel,91.92,M,0,79,Wed,9,Commute
home,12.01,F,0,34,Sun,19,Regional
home,25.89,F,0,29,Fri,17,Regional
grocery,208.15,F,0,33,Mon,11,Long_Distance
grocery,165.71,F,0,71,Sun,9,Commute
shopping,447.57,F,0,20,Mon,13,Long_Distance
shopping,572.09,F,0,43,Sun,16,Commute
travel,3.2,F,0,35,Wed,21,Long_Distance
shopping,132.92,M,0,40,Thu,9,Long_Distance
shopping,4.8,F,0,45,Sun,17,Regional
home,64.51,M,0,45,Tue,12,Commute
misc,6.79,M,0,74,Thu,3,Long_Distance
home,7.2,F,0,30,Sat,21,Regional
travel,4.51,F,0,93,Mon,15,Regional
travel,8.05,M,0,24,Fri,20,Long_Distance
misc,56.64,M,0,37,Mon,14,Long_Distance
home,48.39,F,0,40,Sun,20,Long_Distance
shopping,103.82,M,0,44,Sat,9,Long_Distance
home,11.29,M,0,44,Fri,17,Commute
travel,1.86,F,0,59,Wed,13,Local
misc,292.32,F,0,34,Thu,0,Long_Distance
grocery,66.68,M,0,68,Fri,9,Local
home,142.96,M,0,27,Mon,22,Long_Distance
grocery,82.64,F,0,48,Mon,22,Regional
shopping,152.03,F,0,28,Sun,20,Long_Distance
grocery,67.96,F,0,68,Fri,8,Commute
grocery,96.25,F,0,48,Sun,2,Commute
travel,61.19,F,0,63,Tue,11,Remote
grocery,57.16,F,0,80,Tue,17,Local
shopping,23.89,F,0,55,Sat,2,Long_Distance
shopping,2.24,F,0,38,Mon,14,Commute
grocery,64.3,M,0,32,Sun,4,Regional
grocery,101.25,F,0,48,Thu,0,Commute
misc,4.51,M,0,26,Fri,15,Long_Distance
health,55.38,F,0,29,Tue,21,Commute
grocery,90.29,F,0,32,Wed,1,Long_Distance
shopping,113.67,F,0,65,Sun,9,Local
entertainment,23.74,M,0,54,Thu,19,Commute
grocery,59.71,M,0,39,Tue,0,Commute
travel,57.92,F,0,34,Mon,11,Commute
grocery,64.62,M,0,40,Tue,20,Long_Distance
travel,44.38,M,0,50,Thu,9,Commute
travel,47.45,M,0,61,Mon,0,Long_Distance
personal,40.63,F,0,50,Fri,15,Regional
grocery,11.36,F,0,46,Wed,15,Long_Distance
entertainment,159.2,F,0,49,Mon,14,Local
home,118.69,M,0,58,Wed,22,Commute
travel,63.07,M,0,65,Sun,0,Long_Distance
shopping,126.94,M,0,41,Wed,2,Long_Distance
shopping,4.68,F,0,63,Mon,1,Long_Distance
home,132.03,F,0,52,Sun,12,Regional
travel,9.9,M,0,53,Sun,12,Long_Distance
misc,5.67,F,0,30,Mon,19,Regional
misc,107.44,M,0,15,Sun,19,Local
home,8.96,M,0,65,Fri,17,Long_Distance
grocery,101.82,F,0,52,Mon,14,Commute
shopping,9.05,F,0,31,Mon,20,Regional
grocery,216.69,F,0,35,Mon,7,Commute
shopping,131.28,M,0,31,Fri,12,Long_Distance
travel,59.66,F,0,21,Fri,8,Long_Distance
health,7.74,F,0,40,Wed,12,Regional
shopping,9.84,M,0,44,Sat,16,Long_Distance
travel,72.06,F,0,63,Wed,1,Commute
health,43.32,M,0,45,Tue,22,Long_Distance
travel,63.6,F,0,40,Sun,2,Long_Distance
personal,7.41,M,0,63,Tue,16,Commute
personal,5.89,M,0,53,Tue,12,Regional
shopping,87.65,M,0,44,Tue,5,Long_Distance
misc,2.15,F,0,61,Fri,2,Regional
personal,76.94,M,0,33,Sat,18,Commute
home,22.28,M,0,44,Wed,15,Commute
home,64.59,F,0,29,Sun,19,Commute
grocery,92.88,F,0,63,Sun,12,Commute
travel,64.84,M,0,37,Tue,11,Regional
personal,35.05,F,0,55,Tue,18,Local
grocery,60.25,F,0,18,Sun,5,Commute
misc,3.76,F,0,54,Mon,10,Commute
grocery,42.66,F,0,36,Wed,17,Commute
personal,31.82,M,0,32,Tue,14,Regional
travel,66.19,M,0,74,Wed,2,Long_Distance
shopping,2.35,M,0,58,Sat,3,Commute
travel,4.1,M,0,20,Sat,21,Long_Distance
shopping,12.67,F,0,41,Mon,15,Long_Distance
misc,85.66,F,0,35,Sat,11,Commute
misc,114.31,F,0,22,Mon,19,Regional
personal,29.98,F,0,35,Mon,14,Regional
grocery,82.0,M,0,46,Sat,2,Long_Distance
grocery,46.06,F,0,69,Tue,0,Commute
shopping,9.9,F,0,28,Sun,21,Commute
travel,83.07,M,0,64,Thu,1,Long_Distance
entertainment,29.91,M,0,70,Wed,8,Commute
grocery,89.79,M,0,52,Mon,7,Long_Distance
grocery,140.41,F,0,35,Sun,12,Regional
travel,48.68,F,0,49,Sun,9,Long_Distance
shopping,176.92,F,0,22,Sun,17,Long_Distance
shopping,1821.65,M,0,46,Mon,16,Long_Distance
misc,39.84,F,0,46,Mon,0,Long_Distance
personal,81.7,F,0,25,Sat,13,Commute
personal,20.13,F,0,45,Fri,18,Long_Distance
shopping,6.05,F,0,32,Tue,22,Long_Distance
travel,85.19,F,0,62,Mon,2,Long_Distance
personal,31.42,F,0,43,Wed,18,Commute
home,92.74,F,0,33,Sat,16,Long_Distance
shopping,6.89,F,0,30,Fri,18,Long_Distance
home,46.3,M,0,64,Sat,23,Commute
misc,38.93,M,0,33,Mon,9,Commute
home,25.7,M,0,52,Mon,15,Commute
shopping,6.75,M,0,51,Sat,3,Long_Distance
travel,63.2,F,0,30,Mon,1,Regional
travel,49.24,M,0,39,Fri,6,Regional
shopping,32.14,F,0,33,Thu,18,Long_Distance
misc,6.24,F,0,29,Sat,17,Regional
grocery,6.96,M,0,38,Sun,13,Long_Distance
shopping,1.57,F,0,27,Sun,12,Commute
health,25.02,F,0,32,Tue,22,Remote
misc,9.56,F,0,34,Mon,4,Commute
grocery,16.43,F,0,38,Sat,19,Long_Distance
shopping,5.33,F,0,47,Tue,16,Regional
grocery,111.83,F,0,34,Mon,8,Long_Distance
grocery,18.81,F,0,42,Wed,8,Local
travel,86.46,F,0,53,Mon,9,Long_Distance
travel,58.94,M,0,48,Thu,2,Long_Distance
grocery,66.34,M,0,59,Thu,0,Long_Distance
entertainment,58.54,M,0,58,Sun,14,Long_Distance
shopping,2.95,M,0,40,Thu,20,Long_Distance
health,76.36,M,0,39,Mon,13,Long_Distance
shopping,51.56,M,0,57,Fri,10,Remote
misc,3.79,F,0,21,Sat,20,Commute
home,46.14,M,0,40,Sat,22,Regional
personal,14.29,F,0,39,Tue,21,Long_Distance
shopping,8.81,F,0,47,Tue,18,Regional
misc,38.13,F,0,31,Sun,5,Commute
entertainment,61.95,F,0,50,Thu,20,Regional
home,31.93,F,0,86,Sat,21,Long_Distance
shopping,5.59,F,0,47,Wed,16,Local
misc,32.16,F,0,57,Mon,3,Commute
travel,61.28,M,0,55,Sat,5,Commute
home,131.75,M,0,93,Tue,14,Regional
shopping,16.83,F,0,33,Sat,18,Regional
shopping,137.45,M,0,41,Mon,13,Commute
shopping,1.78,M,0,50,Tue,3,Long_Distance
health,24.52,F,0,33,Thu,20,Commute
grocery,117.6,M,0,83,Sun,3,Long_Distance
shopping,2.66,F,0,57,Mon,9,Long_Distance
shopping,38.59,M,0,56,Sat,11,Commute
shopping,156.37,M,0,34,Mon,10,Long_Distance
home,80.96,M,0,64,Fri,13,Regional
travel,7.97,F,0,33,Fri,19,Regional
health,263.45,F,0,41,Sun,18,Long_Distance
misc,419.88,F,0,34,Sun,14,Regional
health,29.71,F,0,67,Wed,21,Regional
entertainment,57.58,F,0,46,Wed,20,Commute
grocery,15.41,M,0,23,Tue,4,Long_Distance
shopping,4.52,F,0,46,Sun,20,Long_Distance
entertainment,166.53,F,0,29,Sun,15,Long_Distance
entertainment,15.23,M,0,74,Wed,15,Long_Distance
misc,393.27,M,0,53,Thu,4,Long_Distance
shopping,7.83,M,0,49,Fri,12,Regional
home,105.54,F,0,27,Wed,20,Regional
health,71.33,M,0,38,Wed,15,Regional
grocery,58.5,M,0,65,Wed,7,Long_Distance
misc,34.91,F,0,31,Thu,10,Regional
home,95.89,M,0,34,Tue,15,Regional
shopping,4.98,F,0,21,Sun,18,Long_Distance
grocery,218.23,F,0,49,Fri,9,Remote
misc,39.94,M,0,30,Thu,5,Long_Distance
grocery,8.11,M,0,54,Tue,17,Regional
travel,8.86,F,0,51,Sun,16,Regional
misc,2.57,F,0,31,Tue,5,Commute
travel,61.63,M,0,40,Sat,3,Regional
health,3.84,F,0,50,Sun,20,Regional
personal,9.02,M,0,42,Fri,17,Long_Distance
home,37.34,F,0,89,Sat,23,Commute
personal,51.72,M,0,64,Thu,23,Commute
personal,25.23,M,0,78,Wed,16,Long_Distance
entertainment,62.91,M,0,40,Mon,13,Long_Distance
travel,48.19,F,0,51,Tue,1,Long_Distance
misc,62.3,F,0,44,Tue,4,Commute
grocery,63.93,M,0,30,Thu,5,Long_Distance
grocery,11.58,M,0,37,Thu,14,Long_Distance
travel,88.74,M,0,42,Tue,7,Regional
shopping,1.47,F,0,31,Sun,16,Regional
home,152.06,F,0,29,Tue,19,Long_Distance
personal,73.41,M,0,45,Sun,12,Commute
shopping,8.63,F,0,26,Mon,21,Commute
personal,15.78,F,0,47,Fri,20,Commute
travel,55.41,F,0,25,Sun,9,Long_Distance
shopping,206.12,M,0,82,Mon,4,Commute
travel,38.97,F,0,20,Mon,4,Regional
home,77.54,M,0,33,Sat,19,Long_Distance
shopping,10.51,F,0,49,Mon,18,Commute
shopping,3.54,M,0,54,Mon,5,Long_Distance
grocery,69.34,F,0,39,Fri,18,Commute
grocery,86.66,M,0,44,Tue,7,Remote
grocery,30.01,F,0,35,Mon,9,Long_Distance
grocery,77.62,F,0,48,Sun,1,Commute
shopping,8.14,F,0,76,Wed,1,Long_Distance
personal,4.1,M,0,44,Thu,18,Long_Distance
grocery,59.4,M,0,58,Sat,20,Local
health,41.92,F,0,74,Tue,21,Regional
entertainment,53.98,F,0,23,Sun,18,Commute
misc,33.73,M,0,45,Sun,6,Regional
home,135.35,F,0,72,Tue,12,Long_Distance
home,31.47,M,0,81,Sun,16,Long_Distance
grocery,60.51,F,0,56,Tue,11,Regional
shopping,7.6,F,0,20,Sun,19,Commute
home,55.91,F,0,61,Sat,20,Regional
grocery,196.63,F,0,31,Wed,6,Local
home,67.69,F,0,67,Thu,23,Long_Distance
entertainment,16.87,F,0,44,Mon,17,Long_Distance
entertainment,18.89,M,0,39,Thu,16,Long_Distance
grocery,28.62,M,0,52,Tue,6,Long_Distance
travel,73.63,F,0,80,Sat,7,Long_Distance
entertainment,26.98,F,0,52,Mon,22,Commute
shopping,9.55,F,0,45,Mon,13,Commute
grocery,81.38,F,0,71,Wed,1,Long_Distance
grocery,61.14,M,0,33,Sun,23,Long_Distance
home,44.88,F,0,42,Tue,12,Long_Distance
health,8.54,M,0,94,Tue,19,Commute
grocery,199.01,F,0,42,Fri,9,Long_Distance
grocery,50.55,M,0,47,Fri,6,Commute
grocery,87.64,M,0,41,Mon,8,Commute
home,284.57,F,0,54,Wed,16,Regional
shopping,9.35,M,0,34,Tue,18,Long_Distance
health,17.56,F,0,93,Sun,21,Commute
travel,492.87,M,0,26,Wed,16,Commute
grocery,47.69,M,0,45,Wed,1,Long_Distance
grocery,91.1,F,0,54,Thu,15,Regional
grocery,70.61,M,0,28,Mon,5,Long_Distance
grocery,240.38,F,0,42,Tue,7,Regional
shopping,733.05,F,0,80,Sun,11,Long_Distance
shopping,334.02,F,0,48,Mon,19,Regional
health,36.97,F,0,28,Mon,16,Long_Distance
shopping,138.69,M,0,38,Wed,1,Long_Distance
grocery,174.88,F,0,25,Fri,6,Commute
entertainment,20.56,F,0,32,Thu,17,Long_Distance
home,68.96,M,0,54,Sun,20,Long_Distance
entertainment,66.13,F,0,30,Fri,14,Long_Distance
travel,58.79,M,0,23,Wed,1,Regional
misc,135.81,F,0,20,Sun,21,Long_Distance
grocery,41.17,M,0,52,Mon,12,Long_Distance
shopping,83.54,M,0,57,Mon,8,Local
home,7.63,F,0,55,Fri,15,Commute
misc,6.69,F,0,46,Sun,1,Regional
misc,1.44,F,0,37,Fri,9,Regional
shopping,8.7,F,0,37,Sat,13,Regional
misc,4.19,M,0,72,Sat,11,Regional
personal,38.46,F,0,92,Fri,20,Regional
misc,97.16,F,0,20,Tue,12,Long_Distance
grocery,83.6,F,0,29,Sun,2,Commute
entertainment,61.62,M,0,30,Fri,20,Commute
shopping,5.66,M,0,23,Mon,22,Long_Distance
entertainment,49.9,M,0,30,Fri,20,Remote
grocery,208.78,M,0,76,Sun,17,Long_Distance
home,59.25,F,0,71,Tue,20,Commute
misc,1.04,M,0,56,Wed,11,Local
entertainment,20.62,F,0,75,Thu,17,Commute
home,57.41,M,0,52,Mon,17,Long_Distance
home,39.48,M,0,47,Thu,22,Commute
grocery,105.5,M,0,46,Thu,10,Long_Distance
travel,50.02,F,0,45,Fri,10,Long_Distance
travel,75.43,M,0,57,Sun,3,Long_Distance
grocery,85.81,M,0,42,Mon,9,Regional
misc,5.11,F,0,79,Sun,6,Long_Distance
misc,9.19,F,0,32,Wed,14,Long_Distance
grocery,61.65,M,0,38,Tue,12,Commute
misc,43.41,F,0,30,Sun,23,Commute
personal,105.68,F,0,94,Fri,13,Long_Distance
home,20.95,M,0,53,Mon,14,Long_Distance
home,145.87,M,0,44,Wed,21,Long_Distance
misc,282.17,F,0,36,Thu,4,Long_Distance
personal,18.18,M,0,78,Thu,20,Commute
personal,47.27,F,0,72,Tue,15,Regional
home,56.47,M,0,27,Tue,20,Regional
travel,60.22,M,0,89,Tue,3,Long_Distance
home,63.88,F,0,44,Wed,19,Long_Distance
grocery,34.14,M,0,31,Mon,23,Regional
misc,11.09,F,0,28,Mon,21,Commute
home,177.64,F,0,34,Thu,15,Regional
home,42.9,M,0,37,Thu,15,Long_Distance
entertainment,23.78,F,0,42,Sun,13,Commute
entertainment,40.76,M,0,75,Tue,13,Regional
entertainment,72.33,M,0,37,Sat,13,Commute
misc,7.12,M,0,36,Mon,15,Commute
home,15.68,F,0,53,Sat,17,Long_Distance
travel,74.27,F,0,22,Mon,10,Long_Distance
misc,275.9,F,0,36,Sun,1,Long_Distance
home,77.53,M,0,31,Mon,18,Long_Distance
grocery,44.81,M,0,38,Thu,3,Long_Distance
shopping,15.36,M,0,38,Sat,17,Remote
personal,47.85,F,0,29,Tue,16,Long_Distance
grocery,152.82,F,0,78,Mon,7,Regional
grocery,83.82,M,0,34,Thu,3,Long_Distance
misc,1.32,M,0,26,Wed,19,Long_Distance
entertainment,64.5,M,0,24,Thu,12,Long_Distance
grocery,1.01,F,0,33,Mon,13,Long_Distance
grocery,1.8,M,0,23,Mon,16,Long_Distance
grocery,98.34,M,0,31,Mon,2,Long_Distance
home,112.48,F,0,30,Tue,18,Long_Distance
shopping,1.78,M,0,59,Mon,3,Long_Distance
home,87.07,M,0,44,Sun,13,Long_Distance
travel,9.6,F,0,26,Tue,21,Commute
entertainment,11.62,F,0,62,Mon,3,Long_Distance
home,49.74,M,0,42,Tue,20,Long_Distance
shopping,2.53,M,0,54,Tue,5,Long_Distance
home,8.9,M,0,34,Sun,21,Regional
home,66.75,F,0,62,Sun,16,Commute
misc,2.16,F,0,44,Thu,14,Commute
shopping,142.08,M,0,70,Thu,7,Long_Distance
entertainment,10.83,F,0,37,Thu,17,Long_Distance
misc,206.53,M,0,42,Thu,16,Commute
personal,3.92,F,0,54,Mon,17,Regional
misc,73.42,M,0,64,Sun,3,Local
grocery,89.5,F,0,52,Sat,11,Regional
travel,85.26,M,0,44,Sat,10,Long_Distance
misc,1.04,F,0,73,Tue,6,Regional
entertainment,49.33,F,0,22,Fri,12,Regional
travel,4.6,F,0,43,Sat,20,Long_Distance
personal,9.31,M,0,51,Mon,14,Regional
entertainment,23.56,F,0,44,Sat,20,Commute
shopping,109.32,M,0,19,Fri,15,Commute
home,87.24,F,0,42,Sun,14,Regional
misc,1.5,F,0,24,Mon,23,Long_Distance
shopping,9.36,F,0,28,Sun,22,Commute
grocery,52.15,M,0,49,Sat,7,Long_Distance
grocery,79.5,F,0,26,Fri,22,Commute
grocery,105.25,F,0,32,Sat,4,Local
health,28.93,F,0,30,Mon,21,Long_Distance
shopping,3.29,M,0,56,Mon,4,Commute
entertainment,22.77,M,0,35,Wed,22,Long_Distance
travel,46.95,F,0,37,Mon,11,Remote
shopping,1.38,F,0,90,Mon,6,Commute
shopping,9.12,M,0,63,Sun,2,Long_Distance
misc,2.48,M,0,27,Sun,20,Long_Distance
grocery,140.27,M,0,58,Fri,3,Long_Distance
misc,4.55,M,0,72,Sun,6,Commute
entertainment,94.09,M,0,33,Sun,18,Local
travel,41.27,F,0,54,Mon,8,Commute
misc,4.21,M,0,34,Tue,23,Regional
misc,6.09,M,0,68,Thu,1,Regional
misc,19.33,F,0,53,Sun,10,Long_Distance
health,40.61,F,0,33,Thu,12,Commute
health,27.82,F,0,57,Mon,14,Long_Distance
shopping,1.01,F,0,32,Fri,19,Commute
grocery,187.2,F,0,48,Thu,9,Commute
grocery,80.51,F,0,32,Sun,3,Long_Distance
health,58.08,M,0,46,Thu,19,Commute
grocery,68.62,F,0,61,Thu,11,Remote
home,5.59,F,0,46,Tue,20,Commute
home,23.99,M,0,25,Sat,23,Remote
grocery,127.37,F,0,42,Sun,5,Commute
health,8.66,M,0,47,Wed,14,Commute
entertainment,25.0,F,0,87,Tue,1,Commute
grocery,193.65,F,0,48,Fri,1,Long_Distance
home,19.08,F,0,64,Thu,20,Long_Distance
home,4.04,F,0,65,Mon,13,Long_Distance
grocery,40.93,F,0,44,Sun,8,Long_Distance
shopping,209.73,F,0,23,Tue,21,Commute
travel,4.29,M,0,32,Fri,14,Long_Distance
home,25.44,M,0,58,Fri,21,Local
grocery,135.49,M,0,65,Mon,5,Commute
misc,568.6,F,0,33,Sat,0,Long_Distance
personal,97.51,F,0,50,Mon,23,Local
home,2.02,F,0,63,Sun,20,Long_Distance
grocery,189.16,F,0,28,Mon,9,Long_Distance
shopping,6.99,F,0,55,Sun,5,Long_Distance
entertainment,31.91,M,0,53,Fri,14,Long_Distance
shopping,9.69,M,0,30,Tue,15,Regional
home,126.66,M,0,60,Wed,23,Remote
shopping,1.15,F,0,22,Wed,23,Long_Distance
health,78.63,M,0,30,Wed,13,Long_Distance
grocery,101.16,M,0,32,Sun,4,Regional
shopping,46.17,M,0,51,Sun,8,Remote
grocery,119.28,M,0,40,Sun,2,Commute
travel,63.03,F,0,48,Sat,9,Long_Distance
entertainment,53.05,F,0,33,Mon,16,Remote
home,10.12,F,0,21,Fri,13,Regional
shopping,7.77,F,0,32,Sat,20,Long_Distance
misc,2.4,F,0,31,Tue,16,Long_Distance
home,41.92,M,0,69,Sat,16,Long_Distance
home,7.73,F,0,39,Mon,15,Regional
travel,50.93,F,0,41,Sun,8,Regional
shopping,100.73,M,0,37,Sun,3,Remote
home,39.58,F,0,45,Mon,14,Long_Distance
grocery,149.17,M,0,54,Mon,10,Commute
shopping,8.07,F,0,32,Mon,17,Long_Distance
home,42.58,F,0,34,Tue,12,Long_Distance
grocery,7.17,F,0,15,Sat,13,Long_Distance
grocery,5.79,M,0,26,Mon,23,Regional
personal,29.69,F,0,26,Fri,15,Regional
entertainment,11.8,F,0,70,Fri,20,Regional
home,1.35,F,0,61,Sat,22,Regional
misc,7.63,M,0,42,Thu,8,Long_Distance
grocery,41.13,F,0,22,Mon,10,Regional
entertainment,11.81,M,0,49,Sat,2,Regional
misc,218.4,F,0,36,Wed,8,Regional
entertainment,91.16,M,0,31,Wed,12,Long_Distance
home,61.03,F,0,58,Sat,18,Commute
shopping,101.92,F,0,29,Sat,14,Long_Distance
grocery,89.68,F,0,53,Fri,6,Long_Distance
personal,58.83,M,0,45,Sun,13,Commute
health,53.25,M,0,52,Sun,12,Long_Distance
home,85.9,F,0,25,Mon,14,Regional
grocery,58.34,F,0,83,Tue,5,Commute
travel,5.63,F,0,32,Fri,15,Commute
personal,87.25,F,0,27,Sat,12,Commute
shopping,1.27,F,0,34,Sat,13,Commute
misc,16.03,F,0,23,Sat,13,Commute
travel,69.18,F,0,39,Mon,9,Long_Distance
shopping,97.92,M,0,41,Mon,9,Commute
grocery,175.43,F,0,28,Mon,10,Commute
home,30.45,F,0,42,Sat,21,Long_Distance
shopping,6.23,F,0,44,Wed,22,Long_Distance
home,113.39,F,0,27,Sun,19,Commute
grocery,100.49,M,0,46,Mon,5,Regional
grocery,8.79,M,0,49,Wed,19,Long_Distance
personal,24.85,F,0,60,Tue,23,Long_Distance
shopping,96.39,M,0,29,Wed,9,Regional
personal,15.79,F,0,46,Sun,20,Long_Distance
home,34.97,M,0,35,Wed,17,Regional
personal,11.32,M,0,80,Thu,13,Regional
shopping,3.31,F,0,48,Mon,15,Regional
travel,66.7,M,0,55,Wed,5,Long_Distance
grocery,119.28,F,0,49,Thu,11,Long_Distance
misc,7.5,F,0,70,Tue,11,Long_Distance
personal,115.58,F,0,39,Sat,12,Regional
home,23.23,F,0,61,Sun,15,Commute
travel,73.77,F,0,15,Sat,6,Commute
grocery,6.44,F,0,66,Wed,12,Regional
shopping,114.24,F,0,19,Mon,18,Regional
grocery,115.16,M,0,17,Mon,22,Remote
home,1.05,F,0,50,Sun,14,Long_Distance
home,48.77,M,0,27,Mon,23,Long_Distance
shopping,9.37,F,0,48,Mon,18,Long_Distance
home,43.27,M,0,52,Tue,19,Long_Distance
shopping,9.16,F,0,41,Sat,18,Long_Distance
misc,104.86,M,0,30,Tue,3,Remote
grocery,129.63,M,0,77,Sun,7,Commute
health,9.92,F,0,60,Wed,12,Commute
personal,31.51,M,0,74,Wed,22,Commute
home,87.22,M,0,36,Fri,22,Commute
home,80.99,M,0,37,Tue,13,Long_Distance
personal,136.69,F,0,49,Fri,21,Long_Distance
shopping,86.22,M,0,39,Tue,1,Commute
health,31.96,M,0,55,Mon,23,Long_Distance
travel,72.41,M,0,61,Sun,10,Long_Distance
shopping,6.61,F,0,59,Fri,6,Long_Distance
health,7.21,F,0,43,Sat,15,Regional
personal,9.15,F,0,59,Sat,13,Commute
home,59.84,M,0,82,Sat,21,Commute
travel,556.98,M,0,42,Sun,19,Long_Distance
shopping,9.22,F,0,72,Sat,2,Commute
travel,74.53,M,0,26,Sat,11,Remote
home,44.11,F,0,49,Wed,14,Long_Distance
home,44.13,F,0,57,Sun,20,Long_Distance
grocery,116.04,M,0,77,Sun,7,Long_Distance
health,19.61,F,0,35,Sun,23,Regional
misc,22.48,M,0,50,Wed,15,Long_Distance
grocery,36.14,F,0,30,Thu,11,Long_Distance
grocery,13.42,F,0,19,Tue,7,Long_Distance
entertainment,99.49,F,0,62,Mon,6,Long_Distance
misc,24.89,F,0,46,Mon,21,Commute
entertainment,96.21,F,0,94,Sun,7,Long_Distance
home,412.98,F,0,46,Sun,12,Regional
travel,41.81,M,0,68,Sat,9,Regional
grocery,61.26,M,0,46,Wed,14,Regional
shopping,8.14,M,0,23,Sun,20,Remote
entertainment,12.38,F,0,62,Mon,3,Regional
personal,21.89,F,0,73,Mon,20,Regional
entertainment,2.86,M,0,20,Tue,17,Commute
travel,77.26,M,0,64,Tue,7,Commute
misc,10.46,F,0,72,Tue,2,Long_Distance
entertainment,63.56,F,0,20,Sat,21,Commute
grocery,39.91,M,0,42,Wed,5,Commute
personal,5.99,M,0,93,Fri,18,Long_Distance
personal,34.43,M,0,76,Fri,23,Long_Distance
home,119.41,F,0,48,Tue,13,Commute
travel,68.91,M,0,41,Sun,4,Long_Distance
grocery,186.93,F,0,29,Thu,5,Regional
misc,9.0,M,0,33,Sat,14,Long_Distance
health,6.66,F,0,62,Thu,21,Regional
shopping,3.85,M,0,44,Sat,22,Commute
misc,4.08,M,0,87,Sun,9,Long_Distance
home,11.4,M,0,44,Sun,20,Regional
home,81.31,F,0,62,Tue,12,Long_Distance
shopping,11.09,F,0,42,Fri,15,Commute
shopping,291.67,F,0,20,Wed,15,Long_Distance
health,62.15,F,0,33,Fri,22,Commute
grocery,86.07,F,0,45,Sun,5,Regional
travel,61.66,M,0,62,Sun,9,Commute
grocery,78.85,M,0,41,Mon,8,Commute
misc,68.21,F,0,27,Wed,18,Long_Distance
home,214.61,F,0,32,Mon,12,Commute
misc,132.84,F,0,48,Sat,10,Remote
misc,4.4,F,0,68,Sun,2,Remote
grocery,13.21,F,0,41,Sat,22,Regional
misc,85.04,F,0,57,Wed,6,Regional
home,267.38,F,0,49,Fri,20,Long_Distance
shopping,7.31,M,0,51,Sat,2,Commute
home,37.58,M,0,51,Sun,23,Long_Distance
personal,1.95,M,0,56,Mon,23,Long_Distance
shopping,6.59,F,0,23,Sun,19,Long_Distance
shopping,1.96,F,0,75,Sun,10,Long_Distance
home,1.44,F,0,48,Sat,12,Remote
home,78.95,F,0,57,Mon,15,Regional
personal,47.62,F,0,52,Sun,15,Commute
grocery,78.45,F,0,22,Sat,0,Long_Distance
shopping,126.76,F,0,36,Sun,14,Commute
personal,1.11,F,0,43,Thu,19,Regional
travel,3.41,F,0,37,Thu,13,Regional
health,70.34,M,0,22,Mon,22,Long_Distance
misc,7.63,M,0,58,Sat,6,Long_Distance
shopping,369.92,F,0,69,Sat,3,Long_Distance
shopping,2.02,M,0,40,Sun,21,Commute
shopping,91.91,M,0,30,Fri,9,Regional
grocery,237.0,F,0,28,Mon,6,Commute
misc,8.96,F,0,57,Sun,9,Remote
personal,1.76,F,0,47,Fri,15,Regional
health,2.23,M,0,20,Mon,14,Commute
home,123.38,M,0,61,Wed,18,Long_Distance
shopping,7.23,F,0,30,Fri,21,Local
misc,3.95,F,0,90,Thu,6,Long_Distance
travel,38.28,F,0,48,Thu,8,Long_Distance
personal,119.31,F,0,49,Mon,16,Regional
grocery,18.58,M,0,60,Fri,6,Long_Distance
grocery,49.89,F,0,49,Sun,2,Regional
entertainment,35.53,M,0,51,Sun,19,Regional
home,46.72,M,0,42,Fri,22,Commute
entertainment,163.46,F,0,29,Mon,13,Commute
shopping,6.61,M,0,84,Fri,11,Local
home,57.62,F,0,45,Fri,22,Commute
home,75.19,M,0,38,Tue,20,Long_Distance
grocery,114.8,F,0,51,Mon,9,Long_Distance
misc,22.14,F,0,49,Sat,14,Long_Distance
home,129.64,M,0,64,Thu,21,Regional
health,43.62,F,0,28,Sun,20,Long_Distance
travel,72.76,F,0,36,Tue,9,Regional
shopping,8.95,F,0,39,Tue,16,Long_Distance
grocery,121.98,F,0,67,Thu,1,Regional
personal,71.61,M,0,53,Mon,12,Long_Distance
personal,99.39,F,0,23,Fri,17,Regional
travel,2.25,M,0,33,Tue,21,Long_Distance
travel,50.49,F,0,52,Mon,9,Regional
shopping,5.85,M,0,52,Sat,2,Commute
grocery,1.54,M,0,29,Sun,16,Commute
travel,57.77,M,0,61,Mon,1,Commute
misc,31.18,M,0,41,Thu,17,Long_Distance
personal,53.78,M,0,73,Tue,14,Commute
shopping,140.98,M,0,40,Sun,8,Local
home,17.1,F,0,43,Tue,15,Commute
grocery,97.15,M,0,41,Sun,2,Regional
health,66.43,M,0,51,Sat,13,Commute
grocery,221.45,F,0,33,Tue,20,Regional
grocery,42.93,M,0,45,Wed,6,Long_Distance
misc,9.25,F,0,42,Fri,5,Long_Distance
shopping,83.41,M,0,39,Sun,1,Regional
entertainment,6.53,F,0,60,Thu,0,Regional
travel,63.12,M,0,63,Wed,9,Long_Distance
shopping,6.19,F,0,43,Wed,21,Commute
home,59.7,M,0,65,Wed,21,Regional
entertainment,66.89,M,0,44,Thu,16,Regional
misc,8.13,F,0,41,Sat,2,Commute
home,42.01,M,0,40,Sun,16,Long_Distance
personal,76.88,M,0,29,Thu,18,Long_Distance
personal,9.51,F,0,82,Thu,14,Regional
shopping,5.43,F,0,71,Sun,4,Commute
travel,74.91,M,0,75,Thu,5,Regional
grocery,51.3,M,0,40,Sun,20,Commute
shopping,6.61,F,0,58,Mon,8,Long_Distance
shopping,3.91,M,0,37,Tue,22,Commute
shopping,184.88,F,0,43,Tue,16,Long_Distance
home,45.08,M,0,41,Thu,17,Commute
shopping,6.45,F,0,48,Mon,12,Remote
shopping,3.13,F,0,31,Fri,15,Regional
misc,82.04,F,0,65,Fri,3,Commute
home,99.45,F,0,60,Thu,14,Local
grocery,117.67,F,0,48,Wed,2,Commute
grocery,83.25,F,0,55,Mon,2,Long_Distance
personal,75.19,M,0,32,Thu,23,Long_Distance
shopping,6.98,M,0,56,Wed,5,Long_Distance
entertainment,56.89,F,0,36,Thu,18,Regional
health,3.73,M,0,76,Thu,12,Regional
grocery,206.98,F,0,43,Tue,10,Remote
grocery,43.77,F,0,49,Mon,20,Regional
entertainment,87.72,M,0,41,Sun,15,Long_Distance
home,50.26,M,0,82,Sat,16,Long_Distance
travel,75.56,F,0,56,Sun,0,Long_Distance
home,49.21,F,0,53,Sat,23,Long_Distance
grocery,94.7,M,0,36,Mon,9,Long_Distance
misc,6.38,F,0,80,Mon,0,Remote
misc,2.29,F,0,28,Fri,1,Regional
grocery,138.8,F,0,59,Thu,2,Long_Distance
shopping,65.41,F,0,20,Thu,16,Long_Distance
grocery,9.77,M,0,76,Mon,19,Commute
travel,59.47,M,0,39,Wed,10,Regional
misc,167.38,F,0,30,Wed,10,Regional
home,21.66,F,0,47,Tue,12,Long_Distance
travel,4.9,M,0,23,Tue,14,Regional
grocery,110.65,M,0,39,Sun,6,Remote
grocery,66.73,F,0,86,Sat,0,Regional
personal,15.24,F,0,54,Wed,17,Regional
shopping,8.76,F,0,35,Wed,12,Commute
home,66.04,M,0,32,Sun,12,Commute
health,273.87,F,0,33,Thu,14,Regional
grocery,42.71,F,0,28,Sun,4,Regional
home,18.38,M,0,54,Sun,16,Local
grocery,56.09,M,0,19,Tue,7,Commute
health,57.9,F,0,39,Sun,14,Commute
grocery,218.89,F,0,43,Tue,8,Commute
misc,8.73,F,0,56,Fri,10,Long_Distance
home,13.8,M,0,66,Wed,13,Commute
grocery,41.79,F,0,74,Thu,14,Long_Distance
travel,56.53,F,0,46,Mon,6,Commute
grocery,60.95,M,0,44,Fri,23,Long_Distance
home,119.25,F,0,32,Mon,19,Commute
grocery,20.66,F,0,47,Thu,17,Long_Distance
shopping,7.17,F,0,54,Fri,9,Long_Distance
home,102.16,M,0,55,Sun,23,Commute
health,75.86,M,0,27,Sat,17,Commute
home,77.59,M,0,31,Fri,21,Commute
misc,116.35,M,0,45,Tue,17,Long_Distance
grocery,162.08,M,0,68,Tue,8,Regional
misc,2.43,M,0,23,Mon,13,Commute
home,34.72,F,0,31,Sat,14,Local
home,9.2,M,0,55,Sun,16,Long_Distance
grocery,243.06,F,0,32,Sun,6,Long_Distance
grocery,179.54,F,0,33,Sat,11,Long_Distance
grocery,32.97,F,0,45,Sun,14,Commute
health,75.99,M,0,33,Sun,12,Long_Distance
grocery,179.04,F,0,36,Sun,6,Long_Distance
travel,63.8,F,0,50,Mon,0,Regional
personal,5.04,M,0,54,Tue,14,Regional
entertainment,1.93,M,0,60,Sun,6,Long_Distance
grocery,48.24,F,0,15,Sun,21,Commute
misc,43.54,M,0,33,Thu,8,Commute
shopping,2.74,M,0,38,Thu,16,Commute
grocery,82.73,M,0,27,Fri,2,Local
home,44.86,M,0,34,Thu,19,Long_Distance
grocery,24.85,M,0,63,Thu,3,Long_Distance
home,86.59,M,0,26,Sun,23,Regional
home,111.65,M,0,42,Wed,17,Commute
home,99.64,M,0,76,Sun,22,Commute
shopping,89.45,F,0,43,Sun,23,Long_Distance
misc,38.97,M,0,34,Mon,8,Regional
personal,40.04,F,0,42,Mon,21,Regional
health,12.79,M,0,22,Wed,22,Long_Distance
grocery,97.7,M,0,67,Sun,11,Long_Distance
home,114.13,F,0,36,Wed,12,Commute
grocery,31.84,F,0,25,Mon,2,Regional
misc,2.3,F,0,32,Thu,4,Regional
grocery,68.87,F,0,48,Mon,9,Regional
misc,18.89,F,0,30,Fri,22,Remote
personal,14.49,F,0,30,Fri,20,Commute
entertainment,6.16,F,0,84,Wed,7,Long_Distance
personal,29.23,M,0,21,Mon,15,Long_Distance
travel,122.29,M,0,47,Sat,0,Regional
travel,504.65,M,0,41,Sat,23,Regional
personal,8.29,F,0,36,Thu,16,Regional
entertainment,87.93,M,0,21,Tue,12,Long_Distance
grocery,95.05,F,0,28,Thu,9,Regional
personal,45.8,M,0,72,Sat,14,Remote
grocery,142.14,M,0,71,Sun,10,Regional
home,43.03,M,0,40,Sat,15,Long_Distance
grocery,110.53,F,0,67,Sat,2,Regional
home,112.04,F,0,47,Mon,15,Long_Distance
home,163.7,M,0,47,Wed,19,Regional
misc,9.17,F,0,92,Sat,5,Remote
health,13.05,F,0,39,Wed,19,Long_Distance
travel,77.25,M,0,61,Sun,7,Long_Distance
home,52.82,M,0,30,Sun,16,Regional
grocery,74.83,M,0,53,Sat,6,Commute
entertainment,29.52,F,0,78,Fri,12,Long_Distance
grocery,20.47,M,0,26,Fri,19,Local
shopping,142.73,M,0,18,Mon,17,Commute
misc,3.48,F,0,41,Tue,13,Long_Distance
entertainment,27.04,M,0,55,Sat,9,Long_Distance
travel,63.02,M,0,30,Thu,6,Regional
travel,46.23,F,0,54,Mon,4,Long_Distance
travel,41.06,F,0,24,Mon,4,Long_Distance
entertainment,72.31,M,0,25,Mon,12,Commute
personal,165.56,F,0,55,Mon,20,Local
home,56.16,M,0,47,Sat,23,Long_Distance
misc,2.15,F,0,45,Sat,13,Regional
grocery,30.54,M,0,32,Thu,16,Regional
entertainment,185.27,M,0,18,Sun,17,Long_Distance
misc,267.9,F,0,35,Mon,10,Long_Distance
shopping,2.51,M,0,31,Mon,13,Long_Distance
shopping,153.79,F,0,32,Wed,14,Long_Distance
personal,19.91,F,0,49,Tue,21,Commute
grocery,96.38,F,0,94,Sun,0,Regional
travel,47.05,F,0,50,Sun,10,Commute
health,3.61,M,0,58,Sat,16,Regional
grocery,64.76,M,0,26,Mon,17,Regional
personal,4.94,F,0,36,Tue,15,Long_Distance
travel,71.77,M,0,53,Fri,10,Long_Distance
shopping,147.46,M,0,37,Thu,0,Regional
home,39.27,F,0,42,Tue,15,Commute
travel,134.59,M,0,94,Mon,16,Long_Distance
shopping,9.42,F,0,29,Thu,16,Long_Distance
health,72.51,M,0,38,Thu,19,Remote
grocery,39.27,F,0,54,Sat,10,Long_Distance
personal,22.45,M,0,50,Mon,19,Regional
entertainment,183.4,M,0,44,Sun,16,Commute
grocery,4.81,F,0,44,Fri,12,Long_Distance
home,10.34,F,0,27,Mon,15,Commute
home,22.15,F,0,31,Thu,21,Commute
personal,159.44,F,0,80,Mon,23,Long_Distance
home,34.2,F,0,32,Mon,23,Long_Distance
grocery,20.16,F,0,28,Sun,15,Local
grocery,117.19,F,0,25,Tue,7,Long_Distance
health,19.96,F,0,29,Mon,19,Commute
misc,27.71,M,0,41,Sat,3,Long_Distance
personal,78.39,M,0,26,Mon,14,Regional
personal,162.22,F,0,23,Tue,23,Long_Distance
shopping,90.75,M,0,34,Tue,0,Long_Distance
shopping,9.83,F,0,31,Tue,16,Regional
grocery,72.38,F,0,26,Sun,1,Commute
home,169.81,F,0,46,Tue,12,Commute
personal,41.21,F,0,32,Sun,21,Long_Distance
grocery,38.72,F,0,49,Mon,7,Long_Distance
home,138.82,M,0,50,Fri,23,Commute
misc,45.43,F,0,36,Sat,0,Commute
travel,61.84,F,0,33,Sun,8,Long_Distance
grocery,11.0,M,0,16,Sat,9,Commute
personal,6.74,F,0,61,Wed,14,Long_Distance
home,45.44,M,0,62,Fri,13,Regional
shopping,130.54,M,0,45,Sat,2,Regional
personal,248.02,F,0,43,Tue,12,Long_Distance
home,6.82,F,0,22,Sat,18,Long_Distance
home,25.92,M,0,46,Fri,16,Regional
personal,61.76,F,0,42,Sat,12,Regional
grocery,86.18,F,0,49,Mon,4,Long_Distance
grocery,98.3,M,0,71,Mon,6,Regional
home,43.79,F,0,35,Thu,20,Long_Distance
shopping,9.67,M,0,67,Wed,7,Regional
health,24.34,F,0,52,Mon,18,Long_Distance
entertainment,228.61,F,0,34,Sun,14,Long_Distance
grocery,151.59,M,0,52,Sun,2,Commute
misc,36.46,M,0,45,Mon,2,Local
grocery,116.49,F,0,84,Thu,9,Long_Distance
health,7.07,F,0,48,Sun,12,Regional
shopping,6.05,F,0,53,Sun,10,Regional
entertainment,35.8,F,0,44,Tue,13,Remote
grocery,83.96,F,0,80,Wed,10,Commute
shopping,268.28,F,0,56,Mon,1,Long_Distance
health,70.28,M,0,55,Mon,23,Long_Distance
health,50.69,F,0,50,Wed,23,Long_Distance
personal,65.12,F,0,58,Fri,14,Long_Distance
entertainment,142.71,M,0,46,Mon,21,Long_Distance
travel,5.49,F,0,65,Wed,13,Commute
personal,9.36,F,0,20,Thu,12,Commute
personal,33.65,F,0,30,Mon,12,Long_Distance
shopping,52.23,F,0,74,Sun,11,Commute
travel,64.71,M,0,62,Sat,9,Long_Distance
misc,227.97,M,0,78,Sat,11,Commute
shopping,53.23,F,0,67,Tue,4,Commute
travel,36.92,M,0,51,Sat,4,Long_Distance
entertainment,7.24,M,0,35,Sun,16,Regional
entertainment,9.85,M,0,56,Tue,5,Commute
shopping,73.41,M,0,37,Sun,2,Regional
grocery,26.29,F,0,31,Wed,12,Long_Distance
grocery,5.14,M,0,19,Mon,20,Regional
shopping,3.25,F,0,47,Sat,19,Long_Distance
entertainment,2.18,F,0,61,Sun,0,Long_Distance
health,38.02,F,0,79,Sat,22,Long_Distance
misc,163.93,F,0,21,Tue,15,Long_Distance
travel,71.04,M,0,82,Sun,9,Long_Distance
shopping,8.56,M,0,62,Sat,8,Commute
misc,2.15,F,0,60,Sun,5,Long_Distance
grocery,59.01,F,0,32,Thu,9,Regional
grocery,16.09,F,0,38,Wed,15,Long_Distance
home,110.95,F,0,31,Mon,22,Regional
travel,45.27,M,0,41,Thu,6,Remote
grocery,54.43,F,0,46,Tue,22,Regional
entertainment,8.66,F,0,56,Wed,4,Long_Distance
grocery,12.24,F,0,33,Fri,14,Long_Distance
travel,45.24,F,0,45,Fri,9,Long_Distance
shopping,199.44,F,0,25,Sun,19,Long_Distance
shopping,1.53,F,0,47,Mon,22,Regional
misc,19.13,F,0,36,Thu,21,Long_Distance
health,144.55,F,0,40,Sun,21,Local
home,1.55,F,0,15,Sun,18,Regional
home,54.3,M,0,41,Thu,16,Long_Distance
travel,60.13,F,0,55,Sat,10,Regional
travel,67.8,F,0,47,Sat,7,Long_Distance
grocery,32.24,M,0,48,Mon,7,Regional
home,18.29,F,0,42,Wed,22,Long_Distance
misc,33.04,M,0,26,Mon,4,Long_Distance
misc,97.95,F,0,37,Tue,7,Commute
health,50.75,F,0,49,Sun,17,Commute
shopping,7.04,F,0,55,Mon,5,Commute
travel,54.9,M,0,50,Tue,8,Commute
home,5.7,M,0,57,Sun,16,Long_Distance
personal,2.38,F,0,21,Tue,13,Regional
home,64.68,M,0,49,Thu,23,Long_Distance
shopping,18.33,F,0,30,Tue,19,Commute
shopping,1.66,M,0,23,Sat,20,Long_Distance
shopping,7.34,F,0,29,Mon,23,Regional
shopping,147.78,M,0,29,Thu,4,Remote
home,71.9,M,0,41,Tue,19,Commute
entertainment,16.44,M,0,71,Mon,14,Local
home,60.0,F,0,25,Tue,21,Long_Distance
home,51.15,M,0,38,Wed,21,Regional
grocery,5.7,F,0,59,Mon,18,Commute
grocery,2.75,M,0,19,Sun,12,Commute
shopping,3.95,M,0,39,Tue,20,Regional
misc,6.88,M,0,54,Thu,5,Long_Distance
personal,9.65,M,0,76,Wed,14,Long_Distance
grocery,93.42,F,0,46,Sat,8,Long_Distance
grocery,95.91,M,0,92,Sun,5,Regional
health,28.76,F,0,57,Sat,21,Local
health,63.61,M,0,73,Mon,21,Commute
home,5.99,M,0,63,Tue,22,Long_Distance
shopping,3.68,M,0,48,Thu,19,Long_Distance
travel,85.91,F,0,32,Wed,9,Commute
grocery,80.56,F,0,47,Sun,3,Regional
shopping,3.61,M,0,40,Sat,23,Remote
grocery,37.93,M,0,34,Mon,8,Remote
misc,11.84,M,0,33,Mon,23,Long_Distance
travel,6.4,F,0,35,Mon,12,Long_Distance
home,67.47,M,0,38,Sat,23,Commute
shopping,3.37,F,0,44,Mon,15,Regional
health,9.51,M,0,30,Tue,17,Regional
personal,118.38,M,0,67,Thu,23,Regional
entertainment,37.96,M,0,65,Mon,1,Commute
grocery,102.11,M,0,25,Sun,4,Long_Distance
grocery,109.45,M,0,26,Tue,4,Commute
home,44.57,M,0,36,Sun,20,Regional
home,17.24,M,0,36,Sun,15,Regional
personal,241.01,F,0,41,Sun,17,Long_Distance
shopping,4.24,M,0,60,Thu,5,Commute
home,135.93,M,0,40,Sun,21,Regional
grocery,39.94,M,0,40,Tue,10,Commute
travel,47.98,F,0,94,Mon,2,Long_Distance
home,69.7,M,0,22,Sun,13,Regional
shopping,3.01,F,0,66,Mon,4,Commute
shopping,5.46,F,0,66,Sun,3,Commute
home,9.2,F,0,65,Fri,21,Regional
grocery,100.81,M,0,42,Mon,7,Long_Distance
grocery,9.97,M,0,21,Thu,14,Regional
personal,53.62,F,0,67,Tue,22,Long_Distance
entertainment,2.81,F,0,32,Sun,15,Long_Distance
misc,10.83,M,0,63,Sat,5,Regional
shopping,568.38,M,0,61,Sun,6,Local
misc,4.86,M,0,40,Wed,18,Long_Distance
grocery,114.32,F,0,30,Fri,2,Long_Distance
misc,3.13,M,0,35,Mon,12,Long_Distance
home,47.44,F,0,48,Mon,22,Regional
shopping,2.81,M,0,53,Fri,7,Commute
health,38.53,M,0,25,Thu,14,Long_Distance
shopping,9.66,M,0,24,Sun,15,Commute
travel,38.98,F,0,23,Tue,9,Commute
grocery,54.36,M,0,30,Thu,0,Long_Distance
grocery,54.05,M,0,48,Sun,22,Remote
travel,82.16,F,0,49,Sat,10,Long_Distance
misc,65.05,F,0,32,Tue,18,Commute
shopping,68.86,F,0,59,Mon,7,Commute
shopping,73.92,M,0,33,Tue,0,Regional
grocery,74.98,F,0,75,Sun,0,Remote
personal,10.55,F,0,43,Sun,21,Commute
home,76.03,F,0,65,Thu,18,Commute
misc,121.18,M,0,44,Sun,15,Long_Distance
home,74.45,M,0,30,Sun,23,Regional
shopping,198.05,F,0,36,Tue,18,Long_Distance
grocery,81.37,F,0,42,Sat,8,Regional
grocery,36.61,F,0,81,Sun,20,Commute
shopping,3.51,M,0,60,Wed,11,Long_Distance
grocery,24.12,M,0,67,Sun,15,Commute
grocery,98.07,M,0,67,Sun,6,Long_Distance
travel,9.84,M,0,51,Mon,21,Regional
misc,4.6,F,0,75,Mon,0,Long_Distance
shopping,6.43,F,0,84,Tue,1,Commute
grocery,1.81,M,0,16,Sun,14,Local
health,40.03,F,0,44,Mon,19,Regional
home,41.72,M,0,53,Thu,14,Commute
health,63.82,M,0,54,Sat,20,Commute
grocery,7.44,F,0,29,Mon,12,Long_Distance
shopping,8.79,F,0,33,Sat,18,Commute
grocery,135.92,F,0,65,Thu,7,Regional
travel,58.1,M,0,49,Sun,0,Regional
home,2.67,F,0,63,Tue,22,Regional
travel,1.68,F,0,49,Sat,18,Long_Distance
entertainment,32.79,F,0,81,Sun,7,Commute
grocery,139.68,F,0,48,Tue,4,Remote
shopping,6.07,F,0,31,Fri,16,Long_Distance
grocery,147.25,M,0,51,Thu,8,Commute
home,24.95,F,0,30,Wed,16,Long_Distance
personal,7.12,F,0,51,Fri,15,Long_Distance
travel,68.62,F,0,35,Sat,7,Commute
grocery,104.69,F,0,71,Thu,9,Commute
shopping,2.32,M,0,21,Sun,14,Regional
travel,61.85,F,0,59,Fri,5,Commute
health,7.99,M,0,51,Thu,22,Remote
shopping,1.77,F,0,34,Mon,12,Commute
grocery,136.54,M,0,62,Thu,3,Commute
grocery,81.55,F,0,53,Sat,6,Long_Distance
home,34.43,M,0,64,Wed,17,Regional
shopping,13.84,F,0,38,Sat,19,Commute
health,73.73,M,0,32,Sun,18,Commute
home,116.28,F,0,31,Fri,18,Long_Distance
entertainment,11.15,M,0,53,Fri,20,Long_Distance
home,47.01,M,0,25,Mon,17,Remote
grocery,81.59,M,0,40,Tue,12,Long_Distance
travel,563.7,M,0,44,Mon,12,Long_Distance
grocery,108.82,F,0,56,Mon,1,Long_Distance
health,27.99,M,0,60,Tue,18,Commute
health,3.52,F,0,36,Fri,12,Long_Distance
grocery,110.15,M,0,52,Sat,1,Regional
travel,63.65,F,0,51,Sun,10,Regional
shopping,1.56,M,0,42,Sat,20,Commute
grocery,66.03,F,0,65,Mon,22,Commute
health,23.15,F,0,31,Mon,18,Long_Distance
home,89.42,M,0,39,Wed,23,Long_Distance
grocery,44.5,M,0,24,Mon,1,Long_Distance
grocery,56.47,M,0,60,Mon,21,Long_Distance
home,73.16,F,0,65,Mon,15,Commute
home,103.19,M,0,51,Mon,14,Remote
shopping,6.75,F,0,65,Fri,11,Remote
grocery,183.53,F,0,36,Wed,4,Long_Distance
grocery,88.75,M,0,49,Mon,19,Long_Distance
entertainment,13.43,F,0,15,Sat,17,Remote
health,62.7,M,0,47,Fri,19,Commute
home,227.27,F,0,55,Tue,12,Long_Distance
health,1.4,M,0,56,Tue,22,Regional
home,121.06,F,0,20,Sun,23,Commute
travel,7.69,M,0,39,Fri,15,Long_Distance
travel,54.95,F,0,45,Thu,2,Regional
travel,59.39,M,0,52,Mon,7,Long_Distance
travel,62.14,F,0,32,Sun,3,Long_Distance
home,64.59,F,0,79,Mon,15,Long_Distance
grocery,58.92,M,0,43,Sun,0,Remote
home,55.74,F,0,31,Fri,17,Long_Distance
entertainment,50.91,M,0,21,Mon,15,Long_Distance
health,30.79,F,0,53,Fri,12,Commute
grocery,36.6,F,0,38,Mon,4,Long_Distance
travel,65.08,M,0,87,Fri,7,Regional
shopping,148.83,M,0,35,Sun,14,Long_Distance
misc,1.28,F,0,52,Sun,1,Long_Distance
home,76.29,M,0,30,Wed,19,Long_Distance
home,17.43,F,0,25,Sat,18,Regional
home,68.88,M,0,45,Mon,19,Long_Distance
shopping,8.31,M,0,55,Thu,3,Commute
travel,60.12,F,0,56,Sat,0,Regional
personal,1.91,F,0,32,Fri,12,Commute
grocery,8.99,M,0,31,Sun,22,Remote
grocery,57.3,M,0,35,Thu,4,Regional
grocery,202.43,F,0,48,Mon,7,Commute
travel,49.68,M,0,42,Mon,5,Long_Distance
shopping,422.87,F,0,26,Mon,17,Regional
misc,26.46,F,0,35,Sun,17,Long_Distance
shopping,128.66,M,0,31,Tue,5,Long_Distance
health,16.99,F,0,30,Fri,23,Regional
home,40.9,M,0,54,Thu,21,Local
personal,66.11,M,0,73,Sun,19,Regional
travel,59.56,F,0,57,Fri,10,Long_Distance
travel,50.03,F,0,29,Fri,10,Regional
shopping,78.81,M,0,52,Thu,2,Long_Distance
personal,19.93,M,0,59,Sat,18,Long_Distance
health,18.7,F,0,48,Sun,22,Commute
home,68.75,F,0,50,Mon,13,Long_Distance
entertainment,34.76,M,0,50,Fri,23,Long_Distance
home,5.63,F,0,37,Thu,22,Commute
home,61.98,F,0,39,Tue,16,Long_Distance
travel,7.75,M,0,32,Sun,18,Long_Distance
home,12.68,M,0,32,Sat,23,Commute
shopping,11.88,F,0,30,Wed,13,Regional
personal,2.66,F,0,42,Tue,16,Long_Distance
personal,39.37,F,0,62,Sat,15,Long_Distance
grocery,8.04,F,0,31,Mon,19,Commute
entertainment,128.11,F,0,45,Thu,18,Long_Distance
misc,7.38,F,0,80,Tue,4,Long_Distance
home,48.31,F,0,28,Mon,19,Long_Distance
grocery,238.16,F,0,27,Mon,7,Regional
misc,464.15,F,0,32,Thu,22,Regional
travel,66.4,M,0,63,Thu,0,Commute
home,18.27,F,0,59,Sat,23,Long_Distance
entertainment,119.61,M,0,33,Mon,23,Long_Distance
grocery,88.93,F,0,69,Sat,2,Commute
grocery,81.61,M,0,55,Fri,13,Commute
shopping,6.8,F,0,93,Tue,11,Regional
entertainment,80.66,M,0,37,Sat,19,Long_Distance
personal,8.96,F,0,37,Wed,19,Commute
shopping,526.95,M,0,72,Sat,0,Commute
personal,11.27,M,0,53,Fri,20,Commute
shopping,2.25,F,0,50,Sat,12,Commute
travel,5.66,F,0,39,Sat,19,Commute
misc,2.65,M,0,42,Sun,0,Long_Distance
travel,48.0,M,0,52,Tue,7,Commute
misc,50.35,F,0,60,Sat,5,Long_Distance
entertainment,12.76,M,0,92,Sun,18,Regional
home,32.56,M,0,40,Thu,22,Long_Distance
travel,56.61,F,0,51,Sun,11,Regional
grocery,163.17,F,0,56,Mon,7,Long_Distance
grocery,56.32,M,0,40,Sun,10,Long_Distance
grocery,3.94,M,0,54,Mon,15,Long_Distance
home,20.33,F,0,68,Thu,12,Long_Distance
misc,6.86,M,0,29,Fri,7,Regional
shopping,7.35,F,0,51,Sat,8,Long_Distance
misc,157.94,M,0,45,Thu,16,Long_Distance
entertainment,26.26,M,0,57,Sat,0,Long_Distance
grocery,55.81,F,0,43,Mon,23,Long_Distance
travel,6.72,M,0,20,Sat,13,Long_Distance
travel,40.36,F,0,76,Wed,3,Long_Distance
home,110.5,F,0,37,Mon,20,Regional
personal,14.52,F,0,68,Sat,15,Commute
shopping,5.07,F,0,54,Mon,8,Local
misc,183.4,F,0,19,Thu,12,Long_Distance
health,75.76,M,0,30,Fri,12,Long_Distance
travel,41.36,M,0,18,Sat,1,Long_Distance
grocery,126.0,F,0,70,Fri,8,Long_Distance
shopping,352.85,F,0,29,Sat,19,Long_Distance
grocery,224.68,F,0,31,Mon,0,Long_Distance
grocery,114.34,F,0,50,Tue,11,Commute
misc,1.12,F,0,29,Sun,17,Regional
grocery,31.67,F,0,47,Mon,8,Local
shopping,9.23,F,0,45,Thu,13,Long_Distance
shopping,570.87,F,0,29,Tue,22,Long_Distance
shopping,317.58,M,0,40,Sat,15,Regional
shopping,167.75,M,0,59,Mon,1,Regional
home,47.2,F,0,36,Tue,17,Long_Distance
health,36.24,M,0,50,Fri,20,Regional
grocery,82.1,M,0,27,Mon,1,Long_Distance
personal,15.64,M,0,31,Tue,12,Long_Distance
grocery,44.81,F,0,15,Sat,0,Long_Distance
grocery,114.31,F,0,48,Sun,19,Regional
home,91.29,M,0,32,Sun,14,Long_Distance
misc,8.17,F,0,58,Fri,3,Long_Distance
grocery,59.52,F,0,46,Mon,9,Remote
home,120.41,F,0,56,Tue,17,Long_Distance
home,253.54,F,0,49,Thu,19,Regional
health,63.29,M,0,61,Fri,21,Regional
health,73.95,M,0,48,Mon,23,Commute
grocery,12.53,F,0,22,Sat,0,Local
travel,75.98,M,0,40,Sun,9,Commute
misc,6.7,F,0,23,Tue,13,Remote
misc,3.93,F,0,25,Tue,16,Long_Distance
shopping,9.01,M,0,54,Sun,9,Remote
home,4.72,M,0,43,Wed,14,Commute
grocery,193.14,F,0,45,Thu,0,Commute
travel,538.4,M,0,37,Wed,18,Commute
home,62.43,F,0,83,Wed,15,Local
travel,7.94,M,0,58,Thu,21,Long_Distance
health,98.16,M,0,65,Thu,21,Long_Distance
entertainment,28.69,M,0,59,Mon,12,Commute
entertainment,73.81,M,0,41,Sun,13,Long_Distance
shopping,9.5,M,0,53,Mon,4,Commute
home,19.74,M,0,93,Mon,21,Regional
health,14.43,F,0,23,Fri,20,Long_Distance
misc,49.54,F,0,39,Sat,3,Commute
shopping,7.42,F,0,35,Sun,14,Remote
misc,37.33,M,0,64,Fri,4,Regional
grocery,50.97,F,0,94,Mon,19,Commute
misc,9.68,M,0,68,Tue,8,Regional
misc,22.07,M,0,58,Sun,5,Long_Distance
travel,59.74,F,0,58,Mon,0,Remote
grocery,266.22,F,0,23,Wed,13,Local
misc,1.15,M,0,66,Tue,4,Commute
grocery,50.72,M,0,22,Sun,1,Commute
personal,33.35,F,0,41,Fri,22,Regional
home,357.74,M,0,65,Thu,23,Remote
personal,74.4,M,0,31,Thu,19,Commute
health,65.83,F,0,65,Wed,14,Remote
home,68.43,M,0,74,Sun,16,Long_Distance
grocery,20.49,F,0,23,Wed,22,Commute
home,35.32,M,0,29,Mon,15,Long_Distance
misc,122.03,F,0,21,Mon,12,Regional
entertainment,343.99,M,0,24,Sun,13,Regional
misc,37.17,M,0,42,Sat,9,Long_Distance
home,21.26,F,0,48,Mon,19,Regional
travel,6.59,M,0,74,Sat,23,Long_Distance
shopping,2.99,F,0,35,Fri,22,Long_Distance
travel,70.19,F,0,42,Thu,8,Local
home,27.13,F,0,34,Sun,20,Commute
home,51.25,M,0,41,Fri,23,Regional
grocery,127.39,F,0,64,Sat,4,Long_Distance
health,130.91,F,0,15,Wed,18,Commute
health,50.9,M,0,30,Sun,15,Commute
grocery,86.47,M,0,60,Fri,1,Local
travel,5.44,M,0,53,Thu,23,Commute
shopping,3.44,F,0,43,Sun,23,Long_Distance
grocery,161.38,F,0,55,Wed,2,Long_Distance
health,5.24,M,0,89,Thu,17,Long_Distance
entertainment,143.19,F,0,54,Mon,21,Long_Distance
personal,37.51,F,0,51,Mon,18,Long_Distance
home,64.71,F,0,36,Sat,12,Long_Distance
home,138.63,F,0,38,Thu,21,Regional
travel,7.22,M,0,54,Thu,18,Long_Distance
home,87.67,M,0,52,Thu,12,Long_Distance
shopping,8.0,F,0,68,Tue,8,Regional
health,63.86,M,0,18,Sun,23,Local
grocery,146.28,F,0,46,Fri,3,Long_Distance
personal,81.85,F,0,34,Wed,17,Remote
home,55.92,M,0,54,Sun,13,Regional
misc,1.36,F,0,49,Fri,18,Commute
grocery,132.18,M,0,74,Fri,10,Commute
shopping,9.38,M,0,58,Sat,5,Remote
misc,12.97,F,0,43,Fri,19,Regional
travel,457.98,M,0,27,Thu,18,Regional
shopping,3.53,M,0,49,Tue,20,Commute
shopping,9.76,M,0,43,Mon,15,Regional
home,55.36,M,0,20,Sun,15,Regional
shopping,4.6,F,0,61,Wed,0,Long_Distance
grocery,64.39,F,0,94,Mon,17,Long_Distance
personal,55.39,F,0,66,Sat,16,Commute
entertainment,38.75,F,0,32,Fri,23,Regional
travel,63.24,M,0,41,Sun,11,Long_Distance
shopping,452.5,F,0,56,Mon,0,Long_Distance
entertainment,17.65,M,0,75,Mon,17,Regional
grocery,45.34,M,0,44,Sat,1,Regional
personal,164.21,F,0,47,Fri,20,Long_Distance
home,9.68,F,0,42,Thu,19,Long_Distance
shopping,2.14,F,0,24,Wed,12,Commute
grocery,91.14,M,0,50,Sat,10,Regional
grocery,4.38,F,0,23,Mon,21,Regional
grocery,58.59,M,0,54,Sat,2,Long_Distance
entertainment,66.04,M,0,26,Mon,23,Remote
grocery,46.09,M,0,37,Sat,3,Long_Distance
travel,29.9,M,0,21,Fri,3,Long_Distance
travel,76.41,F,0,23,Mon,8,Commute
travel,56.31,F,0,32,Sat,11,Regional
grocery,37.55,M,0,64,Mon,3,Long_Distance
grocery,81.19,F,0,21,Sun,22,Long_Distance
home,91.98,F,0,22,Mon,14,Long_Distance
health,77.93,M,0,34,Sun,20,Commute
home,117.12,M,0,47,Wed,19,Regional
misc,4.73,M,0,48,Mon,23,Commute
home,93.47,M,0,39,Tue,17,Long_Distance
shopping,6.26,F,0,26,Fri,22,Remote
grocery,74.5,F,0,32,Mon,0,Long_Distance
personal,3.12,M,0,35,Wed,20,Long_Distance
misc,7.2,M,0,44,Fri,3,Long_Distance
grocery,165.62,F,0,32,Wed,6,Long_Distance
misc,5.1,M,0,33,Tue,2,Commute
travel,67.25,M,0,29,Sat,6,Commute
shopping,63.27,F,0,54,Sun,6,Remote
travel,38.77,M,0,73,Sun,7,Long_Distance
personal,63.91,F,0,34,Thu,13,Long_Distance
home,79.47,M,0,61,Tue,16,Long_Distance
grocery,76.61,M,0,50,Sat,2,Long_Distance
health,9.73,M,0,65,Thu,19,Commute
misc,87.29,M,0,34,Fri,10,Long_Distance
health,39.5,F,0,50,Thu,13,Regional
misc,222.39,F,0,31,Mon,10,Commute
shopping,7.78,M,0,56,Thu,3,Regional
home,16.0,M,0,33,Sun,12,Long_Distance
grocery,127.9,M,0,17,Mon,20,Long_Distance
travel,41.72,F,0,40,Wed,10,Commute
home,22.67,M,0,73,Tue,20,Regional
shopping,278.16,F,0,85,Tue,3,Long_Distance
grocery,41.03,M,0,25,Sat,6,Long_Distance
travel,108.55,F,0,43,Sat,0,Regional
personal,9.32,M,0,20,Fri,20,Regional
misc,7.11,M,0,88,Sun,4,Commute
entertainment,201.72,M,0,34,Fri,23,Long_Distance
health,77.67,M,0,41,Thu,22,Regional
health,31.51,M,0,42,Tue,12,Commute
home,4.99,M,0,41,Sat,23,Commute
grocery,68.68,M,0,74,Tue,6,Long_Distance
misc,4.64,M,0,49,Thu,2,Long_Distance
home,93.33,M,0,45,Tue,14,Long_Distance
entertainment,9.31,F,0,57,Thu,5,Regional
personal,176.49,F,0,31,Mon,20,Local
shopping,151.09,M,0,36,Tue,9,Long_Distance
entertainment,15.05,F,0,42,Thu,22,Long_Distance
shopping,2.71,F,0,59,Fri,6,Long_Distance
misc,5.07,F,0,43,Sat,16,Commute
home,124.98,M,0,50,Sat,18,Regional
shopping,43.76,F,0,15,Sat,19,Long_Distance
misc,8.49,M,0,46,Sat,1,Long_Distance
misc,77.72,M,0,47,Tue,5,Local
grocery,59.93,M,0,47,Fri,0,Regional
shopping,5.11,F,0,92,Sun,10,Local
travel,29.17,F,0,58,Mon,2,Long_Distance
travel,68.26,F,0,35,Sat,5,Commute
grocery,205.04,F,0,27,Sun,0,Long_Distance
travel,6.94,M,0,21,Tue,16,Long_Distance
shopping,6.97,M,0,33,Mon,18,Commute
home,9.8,M,0,79,Mon,15,Regional
entertainment,20.53,M,0,60,Fri,20,Regional
shopping,8.26,F,0,85,Tue,11,Regional
grocery,194.1,F,0,42,Sat,5,Commute
home,8.01,F,0,54,Mon,16,Regional
health,49.95,M,0,61,Fri,21,Long_Distance
home,76.31,M,0,26,Fri,19,Commute
personal,34.15,M,0,22,Thu,18,Commute
personal,18.76,M,0,58,Sun,16,Long_Distance
health,32.49,M,0,31,Tue,14,Commute
grocery,38.25,M,0,29,Sun,11,Long_Distance
travel,67.57,M,0,60,Wed,5,Commute
entertainment,45.49,F,0,29,Wed,17,Regional
grocery,199.39,F,0,35,Mon,9,Long_Distance
shopping,3.13,F,0,32,Sat,16,Long_Distance
misc,26.13,F,0,47,Sun,20,Regional
misc,29.26,M,0,33,Fri,2,Commute
shopping,3.93,F,0,32,Sun,19,Long_Distance
home,5.55,M,0,53,Fri,19,Remote
home,27.24,F,0,48,Wed,20,Regional
grocery,79.73,F,0,42,Thu,16,Long_Distance
entertainment,65.07,F,0,40,Tue,22,Long_Distance
home,17.06,F,0,46,Fri,17,Long_Distance
entertainment,18.97,F,0,50,Mon,23,Local
home,14.84,M,0,26,Thu,21,Commute
travel,63.81,M,0,47,Fri,2,Long_Distance
shopping,7.27,M,0,67,Sat,0,Long_Distance
home,99.09,F,0,66,Thu,15,Local
misc,9.8,F,0,30,Mon,15,Long_Distance
shopping,3.46,M,0,51,Tue,5,Regional
home,87.09,M,0,26,Mon,12,Long_Distance
misc,257.23,M,0,36,Sat,19,Long_Distance
travel,67.87,F,0,74,Wed,5,Long_Distance
grocery,57.62,M,0,52,Fri,3,Long_Distance
home,7.62,F,0,25,Fri,15,Long_Distance
grocery,38.41,F,0,60,Sat,8,Regional
home,32.06,F,0,24,Tue,16,Long_Distance
shopping,37.87,F,0,49,Sun,3,Regional
home,119.07,M,0,43,Fri,17,Commute
shopping,5.64,F,0,57,Mon,1,Regional
misc,9.49,M,0,29,Thu,14,Commute
misc,7.73,F,0,52,Mon,10,Commute
entertainment,6.44,M,0,30,Tue,23,Commute
shopping,1.61,M,0,20,Sat,23,Long_Distance
shopping,1.54,M,0,35,Mon,23,Long_Distance
home,17.1,F,0,44,Mon,23,Long_Distance
travel,46.84,M,0,60,Wed,3,Local
entertainment,121.72,F,0,25,Wed,22,Commute
grocery,19.0,F,0,38,Mon,23,Regional
travel,63.33,F,0,43,Wed,11,Commute
personal,10.64,F,0,85,Tue,22,Regional
misc,118.14,M,0,46,Wed,16,Long_Distance
shopping,4.64,F,0,25,Sun,14,Regional
travel,75.16,F,0,57,Sat,9,Regional
misc,166.28,F,0,51,Mon,8,Long_Distance
shopping,3.24,M,0,67,Sun,3,Regional
grocery,150.28,M,0,58,Sun,9,Commute
grocery,4.05,M,0,66,Wed,22,Long_Distance
home,126.12,M,0,39,Tue,14,Long_Distance
grocery,112.4,M,0,47,Tue,7,Commute
grocery,50.92,M,0,26,Mon,9,Long_Distance
travel,55.22,M,0,23,Mon,6,Long_Distance
shopping,7.01,F,0,41,Thu,19,Local
shopping,5.43,M,0,77,Mon,4,Long_Distance
home,42.13,F,0,86,Fri,21,Remote
entertainment,38.51,F,0,44,Mon,16,Long_Distance
personal,57.48,F,0,46,Thu,20,Local
travel,67.97,M,0,30,Sat,1,Long_Distance
travel,50.58,F,0,32,Sat,10,Local
home,24.56,M,0,25,Tue,18,Commute
entertainment,100.92,F,0,44,Fri,15,Regional
entertainment,13.92,M,0,49,Wed,12,Regional
home,255.07,M,0,46,Sat,14,Regional
health,8.32,M,0,38,Sun,17,Remote
health,4.25,F,0,33,Wed,22,Long_Distance
shopping,11.27,M,0,59,Wed,11,Commute
shopping,5.64,F,0,30,Tue,20,Commute
shopping,8.83,F,0,49,Wed,19,Commute
travel,75.11,M,0,49,Fri,11,Commute
grocery,94.07,F,0,45,Sat,0,Commute
shopping,1.01,M,0,68,Tue,4,Commute
health,57.06,F,0,33,Wed,20,Long_Distance
shopping,4.76,M,0,42,Mon,18,Long_Distance
shopping,9.94,M,0,33,Mon,23,Commute
shopping,5.73,F,0,48,Tue,23,Regional
home,86.79,M,0,45,Wed,23,Local
misc,26.4,F,0,28,Mon,10,Long_Distance
home,35.59,F,0,44,Sun,22,Long_Distance
entertainment,23.06,M,0,63,Sat,7,Long_Distance
travel,66.46,M,0,67,Fri,1,Long_Distance
home,38.35,F,0,27,Wed,21,Long_Distance
home,98.56,M,0,75,Wed,14,Long_Distance
travel,62.9,F,0,44,Wed,3,Long_Distance
home,74.26,M,0,27,Sun,16,Commute
travel,3.01,M,0,50,Thu,19,Remote
shopping,7.6,F,0,90,Fri,5,Regional
health,72.97,M,0,31,Thu,23,Regional
home,58.51,M,0,74,Tue,12,Commute
personal,8.52,M,0,29,Thu,15,Commute
entertainment,41.55,F,0,42,Sun,21,Long_Distance
shopping,35.94,M,0,62,Sat,0,Long_Distance
shopping,8.32,M,0,35,Tue,17,Regional
entertainment,63.07,M,0,58,Mon,15,Long_Distance
shopping,50.58,F,0,60,Sat,9,Regional
shopping,3.17,M,0,31,Thu,20,Regional
travel,66.37,F,0,48,Sun,0,Long_Distance
travel,9.54,M,0,56,Fri,13,Regional
grocery,205.79,F,0,34,Tue,3,Long_Distance
grocery,48.52,M,0,43,Wed,15,Remote
entertainment,5.08,F,0,38,Thu,17,Long_Distance
personal,157.69,F,0,29,Sun,12,Commute
home,72.04,M,0,38,Sun,15,Long_Distance
home,95.6,F,0,94,Thu,12,Commute
entertainment,104.22,M,0,56,Fri,2,Long_Distance
entertainment,72.75,M,0,43,Sun,18,Long_Distance
grocery,219.3,F,0,38,Sun,11,Local
travel,61.62,M,0,35,Tue,5,Commute
entertainment,141.82,M,0,52,Sun,8,Remote
misc,1.56,M,0,47,Sun,22,Regional
grocery,70.1,M,0,57,Sat,16,Regional
grocery,160.4,F,0,35,Sat,9,Long_Distance
home,137.99,F,0,78,Sat,15,Commute
shopping,95.74,M,0,57,Tue,1,Long_Distance
entertainment,10.02,M,0,58,Mon,12,Commute
grocery,135.29,M,0,39,Thu,5,Long_Distance
entertainment,20.97,F,0,84,Thu,6,Remote
grocery,41.87,F,0,23,Sun,23,Commute
travel,77.24,F,0,35,Wed,6,Long_Distance
entertainment,14.87,F,0,31,Wed,19,Long_Distance
grocery,103.91,F,0,49,Mon,8,Regional
shopping,9.69,F,0,36,Sun,20,Long_Distance
grocery,110.73,M,0,43,Fri,8,Long_Distance
shopping,5.64,F,0,47,Thu,21,Long_Distance
home,65.57,M,0,50,Tue,16,Regional
personal,10.25,M,0,56,Tue,23,Remote
grocery,117.07,F,0,66,Sat,8,Long_Distance
health,75.92,M,0,38,Wed,13,Commute
shopping,8.99,F,0,47,Fri,19,Commute
grocery,23.29,M,0,46,Sun,3,Commute
misc,174.16,M,0,39,Fri,22,Commute
grocery,124.3,F,0,67,Fri,8,Commute
shopping,108.34,M,0,36,Mon,2,Commute
entertainment,106.03,M,0,45,Tue,18,Regional
shopping,5.05,M,0,31,Mon,14,Regional
home,27.88,F,0,90,Mon,22,Long_Distance
shopping,221.36,F,0,39,Fri,14,Regional
home,68.39,F,0,47,Tue,18,Commute
grocery,10.69,M,0,54,Mon,17,Regional
entertainment,73.32,M,0,46,Sun,14,Regional
shopping,21.72,F,0,39,Sun,20,Regional
shopping,52.41,M,0,37,Sat,16,Commute
travel,66.36,F,0,26,Sat,11,Remote
travel,69.19,F,0,35,Fri,1,Long_Distance
home,87.1,M,0,28,Sat,18,Commute
grocery,111.07,M,0,58,Sat,9,Regional
home,92.07,M,0,37,Fri,13,Commute
misc,8.81,F,0,79,Fri,2,Regional
personal,90.87,F,0,35,Tue,16,Long_Distance
health,16.74,F,0,57,Sun,14,Remote
travel,61.76,F,0,68,Mon,8,Long_Distance
home,34.17,M,0,28,Mon,23,Regional
home,204.11,F,0,21,Sun,12,Long_Distance
misc,435.52,F,0,32,Wed,5,Long_Distance
entertainment,86.91,M,0,33,Tue,15,Long_Distance
personal,91.81,F,0,45,Mon,23,Long_Distance
shopping,72.39,M,0,57,Sat,0,Regional
grocery,122.28,M,0,42,Fri,5,Commute
shopping,135.85,M,0,27,Fri,8,Regional
entertainment,73.36,M,0,53,Sun,22,Commute
travel,38.63,F,0,22,Fri,2,Commute
travel,52.9,F,0,44,Tue,6,Regional
misc,742.62,M,0,41,Tue,14,Commute
home,26.7,F,0,45,Tue,21,Commute
shopping,1.46,M,0,33,Mon,14,Long_Distance
grocery,52.79,M,0,41,Sat,0,Long_Distance
entertainment,34.95,M,0,61,Sun,17,Commute
grocery,118.99,M,0,76,Mon,0,Commute
grocery,43.55,F,0,64,Tue,20,Regional
grocery,12.26,F,0,45,Sun,12,Long_Distance
home,52.74,M,0,49,Fri,21,Regional
health,2.65,F,0,21,Thu,14,Regional
home,42.81,M,0,54,Fri,22,Commute
shopping,8.94,F,0,26,Thu,15,Long_Distance
grocery,148.84,M,0,66,Sat,8,Regional
grocery,48.94,M,0,60,Fri,11,Commute
personal,11.57,F,0,84,Sun,22,Long_Distance
misc,6.26,M,0,55,Mon,7,Long_Distance
shopping,85.65,M,0,39,Wed,7,Long_Distance
grocery,55.93,M,0,31,Tue,22,Long_Distance
personal,27.81,F,0,38,Mon,15,Commute
shopping,9.18,M,0,22,Mon,18,Commute
personal,40.23,F,0,47,Mon,15,Long_Distance
shopping,3.18,M,0,71,Fri,7,Regional
shopping,6.35,F,0,47,Sun,12,Long_Distance
grocery,56.45,M,0,29,Sun,17,Commute
misc,30.17,F,0,78,Wed,11,Long_Distance
shopping,146.76,F,0,44,Mon,12,Regional
misc,18.02,M,0,20,Sun,19,Commute
personal,62.66,F,0,42,Fri,23,Commute
home,35.41,F,0,77,Mon,21,Long_Distance
misc,1.73,M,0,47,Mon,6,Long_Distance
shopping,99.31,M,0,46,Fri,6,Commute
travel,49.07,F,0,21,Tue,2,Regional
home,134.17,F,0,30,Sat,13,Commute
home,76.52,M,0,42,Fri,23,Regional
grocery,59.02,F,0,49,Mon,14,Regional
grocery,4.34,M,0,23,Sun,12,Remote
misc,207.31,F,0,15,Fri,12,Long_Distance
shopping,1.47,M,0,35,Thu,17,Regional
personal,11.68,M,0,23,Sun,20,Commute
home,2.33,F,0,42,Tue,14,Long_Distance
travel,9.02,F,0,47,Wed,22,Long_Distance
grocery,182.85,F,0,37,Sun,9,Regional
misc,6.7,M,0,89,Wed,1,Local
grocery,44.56,F,0,71,Sun,19,Commute
travel,66.02,F,0,32,Fri,4,Long_Distance
grocery,50.08,F,0,16,Tue,7,Regional
grocery,75.02,F,0,70,Thu,17,Regional
shopping,2.1,M,0,44,Wed,15,Long_Distance
personal,67.94,F,0,59,Mon,22,Local
grocery,142.15,F,0,88,Mon,0,Local
shopping,14.24,F,0,57,Sat,8,Long_Distance
shopping,1.83,F,0,48,Mon,19,Long_Distance
travel,2.51,F,0,25,Wed,16,Commute
home,82.02,F,0,42,Thu,15,Regional
shopping,3.03,F,0,47,Sun,17,Long_Distance
shopping,2.34,F,0,43,Mon,13,Long_Distance
travel,59.1,F,0,67,Sun,3,Regional
grocery,84.09,M,0,60,Fri,0,Long_Distance
misc,33.12,F,0,48,Sat,7,Long_Distance
misc,1.57,M,0,80,Mon,1,Commute
misc,56.34,F,0,28,Sun,4,Long_Distance
grocery,226.52,F,0,35,Sun,11,Long_Distance
home,38.95,F,0,36,Wed,23,Long_Distance
personal,19.0,F,0,63,Thu,18,Regional
entertainment,204.23,M,0,42,Sun,22,Regional
home,77.47,F,0,40,Sat,13,Regional
travel,8.65,F,0,66,Sun,17,Long_Distance
health,76.8,M,0,31,Mon,15,Regional
travel,55.48,F,0,37,Mon,9,Regional
home,74.74,F,0,47,Sat,16,Commute
entertainment,2.07,M,0,56,Tue,19,Commute
travel,93.49,M,0,41,Wed,0,Regional
home,110.35,M,0,40,Thu,14,Commute
health,10.36,M,0,54,Thu,13,Local
grocery,106.69,M,0,54,Mon,8,Regional
misc,6.96,F,0,38,Tue,13,Regional
shopping,5.82,F,0,43,Thu,14,Long_Distance
misc,2.08,M,0,22,Wed,22,Regional
personal,80.53,M,0,45,Tue,18,Long_Distance
entertainment,3.26,F,0,37,Fri,20,Commute
home,103.75,F,0,27,Fri,23,Commute
misc,1.44,M,0,44,Tue,19,Regional
shopping,1.35,M,0,26,Thu,16,Long_Distance
travel,53.83,F,0,53,Sun,0,Remote
personal,120.15,F,0,36,Wed,15,Long_Distance
misc,86.79,M,0,28,Wed,6,Long_Distance
grocery,7.23,M,0,49,Wed,18,Commute
home,37.86,F,0,33,Sun,15,Long_Distance
grocery,43.02,F,0,28,Sat,6,Long_Distance
home,69.29,F,0,78,Sat,23,Long_Distance
misc,30.79,M,0,34,Sun,11,Long_Distance
grocery,111.1,M,0,61,Tue,8,Regional
travel,533.63,M,0,47,Fri,16,Commute
shopping,7.63,F,0,15,Sun,17,Local
home,2.39,M,0,52,Sat,17,Long_Distance
shopping,3.99,F,0,78,Mon,2,Long_Distance
health,4.1,M,0,21,Tue,20,Commute
shopping,4.63,F,0,32,Fri,19,Regional
entertainment,93.89,F,0,49,Tue,14,Regional
health,50.93,M,0,44,Sun,23,Regional
travel,88.24,M,0,42,Wed,3,Long_Distance
personal,59.34,F,0,39,Mon,23,Long_Distance
shopping,3.74,M,0,20,Mon,13,Long_Distance
home,45.22,M,0,28,Fri,20,Long_Distance
personal,60.61,M,0,31,Sun,19,Local
shopping,2.15,F,0,22,Mon,22,Long_Distance
health,20.4,F,0,32,Sat,17,Long_Distance
health,11.52,M,0,77,Sat,15,Long_Distance
home,25.94,F,0,47,Wed,21,Commute
travel,76.8,F,0,66,Fri,1,Long_Distance
home,156.88,M,0,64,Mon,22,Long_Distance
shopping,330.87,F,0,53,Mon,6,Long_Distance
grocery,96.38,M,0,33,Sat,5,Commute
personal,174.22,F,0,37,Thu,20,Long_Distance
health,66.94,F,0,53,Mon,14,Long_Distance
travel,3.65,F,0,45,Mon,13,Commute
shopping,2.09,F,0,48,Sun,13,Regional
shopping,869.38,M,0,63,Sun,9,Local
misc,174.38,M,0,89,Sun,7,Regional
shopping,8.77,F,0,79,Sun,4,Commute
shopping,9.3,M,0,23,Tue,13,Commute
entertainment,16.38,M,0,36,Thu,21,Regional
shopping,8.52,F,0,90,Thu,5,Regional
misc,2.19,F,0,31,Tue,19,Remote
home,137.47,M,0,66,Sun,20,Long_Distance
travel,60.8,F,0,52,Thu,6,Remote
health,5.29,M,0,88,Sun,16,Long_Distance
travel,85.0,M,0,53,Thu,2,Remote
shopping,2.13,M,0,56,Wed,11,Remote
health,18.27,M,0,64,Wed,13,Long_Distance
grocery,160.24,F,0,35,Mon,5,Regional
grocery,119.02,F,0,25,Mon,3,Long_Distance
home,33.75,M,0,50,Wed,21,Long_Distance
shopping,2.34,F,0,32,Sun,12,Long_Distance
misc,111.07,M,0,46,Sun,3,Local
home,13.94,M,0,61,Sat,15,Regional
shopping,1214.27,F,0,22,Thu,13,Long_Distance
health,135.84,F,0,45,Tue,23,Commute
misc,152.14,F,0,35,Tue,8,Commute
grocery,32.88,F,0,43,Tue,10,Commute
health,70.29,M,0,38,Tue,18,Commute
personal,54.55,F,0,48,Sat,14,Long_Distance
health,91.14,M,0,34,Thu,23,Commute
home,49.45,M,0,27,Thu,14,Regional
health,32.55,F,0,46,Tue,23,Commute
home,44.01,M,0,31,Wed,23,Regional
personal,7.37,M,0,37,Sun,20,Long_Distance
home,186.46,F,0,47,Mon,23,Remote
personal,20.85,M,0,89,Fri,23,Long_Distance
grocery,34.23,F,0,49,Sat,19,Commute
health,8.49,M,0,16,Tue,17,Commute
misc,9.15,F,0,75,Wed,2,Long_Distance
grocery,98.02,M,0,31,Fri,4,Long_Distance
shopping,8.04,M,0,58,Sat,9,Long_Distance
health,25.28,F,0,36,Sun,19,Commute
home,63.96,F,0,33,Tue,15,Long_Distance
entertainment,4.4,F,0,50,Fri,19,Long_Distance
shopping,127.95,F,0,33,Thu,13,Long_Distance
grocery,133.02,F,0,41,Mon,5,Commute
shopping,2.72,F,0,36,Sun,17,Regional
personal,77.75,F,0,43,Fri,14,Long_Distance
health,98.48,F,0,40,Thu,19,Long_Distance
grocery,205.38,F,0,45,Tue,9,Regional
home,125.8,F,0,36,Sat,17,Remote
personal,5.46,F,0,47,Fri,17,Regional
shopping,156.62,F,0,41,Wed,19,Long_Distance
health,23.0,F,0,33,Thu,22,Regional
grocery,68.44,M,0,83,Fri,1,Long_Distance
grocery,72.61,F,0,31,Tue,9,Long_Distance
shopping,15.85,F,0,25,Sun,16,Regional
home,10.63,F,0,24,Mon,21,Commute
entertainment,59.8,M,0,92,Sat,12,Remote
personal,44.58,F,0,32,Sun,19,Long_Distance
grocery,182.32,F,0,27,Sun,7,Commute
personal,3.44,F,0,28,Tue,23,Long_Distance
shopping,1.2,M,0,63,Thu,0,Long_Distance
travel,82.25,F,0,41,Tue,3,Long_Distance
home,61.21,F,0,28,Thu,15,Local
travel,69.75,M,0,92,Tue,2,Long_Distance
shopping,6.27,F,0,49,Tue,21,Long_Distance
home,83.68,M,0,48,Fri,19,Commute
personal,3.4,F,0,46,Tue,17,Commute
grocery,114.77,F,0,34,Sun,11,Local
home,39.6,F,0,45,Sat,19,Commute
shopping,3.46,F,0,29,Fri,19,Regional
travel,57.96,F,0,39,Sun,11,Long_Distance
travel,60.31,F,0,46,Thu,10,Local
shopping,34.78,F,0,30,Thu,22,Commute
shopping,3.48,F,0,53,Fri,9,Regional
home,58.64,M,0,45,Mon,14,Commute
misc,3.52,F,0,49,Fri,11,Regional
shopping,54.19,F,0,31,Tue,17,Regional
home,113.13,F,0,32,Sun,16,Regional
grocery,104.51,F,0,22,Mon,15,Long_Distance
shopping,4.45,M,0,40,Wed,14,Local
grocery,43.0,F,0,72,Thu,4,Regional
grocery,194.99,F,0,39,Sun,2,Regional
grocery,12.96,F,0,25,Fri,17,Long_Distance
personal,65.25,M,0,42,Tue,13,Long_Distance
personal,26.4,F,0,59,Mon,23,Commute
misc,41.4,F,0,51,Sat,0,Long_Distance
travel,66.65,M,0,32,Wed,3,Commute
misc,38.67,M,0,42,Fri,9,Commute
grocery,1.66,F,0,44,Fri,12,Commute
travel,5.75,F,0,56,Wed,18,Long_Distance
personal,62.25,F,0,80,Mon,12,Long_Distance
shopping,7.19,M,0,37,Tue,21,Commute
misc,9.51,F,0,22,Mon,15,Local
home,127.39,F,0,60,Mon,20,Regional
misc,1.52,M,0,74,Wed,10,Regional
misc,42.87,F,0,19,Mon,18,Long_Distance
grocery,7.93,M,0,37,Tue,13,Commute
personal,4.63,F,0,64,Tue,23,Regional
health,39.53,F,0,16,Thu,14,Long_Distance
travel,55.56,F,0,32,Thu,1,Long_Distance
personal,15.78,F,0,65,Thu,21,Long_Distance
misc,2.68,M,0,82,Wed,1,Regional
travel,5.58,M,0,36,Wed,13,Long_Distance
entertainment,48.39,M,0,49,Sat,21,Commute
health,72.85,M,0,42,Mon,17,Long_Distance
health,50.28,F,0,25,Wed,20,Regional
entertainment,89.39,M,0,32,Wed,22,Long_Distance
home,13.71,F,0,42,Fri,20,Remote
entertainment,19.73,M,0,73,Mon,9,Long_Distance
grocery,54.15,F,0,21,Sun,9,Local
travel,27.5,M,0,73,Wed,3,Long_Distance
home,43.07,F,0,32,Mon,14,Long_Distance
entertainment,13.83,M,0,33,Mon,16,Regional
travel,65.6,M,0,56,Fri,1,Regional
grocery,92.44,M,0,44,Mon,22,Regional
entertainment,9.16,M,0,61,Fri,19,Regional
shopping,29.14,F,0,53,Fri,9,Long_Distance
health,114.37,M,0,56,Thu,21,Regional
shopping,139.9,M,0,38,Thu,17,Long_Distance
home,138.77,M,0,33,Tue,16,Long_Distance
home,59.01,M,0,26,Tue,22,Regional
home,52.16,F,0,68,Sun,19,Commute
grocery,83.63,M,0,35,Wed,0,Commute
shopping,46.21,F,0,50,Sat,14,Long_Distance
misc,97.42,F,0,45,Fri,11,Commute
grocery,82.59,M,0,87,Fri,3,Regional
grocery,85.32,F,0,46,Sun,2,Commute
misc,54.03,M,0,37,Mon,16,Commute
home,55.88,M,0,37,Sat,17,Regional
travel,8.27,F,0,32,Tue,13,Long_Distance
grocery,44.78,M,0,27,Fri,9,Long_Distance
shopping,69.02,M,0,35,Mon,20,Commute
travel,62.67,F,0,59,Sun,7,Long_Distance
home,26.6,F,0,48,Sat,16,Long_Distance
grocery,85.53,F,0,42,Thu,4,Long_Distance
entertainment,98.65,F,0,34,Mon,12,Regional
grocery,42.32,F,0,36,Wed,7,Remote
grocery,197.7,F,0,47,Sat,6,Long_Distance
shopping,4.98,M,0,41,Mon,20,Long_Distance
home,54.05,F,0,68,Sun,21,Long_Distance
grocery,94.54,F,0,60,Tue,11,Long_Distance
home,7.38,F,0,26,Fri,12,Commute
travel,54.21,F,0,53,Tue,2,Commute
grocery,34.87,M,0,58,Mon,5,Long_Distance
shopping,8.51,M,0,51,Mon,2,Long_Distance
personal,1.48,F,0,44,Wed,16,Commute
grocery,89.93,F,0,70,Sat,7,Regional
personal,117.1,F,0,34,Fri,20,Regional
home,47.5,M,0,59,Fri,16,Commute
home,48.36,M,0,84,Sun,13,Long_Distance
entertainment,204.78,F,0,49,Sun,13,Commute
travel,66.57,M,0,65,Fri,11,Long_Distance
grocery,89.43,F,0,35,Tue,9,Commute
travel,59.25,M,0,35,Fri,11,Long_Distance
shopping,1.92,F,0,79,Sun,6,Commute
entertainment,1.85,M,0,48,Sun,14,Commute
travel,92.55,F,0,46,Thu,8,Regional
grocery,113.35,F,0,47,Fri,4,Long_Distance
grocery,56.3,M,0,41,Wed,11,Long_Distance
personal,44.05,M,0,75,Mon,17,Commute
grocery,40.86,M,0,31,Wed,4,Long_Distance
home,15.88,F,0,49,Fri,20,Regional
grocery,88.47,F,0,31,Thu,3,Regional
personal,7.42,F,0,33,Mon,13,Long_Distance
entertainment,5.96,M,0,69,Tue,7,Regional
entertainment,164.43,F,0,46,Sun,23,Long_Distance
grocery,6.91,F,0,22,Tue,20,Commute
travel,55.18,M,0,29,Sun,10,Long_Distance
shopping,8.57,F,0,22,Thu,20,Long_Distance
travel,53.24,M,0,31,Sat,1,Long_Distance
travel,60.13,M,0,61,Thu,1,Long_Distance
personal,88.02,F,0,49,Sun,22,Commute
travel,87.3,F,0,62,Sun,10,Long_Distance
shopping,6.57,M,0,65,Mon,3,Long_Distance
personal,5.88,F,0,47,Sat,14,Regional
grocery,51.94,F,0,90,Sun,12,Regional
misc,3.43,F,0,47,Fri,22,Long_Distance
travel,7.49,M,0,53,Mon,14,Regional
entertainment,67.35,M,0,23,Thu,21,Commute
travel,39.33,M,0,51,Tue,6,Long_Distance
misc,6.0,F,0,71,Sat,3,Long_Distance
grocery,22.54,M,0,36,Sat,0,Long_Distance
grocery,90.02,M,0,26,Sun,9,Long_Distance
shopping,1032.56,F,0,38,Sun,18,Long_Distance
travel,109.12,F,0,66,Mon,5,Commute
grocery,64.19,F,0,27,Sat,15,Long_Distance
shopping,6.75,F,0,47,Tue,12,Long_Distance
home,36.35,M,0,64,Tue,15,Remote
grocery,140.0,F,0,93,Tue,8,Commute
travel,55.73,F,0,51,Sun,5,Long_Distance
grocery,41.15,F,0,30,Tue,1,Long_Distance
shopping,3.98,M,0,63,Wed,9,Regional
shopping,126.09,M,0,46,Thu,9,Long_Distance
travel,1.39,M,0,61,Mon,20,Long_Distance
travel,9.41,F,0,44,Sun,22,Regional
grocery,100.07,M,0,33,Sun,0,Long_Distance
shopping,184.75,F,0,33,Thu,20,Regional
shopping,126.66,M,0,39,Mon,0,Commute
travel,82.12,M,0,47,Fri,0,Regional
grocery,55.41,M,0,29,Thu,1,Long_Distance
misc,9.83,F,0,35,Mon,13,Long_Distance
travel,100.87,M,0,64,Thu,4,Long_Distance
home,13.95,M,0,39,Mon,22,Commute
home,50.35,F,0,27,Sat,22,Long_Distance
grocery,94.94,M,0,29,Sat,4,Long_Distance
entertainment,79.28,M,0,39,Sat,18,Commute
shopping,1.8,F,0,27,Sun,21,Long_Distance
grocery,97.31,M,0,40,Fri,10,Regional
travel,7.76,F,0,50,Fri,13,Regional
home,21.98,M,0,47,Fri,19,Commute
grocery,75.07,F,0,49,Tue,12,Regional
travel,70.13,M,0,38,Sun,9,Commute
personal,79.14,M,0,55,Sun,14,Commute
home,22.35,F,0,47,Mon,18,Commute
home,16.09,F,0,49,Sun,16,Commute
shopping,8.02,F,0,55,Fri,1,Regional
home,119.33,F,0,30,Wed,18,Regional
travel,46.07,F,0,50,Sat,4,Long_Distance
misc,4.83,F,0,67,Fri,4,Commute
grocery,87.48,M,0,52,Wed,20,Regional
misc,5.54,M,0,55,Mon,9,Commute
shopping,6.52,F,0,28,Tue,20,Regional
grocery,59.81,F,0,30,Thu,11,Long_Distance
home,84.2,M,0,29,Sat,18,Regional
shopping,3.88,F,0,47,Thu,20,Long_Distance
misc,119.35,F,0,35,Sun,1,Commute
shopping,2.54,F,0,39,Sat,23,Commute
shopping,5.24,M,0,47,Sun,14,Regional
entertainment,70.52,M,0,41,Sat,15,Regional
grocery,103.52,M,0,69,Thu,11,Long_Distance
misc,39.25,F,0,26,Thu,7,Commute
health,31.25,M,0,38,Thu,23,Remote
grocery,4.26,M,0,26,Mon,20,Commute
grocery,54.95,M,0,40,Sun,0,Long_Distance
travel,5.65,M,0,58,Wed,21,Long_Distance
travel,51.51,M,0,83,Fri,3,Commute
home,50.23,M,0,38,Fri,20,Commute
entertainment,9.67,F,0,36,Wed,20,Regional
entertainment,71.65,F,0,22,Sat,21,Commute
personal,189.2,F,0,59,Mon,14,Long_Distance
grocery,230.0,F,0,28,Tue,4,Long_Distance
shopping,6.35,F,0,44,Thu,23,Long_Distance
travel,68.04,F,0,32,Mon,2,Long_Distance
home,26.0,M,0,19,Sun,23,Long_Distance
health,24.0,F,0,48,Tue,13,Long_Distance
misc,36.67,F,0,31,Sat,18,Regional
travel,99.24,M,0,32,Tue,1,Long_Distance
home,114.97,F,0,56,Tue,18,Local
grocery,111.58,F,0,55,Sat,1,Long_Distance
grocery,65.09,M,0,31,Mon,3,Remote
shopping,80.82,M,0,33,Sun,8,Regional
misc,1.4,F,0,49,Tue,22,Commute
health,21.41,F,0,20,Mon,18,Commute
misc,1.29,M,0,38,Sun,12,Long_Distance
entertainment,97.39,F,0,33,Wed,21,Regional
home,238.73,F,0,41,Mon,15,Long_Distance
home,23.78,F,0,35,Wed,23,Long_Distance
grocery,9.19,F,0,46,Fri,15,Regional
entertainment,3.42,F,0,61,Tue,22,Regional
entertainment,37.18,F,0,63,Sun,16,Regional
grocery,153.98,M,0,49,Fri,8,Long_Distance
home,25.8,M,0,71,Tue,15,Commute
grocery,43.51,M,0,59,Wed,15,Commute
personal,9.07,M,0,47,Sun,14,Regional
personal,114.1,F,0,49,Sat,21,Long_Distance
home,13.81,M,0,61,Sun,12,Regional
home,50.38,F,0,44,Mon,21,Long_Distance
home,94.77,M,0,23,Sat,19,Commute
grocery,37.2,M,0,41,Sat,9,Commute
travel,88.75,F,0,93,Sun,11,Commute
entertainment,82.39,F,0,72,Wed,18,Commute
shopping,289.98,F,0,35,Mon,22,Commute
travel,36.7,F,0,19,Sun,11,Long_Distance
grocery,63.02,M,0,46,Sat,12,Long_Distance
travel,67.68,F,0,60,Fri,8,Long_Distance
entertainment,115.58,M,0,36,Sun,15,Regional
home,18.38,F,0,37,Wed,20,Regional
misc,189.59,F,0,66,Tue,1,Remote
grocery,1.54,F,0,20,Sun,14,Local
grocery,14.32,M,0,26,Fri,17,Commute
grocery,202.56,F,0,72,Fri,13,Long_Distance
travel,60.1,F,0,28,Mon,5,Commute
grocery,63.37,M,0,63,Wed,20,Long_Distance
grocery,41.71,M,0,38,Tue,9,Long_Distance
grocery,59.88,F,0,52,Sun,7,Long_Distance
travel,5.05,F,0,55,Tue,15,Long_Distance
travel,1.24,M,0,25,Thu,16,Long_Distance
shopping,3.03,M,0,49,Mon,1,Regional
home,4.3,F,0,50,Sun,20,Regional
entertainment,73.54,M,0,45,Tue,19,Local
personal,60.79,F,0,66,Sun,20,Long_Distance
shopping,7.73,M,0,54,Fri,8,Remote
health,26.22,M,0,85,Mon,14,Regional
misc,51.88,F,0,42,Fri,16,Regional
personal,1.83,M,0,39,Mon,15,Regional
home,94.15,F,0,28,Fri,19,Regional
home,162.99,M,0,47,Sat,15,Long_Distance
shopping,3.01,F,0,36,Fri,18,Long_Distance
grocery,58.18,M,0,26,Mon,3,Long_Distance
home,86.8,M,0,37,Thu,12,Regional
entertainment,8.91,F,0,29,Thu,22,Regional
shopping,8.11,M,0,39,Thu,21,Long_Distance
entertainment,74.86,F,0,55,Mon,5,Long_Distance
health,30.36,M,0,94,Fri,12,Commute
health,69.5,M,0,74,Tue,12,Long_Distance
shopping,7.69,M,0,38,Sun,12,Long_Distance
shopping,8.89,F,0,28,Tue,19,Long_Distance
entertainment,59.24,M,0,46,Mon,17,Long_Distance
grocery,54.86,M,0,35,Sun,20,Regional
grocery,206.29,F,0,37,Sat,0,Long_Distance
travel,59.33,M,0,27,Mon,3,Long_Distance
shopping,1.09,M,0,26,Thu,12,Regional
home,96.63,M,0,50,Thu,20,Regional
shopping,7.42,F,0,28,Wed,15,Remote
shopping,7.1,F,0,50,Fri,16,Commute
shopping,5.53,F,0,79,Sun,4,Regional
misc,31.2,M,0,50,Tue,5,Commute
travel,94.89,F,0,32,Sun,0,Long_Distance
shopping,499.3,M,0,48,Tue,22,Long_Distance
home,51.09,F,0,29,Mon,16,Commute
misc,9.72,F,0,30,Tue,7,Long_Distance
entertainment,73.2,M,0,34,Fri,13,Regional
home,32.41,M,0,41,Sun,21,Long_Distance
shopping,3.89,M,0,83,Mon,1,Commute
health,44.69,M,0,36,Sun,23,Long_Distance
health,8.27,F,0,49,Tue,21,Local
entertainment,18.4,M,0,32,Thu,13,Regional
grocery,54.98,M,0,58,Sun,1,Regional
entertainment,74.12,M,0,57,Mon,0,Long_Distance
shopping,4.5,M,0,31,Fri,12,Long_Distance
shopping,2.61,M,0,33,Fri,12,Regional
entertainment,78.94,M,0,37,Wed,19,Regional
home,31.12,F,0,23,Sun,13,Long_Distance
travel,75.23,M,0,63,Sun,5,Commute
home,74.48,M,0,46,Sat,20,Commute
grocery,63.1,M,0,17,Sun,7,Regional
misc,23.65,F,0,40,Sat,8,Long_Distance
home,13.42,M,0,54,Tue,18,Commute
personal,30.09,F,0,45,Sun,13,Regional
shopping,2.35,F,0,41,Mon,16,Commute
grocery,40.04,M,0,37,Sat,7,Remote
travel,39.32,F,0,43,Sun,2,Regional
grocery,113.87,M,0,40,Sat,2,Regional
health,75.98,M,0,26,Sun,13,Long_Distance
home,75.0,M,0,70,Tue,21,Long_Distance
grocery,29.08,M,0,49,Tue,9,Regional
home,14.05,M,0,91,Sat,23,Long_Distance
grocery,66.97,M,0,59,Mon,3,Long_Distance
grocery,46.43,F,0,30,Tue,21,Long_Distance
personal,74.37,F,0,36,Fri,21,Regional
personal,54.14,M,0,52,Thu,23,Long_Distance
misc,43.9,F,0,22,Tue,21,Long_Distance
shopping,95.36,M,0,38,Tue,2,Commute
entertainment,134.21,F,0,93,Mon,1,Long_Distance
shopping,9.17,F,0,48,Sun,23,Long_Distance
grocery,86.11,M,0,58,Mon,4,Commute
personal,108.01,F,0,65,Sun,22,Long_Distance
home,22.02,M,0,55,Thu,18,Regional
grocery,52.77,M,0,39,Sun,1,Regional
home,32.52,F,0,42,Fri,14,Regional
travel,57.09,M,0,53,Wed,4,Regional
misc,5.2,M,0,26,Tue,3,Long_Distance
home,13.45,F,0,69,Mon,19,Regional
travel,73.51,F,0,52,Sat,1,Commute
health,5.43,F,0,49,Sun,23,Commute
misc,396.77,F,0,36,Sat,7,Long_Distance
health,13.35,M,0,36,Tue,12,Commute
shopping,1.86,M,0,27,Tue,21,Long_Distance
misc,1.51,F,0,37,Tue,0,Regional
grocery,93.52,M,0,58,Mon,2,Long_Distance
entertainment,43.13,M,0,52,Fri,16,Commute
home,5.89,M,0,58,Sun,16,Remote
travel,42.44,M,0,24,Tue,0,Long_Distance
entertainment,142.2,M,0,28,Sun,17,Long_Distance
home,108.76,M,0,35,Fri,16,Commute
travel,66.11,F,0,55,Mon,5,Commute
entertainment,311.29,F,0,49,Fri,15,Commute
home,73.19,M,0,45,Sat,18,Regional
personal,38.03,F,0,71,Mon,13,Long_Distance
home,27.36,F,0,27,Sun,23,Long_Distance
grocery,55.16,M,0,67,Tue,14,Long_Distance
misc,35.59,F,0,67,Fri,10,Long_Distance
home,45.91,F,0,66,Thu,17,Regional
home,78.9,M,0,46,Sun,13,Commute
grocery,117.43,F,0,51,Sun,7,Regional
health,77.3,M,0,34,Tue,16,Long_Distance
grocery,22.23,M,0,43,Thu,19,Commute
home,150.42,M,0,56,Sat,12,Commute
grocery,82.3,M,0,23,Sat,7,Long_Distance
grocery,64.06,M,0,28,Sun,17,Long_Distance
shopping,1.35,F,0,90,Sun,4,Long_Distance
travel,8.91,M,0,27,Sun,20,Long_Distance
shopping,7.81,M,0,50,Wed,5,Local
home,49.12,F,0,70,Sun,19,Long_Distance
travel,7.22,F,0,47,Thu,17,Long_Distance
misc,3.67,M,0,64,Sat,0,Commute
home,27.75,M,0,53,Thu,14,Commute
travel,49.42,M,0,64,Sun,0,Remote
misc,98.56,M,0,40,Wed,2,Long_Distance
entertainment,72.45,M,0,73,Fri,22,Long_Distance
home,28.48,F,0,35,Mon,16,Regional
travel,72.28,M,0,60,Sun,0,Long_Distance
shopping,30.78,F,0,37,Sun,20,Commute
home,116.25,M,0,82,Tue,12,Long_Distance
grocery,59.26,F,0,28,Fri,6,Long_Distance
grocery,86.99,F,0,49,Thu,10,Regional
personal,29.19,F,0,37,Mon,12,Commute
grocery,58.99,M,0,43,Sun,15,Long_Distance
personal,5.94,F,0,56,Wed,17,Remote
shopping,525.94,F,0,27,Sun,19,Long_Distance
grocery,63.01,F,0,48,Sat,8,Long_Distance
home,62.23,F,0,44,Wed,19,Local
home,103.58,F,0,27,Thu,21,Commute
travel,57.71,F,0,33,Thu,7,Long_Distance
travel,5.68,M,0,61,Sun,21,Long_Distance
grocery,60.59,F,0,16,Sun,20,Commute
travel,9.93,M,0,30,Thu,13,Regional
misc,244.74,M,0,39,Wed,4,Regional
grocery,218.73,F,0,40,Thu,5,Long_Distance
home,152.56,F,0,37,Fri,12,Commute
travel,69.19,F,0,25,Tue,8,Regional
home,51.76,M,0,52,Sun,12,Long_Distance
shopping,394.67,M,0,72,Thu,0,Commute
travel,86.75,F,0,47,Tue,0,Regional
misc,1.58,F,0,49,Mon,10,Regional
shopping,3.13,F,0,48,Thu,23,Commute
shopping,60.68,F,0,47,Sat,21,Long_Distance
grocery,78.35,M,0,54,Sat,6,Regional
home,8.58,F,0,50,Tue,16,Regional
health,5.48,F,0,53,Sat,14,Long_Distance
home,1.49,F,0,42,Sat,12,Local
home,44.3,F,0,35,Sat,20,Long_Distance
personal,21.18,M,0,24,Sat,21,Commute
health,21.67,F,0,56,Mon,23,Long_Distance
entertainment,12.28,F,0,34,Sun,19,Commute
shopping,646.79,F,0,34,Sat,19,Long_Distance
misc,40.89,M,0,43,Tue,7,Regional
health,35.12,M,0,63,Mon,16,Local
misc,217.16,F,0,15,Sat,12,Long_Distance
grocery,54.81,F,0,69,Thu,22,Long_Distance
grocery,20.86,F,0,24,Tue,19,Commute
health,53.62,F,0,40,Mon,14,Long_Distance
health,6.06,M,0,57,Sat,14,Commute
travel,32.49,F,0,64,Tue,10,Commute
grocery,50.9,M,0,38,Mon,3,Long_Distance
personal,38.55,F,0,23,Sun,13,Long_Distance
home,15.08,F,0,23,Sat,12,Regional
grocery,104.64,M,0,43,Wed,6,Long_Distance
travel,65.46,F,0,25,Sun,0,Regional
shopping,3.06,M,0,70,Fri,1,Commute
grocery,110.61,M,0,66,Tue,11,Long_Distance
personal,173.49,F,0,32,Fri,12,Long_Distance
home,51.55,M,0,48,Fri,19,Regional
shopping,77.17,F,0,45,Thu,23,Long_Distance
grocery,102.88,M,0,46,Thu,0,Regional
home,50.02,F,0,43,Thu,18,Long_Distance
home,3.61,F,0,68,Wed,20,Long_Distance
personal,126.76,F,0,30,Tue,19,Commute
health,33.5,F,0,48,Mon,18,Long_Distance
home,42.54,F,0,55,Tue,20,Long_Distance
shopping,3.48,F,0,51,Tue,7,Long_Distance
shopping,1.77,F,0,43,Tue,16,Commute
travel,3.32,M,0,44,Fri,21,Commute
shopping,3.21,F,0,36,Wed,16,Regional
home,59.04,F,0,47,Sun,16,Commute
shopping,105.25,M,0,58,Sat,4,Remote
entertainment,19.58,F,0,20,Sun,18,Local
shopping,5.27,M,0,21,Mon,18,Long_Distance
travel,3.68,F,0,23,Fri,17,Long_Distance
health,4.09,M,0,55,Tue,16,Commute
grocery,136.34,M,0,56,Sat,2,Regional
shopping,6.14,M,0,27,Thu,16,Commute
misc,14.4,F,0,35,Wed,9,Long_Distance
grocery,28.05,M,0,39,Mon,19,Remote
personal,3.41,F,0,30,Tue,20,Local
grocery,20.98,M,0,21,Mon,8,Long_Distance
grocery,25.69,M,0,56,Mon,13,Long_Distance
grocery,6.35,M,0,47,Mon,13,Remote
shopping,2.3,F,0,49,Tue,17,Long_Distance
personal,5.35,M,0,58,Sat,17,Long_Distance
health,60.36,F,0,23,Thu,12,Long_Distance
misc,1.13,F,0,32,Thu,12,Long_Distance
grocery,93.77,M,0,33,Mon,0,Long_Distance
shopping,31.44,F,0,89,Mon,3,Long_Distance
health,5.14,M,0,52,Fri,20,Regional
personal,48.07,F,0,48,Tue,15,Long_Distance
grocery,161.71,F,0,54,Mon,10,Regional
misc,3.06,M,0,37,Sat,19,Long_Distance
health,9.52,F,0,29,Sat,21,Long_Distance
travel,70.0,F,0,23,Sun,7,Commute
travel,7.13,F,0,65,Sat,20,Remote
grocery,108.6,M,0,39,Sun,2,Long_Distance
home,108.46,F,0,29,Fri,20,Commute
travel,48.99,M,0,53,Thu,6,Commute
home,141.03,F,0,48,Sat,22,Commute
grocery,48.51,M,0,75,Tue,18,Regional
grocery,51.39,M,0,65,Mon,9,Remote
home,31.34,M,0,55,Thu,14,Commute
health,4.42,F,0,37,Mon,22,Regional
personal,24.52,F,0,52,Sat,21,Long_Distance
entertainment,80.87,M,0,89,Mon,17,Regional
home,18.25,F,0,25,Tue,16,Long_Distance
travel,1.93,F,0,35,Sun,13,Remote
entertainment,50.08,M,0,66,Tue,2,Regional
misc,7.99,M,0,42,Sun,18,Commute
home,33.15,M,0,44,Sun,13,Long_Distance
shopping,76.78,F,0,42,Sat,23,Regional
shopping,452.72,F,0,27,Tue,13,Long_Distance
entertainment,80.66,F,0,19,Tue,13,Regional
health,95.34,M,0,29,Wed,15,Long_Distance
travel,51.46,M,0,51,Fri,5,Regional
health,15.59,F,0,40,Mon,14,Regional
travel,82.2,F,0,26,Mon,8,Long_Distance
misc,42.5,M,0,46,Mon,6,Commute
personal,7.28,F,0,80,Thu,19,Long_Distance
entertainment,72.39,M,0,29,Sun,16,Regional
home,13.03,F,0,36,Sat,15,Long_Distance
travel,90.08,M,0,32,Mon,0,Regional
travel,64.55,F,0,39,Sun,8,Regional
home,39.66,F,0,53,Mon,21,Long_Distance
misc,34.72,M,0,45,Wed,8,Regional
shopping,30.52,M,0,39,Wed,13,Long_Distance
health,31.18,M,0,62,Sun,20,Long_Distance
shopping,355.62,F,0,45,Tue,22,Regional
grocery,182.28,F,0,35,Sun,4,Regional
entertainment,232.78,M,0,44,Sat,15,Long_Distance
misc,7.71,F,0,64,Mon,5,Long_Distance
grocery,187.16,F,0,31,Sat,0,Commute
shopping,7.39,M,0,41,Mon,17,Long_Distance
health,2.28,M,0,61,Thu,17,Commute
misc,159.63,F,0,49,Mon,2,Regional
grocery,58.9,M,0,34,Fri,16,Local
grocery,59.77,M,0,33,Fri,21,Commute
home,1.07,M,0,64,Wed,20,Commute
home,57.53,F,0,38,Mon,16,Regional
grocery,61.06,M,0,44,Mon,1,Long_Distance
grocery,111.55,F,0,34,Sun,19,Long_Distance
shopping,1.87,M,0,58,Sun,7,Long_Distance
entertainment,35.84,M,0,27,Thu,15,Commute
grocery,148.02,M,0,60,Sat,10,Long_Distance
grocery,96.65,F,0,28,Wed,0,Regional
home,80.65,F,0,68,Sat,12,Commute
grocery,88.63,F,0,36,Mon,0,Regional
grocery,72.48,M,0,21,Mon,12,Long_Distance
grocery,140.9,M,0,65,Sat,6,Commute
misc,1.82,F,0,38,Sun,13,Long_Distance
health,84.21,F,0,45,Tue,17,Commute
home,6.45,F,0,80,Fri,12,Commute
misc,5.03,M,0,45,Sat,19,Commute
travel,55.23,M,0,55,Sun,8,Long_Distance
travel,87.33,M,0,77,Thu,5,Commute
home,9.58,F,0,32,Sun,15,Long_Distance
travel,4.46,M,0,70,Tue,16,Local
entertainment,43.26,M,0,56,Wed,18,Commute
misc,39.47,M,0,65,Sat,4,Regional
grocery,65.86,F,0,48,Sun,8,Regional
home,7.46,M,0,79,Sat,17,Regional
grocery,81.63,M,0,19,Tue,19,Regional
grocery,102.37,M,0,73,Wed,4,Long_Distance
home,84.08,F,0,48,Mon,22,Commute
personal,78.28,F,0,84,Mon,12,Regional
grocery,16.7,M,0,24,Fri,16,Commute
grocery,226.49,F,0,33,Sat,7,Regional
home,171.51,F,0,35,Sun,21,Long_Distance
home,5.04,F,0,30,Sun,19,Long_Distance
home,67.89,F,0,65,Wed,15,Regional
misc,4.13,M,0,63,Sat,9,Regional
personal,41.71,F,0,33,Tue,16,Commute
grocery,109.79,M,0,65,Sat,8,Long_Distance
home,127.41,F,0,67,Sun,20,Long_Distance
grocery,127.64,F,0,31,Thu,0,Commute
personal,42.99,M,0,54,Sat,19,Regional
travel,1.14,F,0,58,Mon,18,Long_Distance
travel,74.97,M,0,41,Sun,4,Long_Distance
home,82.8,M,0,42,Sat,20,Commute
personal,85.04,F,0,29,Mon,19,Regional
shopping,138.26,M,0,27,Tue,1,Commute
entertainment,70.51,F,0,85,Mon,1,Long_Distance
health,37.3,M,0,58,Fri,21,Long_Distance
misc,3.26,F,0,69,Sun,6,Commute
home,124.45,M,0,79,Sun,17,Regional
grocery,146.0,F,0,90,Thu,2,Commute
home,19.92,M,0,54,Tue,20,Commute
grocery,70.48,F,0,50,Tue,11,Remote
home,8.23,M,0,27,Sun,16,Local
travel,56.68,M,0,57,Sun,7,Long_Distance
home,44.25,M,0,48,Wed,23,Long_Distance
travel,61.38,F,0,64,Fri,10,Long_Distance
grocery,59.84,M,0,44,Mon,16,Commute
travel,1.41,F,0,31,Tue,19,Regional
shopping,8.05,F,0,42,Tue,17,Regional
misc,5.6,F,0,47,Wed,10,Long_Distance
entertainment,6.47,F,0,47,Thu,21,Regional
travel,37.4,F,0,29,Tue,2,Long_Distance
home,44.56,F,0,33,Sat,12,Long_Distance
shopping,350.59,F,0,26,Mon,14,Regional
home,9.91,F,0,20,Wed,23,Long_Distance
home,7.83,F,0,80,Tue,22,Commute
grocery,180.47,F,0,43,Tue,0,Long_Distance
home,59.84,M,0,26,Fri,22,Regional
shopping,98.64,M,0,49,Sat,3,Commute
health,62.7,F,0,27,Sat,21,Commute
home,124.89,F,0,78,Tue,12,Regional
entertainment,86.09,M,0,33,Tue,12,Regional
grocery,25.19,F,0,51,Mon,15,Local
home,84.16,F,0,50,Fri,17,Commute
home,19.55,M,0,23,Sat,12,Commute
health,1.9,M,0,55,Sat,16,Long_Distance
grocery,82.54,M,0,44,Sat,1,Long_Distance
travel,93.4,F,0,21,Tue,2,Regional
grocery,51.64,F,0,49,Sat,9,Long_Distance
health,123.01,M,0,72,Sat,14,Commute
misc,4.1,F,0,55,Mon,6,Regional
shopping,3.89,M,0,50,Sun,3,Local
health,242.35,F,0,25,Mon,17,Commute
shopping,1.53,F,0,44,Sat,14,Commute
personal,5.86,M,0,63,Mon,19,Long_Distance
shopping,137.97,M,0,32,Thu,23,Remote
health,12.25,M,0,30,Wed,23,Long_Distance
home,22.94,F,0,52,Fri,15,Long_Distance
grocery,75.79,F,0,32,Mon,10,Regional
home,49.06,F,0,36,Sun,17,Long_Distance
shopping,2715.47,M,0,23,Mon,17,Regional
grocery,10.88,M,0,74,Sat,12,Long_Distance
health,3.35,M,0,65,Sat,22,Long_Distance
home,22.96,F,0,52,Fri,17,Commute
misc,7.21,M,0,53,Fri,3,Long_Distance
shopping,44.23,F,0,37,Sun,20,Regional
personal,17.92,M,0,41,Mon,16,Commute
shopping,19.6,M,0,50,Mon,4,Remote
shopping,6.71,F,0,89,Sun,1,Long_Distance
entertainment,50.24,F,0,40,Mon,18,Commute
travel,45.12,F,0,40,Wed,11,Local
entertainment,17.73,M,0,32,Sun,18,Commute
grocery,46.89,F,0,66,Thu,17,Regional
personal,19.95,M,0,30,Tue,14,Long_Distance
misc,8.17,F,0,65,Thu,4,Commute
home,35.54,F,0,42,Tue,23,Long_Distance
home,18.73,F,0,67,Sat,13,Commute
health,78.48,M,0,46,Wed,23,Regional
shopping,460.99,M,0,58,Thu,8,Local
personal,14.66,M,0,93,Sat,18,Regional
grocery,111.18,M,0,33,Wed,1,Commute
grocery,157.52,M,0,54,Thu,9,Long_Distance
shopping,8.49,F,0,36,Wed,22,Long_Distance
travel,73.27,F,0,44,Sat,0,Commute
home,8.03,M,0,54,Sun,13,Regional
health,3.68,F,0,48,Sat,21,Long_Distance
home,74.48,F,0,21,Sat,17,Long_Distance
misc,312.24,M,0,77,Fri,6,Commute
grocery,88.33,M,0,38,Fri,1,Commute
shopping,7.79,F,0,41,Mon,13,Remote
travel,43.62,F,0,52,Sun,8,Long_Distance
grocery,59.14,M,0,20,Sun,4,Regional
shopping,5.96,F,0,59,Mon,0,Regional
home,62.47,M,0,70,Sun,21,Long_Distance
home,4.88,F,0,64,Thu,19,Commute
misc,83.88,F,0,47,Sun,23,Regional
travel,68.84,M,0,34,Sat,1,Commute
home,91.51,F,0,42,Fri,22,Commute
health,22.11,F,0,47,Thu,20,Long_Distance
misc,1.89,F,0,58,Thu,6,Commute
home,90.6,F,0,35,Fri,13,Long_Distance
grocery,67.39,M,0,33,Mon,4,Long_Distance
personal,38.78,F,0,27,Fri,14,Regional
travel,6.61,F,0,57,Wed,12,Long_Distance
health,31.76,F,0,56,Mon,19,Long_Distance
travel,82.87,M,0,16,Sun,1,Commute
health,17.06,F,0,23,Fri,14,Long_Distance
shopping,4.27,F,0,41,Thu,18,Remote
entertainment,152.29,M,0,23,Mon,15,Long_Distance
grocery,5.11,F,0,48,Sun,17,Regional
home,1.23,F,0,25,Mon,23,Remote
shopping,7.1,F,0,15,Sat,13,Long_Distance
home,38.02,F,0,50,Tue,21,Long_Distance
entertainment,76.01,M,0,27,Tue,18,Long_Distance
home,4.13,M,0,60,Wed,21,Regional
grocery,73.84,M,0,33,Wed,16,Remote
grocery,2.38,M,0,41,Fri,21,Commute
home,5.15,F,0,28,Thu,15,Long_Distance
grocery,81.13,F,0,67,Sat,5,Long_Distance
shopping,233.39,M,0,71,Wed,3,Commute
home,42.51,M,0,75,Mon,14,Commute
shopping,132.16,M,0,31,Thu,11,Long_Distance
home,22.15,F,0,50,Mon,23,Commute
misc,1.04,F,0,64,Thu,1,Long_Distance
shopping,24.12,F,0,37,Sun,15,Commute
travel,54.51,M,0,33,Wed,8,Regional
travel,65.91,M,0,45,Thu,10,Commute
shopping,90.36,M,0,38,Mon,8,Long_Distance
travel,81.55,M,0,73,Sun,10,Commute
grocery,10.87,M,0,48,Wed,20,Long_Distance
home,70.19,M,0,45,Sun,18,Commute
home,63.18,M,0,52,Sun,17,Long_Distance
shopping,5.45,F,0,34,Fri,19,Regional
grocery,62.66,F,0,26,Mon,0,Regional
shopping,3.33,F,0,45,Thu,19,Long_Distance
grocery,214.82,F,0,39,Mon,10,Regional
shopping,1.14,M,0,33,Sun,22,Regional
entertainment,52.97,F,0,33,Thu,20,Commute
shopping,4.96,M,0,21,Sun,14,Commute
home,38.79,F,0,36,Fri,23,Regional
misc,42.65,M,0,32,Sun,11,Long_Distance
shopping,26.83,F,0,30,Thu,21,Regional
grocery,63.71,M,0,50,Fri,9,Long_Distance
shopping,1.71,F,0,57,Fri,7,Regional
shopping,4.91,M,0,48,Thu,15,Long_Distance
shopping,4.33,F,0,56,Sun,8,Commute
misc,5.33,F,0,34,Tue,3,Long_Distance
home,12.78,F,0,58,Wed,23,Long_Distance
misc,4.64,M,0,46,Fri,20,Regional
shopping,134.71,M,0,45,Tue,16,Regional
entertainment,90.86,F,0,74,Wed,22,Local
home,31.25,F,0,28,Sat,22,Long_Distance
travel,4.88,M,0,60,Thu,23,Commute
entertainment,7.47,M,0,46,Fri,15,Commute
home,105.59,F,0,48,Tue,17,Remote
grocery,1.05,M,0,30,Sun,20,Regional
home,31.19,F,0,35,Tue,13,Long_Distance
misc,305.86,F,0,52,Sat,3,Long_Distance
shopping,9.5,F,0,40,Fri,21,Regional
health,2.85,M,0,74,Mon,14,Long_Distance
shopping,3.73,F,0,38,Thu,12,Regional
travel,64.45,M,0,52,Tue,3,Regional
travel,72.37,M,0,46,Sun,9,Commute
home,48.24,F,0,31,Sat,14,Regional
shopping,777.04,F,0,33,Fri,12,Regional
home,11.77,M,0,42,Mon,18,Long_Distance
grocery,44.21,F,0,20,Mon,10,Local
travel,32.19,F,0,21,Mon,2,Long_Distance
home,12.55,F,0,61,Sun,23,Commute
home,73.79,F,0,25,Mon,16,Long_Distance
home,14.8,F,0,68,Sun,20,Regional
personal,56.12,M,0,56,Fri,19,Long_Distance
grocery,46.16,M,0,26,Fri,16,Regional
shopping,2.16,M,0,25,Sun,14,Long_Distance
travel,60.23,M,0,51,Mon,10,Commute
home,81.95,M,0,39,Sat,23,Long_Distance
misc,272.79,F,0,39,Mon,14,Commute
personal,220.45,F,0,36,Sat,14,Regional
entertainment,67.92,M,0,29,Sat,16,Commute
entertainment,115.19,F,0,36,Sun,17,Commute
grocery,63.71,M,0,46,Sat,16,Long_Distance
grocery,111.75,F,0,36,Thu,10,Long_Distance
misc,86.18,F,0,50,Mon,8,Regional
shopping,13.33,F,0,49,Tue,23,Commute
grocery,108.71,M,0,46,Tue,1,Commute
travel,62.18,F,0,57,Sun,6,Regional
health,140.55,F,0,43,Wed,12,Long_Distance
shopping,2.26,F,0,68,Sat,11,Regional
misc,36.84,M,0,41,Sun,5,Regional
home,2.07,F,0,23,Fri,17,Regional
shopping,15.2,M,0,73,Wed,11,Regional
grocery,64.1,F,0,49,Tue,3,Regional
personal,1.75,M,0,62,Tue,19,Commute
entertainment,61.21,F,0,57,Mon,23,Commute
personal,114.27,F,0,39,Thu,20,Commute
home,74.63,M,0,61,Sun,15,Long_Distance
home,33.12,F,0,43,Tue,21,Regional
grocery,49.33,M,0,32,Sun,2,Commute
shopping,95.33,M,0,31,Sun,1,Long_Distance
home,302.54,F,0,84,Wed,18,Commute
personal,40.92,F,0,42,Tue,22,Local
shopping,31.35,F,0,83,Mon,5,Long_Distance
grocery,97.4,F,0,31,Tue,1,Long_Distance
grocery,116.88,M,0,77,Thu,5,Long_Distance
misc,6.58,M,0,32,Mon,22,Long_Distance
misc,9.51,M,0,20,Mon,16,Long_Distance
home,85.6,M,0,44,Thu,14,Remote
misc,4.31,F,0,45,Thu,21,Local
travel,57.43,M,0,58,Fri,7,Long_Distance
shopping,7.78,M,0,84,Sun,3,Commute
home,24.53,F,0,48,Tue,14,Commute
travel,57.14,F,0,30,Tue,9,Regional
grocery,89.51,F,0,43,Mon,13,Long_Distance
health,3.98,F,0,31,Tue,22,Regional
health,2.89,M,0,61,Sat,23,Regional
health,12.12,F,0,28,Wed,12,Commute
travel,37.28,F,0,44,Sat,4,Long_Distance
home,7.51,F,0,70,Wed,17,Commute
grocery,106.9,M,0,58,Wed,9,Long_Distance
travel,9.14,M,0,59,Sun,12,Regional
entertainment,110.77,M,0,47,Fri,14,Commute
shopping,7.31,M,0,71,Tue,9,Long_Distance
entertainment,77.5,M,0,38,Wed,16,Long_Distance
personal,24.19,F,0,56,Thu,23,Long_Distance
misc,7.32,M,0,92,Mon,11,Long_Distance
travel,37.18,F,0,59,Mon,1,Regional
personal,2.47,F,0,65,Thu,20,Regional
home,128.09,M,0,50,Thu,18,Long_Distance
entertainment,60.44,F,0,33,Sun,15,Long_Distance
shopping,2.87,F,0,36,Fri,22,Remote
home,32.47,F,0,44,Sun,23,Commute
home,36.26,M,0,61,Tue,22,Regional
misc,88.1,M,0,40,Fri,2,Long_Distance
personal,31.94,F,0,68,Thu,19,Regional
home,5.68,F,0,47,Thu,18,Commute
misc,4.93,F,0,30,Fri,20,Commute
grocery,103.48,M,0,51,Sun,2,Long_Distance
travel,70.41,M,0,62,Sun,11,Long_Distance
home,25.57,M,0,88,Sun,20,Commute
home,62.15,F,0,35,Mon,14,Long_Distance
home,5.47,F,0,31,Mon,15,Commute
shopping,2.7,F,0,29,Sun,18,Regional
entertainment,4.02,F,0,52,Mon,15,Long_Distance
shopping,125.73,M,0,48,Thu,12,Commute
travel,26.76,F,0,47,Sat,2,Regional
grocery,112.74,M,0,42,Fri,11,Long_Distance
home,96.62,F,0,73,Sun,19,Regional
health,77.7,M,0,27,Fri,23,Commute
entertainment,53.48,F,0,23,Tue,20,Long_Distance
home,69.09,F,0,33,Fri,22,Commute
home,85.74,F,0,53,Wed,20,Regional
home,20.13,F,0,43,Tue,23,Commute
entertainment,10.71,M,0,54,Thu,5,Regional
travel,74.69,F,0,47,Thu,10,Regional
grocery,45.47,M,0,31,Mon,10,Long_Distance
travel,86.68,F,0,36,Wed,2,Long_Distance
misc,16.61,M,0,46,Mon,12,Commute
misc,17.26,F,0,25,Mon,1,Regional
misc,4.17,F,0,35,Mon,11,Local
travel,56.79,M,0,25,Thu,2,Regional
travel,2.65,F,0,58,Tue,20,Regional
grocery,58.65,F,0,59,Sun,7,Local
grocery,147.7,M,0,70,Sun,14,Remote
home,2.76,F,0,20,Mon,21,Regional
shopping,1.24,F,0,32,Thu,16,Regional
grocery,90.8,M,0,44,Thu,4,Regional
home,89.42,F,0,44,Mon,13,Local
home,37.3,M,0,55,Tue,23,Long_Distance
grocery,118.44,F,0,28,Sun,6,Regional
misc,13.02,F,0,54,Tue,2,Long_Distance
shopping,5.48,M,0,87,Sun,5,Regional
grocery,42.13,M,0,44,Thu,1,Long_Distance
grocery,56.75,M,0,78,Sun,17,Local
misc,33.9,M,0,46,Mon,3,Commute
shopping,124.95,M,0,41,Sun,3,Commute
home,136.28,F,0,60,Tue,17,Regional
health,25.24,M,0,50,Mon,13,Long_Distance
home,59.73,F,0,41,Wed,14,Long_Distance
health,78.89,M,0,45,Fri,16,Commute
travel,49.58,M,0,22,Sun,3,Long_Distance
home,106.25,F,0,55,Thu,16,Long_Distance
grocery,21.98,F,0,22,Mon,1,Commute
shopping,623.71,F,0,22,Mon,14,Long_Distance
misc,244.02,F,0,43,Fri,11,Long_Distance
shopping,61.25,F,0,27,Mon,15,Commute
home,94.97,F,0,56,Sat,14,Regional
shopping,2.26,F,0,35,Sat,15,Commute
travel,56.44,M,0,52,Fri,11,Long_Distance
health,4.87,F,0,48,Tue,21,Long_Distance
home,54.13,F,0,67,Sat,12,Regional
grocery,103.94,M,0,34,Mon,3,Commute
shopping,23.85,F,0,45,Fri,17,Long_Distance
home,27.78,F,0,48,Mon,19,Long_Distance
personal,119.0,M,0,24,Thu,20,Regional
home,57.67,M,0,56,Mon,12,Long_Distance
misc,4.74,M,0,65,Sat,4,Remote
travel,57.64,F,0,51,Tue,4,Long_Distance
grocery,5.94,F,0,28,Fri,18,Commute
home,167.7,F,0,94,Wed,19,Commute
entertainment,42.96,F,0,33,Mon,21,Long_Distance
home,16.12,F,0,41,Wed,12,Commute
entertainment,52.04,M,0,57,Fri,4,Commute
home,159.24,M,0,83,Sun,20,Remote
misc,91.66,M,0,38,Thu,9,Commute
shopping,2.28,F,0,35,Thu,13,Regional
shopping,3.76,F,0,36,Thu,14,Regional
home,8.2,M,0,48,Fri,18,Long_Distance
misc,9.23,F,0,30,Wed,22,Commute
entertainment,135.99,F,0,44,Fri,13,Long_Distance
home,3.62,F,0,46,Thu,18,Long_Distance
entertainment,290.56,M,0,69,Tue,9,Long_Distance
grocery,84.4,F,0,46,Tue,1,Regional
grocery,26.58,M,0,44,Fri,22,Long_Distance
grocery,219.09,F,0,42,Wed,2,Long_Distance
grocery,65.4,M,0,35,Mon,18,Long_Distance
grocery,71.19,F,0,85,Mon,3,Long_Distance
grocery,2.94,F,0,23,Mon,20,Long_Distance
home,75.03,F,0,39,Mon,23,Long_Distance
grocery,4.07,M,0,22,Wed,22,Regional
entertainment,25.82,M,0,44,Tue,15,Long_Distance
travel,79.95,F,0,37,Wed,1,Long_Distance
shopping,3160.15,M,0,42,Fri,18,Long_Distance
home,28.86,M,0,53,Fri,21,Commute
home,14.88,F,0,61,Tue,13,Commute
grocery,43.92,F,0,71,Tue,2,Long_Distance
home,3.43,M,0,75,Tue,21,Commute
home,31.29,F,0,43,Sun,19,Long_Distance
shopping,4.84,M,0,64,Tue,7,Local
personal,83.49,M,0,34,Sat,20,Regional
grocery,154.35,F,0,48,Mon,1,Long_Distance
grocery,85.39,M,0,87,Sat,8,Long_Distance
grocery,108.17,F,0,69,Sun,6,Regional
home,77.77,M,0,47,Sat,12,Commute
grocery,146.36,F,0,59,Tue,9,Regional
travel,88.04,M,0,96,Mon,15,Commute
misc,4.06,F,0,61,Tue,5,Long_Distance
travel,72.53,F,0,35,Wed,9,Regional
travel,49.4,F,0,78,Fri,7,Regional
health,208.48,M,0,61,Sat,17,Commute
grocery,80.0,F,0,27,Thu,4,Remote
shopping,171.92,F,0,44,Sat,14,Long_Distance
grocery,34.81,F,0,16,Thu,3,Commute
grocery,86.69,F,0,40,Fri,2,Regional
travel,51.43,F,0,65,Sun,7,Regional
travel,67.42,F,0,29,Wed,6,Commute
home,50.76,M,0,36,Fri,20,Commute
travel,44.24,M,0,15,Sat,8,Long_Distance
personal,33.57,M,0,27,Thu,14,Regional
misc,21.34,F,0,37,Thu,4,Long_Distance
home,53.46,M,0,78,Wed,20,Long_Distance
grocery,281.06,M,1,31,Wed,1,Regional
travel,11.52,F,1,59,Wed,1,Regional
grocery,276.31,F,1,59,Wed,3,Commute
travel,7.03,M,1,31,Wed,3,Commute
grocery,275.73,F,1,59,Wed,3,Commute
shopping,844.8,M,1,31,Wed,13,Commute
misc,843.91,M,1,31,Wed,23,Commute
travel,10.76,F,1,59,Thu,1,Long_Distance
grocery,332.35,F,1,59,Thu,1,Commute
grocery,315.34,F,1,59,Thu,3,Long_Distance
grocery,337.05,F,1,78,Thu,16,Long_Distance
shopping,711.66,F,1,78,Thu,18,Long_Distance
misc,707.5,F,1,78,Thu,22,Long_Distance
shopping,942.62,M,1,31,Thu,22,Commute
travel,4.5,F,1,78,Thu,22,Long_Distance
shopping,821.96,M,1,31,Thu,23,Commute
shopping,1092.68,M,1,31,Thu,23,Remote
shopping,1254.27,M,1,31,Thu,23,Regional
grocery,274.09,F,1,59,Thu,23,Commute
grocery,14.37,M,1,80,Fri,0,Long_Distance
grocery,316.93,F,1,78,Fri,2,Long_Distance
grocery,327.68,F,1,78,Fri,2,Commute
shopping,966.11,M,1,80,Fri,15,Regional
misc,795.22,F,1,78,Fri,15,Commute
shopping,1015.8,F,1,78,Fri,15,Commute
misc,722.18,F,1,78,Fri,22,Local
shopping,898.81,F,1,78,Fri,22,Long_Distance
shopping,1001.63,F,1,78,Fri,22,Long_Distance
misc,49.61,M,1,80,Fri,22,Regional
grocery,295.26,M,1,80,Fri,23,Commute
shopping,1099.99,F,1,78,Fri,23,Commute
health,18.17,M,1,80,Fri,23,Regional
travel,20.45,M,1,80,Sat,3,Regional
travel,18.19,M,1,80,Sat,3,Long_Distance
grocery,367.29,F,1,65,Sat,11,Long_Distance
misc,768.15,M,1,80,Sat,18,Commute
misc,849.49,M,1,80,Sat,22,Regional
shopping,1177.79,F,1,65,Sat,22,Long_Distance
grocery,307.09,M,1,80,Sat,22,Commute
home,4.58,M,1,80,Sat,22,Commute
shopping,730.78,M,1,80,Sat,22,Regional
shopping,1006.4,M,1,80,Sat,22,Commute
shopping,830.72,M,1,80,Sat,22,Long_Distance
grocery,311.92,M,1,80,Sat,23,Local
shopping,762.93,F,1,65,Sat,23,Commute
shopping,855.88,F,1,65,Sun,18,Long_Distance
shopping,909.29,F,1,65,Sun,23,Long_Distance
grocery,300.14,M,1,62,Mon,4,Long_Distance
shopping,967.92,M,1,62,Mon,22,Regional
grocery,270.01,M,1,62,Mon,23,Commute
grocery,289.69,M,1,62,Mon,23,Long_Distance
grocery,311.83,M,1,18,Tue,0,Long_Distance
grocery,283.19,M,1,18,Tue,0,Commute
travel,15.82,F,1,20,Tue,1,Regional
grocery,296.32,M,1,62,Tue,1,Long_Distance
grocery,334.28,F,1,20,Tue,1,Long_Distance
misc,664.73,F,1,29,Tue,1,Remote
travel,8.79,M,1,62,Tue,2,Long_Distance
grocery,301.55,M,1,62,Tue,2,Commute
grocery,327.26,F,1,20,Tue,2,Long_Distance
shopping,1127.56,F,1,29,Tue,3,Long_Distance
grocery,276.41,M,1,18,Tue,3,Long_Distance
misc,722.92,F,1,29,Tue,3,Commute
travel,8.33,F,1,20,Tue,4,Regional
grocery,333.09,F,1,29,Tue,4,Long_Distance
grocery,291.51,M,1,18,Tue,11,Remote
entertainment,564.57,F,1,29,Tue,16,Long_Distance
shopping,929.28,F,1,29,Tue,22,Long_Distance
misc,848.32,F,1,20,Tue,22,Long_Distance
shopping,1003.72,M,1,62,Tue,22,Long_Distance
shopping,1131.66,M,1,18,Tue,22,Commute
shopping,959.59,M,1,18,Tue,22,Long_Distance
entertainment,388.02,M,1,62,Tue,23,Long_Distance
shopping,1050.01,M,1,18,Tue,23,Long_Distance
shopping,996.93,M,1,18,Tue,23,Long_Distance
shopping,1030.43,F,1,20,Tue,23,Regional
shopping,937.47,M,1,18,Tue,23,Commute
misc,623.43,M,1,18,Wed,0,Regional
grocery,346.69,F,1,29,Wed,0,Long_Distance
grocery,337.06,F,1,69,Wed,1,Long_Distance
travel,18.86,F,1,64,Wed,1,Long_Distance
shopping,847.72,F,1,29,Wed,2,Commute
misc,897.67,M,1,18,Wed,2,Regional
grocery,305.6,F,1,69,Wed,2,Long_Distance
grocery,301.33,F,1,69,Wed,3,Regional
misc,701.88,F,1,29,Wed,4,Regional
grocery,303.14,F,1,69,Wed,10,Long_Distance
misc,749.94,M,1,18,Wed,15,Regional
shopping,1006.34,F,1,64,Wed,15,Regional
shopping,1104.38,F,1,20,Wed,22,Long_Distance
shopping,1044.81,F,1,69,Wed,22,Long_Distance
shopping,937.57,F,1,20,Wed,22,Regional
shopping,918.69,F,1,20,Wed,22,Long_Distance
travel,10.53,F,1,20,Wed,22,Commute
misc,835.36,F,1,69,Wed,22,Long_Distance
grocery,95.94,F,1,29,Wed,22,Commute
travel,9.91,M,1,18,Wed,22,Long_Distance
shopping,1148.15,F,1,20,Wed,23,Long_Distance
shopping,945.56,F,1,69,Wed,23,Commute
home,18.24,F,1,29,Wed,23,Long_Distance
grocery,325.38,F,1,69,Thu,0,Commute
travel,8.45,F,1,69,Thu,2,Long_Distance
grocery,311.47,F,1,64,Thu,3,Local
shopping,1161.58,F,1,69,Thu,22,Long_Distance
misc,685.63,F,1,69,Thu,22,Long_Distance
grocery,344.01,F,1,64,Thu,23,Long_Distance
misc,831.16,F,1,43,Fri,0,Long_Distance
grocery,299.98,M,1,73,Fri,0,Long_Distance
grocery,353.06,F,1,43,Fri,1,Long_Distance
shopping,846.52,F,1,43,Fri,1,Regional
grocery,334.85,F,1,43,Fri,2,Regional
travel,8.18,M,1,73,Fri,2,Long_Distance
shopping,1008.39,F,1,43,Fri,3,Commute
travel,9.15,F,1,43,Fri,3,Long_Distance
travel,11.48,M,1,73,Fri,7,Commute
misc,830.58,F,1,43,Fri,7,Regional
health,21.13,F,1,43,Fri,15,Regional
health,19.51,F,1,43,Fri,19,Commute
shopping,992.1,M,1,73,Fri,22,Commute
shopping,882.9,M,1,73,Fri,23,Long_Distance
health,24.78,F,1,43,Fri,23,Long_Distance
shopping,1001.51,M,1,73,Fri,23,Long_Distance
travel,11.73,M,1,46,Sat,0,Commute
travel,7.04,M,1,45,Sat,1,Long_Distance
grocery,288.41,M,1,73,Sat,1,Regional
grocery,298.99,M,1,73,Sat,2,Commute
grocery,368.43,F,1,43,Sat,3,Long_Distance
grocery,328.68,M,1,46,Sat,3,Long_Distance
grocery,303.58,M,1,48,Sat,7,Long_Distance
shopping,644.4,M,1,45,Sat,15,Long_Distance
grocery,120.58,M,1,46,Sat,15,Long_Distance
shopping,1081.35,M,1,46,Sat,19,Long_Distance
misc,843.44,M,1,73,Sat,22,Commute
home,20.58,F,1,43,Sat,22,Commute
shopping,776.7,M,1,46,Sat,22,Remote
misc,728.36,M,1,73,Sat,22,Long_Distance
misc,784.77,M,1,45,Sat,23,Regional
home,264.35,F,1,43,Sat,23,Regional
grocery,278.32,M,1,48,Sat,23,Long_Distance
misc,696.76,M,1,73,Sat,23,Commute
grocery,119.72,F,1,43,Sat,23,Long_Distance
misc,741.88,M,1,48,Sat,23,Commute
shopping,1116.8,M,1,45,Sat,23,Commute
grocery,320.6,M,1,45,Sun,0,Long_Distance
shopping,952.08,F,1,47,Sun,0,Local
shopping,1060.34,F,1,47,Sun,1,Long_Distance
travel,7.42,M,1,48,Sun,1,Remote
grocery,276.8,M,1,45,Sun,1,Long_Distance
grocery,336.2,M,1,45,Sun,2,Long_Distance
grocery,303.03,M,1,48,Sun,2,Long_Distance
grocery,308.84,M,1,46,Sun,7,Long_Distance
home,19.19,F,1,47,Sun,13,Commute
shopping,1033.78,M,1,46,Sun,17,Local
shopping,994.92,F,1,64,Sun,21,Long_Distance
shopping,859.46,M,1,46,Sun,22,Commute
shopping,919.17,M,1,48,Sun,22,Long_Distance
shopping,1062.95,M,1,45,Sun,22,Remote
shopping,770.94,M,1,45,Sun,22,Commute
shopping,728.77,M,1,46,Sun,22,Commute
home,25.27,F,1,47,Sun,22,Long_Distance
misc,816.89,F,1,64,Sun,23,Commute
home,23.18,F,1,47,Sun,23,Long_Distance
shopping,976.64,M,1,48,Sun,23,Long_Distance
entertainment,510.59,M,1,45,Sun,23,Regional
grocery,307.5,F,1,64,Sun,23,Commute
home,20.96,M,1,46,Sun,23,Regional
home,224.94,F,1,47,Sun,23,Regional
misc,790.35,F,1,64,Sun,23,Commute
shopping,870.97,M,1,48,Sun,23,Commute
misc,916.87,M,1,48,Sun,23,Regional
misc,714.88,M,1,48,Sun,23,Regional
shopping,1065.43,M,1,45,Sun,23,Long_Distance
misc,813.73,F,1,47,Mon,0,Remote
entertainment,417.97,F,1,31,Mon,0,Regional
grocery,306.81,F,1,64,Mon,0,Long_Distance
travel,12.57,F,1,64,Mon,0,Regional
grocery,324.87,F,1,84,Mon,0,Commute
grocery,325.86,M,1,37,Mon,1,Long_Distance
grocery,16.44,F,1,84,Mon,1,Regional
grocery,277.53,F,1,64,Mon,1,Long_Distance
misc,8.56,F,1,31,Mon,2,Commute
grocery,328.57,M,1,37,Mon,2,Long_Distance
grocery,13.2,F,1,84,Mon,2,Long_Distance
grocery,377.28,F,1,47,Mon,2,Regional
misc,7.24,F,1,47,Mon,2,Regional
misc,8.54,F,1,31,Mon,3,Local
misc,801.35,M,1,26,Mon,3,Remote
entertainment,549.13,F,1,31,Mon,3,Commute
grocery,96.57,F,1,31,Mon,3,Long_Distance
misc,746.43,M,1,26,Mon,3,Long_Distance
shopping,747.46,F,1,47,Mon,5,Remote
entertainment,522.21,F,1,47,Mon,7,Long_Distance
grocery,12.95,F,1,84,Mon,8,Long_Distance
travel,10.72,F,1,47,Mon,9,Long_Distance
travel,8.25,F,1,64,Mon,9,Local
shopping,839.35,F,1,84,Mon,16,Long_Distance
personal,22.22,F,1,31,Mon,20,Long_Distance
health,21.47,F,1,31,Mon,22,Regional
shopping,1169.82,M,1,26,Mon,22,Long_Distance
misc,690.81,M,1,26,Mon,22,Commute
shopping,969.64,F,1,64,Mon,22,Long_Distance
shopping,896.28,M,1,37,Mon,22,Regional
home,249.87,F,1,47,Mon,22,Commute
shopping,1034.21,F,1,84,Mon,23,Long_Distance
grocery,121.62,F,1,84,Mon,23,Long_Distance
shopping,964.77,M,1,37,Mon,23,Commute
travel,10.2,F,1,47,Mon,23,Long_Distance
home,20.63,M,1,26,Mon,23,Long_Distance
home,22.91,F,1,31,Mon,23,Commute
travel,18.33,F,1,59,Tue,0,Long_Distance
grocery,297.74,M,1,26,Tue,0,Long_Distance
shopping,727.13,F,1,31,Tue,0,Commute
grocery,310.15,M,1,37,Tue,0,Commute
grocery,118.23,F,1,31,Tue,0,Commute
grocery,10.7,M,1,63,Tue,0,Commute
grocery,305.14,F,1,59,Tue,0,Long_Distance
grocery,15.05,F,1,84,Tue,1,Regional
travel,19.36,F,1,59,Tue,1,Long_Distance
grocery,328.58,M,1,26,Tue,2,Long_Distance
grocery,326.68,M,1,63,Tue,2,Commute
grocery,331.43,M,1,26,Tue,3,Long_Distance
grocery,331.2,F,1,31,Tue,8,Commute
grocery,15.25,M,1,63,Tue,9,Regional
misc,760.83,M,1,26,Tue,9,Regional
shopping,990.43,M,1,63,Tue,14,Long_Distance
shopping,905.28,F,1,59,Tue,15,Long_Distance
shopping,936.13,M,1,63,Tue,21,Commute
travel,10.29,M,1,26,Tue,22,Long_Distance
grocery,308.33,M,1,63,Tue,22,Remote
shopping,1104.91,M,1,37,Tue,22,Long_Distance
shopping,925.74,M,1,26,Tue,22,Commute
misc,737.43,M,1,37,Tue,22,Long_Distance
shopping,860.8,M,1,63,Tue,22,Long_Distance
misc,851.71,F,1,84,Tue,22,Long_Distance
shopping,752.47,F,1,59,Tue,22,Commute
shopping,816.78,M,1,63,Tue,22,Regional
shopping,1124.01,F,1,84,Tue,23,Long_Distance
home,19.52,F,1,31,Tue,23,Long_Distance
misc,773.75,M,1,63,Tue,23,Long_Distance
shopping,1140.41,F,1,84,Tue,23,Commute
personal,20.09,F,1,31,Tue,23,Regional
grocery,335.96,F,1,59,Tue,23,Commute
shopping,1062.87,M,1,26,Tue,23,Regional
shopping,1022.11,F,1,59,Tue,23,Long_Distance
grocery,149.42,F,1,31,Tue,23,Long_Distance
grocery,310.76,M,1,22,Wed,0,Regional
grocery,282.6,M,1,22,Wed,1,Commute
grocery,330.32,F,1,70,Wed,1,Regional
grocery,304.17,M,1,22,Wed,3,Regional
grocery,279.83,M,1,22,Wed,3,Commute
misc,685.26,M,1,22,Wed,3,Long_Distance
grocery,301.4,M,1,22,Wed,7,Regional
travel,20.49,F,1,59,Wed,9,Long_Distance
shopping,999.36,M,1,63,Wed,15,Regional
grocery,311.01,F,1,70,Wed,16,Commute
shopping,1095.21,M,1,63,Wed,22,Regional
shopping,793.22,F,1,70,Wed,22,Regional
misc,719.14,M,1,63,Wed,22,Commute
shopping,1056.23,M,1,22,Wed,22,Commute
shopping,929.9,M,1,22,Wed,22,Commute
shopping,893.91,F,1,59,Wed,23,Long_Distance
shopping,838.04,M,1,63,Wed,23,Long_Distance
misc,758.13,M,1,63,Wed,23,Commute
shopping,1125.31,M,1,22,Wed,23,Long_Distance
home,6.01,M,1,63,Wed,23,Commute
grocery,322.84,M,1,22,Thu,0,Long_Distance
grocery,314.68,M,1,22,Thu,1,Long_Distance
misc,795.59,F,1,32,Thu,1,Long_Distance
grocery,324.1,M,1,22,Thu,2,Long_Distance
grocery,311.83,M,1,22,Thu,3,Long_Distance
grocery,314.78,M,1,22,Thu,7,Commute
travel,9.79,F,1,32,Thu,8,Commute
shopping,925.94,M,1,22,Thu,12,Long_Distance
misc,50.96,M,1,49,Thu,22,Regional
shopping,980.06,M,1,22,Thu,22,Long_Distance
home,187.35,F,1,32,Thu,22,Commute
entertainment,564.34,F,1,32,Thu,22,Regional
shopping,1020.79,M,1,49,Thu,22,Regional
shopping,986.65,M,1,49,Thu,22,Remote
misc,907.81,M,1,49,Thu,23,Local
grocery,347.53,F,1,70,Thu,23,Remote
shopping,978.96,F,1,32,Fri,0,Local
shopping,849.79,F,1,32,Fri,3,Long_Distance
shopping,955.4,F,1,32,Fri,3,Regional
travel,17.9,M,1,49,Fri,4,Long_Distance
grocery,319.37,F,1,22,Fri,7,Regional
personal,48.14,M,1,49,Fri,14,Regional
personal,21.54,F,1,32,Fri,14,Long_Distance
entertainment,528.98,F,1,32,Fri,22,Commute
personal,21.23,F,1,32,Fri,22,Commute
shopping,768.58,M,1,49,Fri,22,Long_Distance
grocery,106.22,M,1,49,Fri,22,Long_Distance
shopping,1135.27,F,1,22,Fri,22,Commute
personal,51.49,M,1,49,Fri,23,Commute
travel,9.33,F,1,32,Fri,23,Commute
shopping,1334.07,F,1,22,Fri,23,Long_Distance
home,6.06,M,1,49,Fri,23,Commute
entertainment,386.91,F,1,32,Fri,23,Commute
home,7.57,M,1,49,Fri,23,Commute
personal,16.75,F,1,22,Fri,23,Remote
shopping,799.88,F,1,22,Fri,23,Commute
travel,10.87,F,1,22,Sat,0,Commute
grocery,299.07,M,1,59,Sat,0,Commute
grocery,343.75,F,1,22,Sat,1,Commute
grocery,311.14,F,1,22,Sat,1,Commute
grocery,294.63,M,1,59,Sat,3,Commute
grocery,316.09,F,1,80,Sat,3,Long_Distance
travel,15.27,F,1,80,Sat,7,Regional
home,229.57,F,1,48,Sat,12,Regional
travel,9.5,F,1,80,Sat,16,Long_Distance
shopping,1073.35,F,1,80,Sat,22,Regional
misc,792.26,F,1,64,Sat,22,Local
shopping,878.33,F,1,64,Sat,22,Regional
shopping,911.04,M,1,59,Sat,22,Commute
personal,23.71,F,1,48,Sat,23,Commute
grocery,311.41,F,1,80,Sat,23,Long_Distance
misc,688.75,F,1,22,Sat,23,Regional
shopping,944.46,F,1,22,Sat,23,Regional
home,238.27,F,1,48,Sat,23,Long_Distance
shopping,939.35,M,1,59,Sat,23,Long_Distance
grocery,92.79,F,1,48,Sat,23,Long_Distance
shopping,1134.36,F,1,80,Sat,23,Long_Distance
travel,17.34,F,1,64,Sun,0,Regional
grocery,294.85,F,1,64,Sun,0,Commute
entertainment,493.5,F,1,48,Sun,1,Commute
grocery,348.74,F,1,48,Sun,2,Long_Distance
grocery,300.05,F,1,80,Sun,2,Long_Distance
misc,7.01,F,1,48,Sun,3,Commute
shopping,1065.87,F,1,48,Sun,3,Commute
grocery,271.91,M,1,59,Sun,3,Regional
grocery,275.15,F,1,80,Sun,6,Long_Distance
travel,9.44,M,1,59,Sun,9,Regional
misc,861.36,F,1,48,Sun,11,Remote
shopping,1027.34,F,1,80,Sun,17,Long_Distance
shopping,1191.47,M,1,59,Sun,19,Regional
shopping,927.58,M,1,59,Sun,21,Commute
shopping,997.62,M,1,59,Sun,21,Regional
home,261.01,F,1,48,Sun,22,Commute
shopping,865.06,M,1,59,Sun,22,Commute
home,275.71,F,1,48,Sun,22,Commute
shopping,904.58,M,1,59,Sun,23,Long_Distance
shopping,1014.54,M,1,59,Sun,23,Long_Distance
shopping,1049.71,F,1,80,Sun,23,Long_Distance
shopping,994.37,F,1,64,Sun,23,Regional
misc,806.77,F,1,80,Sun,23,Long_Distance
shopping,1043.2,F,1,64,Sun,23,Regional
shopping,1117.82,F,1,80,Sun,23,Long_Distance
travel,9.18,F,1,23,Mon,2,Long_Distance
grocery,311.58,F,1,23,Mon,3,Regional
misc,729.1,F,1,23,Mon,3,Regional
travel,10.34,F,1,23,Mon,7,Long_Distance
grocery,320.59,F,1,52,Mon,13,Long_Distance
shopping,917.52,F,1,52,Mon,15,Long_Distance
shopping,1009.62,F,1,23,Mon,22,Long_Distance
personal,50.66,F,1,52,Mon,22,Regional
shopping,797.87,F,1,23,Mon,22,Commute
shopping,1122.38,F,1,23,Mon,22,Regional
shopping,1002.29,F,1,23,Mon,22,Long_Distance
shopping,704.6,F,1,23,Mon,23,Regional
shopping,810.35,F,1,23,Mon,23,Remote
shopping,867.76,F,1,23,Mon,23,Long_Distance
misc,767.97,F,1,52,Mon,23,Long_Distance
travel,9.69,F,1,23,Mon,23,Long_Distance
shopping,1058.68,F,1,52,Mon,23,Regional
grocery,301.8,F,1,23,Tue,0,Commute
misc,6.83,F,1,33,Tue,0,Long_Distance
grocery,109.69,F,1,33,Tue,1,Long_Distance
shopping,746.76,F,1,33,Tue,2,Long_Distance
shopping,1155.71,F,1,33,Tue,3,Commute
shopping,885.64,F,1,33,Tue,3,Commute
shopping,771.55,F,1,33,Tue,3,Long_Distance
grocery,293.52,F,1,23,Tue,7,Commute
travel,19.43,F,1,52,Tue,9,Long_Distance
shopping,913.75,F,1,33,Tue,10,Long_Distance
misc,8.63,F,1,33,Tue,10,Regional
shopping,1036.56,F,1,52,Tue,21,Commute
shopping,990.45,F,1,52,Tue,22,Long_Distance
travel,10.68,F,1,33,Tue,22,Commute
grocery,330.24,F,1,52,Tue,22,Commute
personal,17.52,F,1,33,Tue,23,Commute
home,21.12,F,1,33,Tue,23,Commute
home,16.1,F,1,33,Tue,23,Remote
shopping,938.82,F,1,52,Tue,23,Regional
shopping,1182.65,F,1,23,Tue,23,Long_Distance
shopping,1115.06,F,1,23,Tue,23,Commute
shopping,706.66,F,1,33,Wed,2,Commute
shopping,1079.64,F,1,33,Wed,3,Commute
grocery,317.62,M,1,19,Thu,3,Commute
grocery,316.88,M,1,19,Thu,4,Commute
shopping,980.77,M,1,19,Thu,17,Long_Distance
home,15.68,M,1,19,Thu,23,Regional
travel,10.64,M,1,19,Fri,0,Commute
travel,10.02,M,1,19,Fri,1,Regional
home,19.05,M,1,19,Fri,22,Regional
shopping,1172.01,M,1,19,Fri,22,Long_Distance
shopping,1075.29,M,1,19,Fri,23,Long_Distance
misc,775.1,M,1,19,Fri,23,Long_Distance
grocery,329.83,M,1,27,Sun,1,Remote
travel,9.89,F,1,48,Sun,1,Remote
grocery,369.0,F,1,48,Sun,2,Long_Distance
misc,919.58,F,1,48,Sun,2,Long_Distance
grocery,310.76,F,1,80,Sun,2,Remote
shopping,740.2,F,1,48,Sun,3,Regional
grocery,298.01,M,1,27,Sun,4,Regional
shopping,744.69,F,1,48,Sun,13,Regional
misc,761.3,F,1,80,Sun,13,Commute
shopping,999.18,F,1,80,Sun,19,Long_Distance
grocery,317.2,F,1,80,Sun,20,Commute
misc,1043.38,M,1,27,Sun,22,Local
shopping,1189.69,M,1,27,Sun,22,Local
entertainment,609.41,F,1,48,Sun,22,Regional
health,21.26,F,1,48,Sun,23,Long_Distance
grocery,289.8,M,1,27,Sun,23,Commute
shopping,795.01,M,1,27,Sun,23,Regional
shopping,999.45,F,1,48,Sun,23,Long_Distance
health,21.47,F,1,48,Sun,23,Regional
grocery,296.87,M,1,27,Mon,0,Long_Distance
grocery,294.02,M,1,27,Mon,1,Commute
grocery,295.07,M,1,32,Mon,2,Long_Distance
grocery,321.49,M,1,27,Mon,3,Remote
grocery,314.86,F,1,80,Mon,3,Commute
grocery,276.99,M,1,32,Mon,3,Regional
grocery,306.2,M,1,32,Mon,5,Long_Distance
grocery,290.89,M,1,32,Mon,8,Long_Distance
shopping,1004.83,F,1,80,Mon,14,Regional
personal,21.73,F,1,80,Mon,22,Long_Distance
shopping,1005.31,M,1,32,Mon,22,Regional
grocery,287.42,M,1,27,Mon,22,Long_Distance
shopping,1058.01,M,1,32,Mon,23,Commute
misc,658.54,F,1,80,Mon,23,Regional
shopping,1037.0,M,1,32,Mon,23,Commute
travel,13.2,F,1,36,Tue,0,Commute
misc,726.63,F,1,36,Tue,0,Regional
grocery,11.33,M,1,57,Tue,0,Commute
misc,814.83,F,1,36,Tue,0,Regional
misc,775.67,F,1,22,Tue,1,Long_Distance
grocery,287.0,M,1,57,Tue,1,Commute
grocery,285.88,M,1,32,Tue,1,Regional
misc,731.6,M,1,32,Tue,1,Long_Distance
travel,10.57,F,1,22,Tue,2,Long_Distance
travel,9.02,M,1,57,Tue,2,Long_Distance
grocery,326.94,M,1,32,Tue,3,Commute
travel,8.27,F,1,22,Tue,4,Long_Distance
shopping,865.48,M,1,57,Tue,13,Commute
personal,18.08,F,1,36,Tue,22,Long_Distance
misc,666.7,M,1,57,Tue,22,Local
shopping,947.47,M,1,57,Tue,22,Remote
shopping,1006.51,F,1,22,Tue,22,Regional
home,16.33,F,1,36,Tue,23,Long_Distance
shopping,930.92,F,1,22,Tue,23,Long_Distance
shopping,715.29,M,1,32,Tue,23,Local
entertainment,495.2,F,1,36,Tue,23,Regional
misc,808.25,M,1,57,Tue,23,Long_Distance
travel,9.42,F,1,36,Tue,23,Long_Distance
travel,12.34,F,1,22,Wed,0,Long_Distance
shopping,986.53,F,1,30,Wed,0,Regional
shopping,1041.76,F,1,30,Wed,1,Regional
grocery,270.28,F,1,22,Wed,1,Long_Distance
grocery,325.7,F,1,33,Wed,1,Long_Distance
shopping,649.14,F,1,33,Wed,2,Regional
misc,857.67,F,1,30,Wed,2,Commute
home,282.39,F,1,33,Wed,14,Long_Distance
shopping,881.11,F,1,47,Wed,16,Long_Distance
home,22.95,F,1,47,Wed,19,Commute
travel,8.84,F,1,22,Wed,22,Regional
home,241.08,F,1,30,Wed,22,Regional
home,19.77,F,1,30,Wed,22,Long_Distance
grocery,138.51,F,1,33,Wed,22,Commute
personal,19.69,F,1,36,Wed,22,Long_Distance
entertainment,540.67,F,1,30,Wed,23,Commute
home,18.47,F,1,33,Wed,23,Long_Distance
shopping,1024.66,M,1,36,Wed,23,Long_Distance
shopping,801.76,M,1,36,Wed,23,Commute
misc,7.32,M,1,36,Wed,23,Commute
shopping,972.51,F,1,33,Thu,0,Long_Distance
shopping,868.34,F,1,30,Thu,0,Long_Distance
shopping,921.24,F,1,47,Thu,0,Regional
shopping,1090.67,F,1,47,Thu,1,Commute
shopping,1043.59,F,1,47,Thu,1,Commute
misc,769.13,F,1,33,Thu,2,Long_Distance
grocery,291.92,M,1,49,Thu,2,Commute
travel,12.41,F,1,47,Thu,2,Regional
grocery,290.2,F,1,30,Thu,2,Regional
travel,11.68,M,1,36,Thu,3,Long_Distance
misc,741.98,F,1,47,Thu,3,Long_Distance
home,21.93,F,1,47,Thu,12,Long_Distance
misc,8.94,F,1,62,Thu,16,Regional
misc,820.25,M,1,49,Thu,17,Long_Distance
shopping,1084.55,M,1,49,Thu,22,Long_Distance
personal,21.49,M,1,36,Thu,22,Commute
grocery,101.13,F,1,33,Thu,22,Regional
home,22.35,F,1,47,Thu,22,Commute
misc,906.8,M,1,36,Thu,22,Long_Distance
entertainment,424.38,F,1,30,Thu,22,Commute
shopping,1008.53,F,1,62,Thu,23,Long_Distance
entertainment,474.24,F,1,30,Thu,23,Long_Distance
home,281.8,F,1,33,Thu,23,Commute
misc,772.48,F,1,62,Thu,23,Regional
grocery,301.44,M,1,36,Thu,23,Long_Distance
home,20.21,F,1,30,Thu,23,Commute
home,271.41,F,1,33,Thu,23,Long_Distance
misc,8.57,M,1,49,Thu,23,Commute
home,19.34,M,1,36,Thu,23,Long_Distance
misc,1024.58,F,1,62,Thu,23,Long_Distance
shopping,1129.56,F,1,47,Thu,23,Long_Distance
grocery,116.45,F,1,47,Thu,23,Regional
travel,9.17,M,1,49,Fri,1,Commute
shopping,891.41,F,1,42,Fri,1,Commute
misc,840.58,F,1,42,Fri,1,Regional
shopping,791.99,F,1,42,Fri,1,Commute
grocery,303.8,F,1,62,Fri,1,Long_Distance
grocery,280.48,M,1,29,Fri,1,Long_Distance
grocery,280.66,F,1,62,Fri,2,Commute
grocery,13.13,F,1,62,Fri,2,Commute
travel,11.1,F,1,42,Fri,2,Long_Distance
grocery,259.96,M,1,49,Fri,3,Commute
health,19.69,F,1,42,Fri,18,Long_Distance
home,21.23,F,1,42,Fri,19,Commute
home,22.48,F,1,42,Fri,22,Regional
personal,21.61,F,1,42,Fri,22,Commute
grocery,294.65,M,1,29,Fri,22,Commute
shopping,1062.15,F,1,62,Fri,22,Commute
shopping,965.64,F,1,62,Fri,23,Long_Distance
misc,938.73,F,1,62,Fri,23,Commute
personal,19.54,F,1,42,Fri,23,Remote
personal,19.83,M,1,49,Fri,23,Commute
misc,834.58,F,1,30,Sat,0,Local
misc,716.13,F,1,42,Sat,1,Regional
misc,831.58,F,1,30,Sat,1,Long_Distance
grocery,327.71,M,1,76,Sat,2,Commute
travel,14.1,M,1,76,Sat,2,Long_Distance
shopping,1097.35,F,1,42,Sat,2,Regional
grocery,310.94,M,1,76,Sat,2,Regional
travel,6.5,M,1,29,Sat,3,Commute
shopping,1025.62,F,1,30,Sat,3,Commute
shopping,1000.9,M,1,29,Sat,14,Commute
shopping,924.76,M,1,76,Sat,14,Long_Distance
shopping,997.56,M,1,29,Sat,19,Long_Distance
personal,21.58,M,1,29,Sat,21,Long_Distance
travel,9.4,M,1,76,Sat,22,Regional
shopping,917.19,M,1,29,Sat,22,Commute
shopping,1097.76,M,1,29,Sat,22,Commute
shopping,955.85,M,1,29,Sat,23,Regional
shopping,981.32,M,1,76,Sat,23,Long_Distance
shopping,831.73,F,1,30,Sat,23,Commute
health,19.8,F,1,42,Sat,23,Long_Distance
grocery,295.4,M,1,29,Sat,23,Long_Distance
health,20.13,F,1,30,Sat,23,Long_Distance
shopping,1103.76,F,1,30,Sun,0,Commute
grocery,301.32,M,1,48,Sun,0,Long_Distance
grocery,290.99,M,1,48,Sun,1,Commute
shopping,922.1,F,1,30,Sun,1,Remote
shopping,969.63,F,1,30,Sun,2,Regional
shopping,1034.8,F,1,30,Sun,2,Long_Distance
grocery,293.95,M,1,39,Sun,2,Long_Distance
shopping,905.96,F,1,30,Sun,3,Long_Distance
grocery,315.56,M,1,48,Sun,9,Long_Distance
grocery,307.64,M,1,39,Sun,9,Long_Distance
shopping,970.33,M,1,76,Sun,20,Long_Distance
shopping,1052.65,M,1,76,Sun,22,Regional
shopping,939.08,M,1,76,Sun,22,Long_Distance
misc,648.99,M,1,39,Sun,22,Commute
grocery,287.51,M,1,39,Sun,22,Long_Distance
health,18.05,F,1,30,Sun,22,Long_Distance
shopping,1146.99,M,1,39,Sun,23,Long_Distance
shopping,897.11,M,1,76,Sun,23,Long_Distance
shopping,802.49,M,1,76,Sun,23,Commute
misc,608.15,M,1,48,Mon,0,Commute
grocery,292.74,M,1,48,Mon,0,Long_Distance
grocery,292.88,M,1,48,Mon,1,Long_Distance
travel,13.08,M,1,48,Mon,1,Long_Distance
travel,10.47,M,1,39,Mon,2,Commute
grocery,309.74,M,1,39,Mon,6,Local
personal,20.12,M,1,39,Mon,13,Regional
shopping,925.74,M,1,39,Mon,18,Commute
shopping,860.18,M,1,39,Mon,21,Long_Distance
misc,644.3,M,1,39,Mon,22,Commute
grocery,290.79,M,1,39,Mon,22,Commute
grocery,297.47,M,1,39,Mon,22,Regional
home,248.8,M,1,39,Mon,23,Commute
grocery,269.86,F,1,61,Wed,0,Long_Distance
grocery,319.18,F,1,67,Wed,1,Long_Distance
travel,11.77,F,1,61,Wed,1,Regional
grocery,343.39,F,1,52,Wed,3,Long_Distance
grocery,308.55,F,1,67,Wed,3,Long_Distance
shopping,1084.7,F,1,61,Wed,12,Commute
shopping,923.4,F,1,67,Wed,14,Long_Distance
shopping,994.77,F,1,67,Wed,16,Long_Distance
shopping,776.09,F,1,67,Wed,22,Commute
misc,732.82,F,1,61,Wed,22,Long_Distance
shopping,876.03,F,1,67,Wed,22,Commute
shopping,760.51,F,1,61,Wed,23,Commute
misc,927.45,F,1,52,Wed,23,Regional
misc,1049.84,F,1,61,Wed,23,Regional
travel,13.28,F,1,61,Thu,0,Long_Distance
grocery,314.79,M,1,33,Thu,0,Long_Distance
grocery,15.99,F,1,67,Thu,1,Long_Distance
grocery,312.03,F,1,67,Thu,1,Commute
grocery,291.74,M,1,33,Thu,2,Long_Distance
grocery,304.08,F,1,58,Thu,6,Long_Distance
grocery,330.19,M,1,33,Thu,10,Long_Distance
shopping,768.32,F,1,52,Thu,14,Long_Distance
shopping,954.22,F,1,90,Thu,14,Long_Distance
shopping,1105.42,F,1,58,Thu,16,Commute
shopping,901.63,F,1,67,Thu,17,Long_Distance
home,392.42,F,1,52,Thu,17,Long_Distance
shopping,713.69,M,1,33,Thu,19,Long_Distance
shopping,1020.32,F,1,61,Thu,20,Long_Distance
shopping,1059.29,F,1,67,Thu,22,Regional
shopping,900.39,F,1,67,Thu,22,Commute
grocery,257.63,F,1,58,Thu,22,Long_Distance
misc,758.79,F,1,61,Thu,22,Long_Distance
shopping,942.0,F,1,58,Thu,22,Remote
misc,778.7,M,1,33,Thu,22,Long_Distance
misc,917.89,F,1,90,Thu,22,Long_Distance
misc,721.96,F,1,67,Thu,22,Long_Distance
grocery,322.77,F,1,52,Thu,22,Commute
personal,50.12,F,1,67,Thu,22,Long_Distance
shopping,1286.27,F,1,67,Thu,22,Long_Distance
misc,768.0,F,1,58,Thu,23,Commute
grocery,309.02,M,1,60,Thu,23,Commute
misc,855.73,F,1,90,Thu,23,Long_Distance
travel,9.9,M,1,45,Thu,23,Regional
shopping,992.8,F,1,61,Thu,23,Long_Distance
shopping,935.13,F,1,58,Thu,23,Commute
shopping,1096.03,F,1,58,Thu,23,Long_Distance
shopping,1139.52,F,1,90,Thu,23,Commute
misc,719.82,M,1,45,Thu,23,Long_Distance
grocery,333.47,F,1,52,Thu,23,Long_Distance
travel,6.79,M,1,45,Fri,0,Local
travel,8.0,M,1,33,Fri,0,Regional
grocery,290.65,M,1,45,Fri,0,Long_Distance
grocery,317.81,M,1,33,Fri,1,Commute
grocery,282.12,F,1,80,Fri,1,Commute
travel,11.95,M,1,33,Fri,1,Regional
travel,9.91,F,1,58,Fri,1,Commute
grocery,289.27,F,1,80,Fri,1,Commute
travel,8.31,F,1,80,Fri,1,Local
travel,10.25,F,1,90,Fri,2,Remote
grocery,271.04,F,1,80,Fri,3,Long_Distance
grocery,311.48,M,1,60,Fri,3,Long_Distance
travel,9.13,M,1,45,Fri,5,Regional
grocery,257.47,F,1,58,Fri,7,Long_Distance
grocery,299.18,M,1,33,Fri,9,Long_Distance
shopping,880.19,M,1,60,Fri,13,Regional
shopping,1016.64,F,1,80,Fri,15,Regional
misc,702.32,F,1,80,Fri,19,Local
misc,696.29,M,1,45,Fri,22,Regional
misc,883.32,F,1,90,Fri,22,Local
shopping,942.03,F,1,80,Fri,22,Long_Distance
shopping,929.06,F,1,90,Fri,22,Long_Distance
misc,836.07,M,1,33,Fri,22,Commute
shopping,957.09,F,1,58,Fri,22,Long_Distance
grocery,297.76,M,1,33,Fri,22,Regional
shopping,1016.26,F,1,58,Fri,23,Long_Distance
grocery,289.74,M,1,45,Fri,23,Regional
personal,45.24,M,1,60,Fri,23,Commute
shopping,900.06,M,1,45,Fri,23,Long_Distance
shopping,1140.72,F,1,58,Fri,23,Commute
misc,786.4,M,1,60,Fri,23,Regional
misc,7.72,M,1,33,Fri,23,Long_Distance
shopping,892.68,F,1,90,Fri,23,Commute
shopping,848.89,F,1,90,Fri,23,Commute
travel,11.98,M,1,51,Sat,1,Local
grocery,288.97,F,1,80,Sat,1,Regional
shopping,927.18,M,1,51,Sat,19,Commute
shopping,1036.91,M,1,51,Sat,22,Long_Distance
misc,802.15,F,1,80,Sat,22,Commute
shopping,960.0,M,1,51,Sat,22,Long_Distance
misc,776.27,M,1,51,Sat,23,Remote
grocery,312.48,M,1,51,Sun,3,Long_Distance
shopping,985.29,M,1,51,Sun,22,Local
misc,616.23,M,1,51,Sun,23,Regional
shopping,980.79,M,1,51,Sun,23,Long_Distance
misc,716.52,M,1,51,Sun,23,Local
travel,9.76,F,1,21,Mon,0,Regional
grocery,283.62,F,1,21,Mon,1,Commute
grocery,289.12,M,1,46,Mon,1,Commute
misc,959.53,F,1,21,Mon,2,Remote
grocery,325.35,M,1,46,Mon,2,Commute
grocery,280.64,M,1,46,Mon,3,Regional
home,259.17,F,1,36,Mon,22,Long_Distance
misc,828.73,M,1,46,Mon,22,Long_Distance
shopping,853.8,M,1,46,Mon,22,Long_Distance
entertainment,468.05,F,1,21,Mon,23,Long_Distance
shopping,788.62,F,1,21,Mon,23,Long_Distance
shopping,1131.32,F,1,21,Mon,23,Long_Distance
grocery,284.58,F,1,23,Tue,0,Regional
grocery,295.85,M,1,46,Tue,0,Long_Distance
misc,911.75,M,1,18,Tue,0,Long_Distance
grocery,301.63,F,1,75,Tue,0,Regional
grocery,286.63,F,1,21,Tue,0,Commute
grocery,348.01,F,1,54,Tue,1,Commute
misc,893.06,F,1,23,Tue,1,Long_Distance
travel,10.3,F,1,23,Tue,2,Long_Distance
grocery,16.73,F,1,54,Tue,2,Long_Distance
grocery,314.25,F,1,75,Tue,2,Remote
travel,10.42,M,1,18,Tue,2,Regional
grocery,302.22,M,1,18,Tue,3,Long_Distance
grocery,288.7,F,1,23,Tue,3,Long_Distance
grocery,297.4,F,1,23,Tue,3,Long_Distance
grocery,306.23,M,1,18,Tue,5,Long_Distance
travel,8.45,M,1,18,Tue,5,Regional
misc,719.27,F,1,23,Tue,6,Long_Distance
grocery,309.35,F,1,54,Tue,10,Regional
grocery,123.61,M,1,46,Tue,16,Local
misc,763.2,F,1,54,Tue,18,Long_Distance
misc,9.39,F,1,21,Tue,22,Long_Distance
shopping,805.81,M,1,18,Tue,22,Long_Distance
misc,935.83,M,1,46,Tue,22,Long_Distance
shopping,968.46,F,1,23,Tue,22,Commute
shopping,912.51,M,1,46,Tue,22,Regional
entertainment,615.49,F,1,54,Tue,22,Long_Distance
misc,865.3,F,1,75,Tue,22,Long_Distance
shopping,1089.43,M,1,18,Tue,22,Long_Distance
misc,800.9,F,1,75,Tue,22,Remote
shopping,937.62,M,1,18,Tue,22,Regional
shopping,972.69,F,1,21,Tue,22,Long_Distance
shopping,1030.21,F,1,75,Tue,22,Remote
shopping,891.97,M,1,18,Tue,22,Long_Distance
misc,8.37,F,1,23,Tue,23,Commute
shopping,1073.84,F,1,54,Tue,23,Long_Distance
personal,20.98,F,1,36,Tue,23,Long_Distance
shopping,920.07,F,1,54,Tue,23,Commute
misc,803.95,F,1,54,Tue,23,Long_Distance
misc,901.62,F,1,75,Tue,23,Commute
grocery,362.56,F,1,54,Tue,23,Commute
shopping,787.51,F,1,54,Tue,23,Commute
home,20.54,M,1,18,Tue,23,Commute
shopping,1200.74,M,1,18,Tue,23,Commute
misc,8.24,M,1,18,Tue,23,Long_Distance
grocery,297.37,F,1,54,Wed,0,Commute
grocery,348.36,F,1,54,Wed,2,Regional
grocery,357.5,F,1,54,Wed,2,Local
grocery,336.15,F,1,23,Wed,3,Local
grocery,285.18,F,1,23,Wed,9,Commute
shopping,1078.8,M,1,18,Wed,14,Regional
misc,881.13,M,1,18,Wed,14,Commute
shopping,1002.04,M,1,18,Wed,15,Regional
home,228.96,M,1,18,Wed,18,Regional
travel,10.99,M,1,18,Wed,18,Regional
shopping,833.74,F,1,52,Wed,21,Commute
personal,20.25,F,1,52,Wed,22,Long_Distance
misc,801.83,F,1,52,Wed,22,Long_Distance
shopping,1016.39,F,1,23,Wed,22,Commute
entertainment,695.53,F,1,54,Wed,22,Regional
shopping,1156.15,F,1,52,Wed,22,Commute
shopping,995.63,F,1,52,Wed,22,Commute
shopping,875.17,F,1,52,Wed,23,Long_Distance
grocery,321.17,F,1,52,Wed,23,Long_Distance
shopping,1292.21,M,1,18,Wed,23,Commute
misc,51.02,F,1,54,Wed,23,Commute
shopping,934.79,F,1,23,Wed,23,Regional
misc,664.64,F,1,52,Wed,23,Long_Distance
misc,686.74,F,1,75,Wed,23,Commute
shopping,1024.04,M,1,18,Wed,23,Long_Distance
shopping,709.16,F,1,23,Wed,23,Local
grocery,281.68,F,1,52,Thu,0,Long_Distance
grocery,281.77,M,1,43,Thu,0,Commute
travel,9.72,F,1,52,Thu,1,Long_Distance
grocery,293.68,F,1,52,Thu,2,Regional
shopping,1000.46,M,1,43,Thu,22,Long_Distance
misc,855.69,M,1,50,Thu,22,Long_Distance
misc,749.92,F,1,52,Thu,22,Remote
shopping,1084.51,M,1,50,Thu,22,Long_Distance
shopping,1063.4,M,1,43,Thu,23,Long_Distance
shopping,1125.97,M,1,43,Thu,23,Long_Distance
grocery,284.59,M,1,43,Fri,0,Remote
travel,9.4,M,1,43,Fri,1,Regional
grocery,322.44,M,1,50,Fri,3,Commute
grocery,335.24,M,1,50,Fri,3,Regional
shopping,905.1,M,1,50,Fri,20,Commute
misc,823.65,M,1,50,Fri,22,Long_Distance
health,21.37,M,1,43,Fri,22,Regional
shopping,1032.46,M,1,43,Fri,22,Commute
shopping,866.4,M,1,43,Fri,22,Long_Distance
shopping,1079.81,M,1,43,Fri,23,Commute
shopping,1024.61,M,1,50,Fri,23,Commute
shopping,966.67,M,1,50,Fri,23,Regional
shopping,1258.71,M,1,43,Fri,23,Long_Distance
misc,840.87,M,1,43,Fri,23,Regional
shopping,871.27,M,1,55,Sat,22,Long_Distance
misc,51.66,M,1,55,Sat,22,Long_Distance
grocery,327.19,M,1,88,Sun,1,Long_Distance
shopping,1147.45,F,1,28,Sun,3,Regional
travel,24.18,M,1,88,Sun,7,Commute
grocery,301.36,M,1,88,Sun,11,Long_Distance
grocery,340.18,M,1,55,Sun,12,Regional
entertainment,432.63,F,1,28,Sun,15,Long_Distance
shopping,671.44,M,1,55,Sun,21,Long_Distance
shopping,825.04,M,1,88,Sun,22,Long_Distance
home,19.11,F,1,28,Sun,22,Regional
shopping,876.08,M,1,88,Sun,23,Commute
misc,806.03,M,1,55,Sun,23,Commute
travel,11.04,F,1,28,Sun,23,Regional
shopping,869.13,M,1,88,Sun,23,Long_Distance
travel,18.96,M,1,88,Mon,0,Long_Distance
grocery,303.13,M,1,27,Mon,0,Long_Distance
grocery,283.61,M,1,27,Mon,0,Remote
travel,13.02,M,1,39,Mon,0,Regional
grocery,298.27,F,1,55,Mon,0,Commute
grocery,289.04,M,1,39,Mon,0,Long_Distance
grocery,327.16,M,1,88,Mon,2,Long_Distance
travel,8.26,F,1,28,Mon,2,Regional
misc,785.38,M,1,39,Mon,3,Long_Distance
grocery,7.83,F,1,28,Mon,3,Regional
grocery,300.08,F,1,55,Mon,3,Long_Distance
grocery,330.72,M,1,88,Mon,5,Long_Distance
home,18.23,F,1,28,Mon,22,Long_Distance
health,18.79,F,1,55,Mon,22,Commute
shopping,1016.56,M,1,27,Mon,22,Commute
grocery,330.29,M,1,27,Mon,22,Commute
misc,8.01,M,1,27,Mon,22,Long_Distance
misc,791.35,M,1,39,Mon,22,Long_Distance
personal,18.55,F,1,28,Mon,23,Regional
grocery,352.48,M,1,88,Mon,23,Long_Distance
shopping,895.09,M,1,88,Mon,23,Commute
personal,20.98,F,1,28,Mon,23,Long_Distance
grocery,336.72,M,1,39,Tue,0,Long_Distance
grocery,284.63,M,1,39,Tue,0,Regional
grocery,316.11,M,1,39,Tue,0,Commute
grocery,295.48,M,1,27,Tue,1,Long_Distance
grocery,308.52,M,1,39,Tue,1,Regional
grocery,293.62,F,1,55,Tue,2,Long_Distance
grocery,289.91,M,1,27,Tue,9,Local
health,17.83,M,1,64,Tue,19,Commute
shopping,912.71,M,1,64,Tue,22,Commute
shopping,949.57,F,1,55,Tue,22,Commute
shopping,598.9,M,1,39,Tue,22,Commute
shopping,1093.85,M,1,64,Tue,22,Commute
misc,7.88,M,1,64,Tue,22,Commute
misc,779.87,M,1,64,Tue,22,Long_Distance
misc,7.59,F,1,55,Tue,22,Long_Distance
shopping,942.86,M,1,39,Tue,22,Long_Distance
shopping,815.48,M,1,39,Tue,22,Long_Distance
shopping,1042.38,F,1,55,Tue,23,Long_Distance
grocery,328.17,M,1,27,Tue,23,Remote
home,17.21,M,1,27,Tue,23,Remote
grocery,316.4,M,1,64,Tue,23,Local
home,182.62,M,1,39,Tue,23,Regional
shopping,1028.7,M,1,27,Tue,23,Long_Distance
shopping,1031.72,F,1,55,Tue,23,Commute
travel,6.56,M,1,84,Wed,0,Regional
travel,10.46,M,1,84,Wed,1,Long_Distance
personal,16.42,M,1,84,Wed,22,Regional
shopping,1004.14,M,1,64,Wed,23,Regional
home,20.15,M,1,84,Wed,23,Long_Distance
misc,726.14,M,1,33,Thu,3,Commute
shopping,1031.32,M,1,33,Thu,14,Local
misc,823.23,M,1,33,Thu,21,Long_Distance
travel,8.76,M,1,84,Thu,22,Commute
shopping,833.36,M,1,84,Thu,22,Long_Distance
health,17.7,M,1,33,Thu,22,Long_Distance
shopping,1054.22,M,1,84,Thu,22,Commute
shopping,1025.92,M,1,33,Thu,23,Long_Distance
home,21.51,M,1,33,Thu,23,Commute
misc,934.81,M,1,84,Thu,23,Long_Distance
shopping,1126.71,M,1,84,Thu,23,Long_Distance
entertainment,479.42,F,1,36,Fri,0,Commute
grocery,349.92,M,1,33,Fri,1,Long_Distance
grocery,304.75,M,1,33,Fri,2,Long_Distance
shopping,1001.75,F,1,36,Fri,2,Commute
shopping,704.03,F,1,36,Fri,2,Long_Distance
shopping,749.49,F,1,36,Fri,2,Long_Distance
travel,6.23,M,1,53,Fri,3,Commute
shopping,906.23,F,1,48,Fri,6,Remote
grocery,114.15,F,1,48,Fri,13,Regional
personal,20.78,F,1,36,Fri,22,Regional
shopping,997.72,M,1,53,Fri,22,Commute
home,218.32,F,1,48,Fri,22,Commute
home,22.06,F,1,36,Fri,22,Commute
shopping,744.65,M,1,33,Fri,22,Long_Distance
health,22.85,F,1,36,Fri,22,Commute
shopping,983.73,M,1,33,Fri,22,Long_Distance
shopping,1014.39,M,1,33,Fri,23,Commute
shopping,961.2,M,1,53,Fri,23,Long_Distance
travel,9.59,F,1,36,Sat,1,Long_Distance
shopping,1003.34,F,1,48,Sat,1,Long_Distance
shopping,1069.04,F,1,48,Sat,1,Remote
travel,6.78,M,1,53,Sat,1,Long_Distance
grocery,278.87,M,1,53,Sat,3,Commute
misc,782.17,M,1,53,Sat,13,Long_Distance
shopping,970.02,M,1,53,Sat,14,Commute
misc,828.62,M,1,53,Sat,22,Remote
personal,20.6,F,1,48,Sat,22,Long_Distance
grocery,121.17,F,1,48,Sat,22,Commute
misc,867.56,F,1,45,Sun,1,Long_Distance
grocery,357.78,F,1,45,Sun,3,Regional
grocery,305.84,M,1,68,Sun,3,Regional
grocery,379.73,F,1,45,Sun,7,Long_Distance
shopping,916.56,M,1,68,Sun,17,Regional
grocery,125.12,F,1,45,Sun,22,Long_Distance
health,18.83,F,1,45,Sun,23,Remote
grocery,311.02,F,1,22,Mon,0,Commute
grocery,287.45,F,1,94,Mon,0,Local
grocery,298.7,F,1,23,Mon,0,Regional
travel,10.44,F,1,23,Mon,0,Remote
grocery,300.27,F,1,23,Mon,1,Long_Distance
grocery,299.49,F,1,23,Mon,1,Regional
grocery,302.05,F,1,22,Mon,1,Regional
travel,17.22,M,1,68,Mon,1,Long_Distance
travel,8.75,F,1,45,Mon,1,Regional
travel,9.21,F,1,23,Mon,2,Long_Distance
misc,765.47,F,1,45,Mon,2,Commute
travel,14.02,F,1,82,Mon,2,Regional
grocery,292.71,F,1,22,Mon,2,Long_Distance
grocery,369.96,F,1,45,Mon,3,Long_Distance
grocery,340.69,F,1,45,Mon,3,Local
grocery,285.81,F,1,23,Mon,3,Long_Distance
grocery,320.83,F,1,94,Mon,3,Long_Distance
grocery,320.85,F,1,22,Mon,6,Local
grocery,279.59,F,1,22,Mon,10,Regional
home,20.27,F,1,23,Mon,14,Long_Distance
shopping,1021.53,F,1,22,Mon,18,Commute
misc,669.3,M,1,68,Mon,21,Commute
shopping,1165.94,F,1,23,Mon,22,Long_Distance
shopping,942.93,F,1,23,Mon,22,Regional
shopping,913.21,M,1,68,Mon,22,Commute
misc,840.98,F,1,94,Mon,22,Regional
shopping,940.76,M,1,50,Mon,22,Commute
shopping,1085.73,F,1,94,Mon,22,Commute
grocery,116.77,M,1,50,Mon,22,Long_Distance
shopping,1078.92,F,1,23,Mon,22,Commute
shopping,964.75,F,1,22,Mon,22,Long_Distance
grocery,304.93,F,1,94,Mon,22,Regional
shopping,901.2,M,1,50,Mon,22,Commute
shopping,1010.74,F,1,82,Mon,22,Regional
shopping,1111.8,F,1,82,Mon,22,Regional
shopping,907.95,M,1,68,Mon,23,Regional
grocery,314.36,F,1,82,Mon,23,Long_Distance
misc,763.4,M,1,50,Mon,23,Long_Distance
shopping,898.42,F,1,82,Mon,23,Long_Distance
travel,9.15,F,1,23,Mon,23,Long_Distance
shopping,996.11,F,1,23,Mon,23,Long_Distance
misc,659.33,F,1,23,Mon,23,Long_Distance
travel,9.89,F,1,23,Mon,23,Long_Distance
misc,795.06,F,1,22,Mon,23,Remote
misc,811.46,F,1,82,Mon,23,Regional
misc,798.77,F,1,82,Mon,23,Long_Distance
shopping,956.7,F,1,23,Mon,23,Commute
misc,741.78,F,1,23,Mon,23,Commute
home,18.04,F,1,45,Mon,23,Regional
misc,803.49,F,1,94,Mon,23,Long_Distance
grocery,10.54,F,1,23,Tue,0,Commute
grocery,296.89,M,1,60,Tue,1,Remote
travel,13.49,F,1,78,Tue,1,Long_Distance
travel,10.91,F,1,94,Tue,1,Remote
grocery,307.7,F,1,23,Tue,1,Long_Distance
grocery,293.04,F,1,94,Tue,1,Long_Distance
grocery,328.75,F,1,23,Tue,1,Regional
grocery,315.99,M,1,60,Tue,2,Regional
travel,8.97,F,1,22,Tue,2,Regional
grocery,319.32,F,1,78,Tue,2,Commute
grocery,306.79,F,1,22,Tue,3,Long_Distance
grocery,294.51,F,1,94,Tue,3,Local
grocery,277.87,F,1,78,Tue,3,Commute
grocery,306.8,M,1,60,Tue,7,Long_Distance
grocery,310.49,M,1,50,Tue,17,Regional
misc,899.58,M,1,50,Tue,20,Long_Distance
travel,10.64,M,1,60,Tue,21,Long_Distance
grocery,316.87,M,1,50,Tue,22,Regional
shopping,1134.6,F,1,78,Tue,22,Regional
misc,817.64,F,1,82,Tue,22,Commute
shopping,846.25,M,1,50,Tue,22,Long_Distance
shopping,909.49,F,1,82,Tue,22,Long_Distance
shopping,1091.47,F,1,94,Tue,22,Regional
shopping,874.98,F,1,82,Tue,22,Commute
shopping,1041.68,F,1,78,Tue,22,Regional
misc,8.13,F,1,78,Tue,23,Commute
shopping,951.68,M,1,60,Tue,23,Long_Distance
entertainment,431.21,F,1,94,Tue,23,Remote
shopping,1002.61,F,1,82,Tue,23,Long_Distance
shopping,1139.57,M,1,60,Tue,23,Long_Distance
shopping,931.07,M,1,60,Tue,23,Commute
shopping,1131.0,F,1,22,Tue,23,Long_Distance
travel,8.9,M,1,60,Wed,0,Long_Distance
shopping,877.52,F,1,78,Wed,17,Long_Distance
misc,749.98,M,1,60,Wed,22,Long_Distance
home,23.01,F,1,78,Wed,22,Regional
grocery,353.39,F,1,26,Thu,0,Long_Distance
grocery,116.26,F,1,26,Thu,0,Long_Distance
travel,10.13,M,1,29,Thu,0,Long_Distance
misc,7.3,F,1,26,Thu,0,Commute
travel,10.29,M,1,29,Thu,1,Regional
travel,16.6,M,1,49,Thu,1,Long_Distance
misc,779.79,M,1,29,Thu,1,Long_Distance
travel,11.11,F,1,26,Thu,2,Long_Distance
grocery,289.23,M,1,49,Thu,3,Regional
travel,9.07,M,1,29,Thu,4,Long_Distance
health,21.29,F,1,26,Thu,15,Remote
shopping,1025.34,M,1,49,Thu,20,Regional
personal,49.17,M,1,49,Thu,22,Local
shopping,747.73,M,1,29,Thu,22,Long_Distance
shopping,869.29,M,1,49,Thu,22,Commute
misc,8.66,M,1,29,Thu,22,Long_Distance
shopping,946.02,M,1,29,Thu,22,Long_Distance
shopping,1238.3,M,1,29,Thu,22,Local
home,23.05,F,1,26,Thu,22,Commute
personal,19.64,F,1,26,Thu,22,Commute
home,18.52,F,1,26,Thu,23,Long_Distance
misc,862.09,M,1,49,Thu,23,Regional
shopping,880.99,M,1,49,Thu,23,Commute
grocery,14.69,M,1,49,Thu,0,Remote
shopping,788.9,F,1,26,Thu,1,Regional
shopping,755.85,F,1,26,Thu,1,Regional
misc,8.3,F,1,26,Thu,1,Regional
shopping,744.23,F,1,47,Thu,1,Commute
travel,18.71,M,1,49,Thu,2,Commute
grocery,13.1,F,1,26,Thu,3,Commute
misc,7.77,F,1,26,Thu,9,Long_Distance
entertainment,559.27,F,1,26,Thu,11,Commute
health,21.55,F,1,26,Thu,17,Long_Distance
shopping,758.33,M,1,49,Thu,19,Long_Distance
home,247.83,F,1,47,Thu,21,Commute
shopping,896.22,M,1,49,Thu,22,Remote
shopping,1022.46,M,1,29,Thu,22,Regional
grocery,328.03,M,1,49,Thu,22,Long_Distance
shopping,1033.69,M,1,49,Thu,22,Remote
personal,24.37,F,1,47,Thu,22,Long_Distance
grocery,113.7,M,1,49,Thu,23,Long_Distance
home,229.85,F,1,26,Thu,23,Regional
travel,9.68,M,1,29,Thu,23,Long_Distance
misc,796.29,M,1,49,Thu,23,Regional
travel,13.17,F,1,33,Fri,1,Commute
travel,11.74,F,1,33,Fri,2,Long_Distance
grocery,101.79,F,1,47,Fri,5,Long_Distance
health,20.17,F,1,47,Fri,16,Long_Distance
home,243.17,F,1,47,Fri,22,Long_Distance
personal,19.16,F,1,33,Fri,23,Long_Distance
travel,10.45,F,1,57,Sat,1,Local
grocery,12.46,F,1,57,Sat,11,Long_Distance
shopping,830.06,F,1,33,Sat,22,Regional
home,261.79,F,1,33,Sat,22,Long_Distance
entertainment,594.09,F,1,33,Sat,23,Long_Distance
grocery,130.08,F,1,33,Sat,23,Local
personal,20.41,F,1,33,Sat,23,Long_Distance
home,19.23,F,1,33,Sat,23,Local
shopping,952.43,F,1,57,Sat,23,Remote
grocery,281.19,F,1,57,Sun,1,Regional
grocery,10.12,F,1,57,Sun,1,Long_Distance
travel,6.93,F,1,57,Sun,1,Regional
travel,9.85,F,1,57,Sun,3,Long_Distance
misc,887.89,F,1,57,Sun,13,Long_Distance
misc,775.12,F,1,57,Sun,16,Long_Distance
shopping,968.56,F,1,57,Sun,22,Commute
shopping,1015.74,F,1,57,Sun,23,Regional
shopping,1060.77,F,1,57,Sun,23,Long_Distance
grocery,299.0,M,1,73,Mon,0,Long_Distance
grocery,281.28,M,1,73,Mon,1,Long_Distance
travel,10.09,M,1,73,Mon,1,Long_Distance
misc,800.75,F,1,28,Mon,1,Commute
grocery,311.46,M,1,73,Mon,2,Regional
grocery,346.75,F,1,28,Mon,2,Regional
grocery,309.75,M,1,73,Mon,3,Commute
entertainment,383.07,M,1,73,Mon,22,Commute
shopping,987.73,M,1,73,Mon,22,Regional
grocery,117.22,F,1,28,Mon,22,Long_Distance
misc,626.15,F,1,59,Mon,22,Regional
home,15.86,F,1,28,Mon,23,Commute
shopping,950.42,F,1,59,Mon,23,Long_Distance
grocery,9.95,F,1,59,Tue,0,Long_Distance
shopping,920.74,F,1,40,Tue,0,Commute
shopping,864.43,F,1,28,Tue,0,Regional
entertainment,465.34,F,1,40,Tue,1,Regional
shopping,1051.32,F,1,40,Tue,2,Long_Distance
shopping,803.93,F,1,40,Tue,2,Long_Distance
misc,8.9,F,1,40,Tue,3,Commute
grocery,11.01,M,1,73,Tue,3,Long_Distance
grocery,306.3,M,1,73,Tue,13,Long_Distance
home,261.6,F,1,28,Tue,15,Long_Distance
shopping,914.49,F,1,59,Tue,16,Local
grocery,335.29,M,1,73,Tue,16,Regional
shopping,1209.7,F,1,59,Tue,22,Local
home,18.69,F,1,59,Tue,22,Long_Distance
health,18.58,F,1,40,Tue,22,Regional
grocery,292.07,F,1,59,Tue,23,Long_Distance
health,19.36,F,1,40,Tue,23,Regional
entertainment,397.71,F,1,28,Tue,23,Long_Distance
misc,733.72,F,1,59,Tue,23,Local
grocery,371.98,F,1,40,Wed,0,Long_Distance
misc,7.52,F,1,32,Wed,0,Regional
misc,6.98,F,1,40,Wed,0,Remote
shopping,1039.27,F,1,32,Wed,1,Remote
misc,7.86,F,1,40,Wed,5,Regional
shopping,866.88,F,1,40,Wed,8,Long_Distance
home,19.58,F,1,32,Wed,17,Regional
personal,17.82,F,1,40,Wed,20,Commute
health,20.63,F,1,32,Wed,22,Commute
grocery,118.06,F,1,32,Wed,22,Long_Distance
travel,8.29,F,1,40,Wed,22,Long_Distance
health,18.86,F,1,40,Wed,23,Long_Distance
personal,19.38,F,1,40,Wed,23,Long_Distance
home,18.9,F,1,40,Wed,23,Commute
grocery,363.36,F,1,32,Thu,0,Regional
shopping,738.87,F,1,32,Thu,0,Long_Distance
grocery,120.36,F,1,32,Thu,1,Commute
shopping,981.21,F,1,32,Thu,1,Commute
travel,9.16,M,1,71,Thu,2,Commute
misc,799.55,F,1,46,Thu,2,Commute
grocery,357.15,F,1,73,Thu,2,Long_Distance
grocery,297.78,F,1,65,Thu,2,Commute
grocery,317.98,F,1,73,Thu,3,Long_Distance
grocery,347.46,F,1,46,Thu,6,Long_Distance
shopping,948.2,F,1,65,Thu,12,Commute
home,261.36,F,1,46,Thu,15,Regional
shopping,915.76,F,1,65,Thu,22,Long_Distance
misc,744.36,F,1,73,Thu,22,Regional
home,21.96,F,1,46,Thu,22,Regional
grocery,149.33,F,1,46,Thu,22,Remote
misc,50.11,F,1,73,Thu,22,Long_Distance
personal,17.17,F,1,46,Thu,22,Long_Distance
shopping,979.93,M,1,71,Thu,22,Regional
misc,48.43,F,1,73,Thu,22,Regional
misc,763.11,F,1,73,Thu,22,Long_Distance
shopping,900.57,F,1,65,Thu,23,Long_Distance
shopping,965.21,F,1,65,Thu,23,Remote
shopping,1206.65,M,1,71,Thu,23,Long_Distance
shopping,967.35,F,1,48,Fri,0,Long_Distance
grocery,296.18,F,1,65,Fri,0,Regional
grocery,342.9,F,1,46,Fri,1,Long_Distance
travel,5.93,M,1,71,Fri,1,Long_Distance
grocery,296.14,F,1,65,Fri,1,Long_Distance
shopping,990.96,F,1,48,Fri,2,Long_Distance
grocery,358.27,F,1,73,Fri,2,Commute
grocery,372.4,F,1,48,Fri,3,Long_Distance
grocery,335.18,F,1,46,Fri,3,Long_Distance
misc,950.47,F,1,46,Fri,3,Long_Distance
grocery,6.68,F,1,46,Fri,3,Regional
grocery,286.7,F,1,65,Fri,9,Long_Distance
shopping,1131.83,F,1,46,Fri,10,Regional
shopping,869.58,F,1,65,Fri,22,Long_Distance
shopping,924.81,M,1,71,Fri,22,Regional
home,21.01,F,1,46,Fri,22,Regional
home,21.28,F,1,48,Fri,22,Commute
entertainment,580.36,F,1,73,Fri,22,Long_Distance
misc,811.41,F,1,65,Fri,23,Commute
shopping,1126.12,M,1,71,Fri,23,Long_Distance
travel,9.71,M,1,71,Fri,23,Commute
shopping,983.84,F,1,65,Fri,23,Local
shopping,928.67,M,1,71,Fri,23,Regional
home,17.51,F,1,46,Fri,23,Regional
shopping,986.52,M,1,71,Fri,23,Long_Distance
misc,49.08,F,1,73,Fri,23,Regional
home,251.77,F,1,46,Fri,23,Regional
entertainment,492.84,F,1,46,Fri,23,Long_Distance
misc,770.8,F,1,43,Sat,0,Long_Distance
grocery,332.13,F,1,48,Sat,0,Commute
shopping,877.56,F,1,43,Sat,1,Regional
entertainment,497.67,F,1,43,Sat,22,Long_Distance
home,16.5,F,1,48,Sat,22,Long_Distance
shopping,1046.06,F,1,43,Sat,23,Regional
entertainment,527.75,F,1,48,Sat,23,Commute
home,18.93,F,1,48,Sat,23,Regional
travel,10.87,F,1,43,Sun,0,Remote
shopping,1257.8,F,1,43,Sun,0,Long_Distance
grocery,291.93,F,1,61,Sun,0,Commute
grocery,325.98,F,1,61,Sun,0,Long_Distance
travel,11.08,F,1,43,Sun,0,Commute
grocery,361.1,F,1,43,Sun,2,Regional
grocery,325.86,F,1,43,Sun,3,Long_Distance
travel,9.33,F,1,43,Sun,13,Regional
grocery,333.08,F,1,61,Sun,15,Long_Distance
grocery,307.03,F,1,61,Sun,21,Long_Distance
home,17.57,F,1,43,Sun,22,Regional
home,236.34,F,1,43,Sun,22,Local
shopping,774.74,F,1,61,Sun,22,Long_Distance
grocery,322.25,F,1,61,Sun,23,Regional
misc,652.76,F,1,61,Sun,23,Local
misc,861.16,F,1,61,Sun,23,Commute
grocery,104.45,F,1,43,Sun,23,Long_Distance
travel,18.83,M,1,77,Mon,0,Regional
grocery,312.89,M,1,54,Mon,0,Regional
travel,18.53,M,1,77,Mon,0,Long_Distance
grocery,316.98,M,1,34,Mon,0,Regional
grocery,343.31,F,1,61,Mon,0,Regional
travel,18.55,M,1,54,Mon,1,Long_Distance
grocery,18.24,F,1,61,Mon,1,Commute
grocery,280.25,M,1,34,Mon,2,Regional
grocery,307.27,M,1,77,Mon,7,Commute
grocery,285.62,M,1,34,Mon,8,Commute
shopping,1115.59,M,1,54,Mon,14,Long_Distance
entertainment,662.99,M,1,54,Mon,19,Long_Distance
misc,811.54,M,1,54,Mon,20,Commute
personal,49.22,M,1,54,Mon,22,Long_Distance
grocery,309.91,M,1,54,Mon,22,Commute
misc,48.51,M,1,77,Mon,22,Regional
grocery,307.29,F,1,61,Mon,22,Regional
grocery,304.7,F,1,61,Mon,22,Long_Distance
personal,52.21,F,1,61,Mon,22,Regional
shopping,1052.39,M,1,77,Mon,22,Long_Distance
shopping,826.45,M,1,34,Mon,23,Local
entertainment,579.7,M,1,54,Mon,23,Regional
entertainment,574.19,M,1,77,Mon,23,Commute
grocery,326.21,M,1,77,Mon,23,Regional
shopping,946.78,M,1,34,Mon,23,Commute
misc,773.79,M,1,54,Mon,23,Commute
personal,48.76,F,1,61,Mon,23,Regional
shopping,778.43,M,1,34,Mon,23,Commute
travel,5.69,F,1,61,Mon,23,Long_Distance
misc,851.27,M,1,77,Mon,23,Commute
travel,10.86,M,1,57,Tue,0,Long_Distance
grocery,237.04,M,1,57,Tue,2,Long_Distance
shopping,932.56,M,1,57,Tue,15,Long_Distance
shopping,933.0,M,1,34,Tue,17,Regional
shopping,743.89,M,1,54,Tue,17,Long_Distance
misc,921.82,M,1,57,Tue,20,Long_Distance
shopping,977.24,M,1,77,Tue,22,Long_Distance
misc,885.48,M,1,54,Tue,22,Commute
entertainment,535.49,M,1,34,Tue,22,Long_Distance
grocery,328.01,M,1,54,Tue,23,Commute
misc,873.41,M,1,57,Tue,23,Commute
misc,795.4,M,1,77,Tue,23,Commute
misc,871.93,M,1,77,Tue,23,Commute
shopping,1028.46,M,1,54,Tue,23,Regional
misc,979.38,M,1,32,Wed,1,Regional
grocery,281.41,M,1,32,Wed,3,Long_Distance
grocery,306.78,M,1,57,Wed,3,Commute
travel,11.51,M,1,57,Wed,6,Long_Distance
misc,967.96,M,1,32,Wed,7,Regional
grocery,326.97,M,1,32,Wed,10,Regional
shopping,1097.96,M,1,57,Wed,23,Regional
shopping,995.68,M,1,57,Wed,23,Long_Distance
shopping,1054.9,M,1,57,Wed,23,Long_Distance
home,20.08,M,1,57,Wed,23,Remote
grocery,266.85,M,1,32,Thu,0,Long_Distance
grocery,280.15,M,1,32,Thu,0,Commute
grocery,272.15,M,1,79,Thu,0,Commute
travel,11.93,M,1,55,Thu,1,Regional
grocery,317.39,M,1,61,Thu,2,Commute
grocery,273.94,M,1,55,Thu,2,Commute
grocery,13.97,M,1,61,Thu,2,Commute
travel,10.46,M,1,79,Thu,3,Regional
grocery,9.36,M,1,32,Thu,8,Commute
shopping,1222.17,M,1,61,Thu,13,Regional
grocery,305.28,M,1,79,Thu,14,Remote
shopping,847.95,M,1,61,Thu,16,Regional
shopping,948.12,M,1,55,Thu,22,Regional
shopping,964.32,M,1,32,Thu,22,Commute
misc,633.85,M,1,55,Thu,22,Commute
shopping,1082.08,M,1,32,Thu,22,Long_Distance
shopping,1042.06,M,1,61,Thu,22,Regional
shopping,902.9,M,1,79,Thu,22,Regional
shopping,951.95,M,1,79,Thu,22,Regional
shopping,885.72,M,1,55,Thu,22,Regional
misc,49.83,M,1,61,Thu,22,Commute
home,5.21,M,1,61,Thu,23,Long_Distance
shopping,942.89,M,1,55,Thu,23,Long_Distance
misc,833.02,M,1,79,Thu,23,Commute
shopping,1009.82,M,1,32,Thu,23,Commute
misc,910.69,M,1,55,Thu,23,Regional
shopping,873.82,M,1,32,Thu,23,Long_Distance
grocery,315.44,M,1,79,Thu,23,Commute
travel,21.31,M,1,61,Fri,0,Regional
grocery,355.37,M,1,79,Fri,1,Local
grocery,358.01,F,1,28,Fri,1,Long_Distance
shopping,858.92,F,1,28,Fri,1,Long_Distance
grocery,301.73,M,1,55,Fri,2,Long_Distance
misc,9.0,F,1,28,Fri,3,Long_Distance
grocery,288.99,F,1,56,Fri,3,Commute
travel,24.26,M,1,61,Fri,4,Long_Distance
misc,7.19,F,1,28,Fri,10,Commute
grocery,311.53,M,1,38,Fri,16,Commute
grocery,312.88,M,1,55,Fri,20,Long_Distance
shopping,1112.81,M,1,55,Fri,22,Commute
shopping,956.38,M,1,38,Fri,22,Regional
shopping,934.88,M,1,38,Fri,22,Commute
shopping,951.58,M,1,38,Fri,22,Long_Distance
grocery,310.03,M,1,38,Fri,22,Commute
shopping,927.82,M,1,38,Fri,22,Long_Distance
misc,702.75,M,1,55,Fri,22,Regional
shopping,870.91,M,1,79,Fri,22,Long_Distance
personal,17.81,F,1,28,Fri,22,Long_Distance
shopping,1016.82,M,1,38,Fri,23,Long_Distance
shopping,968.76,F,1,56,Fri,23,Commute
shopping,1053.93,M,1,61,Fri,23,Long_Distance
shopping,1094.12,M,1,55,Fri,23,Long_Distance
shopping,963.17,F,1,56,Fri,23,Regional
shopping,973.5,M,1,38,Fri,23,Commute
home,272.25,F,1,28,Fri,23,Regional
entertainment,463.74,F,1,28,Sat,0,Long_Distance
shopping,898.86,F,1,28,Sat,0,Long_Distance
shopping,1086.61,F,1,34,Sat,0,Commute
travel,7.52,M,1,38,Sat,0,Commute
shopping,797.81,F,1,28,Sat,1,Commute
grocery,278.4,M,1,38,Sat,1,Regional
entertainment,513.6,F,1,28,Sat,1,Long_Distance
grocery,312.3,M,1,38,Sat,1,Regional
shopping,910.76,F,1,28,Sat,2,Long_Distance
travel,19.96,M,1,50,Sat,2,Regional
travel,7.82,M,1,38,Sat,3,Long_Distance
shopping,1008.16,F,1,56,Sat,14,Regional
shopping,1050.98,M,1,38,Sat,21,Commute
misc,796.63,F,1,56,Sat,22,Long_Distance
personal,23.07,F,1,34,Sat,22,Commute
grocery,340.44,M,1,50,Sat,22,Commute
shopping,1204.44,M,1,50,Sat,22,Commute
personal,20.68,F,1,34,Sat,22,Long_Distance
misc,810.44,F,1,56,Sat,22,Commute
grocery,276.21,M,1,50,Sat,22,Commute
travel,8.98,F,1,34,Sat,23,Long_Distance
shopping,1101.74,M,1,38,Sat,23,Commute
misc,835.8,F,1,56,Sat,23,Remote
misc,50.57,M,1,50,Sat,23,Long_Distance
shopping,791.91,M,1,50,Sat,23,Long_Distance
shopping,962.98,M,1,50,Sat,23,Local
travel,17.95,M,1,50,Sun,0,Regional
grocery,381.39,F,1,34,Sun,1,Regional
travel,20.78,M,1,50,Sun,3,Regional
grocery,348.72,F,1,34,Sun,9,Commute
travel,23.33,M,1,50,Sun,11,Commute
shopping,957.27,M,1,50,Sun,22,Commute
shopping,864.55,M,1,50,Sun,23,Long_Distance
shopping,1059.12,F,1,47,Tue,0,Commute
grocery,354.0,F,1,47,Tue,1,Long_Distance
shopping,811.28,F,1,36,Tue,1,Regional
misc,837.95,F,1,47,Tue,2,Local
misc,690.94,F,1,36,Tue,2,Commute
grocery,353.55,F,1,25,Tue,3,Long_Distance
entertainment,466.76,F,1,25,Tue,3,Long_Distance
misc,868.4,F,1,36,Tue,3,Regional
misc,885.76,F,1,25,Tue,3,Local
shopping,1017.04,F,1,47,Tue,3,Commute
shopping,1143.13,F,1,36,Tue,9,Commute
shopping,884.54,F,1,36,Tue,18,Commute
entertainment,589.16,F,1,36,Tue,19,Regional
home,23.01,F,1,36,Tue,22,Long_Distance
home,257.87,F,1,36,Tue,22,Regional
home,18.42,F,1,25,Tue,23,Regional
home,18.47,F,1,36,Tue,23,Regional
grocery,367.34,F,1,36,Wed,0,Commute
entertainment,481.96,F,1,25,Wed,0,Commute
travel,10.24,F,1,92,Wed,0,Regional
travel,8.47,F,1,25,Wed,0,Long_Distance
shopping,1139.01,F,1,47,Wed,0,Regional
entertainment,476.38,F,1,25,Wed,1,Commute
shopping,766.98,F,1,25,Wed,1,Long_Distance
grocery,283.34,M,1,65,Wed,1,Regional
grocery,290.93,F,1,92,Wed,2,Long_Distance
grocery,359.7,F,1,36,Wed,2,Long_Distance
grocery,304.23,F,1,92,Wed,3,Commute
shopping,921.68,F,1,25,Wed,3,Commute
shopping,864.32,F,1,47,Wed,4,Long_Distance
travel,10.22,M,1,65,Wed,5,Remote
travel,11.39,M,1,65,Wed,6,Regional
home,20.71,F,1,47,Wed,12,Long_Distance
grocery,115.73,F,1,25,Wed,13,Regional
home,20.29,F,1,36,Wed,14,Commute
health,24.52,F,1,25,Wed,21,Long_Distance
travel,10.89,F,1,36,Wed,22,Commute
shopping,1009.46,M,1,65,Wed,22,Regional
shopping,926.32,M,1,65,Wed,22,Long_Distance
health,20.96,F,1,25,Wed,23,Commute
shopping,1030.79,F,1,92,Wed,23,Regional
grocery,140.67,F,1,47,Wed,23,Commute
grocery,315.49,M,1,65,Wed,23,Long_Distance
personal,21.8,F,1,36,Wed,23,Commute
grocery,311.43,F,1,92,Thu,0,Commute
travel,7.31,M,1,92,Thu,2,Commute
grocery,323.61,F,1,92,Thu,2,Local
grocery,311.16,F,1,92,Thu,11,Long_Distance
misc,7.37,F,1,92,Thu,12,Long_Distance
misc,919.63,F,1,92,Thu,16,Commute
grocery,273.41,F,1,92,Thu,22,Long_Distance
grocery,112.59,M,1,92,Thu,22,Regional
shopping,991.85,M,1,92,Thu,23,Long_Distance
shopping,1179.79,M,1,65,Thu,23,Regional
misc,705.52,M,1,92,Thu,23,Regional
personal,23.97,F,1,92,Thu,23,Local
grocery,339.45,M,1,56,Fri,0,Regional
grocery,302.1,M,1,23,Fri,0,Commute
travel,9.86,M,1,52,Fri,0,Long_Distance
travel,8.1,M,1,23,Fri,1,Commute
grocery,282.17,M,1,23,Fri,1,Regional
entertainment,533.89,F,1,38,Fri,2,Long_Distance
grocery,111.86,F,1,45,Fri,2,Long_Distance
travel,9.21,F,1,19,Fri,3,Long_Distance
entertainment,524.44,F,1,45,Fri,3,Long_Distance
grocery,279.67,M,1,92,Fri,7,Long_Distance
shopping,776.69,F,1,38,Fri,8,Commute
grocery,329.89,M,1,56,Fri,9,Long_Distance
misc,788.28,F,1,19,Fri,13,Commute
health,22.44,F,1,45,Fri,16,Commute
travel,10.23,M,1,92,Fri,16,Commute
home,22.69,F,1,45,Fri,17,Remote
shopping,1154.81,M,1,23,Fri,18,Long_Distance
grocery,314.09,M,1,56,Fri,18,Long_Distance
shopping,977.1,M,1,23,Fri,22,Regional
shopping,940.96,M,1,92,Fri,22,Regional
home,258.26,F,1,45,Fri,22,Long_Distance
misc,8.23,M,1,52,Fri,22,Long_Distance
shopping,1099.67,M,1,23,Fri,22,Long_Distance
personal,17.5,M,1,92,Fri,22,Long_Distance
misc,805.96,M,1,23,Fri,23,Local
grocery,295.04,M,1,92,Fri,23,Remote
shopping,1132.86,M,1,52,Fri,23,Local
misc,687.35,M,1,56,Fri,23,Long_Distance
misc,609.58,M,1,92,Fri,23,Regional
shopping,1143.67,M,1,92,Fri,23,Regional
grocery,298.33,M,1,52,Sat,0,Remote
travel,10.76,F,1,38,Sat,0,Commute
shopping,802.81,F,1,38,Sat,1,Local
travel,9.94,M,1,23,Sat,1,Commute
grocery,316.18,M,1,52,Sat,1,Long_Distance
grocery,302.28,F,1,19,Sat,1,Commute
travel,10.31,F,1,45,Sat,1,Long_Distance
shopping,785.63,F,1,38,Sat,2,Long_Distance
entertainment,453.58,F,1,45,Sat,2,Regional
grocery,318.37,M,1,23,Sat,3,Commute
grocery,16.63,M,1,56,Sat,5,Regional
grocery,279.99,M,1,52,Sat,11,Commute
misc,7.21,M,1,52,Sat,18,Commute
home,212.42,F,1,38,Sat,22,Local
shopping,1136.04,M,1,23,Sat,22,Regional
personal,19.24,F,1,45,Sat,22,Long_Distance
home,245.23,F,1,45,Sat,22,Long_Distance
shopping,973.84,M,1,23,Sat,22,Regional
shopping,945.66,F,1,19,Sat,22,Long_Distance
shopping,1204.67,F,1,19,Sat,22,Long_Distance
misc,745.25,M,1,56,Sat,22,Long_Distance
personal,18.35,F,1,45,Sat,22,Regional
misc,739.18,M,1,23,Sat,22,Commute
health,19.98,F,1,38,Sat,23,Long_Distance
travel,12.41,M,1,52,Sat,23,Long_Distance
travel,6.2,M,1,56,Sat,23,Commute
entertainment,495.05,F,1,19,Sat,23,Long_Distance
travel,9.91,F,1,20,Sun,1,Regional
travel,8.78,F,1,20,Sun,1,Long_Distance
grocery,295.16,F,1,20,Sun,1,Commute
grocery,269.76,F,1,20,Sun,2,Long_Distance
grocery,307.86,F,1,20,Sun,5,Commute
misc,1054.8,F,1,20,Sun,12,Long_Distance
shopping,1194.56,F,1,20,Sun,20,Regional
shopping,1256.43,F,1,20,Sun,23,Long_Distance
misc,708.06,F,1,20,Sun,23,Commute
misc,757.36,F,1,20,Sun,23,Regional
misc,6.33,F,1,20,Sun,23,Commute
travel,8.45,M,1,81,Mon,0,Long_Distance
grocery,301.9,F,1,20,Mon,1,Long_Distance
grocery,282.54,F,1,20,Mon,1,Commute
travel,10.41,F,1,47,Mon,1,Commute
grocery,297.29,F,1,90,Mon,3,Commute
grocery,315.55,M,1,81,Mon,3,Regional
travel,9.86,M,1,81,Mon,3,Regional
travel,7.97,F,1,20,Mon,3,Commute
shopping,955.52,F,1,47,Mon,9,Long_Distance
personal,21.96,F,1,47,Mon,15,Long_Distance
shopping,1162.35,M,1,81,Mon,17,Long_Distance
misc,8.65,F,1,90,Mon,22,Long_Distance
health,18.08,M,1,81,Mon,22,Long_Distance
shopping,932.41,M,1,81,Mon,22,Commute
health,26.13,F,1,47,Mon,22,Regional
shopping,951.47,F,1,90,Mon,22,Long_Distance
misc,730.3,F,1,90,Mon,22,Commute
health,18.2,F,1,47,Mon,23,Long_Distance
health,19.57,F,1,47,Mon,23,Commute
shopping,858.93,F,1,90,Mon,23,Long_Distance
shopping,866.89,F,1,90,Mon,23,Long_Distance
shopping,797.05,M,1,81,Mon,23,Commute
misc,6.39,F,1,20,Mon,23,Regional
home,231.12,F,1,47,Mon,23,Commute
home,270.28,F,1,47,Mon,23,Regional
health,19.82,F,1,47,Mon,23,Regional
home,22.45,F,1,90,Mon,23,Commute
misc,758.05,F,1,47,Tue,0,Regional
grocery,316.84,M,1,81,Tue,0,Long_Distance
grocery,315.96,M,1,81,Tue,1,Commute
travel,8.12,F,1,47,Tue,2,Commute
travel,9.21,M,1,81,Tue,3,Commute
grocery,289.41,M,1,81,Tue,3,Regional
shopping,1051.21,F,1,90,Tue,16,Remote
shopping,1057.1,F,1,90,Tue,23,Commute
shopping,1034.07,F,1,90,Tue,23,Commute
home,236.87,F,1,47,Tue,23,Long_Distance
grocery,336.08,M,1,71,Wed,2,Long_Distance
shopping,850.83,F,1,61,Wed,17,Commute
shopping,1142.62,F,1,61,Wed,20,Commute
grocery,335.02,M,1,71,Wed,22,Regional
shopping,1011.94,M,1,71,Wed,23,Long_Distance
misc,821.02,F,1,61,Wed,23,Long_Distance
travel,7.55,M,1,71,Wed,23,Long_Distance
travel,20.15,F,1,61,Thu,1,Commute
grocery,16.21,F,1,61,Thu,1,Commute
travel,19.71,F,1,61,Thu,1,Long_Distance
shopping,823.05,F,1,61,Thu,13,Long_Distance
shopping,1045.91,M,1,71,Thu,22,Regional
entertainment,621.8,M,1,71,Thu,22,Regional
shopping,1126.82,F,1,61,Thu,22,Commute
shopping,908.46,F,1,61,Thu,23,Long_Distance
grocery,17.8,F,1,22,Sat,0,Commute
shopping,844.43,F,1,25,Sat,1,Regional
grocery,287.07,F,1,22,Sat,1,Long_Distance
grocery,320.93,F,1,22,Sat,3,Commute
shopping,686.01,F,1,22,Sat,22,Long_Distance
shopping,874.83,F,1,22,Sat,22,Long_Distance
shopping,866.48,F,1,25,Sat,22,Remote
entertainment,487.15,F,1,25,Sat,22,Long_Distance
shopping,1051.95,F,1,22,Sat,22,Regional
shopping,1014.26,F,1,25,Sat,22,Long_Distance
home,22.1,F,1,22,Sat,23,Long_Distance
home,15.95,F,1,25,Sat,23,Commute
shopping,955.57,F,1,22,Sat,23,Regional
shopping,934.9,F,1,22,Sat,23,Commute
grocery,310.48,F,1,22,Sun,0,Commute
travel,8.82,F,1,22,Sun,1,Regional
misc,837.11,F,1,22,Sun,3,Commute
shopping,1108.62,M,1,55,Sun,15,Long_Distance
shopping,1170.83,F,1,22,Sun,17,Long_Distance
health,17.91,F,1,25,Sun,22,Long_Distance
shopping,1080.47,F,1,22,Sun,22,Long_Distance
shopping,1048.63,F,1,22,Sun,22,Commute
misc,694.57,M,1,55,Sun,22,Commute
shopping,1185.32,M,1,55,Sun,22,Long_Distance
shopping,856.78,M,1,55,Sun,23,Commute
misc,942.82,M,1,55,Sun,23,Long_Distance
health,19.74,F,1,25,Sun,23,Regional
shopping,623.89,F,1,22,Sun,23,Regional
shopping,875.12,M,1,55,Sun,23,Regional
grocery,98.7,F,1,48,Mon,0,Regional
grocery,13.53,M,1,55,Mon,2,Long_Distance
grocery,128.49,F,1,48,Mon,3,Long_Distance
health,19.3,M,1,55,Mon,16,Commute
misc,773.4,M,1,55,Mon,22,Regional
shopping,992.2,M,1,55,Mon,22,Commute
grocery,391.43,F,1,29,Tue,0,Long_Distance
shopping,1038.29,F,1,48,Tue,1,Remote
shopping,897.66,F,1,29,Tue,2,Long_Distance
grocery,331.74,F,1,29,Tue,3,Long_Distance
personal,21.18,F,1,29,Tue,22,Long_Distance
misc,795.73,F,1,29,Wed,0,Long_Distance
travel,9.47,M,1,18,Wed,2,Regional
shopping,907.95,F,1,29,Wed,2,Long_Distance
grocery,369.14,F,1,26,Wed,2,Regional
grocery,269.84,M,1,18,Wed,3,Long_Distance
shopping,895.53,F,1,29,Wed,3,Long_Distance
grocery,345.67,F,1,29,Wed,3,Commute
misc,798.46,M,1,18,Wed,3,Regional
grocery,282.82,M,1,38,Wed,6,Local
shopping,928.19,M,1,38,Wed,22,Long_Distance
shopping,871.92,M,1,18,Wed,22,Regional
shopping,958.38,M,1,38,Wed,23,Commute
home,18.52,F,1,26,Wed,23,Long_Distance
home,269.86,F,1,26,Wed,23,Regional
grocery,282.97,M,1,38,Wed,23,Remote
shopping,809.46,M,1,18,Wed,23,Commute
shopping,1083.02,M,1,38,Wed,23,Long_Distance
shopping,994.0,M,1,18,Wed,23,Remote
grocery,295.47,M,1,38,Thu,0,Regional
grocery,358.55,F,1,26,Thu,0,Commute
misc,857.34,M,1,18,Thu,0,Remote
grocery,335.96,M,1,18,Thu,1,Long_Distance
travel,11.7,M,1,38,Thu,1,Commute
shopping,791.92,F,1,26,Thu,2,Long_Distance
shopping,933.08,F,1,26,Thu,4,Regional
misc,907.76,M,1,18,Thu,15,Long_Distance
misc,816.43,F,1,54,Thu,22,Commute
shopping,1213.87,M,1,18,Thu,22,Regional
shopping,814.74,M,1,38,Thu,23,Commute
shopping,853.84,M,1,38,Thu,23,Remote
home,403.93,F,1,54,Thu,23,Commute
travel,24.84,F,1,54,Fri,0,Commute
grocery,319.57,F,1,54,Fri,1,Long_Distance
shopping,872.79,F,1,54,Fri,22,Regional
personal,50.3,F,1,54,Fri,22,Regional
grocery,307.8,F,1,54,Fri,23,Local
grocery,316.5,M,1,41,Sat,0,Local
travel,8.71,M,1,41,Sat,2,Commute
grocery,285.75,M,1,41,Sat,3,Regional
travel,9.36,M,1,41,Sat,3,Commute
shopping,900.17,M,1,41,Sat,23,Long_Distance
shopping,744.64,M,1,41,Sat,23,Commute
shopping,1173.54,M,1,41,Sat,23,Regional
travel,7.87,F,1,61,Sun,1,Long_Distance
misc,793.53,M,1,38,Sun,1,Long_Distance
misc,659.64,M,1,38,Sun,1,Long_Distance
misc,650.82,M,1,38,Sun,2,Remote
travel,12.82,M,1,38,Sun,2,Regional
shopping,948.76,M,1,38,Sun,13,Regional
shopping,885.19,F,1,61,Sun,19,Long_Distance
shopping,997.25,F,1,61,Sun,22,Long_Distance
home,21.04,M,1,38,Sun,22,Commute
grocery,310.44,F,1,61,Sun,23,Remote
travel,9.99,F,1,61,Sun,23,Regional
shopping,940.16,F,1,61,Sun,23,Long_Distance
shopping,1053.8,F,1,61,Sun,23,Commute
travel,17.65,M,1,51,Mon,0,Long_Distance
grocery,339.61,M,1,51,Mon,1,Regional
grocery,307.56,M,1,38,Mon,2,Regional
grocery,311.01,M,1,51,Mon,2,Commute
grocery,350.75,M,1,51,Mon,2,Commute
grocery,7.65,M,1,38,Mon,3,Long_Distance
grocery,302.16,M,1,51,Mon,3,Commute
travel,12.13,M,1,38,Mon,3,Commute
grocery,300.98,M,1,51,Mon,6,Local
shopping,884.05,M,1,51,Mon,17,Long_Distance
grocery,276.48,F,1,61,Mon,18,Long_Distance
shopping,887.45,M,1,38,Mon,22,Regional
misc,913.18,F,1,61,Mon,22,Regional
misc,818.46,M,1,51,Mon,22,Regional
shopping,1071.8,F,1,61,Mon,22,Local
entertainment,537.36,M,1,51,Mon,22,Long_Distance
misc,826.39,F,1,61,Mon,23,Long_Distance
shopping,918.24,M,1,51,Mon,23,Long_Distance
misc,862.11,F,1,61,Mon,23,Commute
shopping,1012.71,M,1,38,Mon,23,Regional
travel,17.28,M,1,51,Tue,1,Commute
grocery,350.7,M,1,51,Tue,19,Long_Distance
misc,910.76,F,1,90,Tue,22,Long_Distance
entertainment,612.5,M,1,51,Tue,23,Commute
misc,697.52,F,1,90,Tue,23,Commute
home,390.85,M,1,51,Tue,23,Long_Distance
misc,49.83,F,1,90,Tue,23,Commute
shopping,946.04,M,1,51,Tue,23,Long_Distance
travel,23.02,F,1,90,Wed,0,Long_Distance
grocery,12.0,F,1,90,Wed,2,Long_Distance
grocery,349.7,F,1,90,Wed,2,Long_Distance
grocery,326.64,F,1,90,Wed,2,Commute
shopping,974.95,F,1,90,Wed,12,Regional
grocery,337.68,F,1,90,Wed,22,Long_Distance
misc,847.19,F,1,90,Wed,23,Regional
grocery,340.41,F,1,90,Wed,23,Remote
shopping,873.75,F,1,90,Wed,23,Long_Distance
grocery,297.86,M,1,37,Thu,1,Regional
grocery,279.01,M,1,37,Thu,2,Regional
grocery,322.29,M,1,37,Thu,2,Commute
shopping,1020.45,M,1,37,Thu,14,Long_Distance
personal,22.51,M,1,37,Thu,15,Long_Distance
shopping,990.74,F,1,54,Thu,22,Commute
grocery,319.85,F,1,54,Thu,23,Commute
shopping,970.76,M,1,37,Thu,23,Commute
travel,19.94,M,1,87,Fri,0,Commute
travel,18.41,M,1,87,Fri,0,Commute
travel,22.8,F,1,54,Fri,1,Long_Distance
grocery,323.44,F,1,54,Fri,2,Commute
grocery,293.14,M,1,37,Fri,2,Long_Distance
grocery,345.91,M,1,87,Fri,3,Remote
travel,17.72,M,1,87,Fri,3,Commute
travel,21.71,M,1,87,Fri,9,Regional
grocery,299.93,M,1,37,Fri,21,Commute
shopping,1071.78,M,1,87,Fri,22,Long_Distance
shopping,929.44,M,1,87,Fri,22,Long_Distance
grocery,312.6,M,1,37,Fri,23,Commute
grocery,302.12,M,1,37,Fri,23,Commute
grocery,340.95,M,1,87,Sat,1,Long_Distance
grocery,13.19,M,1,87,Sat,1,Regional
grocery,346.44,M,1,87,Sat,8,Long_Distance
misc,742.26,M,1,51,Sat,15,Regional
misc,49.85,M,1,87,Sat,22,Commute
misc,758.99,M,1,51,Sat,22,Long_Distance
misc,732.99,M,1,51,Sat,22,Long_Distance
shopping,932.2,M,1,87,Sat,22,Long_Distance
travel,1.18,M,1,87,Sat,22,Long_Distance
shopping,931.0,M,1,51,Sat,23,Long_Distance
shopping,1029.83,M,1,51,Sat,23,Regional
misc,868.14,M,1,87,Sat,23,Regional
shopping,815.38,M,1,51,Sat,23,Regional
grocery,17.56,M,1,51,Sun,1,Remote
grocery,332.61,M,1,51,Sun,3,Long_Distance
shopping,1160.47,M,1,54,Sun,19,Local
shopping,985.49,M,1,54,Sun,22,Long_Distance
shopping,713.24,M,1,51,Sun,22,Long_Distance
misc,978.91,M,1,54,Sun,22,Regional
grocery,103.9,M,1,54,Sun,22,Long_Distance
misc,799.11,M,1,51,Sun,23,Commute
shopping,890.87,M,1,54,Sun,23,Regional
grocery,11.28,M,1,54,Mon,2,Commute
travel,9.07,M,1,54,Mon,3,Long_Distance
shopping,829.05,M,1,54,Mon,22,Long_Distance
misc,733.51,M,1,54,Mon,23,Commute
shopping,860.53,M,1,54,Mon,23,Long_Distance
shopping,927.78,M,1,54,Mon,23,Remote
misc,859.7,M,1,54,Mon,23,Long_Distance
grocery,264.87,M,1,35,Tue,0,Regional
grocery,289.11,M,1,43,Tue,3,Long_Distance
travel,8.73,M,1,35,Tue,3,Long_Distance
grocery,308.25,M,1,43,Tue,3,Long_Distance
travel,8.86,M,1,43,Tue,5,Long_Distance
home,18.62,M,1,35,Tue,12,Long_Distance
shopping,1094.57,M,1,35,Tue,19,Remote
misc,727.32,M,1,43,Tue,20,Regional
misc,683.14,M,1,35,Tue,22,Commute
misc,782.4,M,1,43,Tue,22,Long_Distance
shopping,997.32,M,1,35,Tue,22,Commute
shopping,928.13,M,1,35,Tue,22,Commute
grocery,119.29,M,1,35,Tue,22,Long_Distance
misc,734.75,M,1,92,Tue,22,Long_Distance
shopping,888.44,M,1,92,Tue,22,Commute
shopping,1045.75,M,1,43,Tue,23,Regional
misc,613.99,M,1,92,Tue,23,Regional
shopping,989.17,M,1,43,Tue,23,Long_Distance
shopping,1053.81,M,1,43,Tue,23,Long_Distance
grocery,8.05,M,1,77,Wed,0,Long_Distance
grocery,296.69,M,1,43,Wed,1,Long_Distance
grocery,309.33,M,1,77,Wed,1,Commute
grocery,306.6,M,1,77,Wed,2,Local
grocery,287.26,M,1,41,Wed,10,Regional
misc,7.13,M,1,77,Wed,16,Regional
grocery,346.58,M,1,92,Wed,16,Regional
shopping,1000.47,M,1,41,Wed,18,Regional
shopping,1164.36,M,1,43,Wed,19,Long_Distance
shopping,993.93,M,1,35,Wed,22,Commute
shopping,1128.77,M,1,43,Wed,22,Commute
misc,757.82,M,1,43,Wed,22,Commute
grocery,350.64,M,1,92,Wed,22,Regional
shopping,988.04,M,1,77,Wed,22,Long_Distance
grocery,331.2,M,1,92,Wed,22,Remote
shopping,929.76,M,1,77,Wed,23,Regional
shopping,774.11,M,1,43,Wed,23,Regional
shopping,974.78,M,1,41,Wed,23,Long_Distance
shopping,1173.4,M,1,35,Wed,23,Long_Distance
grocery,319.37,M,1,43,Wed,23,Remote
grocery,264.88,M,1,77,Thu,0,Long_Distance
grocery,316.73,M,1,41,Thu,9,Long_Distance
misc,8.4,M,1,41,Thu,13,Commute
shopping,933.83,M,1,77,Thu,14,Long_Distance
shopping,877.57,M,1,77,Thu,22,Regional
shopping,879.31,M,1,41,Thu,22,Long_Distance
shopping,940.74,M,1,77,Thu,22,Commute
shopping,1036.43,M,1,77,Thu,23,Long_Distance
shopping,897.82,M,1,77,Thu,23,Remote
shopping,1069.44,M,1,41,Thu,23,Regional
shopping,802.95,F,1,27,Fri,1,Long_Distance
grocery,306.26,M,1,33,Fri,2,Local
grocery,295.59,M,1,43,Fri,3,Regional
misc,870.34,M,1,33,Fri,3,Commute
grocery,271.17,M,1,33,Fri,5,Long_Distance
travel,6.47,F,1,27,Fri,5,Long_Distance
shopping,899.06,M,1,33,Fri,20,Long_Distance
shopping,973.89,M,1,43,Fri,22,Long_Distance
shopping,1089.5,M,1,43,Fri,22,Long_Distance
entertainment,495.11,M,1,43,Fri,22,Regional
grocery,110.39,M,1,43,Fri,23,Long_Distance
shopping,1052.8,M,1,43,Fri,23,Long_Distance
entertainment,577.62,F,1,27,Sat,1,Regional
misc,7.61,F,1,27,Sat,1,Regional
grocery,307.42,M,1,43,Sat,1,Long_Distance
shopping,983.87,F,1,27,Sat,2,Commute
misc,845.48,M,1,43,Sat,2,Long_Distance
grocery,312.32,M,1,33,Sat,3,Commute
misc,771.14,M,1,43,Sat,3,Regional
misc,725.31,M,1,33,Sat,3,Regional
travel,10.05,M,1,43,Sat,4,Commute
shopping,772.91,F,1,27,Sat,6,Regional
personal,19.41,F,1,27,Sat,14,Long_Distance
shopping,869.52,M,1,33,Sat,22,Regional
shopping,948.93,M,1,43,Sat,22,Commute
shopping,1092.74,M,1,33,Sat,23,Commute
shopping,719.06,M,1,33,Sat,23,Commute
grocery,289.02,M,1,71,Sun,22,Commute
shopping,835.73,M,1,71,Sun,22,Long_Distance
shopping,851.8,M,1,71,Sun,23,Long_Distance
misc,698.55,M,1,71,Sun,23,Commute
grocery,255.87,M,1,71,Mon,1,Long_Distance
travel,11.87,M,1,71,Mon,1,Long_Distance
grocery,239.07,M,1,71,Mon,2,Long_Distance
grocery,273.06,M,1,71,Mon,8,Regional
shopping,980.37,M,1,71,Mon,22,Regional
shopping,913.02,M,1,71,Mon,23,Remote
travel,18.59,M,1,50,Tue,0,Long_Distance
grocery,339.86,M,1,50,Tue,1,Regional
grocery,15.61,M,1,50,Tue,1,Long_Distance
grocery,315.03,M,1,50,Tue,3,Commute
shopping,920.59,M,1,50,Tue,22,Long_Distance
shopping,780.81,M,1,50,Tue,22,Regional
shopping,1065.52,M,1,50,Tue,23,Long_Distance
travel,21.07,M,1,50,Wed,3,Commute
grocery,351.32,M,1,50,Wed,11,Commute
shopping,779.33,M,1,50,Wed,13,Long_Distance
shopping,991.83,M,1,50,Wed,22,Long_Distance
home,4.79,M,1,50,Wed,22,Commute
shopping,895.84,M,1,50,Wed,22,Long_Distance
shopping,798.71,M,1,50,Wed,23,Long_Distance
shopping,1029.09,M,1,50,Wed,23,Remote
misc,929.5,M,1,20,Thu,0,Long_Distance
travel,11.61,M,1,20,Thu,1,Long_Distance
misc,723.19,M,1,20,Thu,3,Long_Distance
travel,14.01,F,1,55,Thu,5,Regional
shopping,861.34,F,1,55,Thu,22,Regional
grocery,289.51,F,1,55,Thu,22,Long_Distance
misc,865.88,F,1,55,Thu,23,Long_Distance
personal,20.51,M,1,20,Thu,23,Long_Distance
shopping,999.18,M,1,20,Thu,23,Regional
shopping,736.18,M,1,20,Thu,23,Local
shopping,756.01,M,1,20,Thu,23,Commute
grocery,309.33,F,1,55,Fri,0,Long_Distance
grocery,262.56,F,1,55,Fri,0,Commute
grocery,289.82,M,1,20,Fri,0,Commute
travel,9.57,F,1,59,Fri,0,Regional
grocery,309.88,M,1,20,Fri,1,Regional
travel,11.93,F,1,55,Fri,1,Commute
grocery,297.95,F,1,55,Fri,1,Regional
grocery,321.81,M,1,20,Fri,2,Commute
misc,792.33,M,1,39,Fri,2,Regional
grocery,296.76,M,1,39,Fri,2,Long_Distance
grocery,304.1,M,1,20,Fri,3,Long_Distance
grocery,293.09,M,1,20,Fri,9,Regional
shopping,999.84,F,1,55,Fri,12,Long_Distance
shopping,790.36,M,1,20,Fri,15,Long_Distance
misc,676.39,F,1,84,Fri,18,Long_Distance
misc,925.43,M,1,39,Fri,20,Long_Distance
shopping,872.94,F,1,55,Fri,22,Regional
shopping,964.86,M,1,20,Fri,22,Remote
shopping,883.54,M,1,20,Fri,22,Commute
shopping,1046.02,M,1,20,Fri,22,Remote
shopping,991.86,F,1,84,Fri,22,Long_Distance
shopping,945.07,F,1,55,Fri,22,Commute
shopping,823.24,F,1,59,Fri,23,Regional
shopping,776.37,M,1,39,Fri,23,Regional
shopping,1102.19,F,1,59,Fri,23,Regional
grocery,277.2,F,1,55,Fri,23,Regional
entertainment,557.02,F,1,84,Fri,23,Regional
grocery,314.42,F,1,15,Sat,0,Commute
travel,7.19,M,1,39,Sat,1,Regional
travel,13.58,M,1,39,Sat,1,Long_Distance
misc,790.78,M,1,39,Sat,2,Long_Distance
travel,8.62,M,1,39,Sat,2,Long_Distance
travel,10.15,F,1,59,Sat,2,Long_Distance
misc,899.6,M,1,39,Sat,3,Regional
grocery,292.07,F,1,59,Sat,3,Long_Distance
shopping,1223.77,F,1,59,Sat,15,Long_Distance
misc,777.94,M,1,39,Sat,20,Long_Distance
shopping,1088.06,F,1,59,Sat,22,Long_Distance
misc,656.01,M,1,39,Sat,22,Commute
travel,10.92,F,1,59,Sat,22,Regional
home,21.77,F,1,15,Sat,22,Commute
shopping,1094.71,F,1,15,Sat,22,Long_Distance
grocery,287.63,F,1,59,Sat,23,Long_Distance
misc,8.57,F,1,59,Sat,23,Long_Distance
shopping,906.39,F,1,59,Sat,23,Long_Distance
home,4.8,F,1,84,Sat,23,Commute
shopping,752.7,F,1,84,Sat,23,Long_Distance
travel,20.53,M,1,58,Sun,0,Long_Distance
travel,18.06,M,1,58,Sun,0,Commute
grocery,294.91,F,1,19,Sun,0,Regional
grocery,311.8,M,1,79,Sun,1,Long_Distance
misc,868.29,F,1,19,Sun,1,Commute
travel,8.99,F,1,15,Sun,2,Commute
grocery,280.26,F,1,19,Sun,2,Long_Distance
grocery,296.25,F,1,19,Sun,10,Commute
grocery,301.82,M,1,79,Sun,19,Commute
grocery,348.41,M,1,58,Sun,22,Local
shopping,1224.1,F,1,15,Sun,22,Remote
shopping,944.92,M,1,79,Sun,22,Commute
home,18.87,F,1,29,Sun,22,Commute
shopping,1003.41,M,1,58,Sun,23,Regional
home,266.59,M,1,79,Sun,23,Long_Distance
health,20.58,F,1,19,Sun,23,Commute
home,24.25,F,1,29,Sun,23,Commute
misc,719.08,M,1,79,Sun,23,Long_Distance
grocery,331.56,M,1,58,Sun,23,Commute
shopping,1012.77,F,1,19,Sun,23,Long_Distance
grocery,341.8,M,1,58,Mon,0,Regional
grocery,340.02,M,1,54,Mon,0,Commute
travel,18.55,F,1,52,Mon,0,Remote
grocery,307.53,M,1,54,Mon,0,Long_Distance
grocery,298.19,F,1,52,Mon,0,Regional
entertainment,554.94,F,1,29,Mon,1,Regional
grocery,286.12,M,1,79,Mon,1,Regional
grocery,344.48,M,1,54,Mon,1,Commute
misc,885.96,F,1,19,Mon,3,Remote
grocery,12.43,F,1,29,Mon,3,Commute
grocery,10.93,F,1,19,Mon,10,Remote
travel,20.3,M,1,54,Mon,10,Long_Distance
travel,2.13,F,1,52,Mon,14,Regional
shopping,909.36,M,1,79,Mon,19,Remote
shopping,973.38,M,1,54,Mon,22,Long_Distance
grocery,327.57,M,1,58,Mon,22,Regional
personal,18.81,F,1,29,Mon,22,Regional
misc,882.64,M,1,58,Mon,22,Regional
misc,794.06,M,1,54,Mon,22,Regional
shopping,977.96,M,1,79,Mon,22,Regional
shopping,1135.74,M,1,79,Mon,22,Commute
grocery,119.42,M,1,58,Mon,22,Local
grocery,296.02,M,1,79,Mon,23,Regional
misc,806.16,M,1,54,Mon,23,Long_Distance
grocery,333.17,F,1,52,Mon,23,Commute
grocery,336.71,F,1,52,Mon,23,Commute
shopping,960.49,F,1,19,Mon,23,Commute
misc,965.16,M,1,54,Mon,23,Commute
grocery,310.9,M,1,54,Tue,2,Long_Distance
travel,23.29,M,1,58,Tue,2,Long_Distance
grocery,313.33,F,1,52,Tue,2,Regional
grocery,302.59,F,1,52,Tue,3,Regional
grocery,348.39,M,1,58,Tue,3,Long_Distance
grocery,8.94,M,1,63,Tue,8,Commute
shopping,921.04,M,1,63,Tue,22,Regional
shopping,1093.55,M,1,54,Tue,22,Regional
grocery,305.5,F,1,52,Tue,22,Regional
grocery,290.88,M,1,58,Tue,22,Regional
grocery,328.99,M,1,63,Tue,23,Long_Distance
grocery,368.08,M,1,58,Tue,23,Long_Distance
shopping,938.4,M,1,54,Tue,23,Long_Distance
misc,49.49,F,1,52,Tue,23,Long_Distance
misc,843.99,M,1,58,Tue,23,Long_Distance
travel,10.45,F,1,49,Wed,0,Commute
grocery,326.74,M,1,58,Wed,1,Long_Distance
grocery,353.26,M,1,63,Wed,1,Regional
grocery,299.97,M,1,63,Wed,2,Commute
grocery,14.33,M,1,58,Wed,2,Commute
travel,9.55,M,1,63,Wed,3,Regional
shopping,1124.85,F,1,49,Wed,16,Long_Distance
shopping,1066.46,M,1,63,Wed,22,Long_Distance
shopping,848.16,M,1,58,Wed,22,Remote
shopping,1193.21,M,1,58,Wed,23,Regional
shopping,888.74,F,1,49,Wed,23,Long_Distance
shopping,999.62,M,1,63,Wed,23,Regional
personal,21.99,F,1,49,Wed,23,Commute
shopping,956.19,M,1,63,Wed,23,Regional
shopping,1153.13,M,1,58,Wed,23,Regional
shopping,971.12,F,1,47,Thu,0,Commute
travel,12.02,F,1,47,Thu,1,Regional
grocery,354.92,F,1,47,Thu,1,Long_Distance
shopping,1082.36,F,1,47,Thu,1,Regional
grocery,309.91,F,1,49,Thu,2,Regional
grocery,301.68,F,1,49,Thu,3,Long_Distance
grocery,262.04,F,1,49,Thu,3,Long_Distance
home,6.03,F,1,49,Thu,22,Long_Distance
grocery,298.28,F,1,49,Thu,22,Long_Distance
home,21.28,F,1,47,Thu,22,Long_Distance
shopping,853.98,F,1,49,Thu,22,Regional
shopping,1125.96,F,1,49,Thu,22,Long_Distance
misc,691.31,F,1,49,Thu,23,Long_Distance
personal,19.49,F,1,47,Thu,23,Long_Distance
grocery,303.79,F,1,58,Fri,0,Long_Distance
grocery,306.72,F,1,58,Fri,0,Commute
grocery,337.56,F,1,47,Fri,1,Remote
grocery,14.77,F,1,55,Fri,1,Regional
grocery,282.74,F,1,58,Fri,3,Commute
grocery,325.92,F,1,49,Fri,4,Regional
shopping,1022.06,F,1,55,Fri,12,Commute
shopping,1023.37,F,1,49,Fri,19,Long_Distance
travel,7.46,F,1,49,Fri,22,Regional
misc,814.8,F,1,49,Fri,22,Commute
shopping,975.74,F,1,58,Fri,22,Long_Distance
shopping,846.66,F,1,58,Fri,22,Commute
misc,820.32,F,1,58,Fri,22,Commute
home,19.21,F,1,47,Fri,23,Long_Distance
shopping,1145.78,F,1,58,Fri,23,Commute
home,239.8,F,1,47,Fri,23,Regional
travel,2.45,F,1,49,Fri,23,Long_Distance
travel,6.02,M,1,46,Sat,0,Regional
grocery,292.98,F,1,58,Sat,1,Commute
grocery,338.57,F,1,55,Sat,1,Regional
travel,9.71,M,1,46,Sat,3,Long_Distance
shopping,960.2,F,1,58,Sat,18,Commute
misc,821.37,M,1,46,Sat,22,Long_Distance
shopping,966.42,F,1,55,Sat,22,Regional
misc,642.16,M,1,46,Sat,22,Commute
shopping,830.2,F,1,55,Sat,22,Long_Distance
shopping,748.49,F,1,55,Sat,23,Remote
misc,889.2,F,1,58,Sat,23,Commute
home,19.8,F,1,58,Sat,23,Remote
grocery,117.07,F,1,55,Sat,23,Long_Distance
misc,50.21,F,1,55,Sat,23,Commute
grocery,319.27,M,1,46,Sun,14,Long_Distance
shopping,903.55,M,1,46,Sun,22,Regional
grocery,296.06,M,1,46,Sun,22,Commute
shopping,936.54,M,1,46,Sun,22,Regional
shopping,927.87,M,1,46,Sun,23,Commute
grocery,317.07,M,1,43,Mon,1,Long_Distance
grocery,300.28,M,1,43,Mon,2,Commute
shopping,738.41,F,1,27,Mon,3,Long_Distance
grocery,277.17,M,1,43,Mon,3,Commute
home,18.81,F,1,27,Mon,22,Commute
home,21.68,F,1,27,Mon,22,Local
shopping,1000.13,M,1,43,Mon,22,Long_Distance
personal,21.88,F,1,27,Mon,22,Commute
travel,9.38,F,1,27,Mon,23,Regional
shopping,879.81,F,1,27,Tue,2,Long_Distance
grocery,270.17,M,1,43,Tue,3,Long_Distance
travel,9.48,M,1,43,Tue,8,Long_Distance
misc,866.57,M,1,43,Tue,22,Local
shopping,1078.2,M,1,43,Tue,22,Regional
home,233.95,F,1,27,Tue,22,Long_Distance
entertainment,508.52,F,1,38,Fri,0,Regional
shopping,714.34,F,1,38,Fri,2,Regional
shopping,907.53,F,1,38,Fri,3,Commute
grocery,137.27,F,1,38,Fri,18,Long_Distance
health,19.65,F,1,38,Fri,22,Regional
home,19.66,F,1,38,Fri,23,Regional
travel,8.52,F,1,43,Sat,0,Regional
misc,6.3,F,1,43,Sat,0,Regional
shopping,830.38,F,1,43,Sat,0,Regional
shopping,772.65,F,1,38,Sat,1,Commute
travel,6.38,M,1,22,Sat,2,Long_Distance
grocery,338.29,F,1,43,Sat,2,Commute
grocery,335.39,F,1,38,Sat,3,Long_Distance
misc,6.8,F,1,38,Sat,3,Commute
grocery,315.39,M,1,22,Sat,8,Commute
health,18.85,F,1,38,Sat,15,Commute
shopping,760.07,M,1,22,Sat,22,Long_Distance
home,22.32,F,1,43,Sat,22,Long_Distance
personal,19.17,F,1,38,Sat,23,Long_Distance
home,19.94,F,1,38,Sat,23,Regional
home,18.84,F,1,38,Sat,23,Regional
health,26.14,F,1,38,Sat,23,Long_Distance
entertainment,535.28,M,1,22,Sat,23,Regional
misc,808.21,F,1,47,Sun,0,Remote
misc,899.1,F,1,47,Sun,0,Long_Distance
travel,10.79,F,1,47,Sun,0,Regional
shopping,1016.88,F,1,43,Sun,0,Regional
grocery,11.16,M,1,22,Sun,0,Remote
entertainment,494.73,F,1,43,Sun,1,Commute
shopping,1152.92,F,1,43,Sun,1,Regional
entertainment,580.32,F,1,43,Sun,1,Long_Distance
travel,10.64,F,1,47,Sun,2,Long_Distance
travel,12.34,M,1,22,Sun,4,Long_Distance
travel,6.7,M,1,22,Sun,6,Regional
shopping,892.48,M,1,22,Sun,15,Long_Distance
shopping,849.39,M,1,22,Sun,16,Long_Distance
health,17.38,F,1,43,Sun,17,Regional
shopping,1006.63,F,1,63,Sun,18,Long_Distance
shopping,993.66,M,1,31,Sun,22,Long_Distance
home,242.48,F,1,43,Sun,22,Regional
travel,1.91,F,1,63,Sun,23,Long_Distance
shopping,740.25,M,1,31,Sun,23,Long_Distance
shopping,1086.16,M,1,22,Sun,23,Regional
health,17.53,F,1,47,Sun,23,Long_Distance
travel,8.74,F,1,43,Sun,23,Regional
home,20.57,F,1,47,Sun,23,Regional
personal,51.0,F,1,63,Sun,23,Commute
grocery,276.33,M,1,31,Mon,0,Commute
grocery,299.87,M,1,31,Mon,1,Regional
grocery,289.58,M,1,31,Mon,1,Long_Distance
grocery,341.59,F,1,47,Mon,2,Commute
grocery,300.92,M,1,31,Mon,3,Regional
shopping,892.04,F,1,47,Mon,3,Long_Distance
shopping,991.3,F,1,47,Mon,3,Regional
shopping,701.48,M,1,31,Mon,16,Long_Distance
shopping,1059.44,M,1,31,Mon,22,Commute
shopping,1123.17,M,1,31,Mon,23,Long_Distance
home,7.18,F,1,63,Mon,23,Long_Distance
home,298.97,F,1,47,Mon,23,Long_Distance
shopping,1079.81,M,1,31,Mon,23,Regional
misc,690.66,F,1,18,Tue,1,Long_Distance
grocery,309.98,F,1,18,Tue,1,Long_Distance
travel,11.86,F,1,18,Tue,2,Long_Distance
grocery,295.36,F,1,18,Tue,3,Commute
shopping,887.07,F,1,18,Tue,22,Commute
shopping,776.21,F,1,18,Tue,23,Regional
misc,8.84,F,1,18,Tue,23,Regional
shopping,936.42,F,1,18,Tue,23,Regional
misc,694.32,F,1,18,Tue,23,Commute
shopping,1015.2,F,1,18,Tue,23,Commute
travel,11.91,F,1,18,Wed,0,Long_Distance
grocery,280.96,F,1,18,Wed,1,Long_Distance
grocery,334.72,F,1,67,Wed,1,Regional
misc,750.57,F,1,18,Wed,2,Commute
travel,6.81,F,1,18,Wed,2,Commute
shopping,1018.88,F,1,18,Wed,13,Long_Distance
shopping,1076.77,F,1,67,Wed,14,Commute
shopping,984.26,F,1,18,Wed,19,Commute
grocery,307.88,F,1,67,Wed,22,Long_Distance
grocery,259.24,F,1,67,Wed,22,Long_Distance
shopping,1131.15,F,1,67,Wed,23,Commute
grocery,350.88,F,1,79,Thu,1,Local
travel,22.57,F,1,79,Thu,1,Long_Distance
travel,11.34,F,1,85,Thu,5,Long_Distance
misc,869.74,F,1,67,Thu,16,Long_Distance
shopping,964.17,F,1,67,Thu,20,Commute
misc,874.45,F,1,79,Thu,22,Commute
misc,784.69,F,1,79,Thu,22,Commute
shopping,1000.56,F,1,67,Thu,22,Commute
grocery,288.45,F,1,67,Thu,23,Long_Distance
misc,823.01,F,1,67,Thu,23,Long_Distance
shopping,989.16,F,1,67,Thu,23,Long_Distance
misc,803.64,F,1,79,Thu,23,Long_Distance
shopping,1016.56,F,1,67,Thu,23,Remote
shopping,823.49,F,1,85,Thu,23,Regional
shopping,945.82,F,1,85,Thu,23,Long_Distance
grocery,298.66,F,1,85,Fri,0,Regional
travel,8.27,M,1,30,Fri,0,Long_Distance
travel,21.11,F,1,79,Fri,1,Commute
grocery,288.62,M,1,30,Fri,2,Long_Distance
travel,7.81,M,1,30,Fri,2,Long_Distance
travel,6.94,F,1,85,Fri,2,Commute
grocery,351.2,F,1,65,Fri,3,Commute
travel,23.84,F,1,65,Fri,3,Regional
grocery,304.52,M,1,30,Fri,6,Long_Distance
shopping,1069.68,F,1,79,Fri,13,Remote
shopping,874.29,F,1,79,Fri,22,Commute
grocery,303.68,F,1,79,Fri,22,Regional
shopping,920.34,F,1,85,Fri,22,Commute
shopping,1175.88,F,1,79,Fri,22,Commute
grocery,343.27,F,1,79,Fri,22,Long_Distance
shopping,873.24,F,1,65,Fri,22,Long_Distance
shopping,1069.41,F,1,85,Fri,23,Long_Distance
grocery,126.78,F,1,79,Fri,23,Local
shopping,1006.34,M,1,30,Fri,23,Long_Distance
shopping,1158.16,F,1,79,Fri,23,Commute
misc,635.33,F,1,65,Fri,23,Regional
shopping,1026.88,F,1,65,Fri,23,Long_Distance
shopping,1017.3,F,1,25,Sat,1,Commute
travel,9.63,M,1,30,Sat,1,Regional
shopping,1217.09,F,1,25,Sat,2,Regional
grocery,283.21,M,1,30,Sat,2,Long_Distance
grocery,352.09,F,1,25,Sat,3,Long_Distance
grocery,335.77,F,1,25,Sat,5,Local
shopping,827.78,F,1,65,Sat,15,Regional
shopping,826.2,F,1,65,Sat,20,Long_Distance
travel,9.94,F,1,25,Sat,22,Long_Distance
health,26.47,F,1,25,Sat,22,Commute
shopping,1018.08,F,1,65,Sat,22,Commute
grocery,124.67,F,1,25,Sat,22,Commute
grocery,313.21,F,1,65,Sat,22,Long_Distance
shopping,1040.49,M,1,30,Sat,22,Regional
shopping,881.95,M,1,30,Sat,22,Long_Distance
entertainment,495.83,F,1,25,Sat,23,Commute
misc,799.36,F,1,65,Sat,23,Commute
grocery,268.23,M,1,31,Sun,1,Regional
misc,812.69,M,1,22,Sun,1,Local
grocery,322.8,M,1,22,Sun,2,Commute
grocery,317.53,F,1,25,Sun,2,Commute
shopping,966.07,F,1,25,Sun,3,Regional
grocery,307.58,M,1,34,Sun,3,Commute
misc,749.17,M,1,22,Sun,3,Commute
grocery,338.19,F,1,25,Sun,3,Regional
misc,921.05,F,1,25,Sun,3,Long_Distance
grocery,315.49,M,1,31,Sun,3,Regional
shopping,1007.47,M,1,34,Sun,13,Commute
shopping,1072.94,M,1,22,Sun,16,Commute
shopping,905.88,M,1,22,Sun,18,Commute
shopping,1019.96,M,1,34,Sun,22,Long_Distance
home,17.33,M,1,22,Sun,22,Long_Distance
travel,10.51,F,1,25,Sun,22,Long_Distance
shopping,916.79,M,1,31,Sun,22,Regional
shopping,1148.2,M,1,31,Sun,22,Local
shopping,1009.55,M,1,22,Sun,22,Remote
shopping,915.78,F,1,25,Sun,23,Long_Distance
entertainment,519.54,F,1,25,Sun,23,Regional
shopping,1206.13,M,1,34,Sun,23,Commute
grocery,11.83,M,1,22,Mon,0,Long_Distance
shopping,909.24,F,1,26,Mon,1,Long_Distance
entertainment,449.67,F,1,26,Mon,1,Long_Distance
grocery,10.36,M,1,34,Mon,1,Long_Distance
misc,850.47,F,1,26,Mon,1,Long_Distance
grocery,306.7,M,1,31,Mon,1,Long_Distance
shopping,972.82,F,1,26,Mon,1,Long_Distance
grocery,300.46,F,1,93,Mon,1,Long_Distance
misc,7.52,F,1,26,Mon,2,Commute
travel,10.74,M,1,22,Mon,2,Commute
shopping,958.33,F,1,26,Mon,2,Commute
grocery,315.48,M,1,56,Mon,3,Long_Distance
grocery,297.07,M,1,31,Mon,3,Commute
grocery,307.24,M,1,22,Mon,3,Long_Distance
shopping,1025.83,F,1,26,Mon,3,Long_Distance
travel,11.15,M,1,34,Mon,4,Long_Distance
grocery,320.87,M,1,22,Mon,10,Regional
misc,916.46,M,1,31,Mon,15,Regional
home,19.82,F,1,26,Mon,17,Commute
entertainment,561.06,M,1,22,Mon,22,Regional
grocery,126.96,F,1,26,Mon,22,Commute
shopping,1042.49,F,1,93,Mon,22,Local
shopping,978.75,M,1,22,Mon,22,Long_Distance
misc,8.65,M,1,34,Mon,22,Long_Distance
entertainment,407.08,F,1,93,Mon,22,Commute
misc,770.45,M,1,56,Mon,22,Regional
shopping,985.99,M,1,22,Mon,22,Commute
shopping,924.0,M,1,34,Mon,22,Long_Distance
shopping,1053.47,M,1,31,Mon,22,Regional
misc,7.73,M,1,31,Mon,22,Regional
shopping,1030.02,M,1,31,Mon,22,Regional
shopping,1031.55,M,1,31,Mon,22,Long_Distance
shopping,1125.63,M,1,22,Mon,22,Commute
misc,761.93,M,1,56,Mon,22,Long_Distance
misc,869.16,M,1,31,Mon,23,Commute
shopping,1262.19,M,1,22,Mon,23,Commute
home,24.14,F,1,26,Mon,23,Commute
misc,7.72,M,1,56,Mon,23,Regional
misc,665.68,F,1,93,Mon,23,Commute
misc,888.97,M,1,56,Mon,23,Local
shopping,988.92,M,1,56,Mon,23,Long_Distance
shopping,1060.74,M,1,31,Mon,23,Regional
misc,10.1,M,1,56,Mon,23,Remote
shopping,1145.9,M,1,56,Mon,23,Commute
grocery,292.9,F,1,93,Tue,0,Long_Distance
grocery,330.51,F,1,93,Tue,2,Regional
grocery,371.7,F,1,26,Tue,2,Long_Distance
travel,11.14,M,1,56,Tue,3,Regional
grocery,14.43,F,1,26,Tue,4,Local
shopping,1041.69,F,1,93,Tue,15,Regional
shopping,957.4,M,1,56,Tue,23,Regional
personal,20.17,F,1,26,Tue,23,Long_Distance
personal,22.51,F,1,26,Tue,23,Regional
shopping,852.16,F,1,93,Tue,23,Commute
misc,704.16,F,1,93,Tue,23,Remote
grocery,9.71,M,1,44,Wed,0,Commute
grocery,326.13,M,1,44,Wed,0,Long_Distance
shopping,1048.41,F,1,36,Wed,2,Local
misc,828.47,F,1,36,Wed,2,Regional
grocery,397.97,F,1,36,Wed,2,Long_Distance
entertainment,544.63,F,1,36,Wed,22,Long_Distance
shopping,925.49,M,1,44,Wed,22,Long_Distance
grocery,124.71,F,1,36,Wed,23,Long_Distance
travel,8.84,M,1,25,Thu,0,Commute
travel,9.75,M,1,25,Thu,0,Commute
grocery,319.58,M,1,44,Thu,1,Long_Distance
grocery,280.47,M,1,44,Thu,2,Commute
grocery,350.77,F,1,36,Thu,2,Long_Distance
misc,754.98,M,1,44,Thu,2,Commute
grocery,310.24,M,1,44,Thu,2,Regional
travel,11.98,M,1,44,Thu,3,Local
grocery,320.76,M,1,25,Thu,3,Commute
entertainment,544.9,M,1,44,Thu,22,Regional
shopping,1009.31,M,1,44,Thu,22,Long_Distance
shopping,853.5,M,1,25,Thu,22,Long_Distance
misc,850.38,M,1,25,Thu,22,Regional
entertainment,485.64,F,1,36,Thu,22,Remote
shopping,909.0,M,1,44,Thu,23,Long_Distance
grocery,331.05,M,1,61,Fri,1,Long_Distance
grocery,328.67,M,1,61,Fri,2,Local
grocery,271.11,M,1,25,Fri,2,Commute
grocery,347.31,M,1,30,Fri,2,Commute
grocery,323.37,M,1,30,Fri,2,Commute
travel,10.15,M,1,25,Fri,3,Regional
grocery,298.4,M,1,30,Fri,5,Commute
travel,11.04,M,1,25,Fri,8,Commute
misc,757.99,M,1,30,Fri,9,Commute
grocery,303.67,M,1,30,Fri,9,Long_Distance
grocery,321.38,M,1,61,Fri,10,Commute
grocery,305.47,M,1,61,Fri,22,Long_Distance
shopping,923.22,M,1,61,Fri,22,Commute
shopping,957.51,M,1,61,Fri,23,Long_Distance
travel,18.55,M,1,61,Sat,0,Long_Distance
travel,21.45,M,1,61,Sat,2,Regional
shopping,971.49,M,1,61,Sat,14,Long_Distance
shopping,799.74,M,1,30,Sat,16,Commute
misc,790.1,M,1,61,Sat,22,Commute
shopping,980.15,M,1,30,Sat,22,Commute
health,21.74,F,1,45,Sat,22,Commute
shopping,924.87,M,1,61,Sat,22,Long_Distance
shopping,928.19,M,1,34,Sat,22,Long_Distance
home,215.28,F,1,45,Sat,22,Regional
shopping,1099.98,M,1,34,Sat,22,Regional
shopping,785.52,M,1,30,Sat,22,Commute
misc,7.95,M,1,34,Sat,22,Regional
personal,21.25,M,1,34,Sat,22,Remote
shopping,1113.44,F,1,45,Sat,22,Commute
travel,9.52,F,1,45,Sat,23,Long_Distance
shopping,886.21,M,1,34,Sat,23,Commute
health,19.36,F,1,45,Sat,23,Regional
shopping,843.58,M,1,34,Sat,23,Regional
home,297.09,F,1,45,Sat,23,Commute
grocery,355.87,F,1,45,Sun,0,Commute
travel,9.05,F,1,45,Sun,0,Regional
travel,12.11,M,1,23,Sun,0,Commute
shopping,865.22,F,1,45,Sun,1,Local
grocery,365.13,F,1,64,Sun,2,Commute
travel,13.55,M,1,23,Sun,2,Long_Distance
grocery,313.29,M,1,23,Sun,2,Local
shopping,885.32,F,1,45,Sun,3,Long_Distance
shopping,816.62,F,1,45,Sun,3,Regional
travel,9.46,M,1,34,Sun,3,Long_Distance
grocery,298.53,M,1,34,Sun,4,Long_Distance
travel,10.42,M,1,23,Sun,5,Local
grocery,308.68,M,1,23,Sun,5,Regional
misc,963.9,M,1,23,Sun,22,Long_Distance
personal,19.14,M,1,23,Sun,22,Regional
misc,769.6,M,1,23,Sun,22,Commute
home,281.96,F,1,45,Sun,22,Long_Distance
entertainment,589.27,F,1,64,Sun,22,Long_Distance
entertainment,536.59,F,1,45,Sun,22,Local
home,3.19,F,1,64,Sun,23,Long_Distance
misc,49.78,F,1,64,Sun,23,Long_Distance
shopping,1151.15,M,1,34,Sun,23,Long_Distance
personal,19.02,F,1,45,Sun,23,Commute
shopping,909.81,F,1,64,Sun,23,Commute
shopping,900.02,M,1,34,Sun,23,Regional
personal,24.76,F,1,45,Sun,23,Regional
shopping,1090.66,M,1,34,Sun,23,Commute
shopping,1228.27,M,1,23,Sun,23,Long_Distance
shopping,850.26,M,1,34,Sun,23,Long_Distance
travel,8.29,M,1,23,Mon,0,Long_Distance
travel,10.09,M,1,23,Mon,0,Long_Distance
grocery,275.35,M,1,23,Mon,0,Regional
travel,9.68,M,1,23,Mon,0,Long_Distance
shopping,857.84,M,1,23,Mon,22,Regional
shopping,1221.91,M,1,23,Mon,23,Long_Distance
misc,813.98,F,1,43,Tue,2,Long_Distance
grocery,355.13,M,1,57,Tue,3,Long_Distance
shopping,1014.68,M,1,26,Tue,15,Long_Distance
misc,924.45,M,1,26,Wed,1,Commute
travel,6.84,M,1,26,Wed,1,Long_Distance
grocery,339.21,M,1,26,Wed,3,Local
grocery,15.95,M,1,57,Wed,3,Long_Distance
grocery,338.62,M,1,57,Wed,3,Long_Distance
grocery,127.53,F,1,43,Wed,3,Regional
shopping,857.79,M,1,26,Wed,20,Long_Distance
shopping,1121.83,M,1,57,Wed,22,Regional
misc,877.55,M,1,57,Wed,22,Commute
personal,19.79,F,1,43,Wed,23,Long_Distance
shopping,793.81,M,1,26,Wed,23,Long_Distance
grocery,316.37,M,1,57,Wed,23,Commute
shopping,1020.23,M,1,26,Wed,23,Regional
grocery,286.05,M,1,55,Thu,1,Long_Distance
shopping,994.15,M,1,55,Thu,23,Commute
grocery,259.06,M,1,55,Fri,0,Commute
grocery,297.57,M,1,55,Fri,2,Long_Distance
travel,8.41,M,1,55,Fri,3,Long_Distance
shopping,929.73,M,1,55,Fri,22,Long_Distance
shopping,806.28,M,1,55,Fri,23,Long_Distance
grocery,132.79,M,1,55,Fri,23,Regional
misc,777.44,M,1,19,Sun,22,Long_Distance
shopping,1115.25,M,1,19,Sun,22,Commute
shopping,1107.96,M,1,19,Sun,23,Commute
shopping,776.56,F,1,40,Mon,0,Regional
travel,11.89,M,1,19,Mon,0,Long_Distance
grocery,320.65,F,1,40,Mon,0,Long_Distance
travel,9.81,F,1,35,Mon,1,Regional
shopping,1050.47,F,1,35,Mon,2,Commute
travel,9.69,F,1,40,Mon,2,Commute
travel,8.53,F,1,67,Mon,2,Commute
grocery,12.62,F,1,40,Mon,2,Long_Distance
travel,9.61,F,1,35,Mon,3,Commute
grocery,304.72,F,1,67,Mon,3,Long_Distance
travel,10.32,F,1,67,Mon,3,Regional
grocery,313.17,F,1,35,Mon,3,Long_Distance
misc,868.37,F,1,67,Mon,12,Long_Distance
shopping,1157.26,M,1,19,Mon,16,Commute
shopping,957.11,M,1,19,Mon,22,Regional
shopping,1288.29,M,1,19,Mon,22,Regional
home,242.6,F,1,35,Mon,22,Long_Distance
shopping,1024.15,F,1,67,Mon,22,Regional
home,19.36,F,1,40,Mon,22,Regional
misc,852.93,M,1,19,Mon,22,Long_Distance
shopping,1179.99,F,1,67,Mon,22,Long_Distance
shopping,1067.28,M,1,19,Mon,23,Long_Distance
shopping,788.66,F,1,35,Mon,23,Commute
entertainment,356.81,F,1,67,Mon,23,Regional
shopping,852.22,F,1,35,Tue,0,Local
grocery,299.5,F,1,67,Tue,0,Long_Distance
grocery,367.51,F,1,47,Tue,1,Long_Distance
shopping,853.03,F,1,47,Tue,1,Long_Distance
grocery,391.79,F,1,40,Tue,1,Commute
misc,851.05,F,1,47,Tue,2,Long_Distance
shopping,970.12,F,1,35,Tue,3,Regional
travel,10.13,F,1,47,Tue,13,Commute
entertainment,504.66,F,1,47,Tue,17,Regional
misc,781.52,M,1,55,Tue,20,Regional
shopping,1067.64,M,1,55,Tue,22,Long_Distance
home,22.31,F,1,47,Tue,22,Commute
personal,50.65,M,1,55,Tue,23,Long_Distance
misc,893.23,F,1,67,Tue,23,Commute
home,257.59,F,1,40,Tue,23,Commute
shopping,768.47,M,1,55,Tue,23,Long_Distance
home,24.21,F,1,35,Tue,23,Commute
shopping,895.66,F,1,47,Wed,1,Commute
grocery,343.14,M,1,55,Wed,1,Long_Distance
grocery,331.18,M,1,55,Wed,2,Regional
travel,1.18,M,1,55,Wed,17,Regional
shopping,856.89,M,1,55,Wed,22,Long_Distance
grocery,110.8,F,1,47,Wed,22,Long_Distance
grocery,107.33,F,1,47,Wed,22,Commute
health,18.04,F,1,47,Wed,22,Long_Distance
personal,20.19,F,1,47,Wed,22,Long_Distance
shopping,766.25,M,1,55,Wed,22,Long_Distance
grocery,336.2,M,1,55,Wed,23,Regional
shopping,891.97,M,1,55,Wed,23,Long_Distance
grocery,296.97,F,1,72,Thu,2,Regional
misc,788.2,F,1,72,Thu,12,Long_Distance
misc,782.76,F,1,72,Thu,22,Commute
personal,21.34,F,1,72,Thu,22,Commute
shopping,955.18,F,1,72,Thu,23,Regional
grocery,337.74,F,1,72,Thu,23,Long_Distance
shopping,817.35,F,1,72,Fri,23,Long_Distance
shopping,942.65,F,1,72,Fri,23,Regional
shopping,1061.96,F,1,28,Sun,1,Long_Distance
travel,11.0,F,1,28,Sun,2,Long_Distance
shopping,1045.27,F,1,28,Sun,2,Long_Distance
grocery,329.36,F,1,28,Sun,3,Commute
grocery,108.74,F,1,28,Sun,16,Long_Distance
home,265.37,F,1,28,Sun,22,Regional
home,20.33,F,1,28,Sun,22,Commute
home,301.59,F,1,28,Sun,23,Commute
grocery,320.0,F,1,61,Mon,0,Long_Distance
travel,11.18,F,1,34,Mon,0,Long_Distance
grocery,333.78,F,1,34,Mon,2,Long_Distance
grocery,304.45,F,1,61,Mon,2,Long_Distance
grocery,8.58,M,1,14,Mon,2,Commute
shopping,890.74,F,1,28,Mon,3,Long_Distance
travel,11.62,F,1,34,Mon,3,Long_Distance
travel,10.34,F,1,28,Mon,7,Long_Distance
shopping,970.96,F,1,28,Mon,10,Long_Distance
misc,899.8,F,1,61,Mon,14,Commute
shopping,929.38,F,1,34,Mon,22,Long_Distance
home,21.48,F,1,28,Mon,22,Regional
health,23.5,F,1,34,Mon,22,Long_Distance
entertainment,539.05,F,1,34,Mon,22,Long_Distance
misc,9.51,M,1,14,Mon,22,Commute
misc,750.14,F,1,61,Mon,22,Long_Distance
home,19.87,F,1,28,Mon,22,Commute
home,22.16,F,1,29,Mon,22,Regional
travel,9.25,F,1,61,Mon,22,Regional
home,18.99,F,1,28,Mon,22,Commute
shopping,1239.22,M,1,14,Mon,23,Remote
misc,737.68,M,1,14,Mon,23,Regional
shopping,968.96,F,1,29,Mon,23,Long_Distance
shopping,882.67,F,1,34,Mon,23,Long_Distance
shopping,1039.1,M,1,14,Mon,23,Commute
home,283.75,F,1,34,Mon,23,Local
misc,797.69,F,1,29,Tue,0,Long_Distance
travel,8.93,M,1,14,Tue,1,Commute
shopping,1018.93,F,1,34,Tue,1,Commute
shopping,1001.09,F,1,34,Tue,3,Long_Distance
grocery,352.73,F,1,29,Tue,8,Regional
grocery,129.24,F,1,34,Tue,17,Long_Distance
misc,984.82,F,1,61,Tue,18,Long_Distance
shopping,1055.7,M,1,14,Tue,20,Remote
home,261.05,F,1,29,Tue,21,Commute
shopping,959.67,F,1,29,Tue,22,Remote
home,5.49,F,1,61,Tue,23,Long_Distance
health,20.81,F,1,29,Tue,23,Long_Distance
grocery,136.14,F,1,29,Tue,23,Regional
shopping,955.86,F,1,61,Tue,23,Long_Distance
grocery,288.7,F,1,58,Thu,9,Commute
misc,49.24,F,1,58,Thu,22,Commute
misc,835.45,F,1,58,Thu,22,Commute
grocery,298.67,F,1,58,Thu,23,Long_Distance
shopping,854.12,F,1,58,Thu,23,Long_Distance
grocery,313.83,F,1,58,Fri,0,Regional
grocery,17.37,F,1,58,Fri,1,Regional
grocery,263.15,F,1,22,Fri,2,Remote
grocery,300.62,F,1,22,Fri,2,Remote
misc,819.53,F,1,22,Fri,3,Regional
grocery,298.99,F,1,22,Fri,3,Commute
shopping,832.39,F,1,58,Fri,21,Commute
shopping,903.51,F,1,58,Fri,22,Long_Distance
shopping,1035.24,F,1,58,Fri,23,Long_Distance
personal,53.19,F,1,58,Fri,23,Commute
misc,733.32,F,1,58,Fri,23,Regional
misc,769.91,M,1,26,Sat,0,Commute
grocery,288.41,F,1,22,Sat,1,Long_Distance
misc,780.58,F,1,22,Sat,1,Commute
travel,13.19,M,1,26,Sat,2,Regional
travel,10.2,M,1,35,Sat,6,Remote
shopping,1205.18,M,1,78,Sat,22,Long_Distance
misc,870.82,M,1,78,Sat,22,Commute
shopping,968.77,M,1,26,Sat,22,Regional
shopping,973.97,M,1,78,Sat,22,Long_Distance
misc,7.11,M,1,78,Sat,23,Regional
shopping,826.66,M,1,26,Sat,23,Remote
shopping,1082.07,F,1,22,Sat,23,Regional
grocery,322.02,M,1,35,Sat,23,Long_Distance
misc,8.97,F,1,22,Sat,23,Commute
home,239.16,M,1,35,Sat,23,Long_Distance
shopping,791.6,F,1,22,Sat,23,Long_Distance
shopping,993.05,F,1,48,Sun,0,Regional
grocery,363.09,F,1,48,Sun,0,Regional
grocery,310.66,M,1,78,Sun,0,Remote
grocery,11.23,M,1,35,Sun,1,Commute
grocery,272.12,M,1,35,Sun,1,Regional
shopping,963.63,F,1,48,Sun,1,Commute
travel,11.77,F,1,48,Sun,2,Regional
grocery,309.14,M,1,26,Sun,2,Long_Distance
misc,780.87,F,1,48,Sun,2,Commute
grocery,319.46,M,1,78,Sun,2,Regional
travel,11.88,M,1,35,Sun,3,Long_Distance
misc,686.32,F,1,48,Sun,8,Commute
grocery,238.78,M,1,78,Sun,12,Regional
home,20.93,M,1,78,Sun,13,Long_Distance
health,18.85,F,1,48,Sun,14,Long_Distance
shopping,984.69,M,1,35,Sun,17,Commute
grocery,277.88,M,1,78,Sun,22,Commute
shopping,937.29,M,1,35,Sun,22,Long_Distance
shopping,1046.22,M,1,26,Sun,22,Long_Distance
shopping,807.35,F,1,48,Sun,22,Long_Distance
grocery,132.1,F,1,48,Sun,22,Commute
shopping,1061.31,M,1,35,Sun,22,Regional
misc,7.96,M,1,35,Sun,22,Long_Distance
shopping,898.72,M,1,26,Sun,23,Long_Distance
misc,840.71,M,1,78,Sun,23,Long_Distance
misc,731.23,M,1,35,Sun,23,Long_Distance
travel,7.8,F,1,48,Mon,1,Commute
misc,822.15,F,1,48,Mon,2,Long_Distance
misc,650.5,M,1,58,Mon,13,Long_Distance
entertainment,658.74,M,1,58,Mon,14,Long_Distance
health,22.12,F,1,48,Mon,15,Long_Distance
misc,49.44,M,1,58,Mon,20,Commute
grocery,290.92,M,1,58,Mon,21,Local
personal,48.28,M,1,58,Mon,22,Commute
personal,20.13,F,1,48,Mon,23,Long_Distance
health,18.52,F,1,48,Mon,23,Remote
misc,891.4,F,1,35,Tue,2,Remote
entertainment,499.09,F,1,35,Tue,2,Long_Distance
entertainment,570.47,F,1,35,Tue,2,Local
grocery,324.94,F,1,35,Tue,3,Commute
home,18.92,F,1,35,Tue,14,Regional
health,15.38,F,1,35,Tue,22,Commute
personal,15.95,F,1,35,Tue,22,Long_Distance
home,18.91,F,1,35,Tue,22,Long_Distance
misc,773.63,F,1,35,Wed,1,Remote
grocery,347.88,F,1,35,Wed,1,Regional
entertainment,473.53,F,1,35,Wed,1,Commute
misc,8.32,F,1,35,Wed,3,Long_Distance
shopping,839.35,F,1,35,Wed,3,Regional
home,247.47,F,1,35,Wed,22,Long_Distance
personal,15.41,F,1,35,Wed,23,Long_Distance
grocery,307.58,F,1,59,Thu,0,Long_Distance
travel,22.6,F,1,59,Thu,3,Commute
grocery,313.94,F,1,59,Thu,7,Commute
shopping,872.27,F,1,59,Thu,22,Commute
shopping,880.6,F,1,59,Thu,23,Regional
grocery,316.57,F,1,59,Fri,0,Long_Distance
grocery,301.01,F,1,59,Fri,2,Long_Distance
grocery,335.19,F,1,59,Fri,2,Commute
shopping,1027.22,F,1,59,Fri,17,Long_Distance
personal,49.88,F,1,59,Fri,19,Regional
shopping,1139.15,F,1,59,Fri,20,Long_Distance
shopping,932.51,F,1,59,Fri,23,Long_Distance
shopping,918.74,F,1,59,Fri,23,Regional
grocery,309.97,F,1,59,Fri,23,Regional
grocery,338.26,F,1,59,Fri,23,Long_Distance
shopping,875.26,F,1,24,Sat,0,Regional
travel,18.66,F,1,57,Sat,1,Commute
misc,868.52,F,1,29,Sat,1,Regional
misc,701.96,M,1,40,Sat,2,Commute
grocery,340.22,F,1,29,Sat,2,Commute
grocery,381.82,F,1,57,Sat,3,Commute
misc,718.09,F,1,29,Sat,3,Regional
grocery,314.39,M,1,40,Sat,3,Remote
shopping,995.17,F,1,57,Sat,14,Remote
shopping,893.53,F,1,57,Sat,14,Remote
personal,22.37,F,1,24,Sat,17,Long_Distance
grocery,312.09,F,1,57,Sat,17,Long_Distance
home,262.94,F,1,29,Sat,22,Commute
shopping,995.42,F,1,24,Sat,22,Regional
personal,17.81,M,1,40,Sat,22,Commute
shopping,702.64,M,1,40,Sat,22,Long_Distance
grocery,335.97,F,1,57,Sat,22,Regional
health,20.52,F,1,24,Sat,23,Long_Distance
shopping,867.28,M,1,40,Sat,23,Commute
shopping,902.67,F,1,24,Sat,23,Commute
home,18.45,F,1,29,Sat,23,Long_Distance
travel,9.22,F,1,24,Sat,23,Regional
grocery,346.49,F,1,57,Sat,23,Remote
shopping,788.44,F,1,29,Sun,0,Long_Distance
grocery,297.16,M,1,40,Sun,0,Long_Distance
shopping,903.44,F,1,29,Sun,0,Regional
misc,742.73,F,1,29,Sun,1,Commute
shopping,1084.16,F,1,29,Sun,1,Long_Distance
grocery,350.69,M,1,40,Sun,1,Long_Distance
misc,671.97,F,1,24,Sun,2,Regional
grocery,320.87,F,1,57,Sun,2,Long_Distance
misc,752.39,F,1,29,Sun,2,Regional
shopping,973.94,F,1,29,Sun,3,Long_Distance
misc,8.62,M,1,40,Sun,14,Long_Distance
grocery,96.97,F,1,57,Sun,16,Long_Distance
shopping,658.74,F,1,24,Sun,22,Regional
health,17.27,F,1,29,Sun,22,Long_Distance
shopping,750.66,F,1,57,Sun,22,Long_Distance
travel,10.91,F,1,24,Sun,23,Long_Distance
shopping,625.52,F,1,29,Sun,23,Commute
entertainment,489.58,F,1,29,Sun,23,Regional
shopping,941.21,M,1,40,Sun,23,Commute
home,19.03,F,1,24,Sun,23,Long_Distance
shopping,1157.53,F,1,57,Sun,23,Long_Distance
misc,768.12,F,1,57,Sun,23,Regional
entertainment,398.84,F,1,35,Mon,2,Long_Distance
misc,7.2,F,1,35,Mon,2,Commute
travel,9.88,F,1,35,Mon,3,Commute
misc,9.1,F,1,35,Mon,3,Regional
misc,7.49,F,1,35,Mon,8,Regional
home,207.35,F,1,35,Mon,22,Long_Distance
grocery,351.52,F,1,35,Tue,6,Commute
travel,11.61,M,1,41,Wed,3,Long_Distance
grocery,299.32,M,1,41,Wed,11,Regional
misc,676.37,M,1,41,Wed,12,Long_Distance
grocery,325.83,M,1,41,Wed,22,Regional
shopping,1007.57,M,1,41,Wed,22,Commute
grocery,295.39,M,1,41,Thu,0,Commute
grocery,294.66,M,1,41,Thu,1,Regional
grocery,300.41,M,1,41,Thu,2,Long_Distance
grocery,300.47,M,1,41,Thu,2,Long_Distance
grocery,288.95,M,1,41,Thu,3,Commute
misc,763.54,M,1,41,Thu,22,Long_Distance
misc,778.05,M,1,41,Thu,22,Long_Distance
grocery,114.0,M,1,41,Thu,23,Long_Distance
shopping,962.04,M,1,41,Thu,23,Commute
shopping,980.36,F,1,27,Fri,0,Regional
misc,1008.22,M,1,47,Fri,1,Long_Distance
shopping,765.5,M,1,74,Fri,16,Regional
shopping,1124.86,F,1,27,Fri,18,Long_Distance
shopping,935.03,M,1,38,Fri,20,Commute
grocery,261.49,M,1,38,Fri,21,Long_Distance
shopping,931.04,M,1,58,Fri,22,Long_Distance
home,21.17,F,1,27,Fri,22,Long_Distance
shopping,748.73,M,1,58,Fri,22,Commute
shopping,822.01,M,1,47,Fri,22,Long_Distance
grocery,305.54,M,1,74,Fri,22,Long_Distance
grocery,314.13,M,1,74,Fri,22,Long_Distance
personal,52.45,M,1,58,Fri,22,Long_Distance
shopping,1010.36,M,1,28,Fri,23,Remote
shopping,827.17,M,1,58,Fri,23,Regional
shopping,1054.06,M,1,74,Fri,23,Commute
shopping,977.69,M,1,58,Fri,23,Commute
misc,694.01,M,1,58,Fri,23,Commute
misc,712.35,M,1,47,Fri,23,Long_Distance
shopping,1063.28,M,1,74,Fri,23,Regional
grocery,287.55,M,1,28,Sat,0,Commute
misc,824.92,F,1,27,Sat,0,Regional
grocery,294.89,M,1,28,Sat,0,Long_Distance
grocery,296.82,M,1,28,Sat,0,Regional
travel,9.68,M,1,28,Sat,0,Long_Distance
travel,10.06,M,1,38,Sat,1,Long_Distance
grocery,310.54,M,1,38,Sat,1,Long_Distance
grocery,298.4,M,1,28,Sat,2,Commute
grocery,293.04,M,1,28,Sat,2,Regional
grocery,298.62,M,1,47,Sat,2,Long_Distance
travel,20.06,M,1,58,Sat,2,Regional
misc,756.17,M,1,47,Sat,2,Long_Distance
grocery,331.27,M,1,38,Sat,3,Commute
travel,20.55,M,1,74,Sat,3,Commute
misc,904.15,M,1,28,Sat,3,Commute
grocery,17.61,F,1,59,Sat,3,Regional
grocery,303.49,M,1,28,Sat,5,Regional
misc,50.28,M,1,58,Sat,18,Long_Distance
shopping,1268.18,M,1,58,Sat,22,Regional
grocery,316.25,F,1,59,Sat,22,Commute
misc,744.63,M,1,28,Sat,22,Long_Distance
shopping,957.31,M,1,58,Sat,22,Commute
grocery,351.11,M,1,58,Sat,22,Long_Distance
shopping,955.89,M,1,58,Sat,22,Long_Distance
home,22.34,F,1,27,Sat,22,Regional
misc,765.07,M,1,38,Sat,22,Regional
personal,49.15,M,1,74,Sat,22,Long_Distance
shopping,759.52,M,1,58,Sat,22,Regional
misc,768.84,M,1,74,Sat,22,Regional
shopping,780.01,M,1,47,Sat,23,Regional
shopping,751.61,M,1,47,Sat,23,Regional
grocery,339.17,M,1,74,Sat,23,Long_Distance
home,19.47,F,1,27,Sat,23,Long_Distance
shopping,806.06,M,1,74,Sat,23,Regional
shopping,988.15,F,1,65,Sat,23,Regional
shopping,1153.57,M,1,38,Sat,23,Commute
shopping,947.22,M,1,58,Sat,23,Commute
shopping,769.48,M,1,38,Sat,23,Regional
shopping,1021.55,M,1,58,Sat,23,Remote
shopping,865.48,M,1,38,Sat,23,Commute
grocery,333.43,M,1,74,Sat,23,Remote
shopping,983.93,F,1,27,Sat,23,Regional
shopping,779.36,M,1,74,Sat,23,Remote
grocery,324.16,F,1,65,Sun,0,Commute
grocery,374.46,F,1,65,Sun,1,Local
grocery,360.77,F,1,65,Sun,2,Regional
grocery,333.34,F,1,65,Sun,2,Long_Distance
grocery,331.08,F,1,59,Sun,3,Commute
travel,18.03,F,1,65,Sun,3,Long_Distance
shopping,798.79,F,1,59,Sun,12,Regional
grocery,325.5,F,1,65,Sun,15,Regional
shopping,980.76,F,1,59,Sun,22,Long_Distance
shopping,895.04,F,1,59,Sun,22,Regional
shopping,886.59,F,1,65,Sun,22,Long_Distance
grocery,329.28,F,1,65,Sun,22,Long_Distance
grocery,120.75,F,1,65,Sun,22,Commute
misc,916.03,F,1,59,Sun,23,Regional
shopping,890.66,F,1,59,Sun,23,Commute
travel,9.85,M,1,28,Tue,10,Commute
shopping,1116.11,M,1,28,Tue,14,Long_Distance
shopping,767.23,M,1,74,Tue,15,Long_Distance
shopping,925.84,M,1,74,Tue,22,Local
shopping,1075.76,M,1,74,Tue,22,Regional
shopping,749.84,M,1,28,Tue,22,Regional
shopping,798.88,M,1,28,Tue,22,Long_Distance
entertainment,672.48,M,1,74,Tue,22,Long_Distance
shopping,1047.13,M,1,28,Tue,23,Commute
shopping,903.96,M,1,74,Tue,23,Long_Distance
shopping,1081.57,M,1,28,Tue,23,Long_Distance
travel,21.9,M,1,74,Wed,1,Regional
grocery,15.13,M,1,74,Wed,1,Long_Distance
grocery,268.73,M,1,28,Wed,1,Regional
grocery,294.94,M,1,28,Wed,2,Commute
shopping,1034.06,M,1,28,Wed,22,Long_Distance
shopping,904.87,M,1,28,Wed,22,Long_Distance
shopping,754.42,M,1,74,Wed,22,Regional
shopping,921.46,M,1,74,Wed,22,Long_Distance
shopping,871.92,M,1,74,Wed,22,Long_Distance
misc,809.74,M,1,74,Wed,23,Remote
shopping,1012.77,M,1,74,Wed,23,Commute
misc,828.49,M,1,74,Wed,23,Long_Distance
shopping,915.54,M,1,28,Wed,23,Commute
misc,802.85,F,1,45,Thu,0,Long_Distance
shopping,1032.41,F,1,45,Thu,0,Long_Distance
personal,19.24,F,1,45,Thu,22,Long_Distance
health,24.09,F,1,45,Thu,22,Commute
home,223.89,F,1,45,Thu,23,Regional
shopping,915.93,F,1,45,Fri,3,Commute
grocery,331.83,F,1,45,Fri,3,Long_Distance
travel,7.43,F,1,45,Fri,3,Commute
grocery,333.83,F,1,55,Fri,8,Long_Distance
shopping,1007.24,F,1,53,Fri,12,Long_Distance
personal,20.86,F,1,45,Fri,20,Commute
shopping,1079.44,F,1,53,Fri,21,Commute
shopping,982.24,F,1,55,Fri,22,Regional
shopping,980.72,F,1,53,Fri,22,Long_Distance
personal,20.38,F,1,45,Fri,22,Long_Distance
entertainment,492.51,F,1,45,Fri,23,Long_Distance
grocery,12.81,F,1,55,Sat,0,Long_Distance
grocery,329.57,F,1,53,Sat,1,Regional
grocery,308.27,F,1,49,Sat,1,Regional
grocery,15.63,F,1,51,Sat,1,Regional
grocery,336.82,F,1,49,Sat,2,Local
grocery,15.16,F,1,49,Sat,2,Commute
travel,20.89,F,1,51,Sat,2,Regional
grocery,294.56,F,1,55,Sat,3,Regional
shopping,900.05,F,1,55,Sat,18,Local
entertainment,374.08,F,1,53,Sat,22,Commute
shopping,1086.75,F,1,55,Sat,22,Long_Distance
shopping,974.02,F,1,53,Sat,22,Long_Distance
shopping,1144.6,F,1,49,Sat,22,Regional
shopping,1020.24,F,1,55,Sat,22,Regional
shopping,938.98,F,1,55,Sat,22,Regional
grocery,321.07,F,1,53,Sat,22,Regional
misc,804.39,F,1,49,Sat,22,Regional
shopping,997.93,F,1,55,Sat,23,Long_Distance
shopping,888.99,F,1,55,Sat,23,Regional
personal,21.28,F,1,55,Sat,23,Commute
grocery,296.23,F,1,53,Sat,23,Long_Distance
misc,844.55,F,1,49,Sat,23,Local
grocery,9.55,F,1,20,Sun,0,Local
grocery,325.74,F,1,49,Sun,1,Long_Distance
grocery,314.33,F,1,51,Sun,1,Regional
grocery,321.8,F,1,49,Sun,1,Long_Distance
grocery,307.09,F,1,49,Sun,1,Long_Distance
shopping,1171.78,F,1,49,Sun,12,Long_Distance
shopping,714.97,F,1,51,Sun,14,Regional
shopping,936.47,F,1,49,Sun,22,Long_Distance
misc,848.62,F,1,51,Sun,22,Long_Distance
shopping,835.94,F,1,20,Sun,22,Long_Distance
shopping,1062.13,F,1,49,Sun,23,Commute
shopping,858.91,F,1,49,Sun,23,Commute
shopping,1020.13,F,1,49,Sun,23,Commute
grocery,333.91,F,1,49,Sun,23,Long_Distance
travel,11.25,F,1,20,Sun,23,Regional
shopping,1096.85,F,1,20,Mon,14,Regional
shopping,1145.36,F,1,69,Mon,15,Commute
shopping,955.45,F,1,69,Mon,21,Long_Distance
entertainment,569.01,F,1,20,Mon,22,Long_Distance
shopping,922.33,F,1,69,Mon,22,Regional
shopping,1082.66,F,1,20,Mon,22,Regional
shopping,1106.68,F,1,69,Mon,22,Long_Distance
travel,9.79,F,1,69,Mon,23,Commute
misc,832.47,F,1,69,Mon,23,Long_Distance
misc,716.27,F,1,69,Mon,23,Long_Distance
misc,812.4,F,1,69,Mon,23,Commute
grocery,310.06,F,1,69,Tue,0,Remote
shopping,819.56,F,1,69,Tue,17,Regional
shopping,860.1,F,1,69,Tue,21,Long_Distance
grocery,283.11,M,1,50,Wed,2,Local
travel,8.62,M,1,50,Wed,3,Regional
grocery,361.38,F,1,53,Wed,3,Long_Distance
grocery,319.42,M,1,50,Wed,8,Long_Distance
shopping,1070.23,F,1,53,Wed,14,Long_Distance
shopping,864.02,M,1,24,Wed,17,Commute
misc,746.45,F,1,53,Wed,22,Long_Distance
misc,808.72,F,1,53,Wed,22,Long_Distance
shopping,866.19,M,1,50,Wed,22,Long_Distance
shopping,1205.19,F,1,53,Wed,22,Long_Distance
shopping,982.62,M,1,50,Wed,22,Regional
shopping,872.04,M,1,24,Wed,22,Long_Distance
misc,693.6,F,1,53,Wed,23,Long_Distance
shopping,1159.39,F,1,53,Wed,23,Long_Distance
shopping,774.25,F,1,53,Wed,23,Long_Distance
travel,8.94,M,1,50,Wed,23,Long_Distance
travel,7.56,M,1,50,Thu,0,Commute
travel,11.58,F,1,58,Thu,1,Commute
travel,18.36,F,1,53,Thu,1,Long_Distance
grocery,320.18,M,1,24,Thu,2,Regional
grocery,316.36,M,1,24,Thu,2,Local
misc,598.28,M,1,24,Thu,11,Regional
shopping,1080.13,M,1,50,Thu,20,Remote
grocery,348.92,F,1,65,Thu,22,Long_Distance
shopping,992.15,F,1,65,Thu,22,Long_Distance
shopping,829.43,F,1,65,Thu,22,Local
misc,866.16,F,1,53,Thu,22,Commute
shopping,895.19,M,1,24,Thu,22,Long_Distance
home,415.74,F,1,53,Thu,22,Long_Distance
shopping,929.39,M,1,24,Thu,23,Long_Distance
shopping,887.77,M,1,50,Thu,23,Long_Distance
shopping,1143.74,F,1,53,Thu,23,Regional
shopping,954.71,F,1,58,Thu,23,Regional
misc,852.0,F,1,53,Thu,23,Long_Distance
home,4.24,F,1,65,Thu,23,Long_Distance
travel,17.32,F,1,65,Fri,0,Long_Distance
grocery,292.51,F,1,58,Fri,1,Long_Distance
grocery,290.01,F,1,58,Fri,1,Regional
grocery,295.23,F,1,58,Fri,3,Long_Distance
shopping,843.3,F,1,65,Fri,22,Local
shopping,1051.63,M,1,30,Fri,22,Long_Distance
misc,866.28,F,1,65,Fri,22,Commute
shopping,797.55,M,1,30,Fri,22,Long_Distance
shopping,1153.58,M,1,30,Fri,22,Regional
shopping,968.99,F,1,58,Fri,22,Regional
shopping,991.46,F,1,58,Fri,23,Long_Distance
misc,911.24,F,1,58,Fri,23,Commute
misc,576.1,M,1,30,Fri,23,Long_Distance
shopping,1042.58,F,1,65,Fri,23,Regional
shopping,996.29,F,1,65,Fri,23,Long_Distance
grocery,291.98,M,1,30,Sat,0,Regional
grocery,281.6,F,1,70,Sat,1,Regional
grocery,273.91,F,1,70,Sat,3,Long_Distance
grocery,288.76,M,1,30,Sat,12,Long_Distance
grocery,359.86,M,1,30,Sat,22,Long_Distance
entertainment,434.55,M,1,30,Sat,23,Long_Distance
shopping,1031.8,F,1,70,Sat,23,Long_Distance
grocery,264.77,M,1,30,Sun,0,Regional
grocery,13.04,F,1,82,Sun,1,Long_Distance
grocery,332.48,F,1,70,Sun,1,Long_Distance
grocery,292.0,M,1,30,Sun,3,Long_Distance
travel,17.93,F,1,82,Sun,3,Long_Distance
travel,7.42,F,1,70,Sun,3,Regional
shopping,849.31,F,1,70,Sun,17,Regional
shopping,939.51,F,1,82,Sun,22,Commute
grocery,327.9,F,1,82,Sun,22,Long_Distance
shopping,948.28,F,1,82,Sun,22,Commute
shopping,1037.83,M,1,30,Sun,22,Regional
shopping,965.23,F,1,70,Sun,22,Long_Distance
misc,855.41,F,1,82,Sun,23,Commute
shopping,887.08,M,1,30,Sun,23,Long_Distance
shopping,911.85,F,1,82,Sun,23,Long_Distance
grocery,309.32,F,1,82,Mon,1,Regional
travel,11.16,M,1,30,Mon,1,Long_Distance
travel,11.62,M,1,30,Mon,13,Long_Distance
grocery,319.14,M,1,30,Mon,15,Long_Distance
shopping,1118.58,M,1,30,Mon,20,Long_Distance
home,2.36,F,1,82,Mon,22,Regional
shopping,1148.75,F,1,82,Mon,22,Long_Distance
misc,905.5,M,1,30,Mon,23,Long_Distance
misc,771.43,F,1,82,Mon,23,Long_Distance
misc,50.68,F,1,82,Mon,23,Regional
shopping,1006.58,F,1,82,Mon,23,Regional
personal,17.95,F,1,39,Tue,22,Long_Distance
health,23.83,F,1,39,Tue,22,Long_Distance
travel,13.43,F,1,39,Wed,1,Regional
grocery,289.6,F,1,22,Sun,2,Long_Distance
grocery,319.5,F,1,22,Sun,3,Long_Distance
misc,746.95,F,1,22,Sun,3,Commute
grocery,317.85,F,1,22,Sun,3,Commute
travel,9.46,M,1,54,Sun,3,Long_Distance
misc,746.54,F,1,22,Sun,3,Long_Distance
travel,7.66,M,1,54,Sun,3,Commute
misc,738.78,F,1,22,Sun,3,Long_Distance
grocery,304.89,F,1,22,Sun,4,Long_Distance
travel,10.84,M,1,54,Sun,8,Long_Distance
grocery,327.33,M,1,75,Sun,9,Long_Distance
shopping,778.1,M,1,54,Sun,14,Commute
entertainment,497.01,F,1,22,Sun,22,Regional
shopping,967.75,M,1,54,Sun,23,Regional
grocery,289.48,M,1,54,Mon,0,Regional
travel,13.8,F,1,22,Mon,0,Long_Distance
travel,10.72,M,1,54,Mon,0,Long_Distance
travel,11.83,F,1,22,Mon,0,Long_Distance
grocery,334.34,F,1,57,Mon,1,Local
travel,18.32,F,1,57,Mon,1,Commute
misc,867.53,F,1,22,Mon,1,Regional
grocery,263.34,F,1,22,Mon,2,Regional
travel,21.2,F,1,57,Mon,2,Commute
travel,17.97,M,1,75,Mon,3,Remote
grocery,326.71,F,1,57,Mon,3,Long_Distance
health,19.68,M,1,75,Mon,13,Long_Distance
shopping,776.62,M,1,75,Mon,13,Regional
shopping,901.83,F,1,57,Mon,22,Long_Distance
shopping,945.96,F,1,22,Mon,22,Long_Distance
shopping,953.75,M,1,54,Mon,22,Commute
shopping,1230.42,F,1,57,Mon,22,Commute
misc,7.67,M,1,54,Mon,22,Regional
shopping,951.49,F,1,57,Mon,22,Remote
misc,792.1,F,1,57,Mon,23,Commute
shopping,1049.94,F,1,57,Mon,23,Commute
misc,779.25,F,1,57,Mon,23,Commute
misc,49.76,F,1,57,Mon,23,Long_Distance
grocery,278.77,M,1,54,Mon,23,Regional
shopping,674.94,F,1,57,Mon,23,Regional
shopping,841.98,M,1,75,Mon,23,Regional
shopping,881.29,F,1,57,Tue,22,Commute
misc,886.9,F,1,57,Tue,23,Commute
grocery,13.01,M,1,60,Wed,0,Local
grocery,333.31,M,1,76,Wed,1,Long_Distance
travel,10.4,M,1,60,Wed,2,Long_Distance
grocery,357.32,M,1,76,Wed,15,Long_Distance
misc,1112.91,M,1,76,Wed,19,Long_Distance
travel,2.25,M,1,76,Wed,23,Long_Distance
shopping,1041.82,M,1,76,Wed,23,Long_Distance
grocery,295.06,M,1,60,Thu,2,Regional
grocery,341.13,M,1,60,Thu,7,Commute
shopping,1011.4,M,1,76,Thu,21,Regional
shopping,1174.24,M,1,54,Thu,22,Long_Distance
shopping,924.78,M,1,60,Thu,22,Regional
shopping,862.15,M,1,76,Thu,22,Commute
personal,48.96,M,1,76,Thu,22,Long_Distance
misc,822.94,M,1,76,Thu,23,Remote
shopping,911.99,M,1,60,Thu,23,Long_Distance
shopping,1146.79,M,1,76,Thu,23,Commute
shopping,706.3,M,1,54,Thu,23,Long_Distance
shopping,906.15,M,1,60,Thu,23,Long_Distance
shopping,864.26,M,1,76,Thu,23,Long_Distance
misc,838.48,M,1,60,Thu,23,Commute
shopping,1053.41,M,1,60,Thu,23,Long_Distance
grocery,306.93,M,1,83,Fri,0,Regional
grocery,306.14,M,1,62,Fri,1,Long_Distance
grocery,12.99,M,1,54,Fri,3,Long_Distance
grocery,370.61,M,1,54,Fri,8,Commute
shopping,931.63,M,1,54,Fri,18,Long_Distance
misc,772.87,M,1,83,Fri,20,Remote
shopping,992.13,M,1,83,Fri,22,Long_Distance
misc,834.52,M,1,62,Fri,22,Long_Distance
grocery,336.11,M,1,54,Fri,22,Long_Distance
shopping,972.44,M,1,54,Fri,22,Commute
entertainment,589.69,M,1,52,Fri,23,Long_Distance
travel,11.47,M,1,83,Sat,0,Long_Distance
grocery,309.91,M,1,29,Sat,0,Commute
travel,21.71,M,1,51,Sat,0,Long_Distance
travel,19.04,M,1,62,Sat,0,Long_Distance
misc,9.88,F,1,32,Sat,0,Long_Distance
entertainment,453.96,F,1,32,Sat,1,Long_Distance
travel,17.95,M,1,51,Sat,1,Long_Distance
grocery,11.76,M,1,51,Sat,2,Remote
travel,10.06,M,1,29,Sat,2,Remote
misc,851.92,M,1,29,Sat,3,Regional
grocery,7.64,M,1,45,Sat,4,Long_Distance
shopping,974.36,M,1,52,Sat,12,Commute
misc,744.47,M,1,45,Sat,12,Long_Distance
misc,671.44,M,1,51,Sat,13,Commute
shopping,794.94,M,1,62,Sat,22,Long_Distance
shopping,914.69,M,1,83,Sat,22,Regional
shopping,977.16,M,1,51,Sat,22,Regional
shopping,976.42,M,1,83,Sat,22,Commute
shopping,1041.34,M,1,83,Sat,22,Commute
shopping,1032.03,M,1,83,Sat,22,Long_Distance
shopping,936.56,M,1,29,Sat,22,Commute
shopping,1006.25,M,1,51,Sat,22,Long_Distance
personal,50.64,M,1,51,Sat,23,Regional
grocery,338.99,M,1,62,Sat,23,Long_Distance
shopping,935.87,M,1,52,Sat,23,Long_Distance
shopping,728.38,M,1,52,Sat,23,Long_Distance
shopping,1094.93,M,1,52,Sat,23,Long_Distance
grocery,120.91,M,1,83,Sat,23,Long_Distance
grocery,306.7,M,1,45,Sat,23,Commute
grocery,310.23,M,1,45,Sat,23,Long_Distance
shopping,902.95,M,1,51,Sat,23,Commute
shopping,739.29,F,1,32,Sun,0,Commute
grocery,5.97,M,1,29,Sun,1,Commute
misc,7.13,F,1,32,Sun,2,Commute
grocery,313.38,M,1,63,Sun,3,Regional
grocery,333.39,M,1,63,Sun,3,Commute
grocery,297.06,F,1,79,Sun,3,Regional
grocery,309.86,M,1,29,Sun,3,Regional
travel,10.87,F,1,79,Sun,4,Commute
grocery,15.89,M,1,63,Sun,8,Commute
travel,12.17,M,1,45,Sun,9,Regional
grocery,9.42,M,1,45,Sun,11,Long_Distance
grocery,124.15,M,1,29,Sun,12,Long_Distance
shopping,1031.52,F,1,79,Sun,16,Long_Distance
home,25.54,M,1,45,Sun,18,Commute
travel,10.69,M,1,45,Sun,19,Regional
health,21.49,F,1,32,Sun,22,Regional
shopping,636.46,M,1,51,Sun,22,Long_Distance
shopping,1039.92,M,1,29,Sun,22,Commute
misc,790.17,M,1,63,Sun,22,Regional
home,7.04,M,1,63,Sun,22,Commute
misc,682.53,F,1,79,Sun,22,Regional
shopping,1009.68,M,1,45,Sun,22,Long_Distance
travel,11.46,F,1,32,Sun,22,Regional
grocery,297.94,M,1,45,Sun,22,Regional
shopping,836.42,M,1,45,Sun,22,Regional
grocery,350.44,M,1,51,Sun,23,Long_Distance
home,19.21,F,1,79,Sun,23,Commute
home,410.94,M,1,63,Sun,23,Remote
shopping,1013.23,F,1,79,Sun,23,Regional
shopping,1124.22,F,1,79,Sun,23,Commute
travel,24.03,M,1,63,Mon,1,Local
grocery,344.89,F,1,46,Mon,2,Regional
grocery,349.61,F,1,46,Mon,3,Long_Distance
grocery,324.38,M,1,63,Mon,8,Commute
shopping,885.6,M,1,63,Mon,13,Regional
health,22.56,F,1,46,Mon,18,Regional
misc,941.94,F,1,79,Mon,22,Long_Distance
grocery,317.71,M,1,63,Mon,22,Commute
shopping,983.88,M,1,63,Mon,22,Long_Distance
personal,22.82,F,1,46,Mon,22,Remote
shopping,987.33,F,1,79,Mon,22,Regional
grocery,116.45,F,1,46,Mon,22,Regional
shopping,1043.82,F,1,79,Mon,23,Commute
grocery,110.19,F,1,46,Mon,23,Long_Distance
shopping,1148.13,F,1,79,Mon,23,Commute
misc,925.99,M,1,63,Mon,23,Regional
shopping,1012.83,F,1,79,Mon,23,Long_Distance
grocery,343.47,F,1,46,Tue,2,Long_Distance
misc,824.99,M,1,32,Fri,1,Long_Distance
grocery,367.28,F,1,27,Fri,8,Long_Distance
entertainment,665.33,M,1,57,Fri,15,Commute
shopping,900.88,M,1,57,Fri,22,Regional
personal,18.89,F,1,27,Fri,22,Commute
misc,918.23,M,1,57,Fri,22,Regional
shopping,1084.5,M,1,32,Fri,22,Commute
home,16.49,F,1,27,Fri,22,Long_Distance
health,22.61,M,1,57,Fri,22,Local
shopping,1125.1,M,1,32,Fri,23,Long_Distance
misc,744.12,M,1,57,Fri,23,Commute
grocery,287.57,M,1,57,Fri,23,Long_Distance
shopping,825.81,M,1,32,Fri,23,Regional
travel,16.24,M,1,57,Sat,0,Commute
misc,701.44,M,1,32,Sat,0,Local
grocery,351.65,F,1,27,Sat,1,Regional
grocery,322.61,M,1,32,Sat,1,Commute
grocery,293.85,M,1,32,Sat,1,Long_Distance
misc,780.63,F,1,27,Sat,2,Regional
travel,15.78,M,1,57,Sat,2,Commute
misc,687.1,M,1,32,Sat,3,Commute
travel,10.12,M,1,32,Sat,5,Commute
shopping,777.48,F,1,27,Sat,7,Commute
shopping,857.01,M,1,57,Sat,13,Commute
shopping,1020.2,M,1,25,Sat,20,Commute
travel,6.41,M,1,57,Sat,22,Commute
home,24.19,F,1,27,Sat,22,Long_Distance
shopping,1031.35,M,1,32,Sat,22,Long_Distance
misc,801.71,M,1,57,Sat,22,Commute
shopping,1174.44,M,1,32,Sat,22,Long_Distance
shopping,1125.7,M,1,57,Sat,22,Commute
grocery,118.19,M,1,57,Sat,23,Long_Distance
personal,25.01,F,1,27,Sat,23,Long_Distance
shopping,886.15,M,1,32,Sat,23,Regional
grocery,342.38,M,1,57,Sat,23,Long_Distance
misc,996.09,M,1,25,Sun,0,Long_Distance
grocery,293.18,M,1,71,Sun,0,Long_Distance
misc,761.0,F,1,35,Sun,1,Regional
grocery,293.92,M,1,71,Sun,1,Long_Distance
grocery,331.29,F,1,35,Sun,1,Long_Distance
misc,758.08,M,1,25,Sun,3,Regional
grocery,309.9,M,1,25,Sun,3,Long_Distance
shopping,907.71,F,1,35,Sun,7,Long_Distance
shopping,969.13,M,1,25,Sun,22,Regional
personal,20.77,M,1,71,Sun,22,Remote
entertainment,473.95,M,1,25,Sun,22,Long_Distance
shopping,966.41,M,1,25,Sun,23,Long_Distance
travel,14.72,M,1,71,Mon,0,Long_Distance
misc,6.69,F,1,35,Mon,0,Commute
misc,817.88,F,1,35,Mon,0,Commute
travel,10.92,F,1,35,Mon,0,Regional
shopping,762.15,F,1,35,Mon,0,Regional
grocery,104.82,F,1,35,Mon,1,Commute
shopping,969.32,F,1,35,Mon,1,Long_Distance
shopping,1158.25,F,1,35,Mon,3,Regional
grocery,282.52,M,1,71,Mon,11,Long_Distance
personal,18.27,F,1,35,Mon,22,Local
home,19.85,F,1,35,Mon,22,Long_Distance
home,254.4,F,1,35,Mon,22,Regional
shopping,992.66,M,1,71,Mon,23,Commute
shopping,963.73,M,1,71,Mon,23,Long_Distance
home,227.13,F,1,35,Mon,23,Long_Distance
shopping,906.41,F,1,27,Tue,0,Long_Distance
grocery,341.22,F,1,68,Wed,2,Long_Distance
travel,10.57,F,1,27,Wed,2,Regional
health,19.26,F,1,68,Wed,15,Long_Distance
shopping,1120.05,F,1,68,Wed,22,Long_Distance
home,207.48,F,1,27,Wed,23,Commute
grocery,281.22,M,1,80,Thu,2,Commute
travel,19.38,F,1,68,Thu,2,Long_Distance
grocery,274.22,M,1,80,Thu,3,Remote
misc,7.27,M,1,80,Thu,13,Local
shopping,1004.6,M,1,80,Thu,21,Regional
shopping,906.61,F,1,68,Thu,23,Long_Distance
shopping,910.37,M,1,80,Thu,23,Long_Distance
misc,810.59,M,1,80,Thu,23,Regional
grocery,315.38,M,1,80,Fri,0,Commute
misc,7.04,M,1,80,Fri,22,Commute
shopping,928.93,M,1,80,Fri,23,Commute
grocery,291.59,M,1,21,Sat,0,Commute
grocery,315.37,M,1,20,Sat,1,Long_Distance
grocery,359.25,M,1,20,Sat,1,Long_Distance
misc,742.7,M,1,21,Sat,2,Long_Distance
travel,7.33,M,1,20,Sat,3,Commute
misc,825.45,M,1,20,Sat,8,Long_Distance
shopping,710.43,M,1,21,Sat,14,Commute
shopping,1371.81,M,1,20,Sat,22,Regional
shopping,1059.96,M,1,20,Sat,22,Commute
shopping,1088.07,M,1,20,Sat,22,Long_Distance
shopping,807.23,M,1,20,Sat,22,Long_Distance
shopping,1133.39,M,1,20,Sat,23,Regional
shopping,967.35,M,1,21,Sat,23,Long_Distance
grocery,313.72,M,1,20,Sun,0,Regional
shopping,948.3,F,1,33,Sun,0,Long_Distance
grocery,295.23,M,1,21,Sun,0,Long_Distance
grocery,350.79,F,1,33,Sun,1,Regional
travel,11.73,M,1,20,Sun,2,Long_Distance
grocery,340.63,M,1,21,Sun,2,Remote
grocery,9.94,M,1,20,Sun,3,Long_Distance
grocery,9.27,M,1,20,Sun,3,Commute
grocery,294.39,M,1,20,Sun,7,Regional
health,20.55,F,1,33,Sun,16,Long_Distance
shopping,1073.88,M,1,21,Sun,19,Commute
personal,19.77,M,1,20,Sun,19,Commute
shopping,973.28,M,1,21,Sun,22,Long_Distance
shopping,1009.36,F,1,33,Sun,22,Regional
shopping,747.15,M,1,21,Sun,22,Commute
shopping,797.46,M,1,21,Sun,22,Long_Distance
shopping,927.78,F,1,33,Sun,22,Long_Distance
home,265.88,F,1,33,Sun,22,Long_Distance
shopping,888.06,M,1,21,Sun,23,Long_Distance
home,273.3,F,1,33,Sun,23,Remote
home,324.89,F,1,33,Sun,23,Regional
shopping,900.47,M,1,21,Sun,23,Long_Distance
grocery,298.73,M,1,37,Mon,1,Long_Distance
misc,666.73,F,1,33,Mon,2,Long_Distance
grocery,310.77,M,1,37,Mon,3,Regional
travel,7.28,M,1,37,Mon,3,Long_Distance
grocery,335.35,F,1,33,Mon,3,Long_Distance
entertainment,413.75,F,1,33,Mon,18,Local
shopping,998.42,M,1,37,Mon,22,Commute
misc,771.81,M,1,37,Mon,22,Long_Distance
entertainment,480.98,M,1,37,Mon,22,Long_Distance
shopping,862.73,M,1,37,Mon,22,Long_Distance
shopping,962.98,M,1,37,Mon,22,Commute
shopping,947.84,M,1,37,Mon,22,Long_Distance
shopping,1007.76,M,1,37,Mon,22,Long_Distance
shopping,850.7,M,1,37,Mon,23,Commute
shopping,1111.31,M,1,37,Mon,23,Commute
grocery,330.94,M,1,37,Mon,23,Long_Distance
shopping,814.46,M,1,37,Mon,23,Commute
misc,774.65,M,1,37,Mon,23,Commute
shopping,774.52,M,1,37,Mon,23,Regional
shopping,875.2,M,1,37,Mon,23,Regional
entertainment,499.5,F,1,33,Mon,23,Long_Distance
home,288.35,F,1,33,Mon,23,Long_Distance
entertainment,519.65,F,1,33,Mon,23,Long_Distance
personal,16.99,F,1,33,Mon,23,Long_Distance
grocery,12.2,M,1,37,Tue,0,Long_Distance
grocery,313.13,M,1,30,Tue,2,Regional
travel,9.46,M,1,37,Tue,3,Long_Distance
shopping,864.85,M,1,30,Tue,12,Commute
misc,804.9,M,1,30,Tue,22,Regional
shopping,964.11,M,1,37,Tue,22,Regional
shopping,1090.18,M,1,37,Tue,22,Regional
shopping,1011.28,M,1,37,Tue,23,Long_Distance
shopping,885.42,M,1,37,Tue,23,Long_Distance
shopping,808.03,M,1,30,Tue,23,Commute
shopping,870.11,M,1,30,Tue,23,Long_Distance
shopping,989.31,M,1,30,Tue,23,Remote
travel,11.62,M,1,30,Wed,19,Commute
shopping,920.9,M,1,30,Wed,22,Long_Distance
misc,7.64,M,1,30,Wed,22,Remote
shopping,795.04,F,1,49,Fri,2,Commute
shopping,935.22,F,1,49,Fri,3,Regional
misc,791.9,F,1,79,Fri,22,Long_Distance
misc,797.58,F,1,79,Fri,22,Long_Distance
misc,790.55,F,1,79,Fri,22,Regional
shopping,876.11,F,1,79,Fri,22,Long_Distance
misc,654.83,F,1,79,Fri,23,Long_Distance
travel,11.29,F,1,49,Fri,23,Regional
travel,17.64,F,1,79,Sat,0,Commute
shopping,925.9,F,1,49,Sat,0,Long_Distance
grocery,320.49,F,1,79,Sat,0,Long_Distance
shopping,838.43,F,1,42,Sat,0,Long_Distance
shopping,1289.89,F,1,49,Sat,1,Commute
grocery,390.0,F,1,42,Sat,2,Long_Distance
grocery,308.97,F,1,79,Sat,3,Regional
grocery,15.03,F,1,74,Sat,3,Regional
grocery,13.57,F,1,79,Sat,6,Long_Distance
shopping,843.69,F,1,42,Sat,7,Commute
shopping,697.97,F,1,79,Sat,22,Regional
misc,903.22,F,1,74,Sat,22,Long_Distance
shopping,1033.92,F,1,74,Sat,22,Commute
shopping,1058.84,M,1,58,Sat,22,Regional
shopping,926.13,F,1,74,Sat,22,Commute
home,19.48,F,1,49,Sat,22,Regional
home,220.43,F,1,42,Sat,22,Long_Distance
shopping,1040.85,F,1,79,Sat,22,Regional
shopping,1028.84,F,1,74,Sat,23,Regional
shopping,722.05,F,1,74,Sat,23,Long_Distance
shopping,1122.27,F,1,79,Sat,23,Commute
personal,17.02,F,1,49,Sat,23,Commute
shopping,1025.63,F,1,79,Sat,23,Regional
shopping,993.07,F,1,74,Sat,23,Commute
misc,880.19,M,1,58,Sat,23,Long_Distance
misc,738.68,F,1,79,Sat,23,Commute
misc,729.93,F,1,79,Sat,23,Long_Distance
grocery,317.26,M,1,58,Sun,0,Long_Distance
grocery,394.49,F,1,42,Sun,0,Regional
grocery,329.84,F,1,74,Sun,2,Long_Distance
grocery,299.55,M,1,81,Sun,2,Regional
grocery,368.96,F,1,74,Sun,3,Long_Distance
grocery,9.15,M,1,58,Sun,3,Commute
grocery,351.36,M,1,81,Sun,3,Long_Distance
grocery,317.05,M,1,58,Sun,8,Commute
home,2.46,F,1,74,Sun,14,Regional
shopping,975.25,M,1,58,Sun,17,Long_Distance
shopping,949.43,M,1,81,Sun,21,Long_Distance
shopping,1115.67,M,1,81,Sun,22,Regional
travel,11.39,M,1,58,Sun,22,Regional
shopping,721.54,F,1,74,Sun,22,Commute
shopping,876.76,F,1,74,Sun,22,Regional
grocery,326.93,F,1,74,Sun,22,Commute
home,237.86,F,1,42,Sun,22,Long_Distance
entertainment,377.65,M,1,81,Sun,23,Regional
misc,736.81,M,1,58,Sun,23,Long_Distance
shopping,834.22,M,1,58,Sun,23,Regional
misc,844.6,F,1,74,Sun,23,Regional
shopping,978.19,F,1,27,Mon,0,Long_Distance
travel,9.21,F,1,27,Mon,0,Long_Distance
misc,753.77,F,1,27,Mon,2,Commute
home,236.0,F,1,27,Mon,16,Regional
misc,882.7,M,1,81,Mon,17,Commute
travel,13.11,F,1,27,Mon,17,Long_Distance
home,21.69,F,1,27,Mon,22,Long_Distance
grocery,289.75,M,1,81,Mon,22,Commute
grocery,282.9,M,1,81,Mon,23,Long_Distance
misc,719.3,M,1,81,Mon,23,Regional
travel,8.65,F,1,27,Mon,23,Commute
home,237.78,F,1,27,Mon,23,Commute
grocery,365.86,F,1,27,Tue,2,Commute
misc,7.21,F,1,27,Tue,2,Commute
misc,735.87,F,1,27,Tue,3,Long_Distance
grocery,119.03,F,1,29,Sat,0,Regional
travel,15.57,M,1,66,Sat,1,Commute
misc,880.33,M,1,21,Sat,2,Regional
grocery,283.28,M,1,21,Sat,2,Long_Distance
travel,18.26,M,1,66,Sat,2,Long_Distance
grocery,326.2,M,1,66,Sat,2,Long_Distance
travel,9.86,M,1,21,Sat,2,Long_Distance
grocery,347.94,F,1,58,Sat,3,Commute
grocery,347.91,F,1,29,Sat,5,Regional
grocery,306.93,M,1,21,Sat,5,Regional
shopping,1101.16,F,1,29,Sat,10,Long_Distance
misc,737.76,M,1,66,Sat,12,Regional
personal,19.8,F,1,29,Sat,22,Long_Distance
home,18.34,F,1,29,Sat,22,Remote
shopping,1031.18,M,1,21,Sat,22,Long_Distance
shopping,1079.99,M,1,66,Sat,22,Long_Distance
personal,18.31,F,1,29,Sat,22,Regional
home,20.28,F,1,29,Sat,22,Long_Distance
shopping,844.27,M,1,21,Sat,23,Long_Distance
home,18.48,F,1,29,Sat,23,Long_Distance
misc,733.45,F,1,58,Sat,23,Remote
shopping,896.08,F,1,58,Sat,23,Long_Distance
grocery,337.67,M,1,66,Sun,0,Long_Distance
grocery,296.26,F,1,58,Sun,0,Long_Distance
grocery,330.59,M,1,66,Sun,1,Commute
grocery,281.48,M,1,21,Sun,1,Regional
grocery,317.72,M,1,39,Sun,1,Local
grocery,317.33,F,1,58,Sun,1,Long_Distance
grocery,300.11,M,1,21,Sun,2,Long_Distance
travel,8.51,F,1,29,Sun,2,Regional
shopping,972.82,F,1,29,Sun,8,Long_Distance
shopping,870.55,M,1,21,Sun,12,Commute
shopping,881.39,M,1,21,Sun,18,Commute
shopping,840.65,M,1,21,Sun,20,Commute
shopping,1167.88,F,1,58,Sun,21,Long_Distance
shopping,1170.79,M,1,66,Sun,22,Remote
home,19.7,F,1,29,Sun,22,Regional
shopping,1128.77,M,1,21,Sun,22,Regional
shopping,1082.62,M,1,66,Sun,22,Regional
grocery,307.29,M,1,39,Sun,22,Commute
home,294.42,F,1,29,Sun,22,Long_Distance
shopping,976.46,F,1,58,Sun,22,Regional
shopping,893.77,M,1,21,Sun,22,Local
misc,713.79,F,1,58,Sun,22,Commute
misc,742.53,M,1,39,Sun,23,Long_Distance
shopping,1079.14,F,1,58,Sun,23,Long_Distance
shopping,860.69,M,1,21,Sun,23,Long_Distance
entertainment,421.92,F,1,58,Sun,23,Regional
misc,851.68,M,1,66,Sun,23,Commute
shopping,991.71,M,1,21,Sun,23,Local
entertainment,517.93,M,1,66,Sun,23,Regional
shopping,947.12,F,1,44,Mon,0,Long_Distance
shopping,1022.82,F,1,44,Mon,1,Commute
grocery,119.54,F,1,44,Mon,2,Regional
shopping,935.2,F,1,44,Mon,2,Regional
travel,10.55,F,1,44,Mon,3,Regional
misc,6.95,F,1,44,Mon,3,Commute
shopping,779.55,F,1,44,Mon,3,Long_Distance
travel,11.36,F,1,44,Mon,3,Long_Distance
misc,7.52,F,1,44,Mon,5,Long_Distance
grocery,116.96,F,1,44,Mon,9,Regional
personal,22.06,F,1,44,Mon,14,Long_Distance
shopping,792.23,M,1,39,Mon,17,Long_Distance
home,207.26,F,1,44,Mon,22,Regional
shopping,742.37,M,1,39,Mon,22,Remote
shopping,890.16,M,1,39,Mon,22,Long_Distance
shopping,899.63,M,1,39,Mon,22,Commute
home,191.87,F,1,44,Mon,23,Long_Distance
grocery,294.77,M,1,39,Mon,23,Long_Distance
travel,10.47,F,1,44,Mon,23,Commute
grocery,329.94,F,1,44,Tue,0,Regional
travel,8.78,F,1,44,Tue,1,Long_Distance
grocery,321.37,F,1,44,Tue,1,Long_Distance
shopping,812.57,F,1,44,Tue,2,Commute
grocery,325.11,F,1,44,Tue,5,Long_Distance
home,22.21,F,1,44,Tue,16,Long_Distance
home,266.28,F,1,44,Tue,22,Regional
travel,20.2,M,1,64,Wed,0,Commute
grocery,320.88,M,1,64,Wed,2,Long_Distance
shopping,1017.15,M,1,64,Wed,22,Long_Distance
shopping,1063.73,M,1,64,Wed,22,Regional
entertainment,524.86,M,1,64,Wed,23,Regional
shopping,885.64,M,1,64,Wed,23,Commute
grocery,377.99,F,1,47,Thu,1,Long_Distance
grocery,274.34,M,1,57,Thu,3,Regional
grocery,323.61,M,1,64,Thu,3,Remote
grocery,329.01,M,1,64,Thu,3,Long_Distance
travel,8.15,M,1,57,Thu,8,Local
misc,853.27,M,1,64,Thu,22,Long_Distance
misc,822.52,M,1,64,Thu,22,Commute
shopping,977.82,M,1,64,Thu,22,Regional
home,18.06,F,1,47,Thu,22,Long_Distance
shopping,1094.26,M,1,57,Thu,23,Commute
grocery,301.54,F,1,54,Fri,0,Long_Distance
travel,8.76,M,1,57,Fri,0,Long_Distance
grocery,276.94,M,1,32,Fri,2,Commute
grocery,336.02,M,1,32,Fri,2,Long_Distance
grocery,284.62,M,1,32,Fri,2,Long_Distance
grocery,302.07,F,1,54,Fri,3,Long_Distance
travel,16.34,M,1,86,Fri,3,Long_Distance
entertainment,469.22,F,1,47,Fri,3,Long_Distance
grocery,312.6,M,1,57,Fri,5,Long_Distance
grocery,333.66,M,1,86,Fri,9,Long_Distance
grocery,310.38,M,1,32,Fri,9,Commute
misc,836.37,M,1,86,Fri,15,Commute
shopping,901.99,M,1,49,Fri,20,Long_Distance
entertainment,444.32,M,1,49,Fri,22,Commute
shopping,1029.02,M,1,57,Fri,22,Long_Distance
misc,893.19,M,1,57,Fri,22,Long_Distance
shopping,939.58,M,1,86,Fri,22,Commute
shopping,930.99,M,1,86,Fri,22,Commute
misc,740.07,F,1,54,Fri,23,Long_Distance
personal,15.87,F,1,54,Fri,23,Remote
shopping,774.06,M,1,49,Fri,23,Long_Distance
shopping,949.61,M,1,57,Fri,23,Regional
shopping,967.49,M,1,32,Fri,23,Regional
home,17.4,F,1,47,Fri,23,Long_Distance
shopping,1148.19,M,1,86,Fri,23,Long_Distance
shopping,933.24,M,1,49,Fri,23,Commute
grocery,272.99,M,1,49,Sat,0,Commute
travel,13.78,M,1,30,Sat,0,Commute
travel,12.89,M,1,30,Sat,0,Commute
travel,12.84,F,1,54,Sat,0,Long_Distance
grocery,326.65,M,1,32,Sat,0,Regional
grocery,298.96,F,1,50,Sat,0,Regional
grocery,324.74,M,1,49,Sat,0,Long_Distance
travel,9.67,M,1,40,Sat,0,Commute
travel,6.7,M,1,32,Sat,1,Regional
grocery,265.68,M,1,49,Sat,1,Commute
travel,10.72,M,1,30,Sat,1,Long_Distance
grocery,311.63,M,1,40,Sat,2,Long_Distance
travel,7.41,M,1,30,Sat,2,Regional
misc,822.29,M,1,32,Sat,2,Long_Distance
grocery,277.87,M,1,49,Sat,2,Regional
grocery,293.92,F,1,54,Sat,2,Commute
grocery,291.15,M,1,30,Sat,3,Remote
grocery,322.34,M,1,86,Sat,3,Commute
grocery,302.42,M,1,49,Sat,3,Long_Distance
shopping,782.18,M,1,49,Sat,12,Long_Distance
grocery,349.52,M,1,49,Sat,13,Regional
grocery,331.38,F,1,50,Sat,13,Long_Distance
shopping,1018.47,F,1,54,Sat,14,Long_Distance
shopping,987.16,M,1,49,Sat,16,Long_Distance
misc,731.55,M,1,30,Sat,17,Long_Distance
grocery,354.81,F,1,50,Sat,18,Commute
misc,854.92,F,1,50,Sat,20,Commute
misc,786.09,F,1,54,Sat,21,Commute
shopping,958.66,M,1,86,Sat,22,Commute
shopping,1077.27,M,1,30,Sat,22,Long_Distance
shopping,908.32,F,1,54,Sat,22,Long_Distance
home,18.01,M,1,49,Sat,22,Long_Distance
grocery,126.28,M,1,86,Sat,23,Remote
home,2.48,M,1,86,Sat,23,Commute
shopping,991.88,F,1,54,Sat,23,Long_Distance
shopping,1281.51,F,1,50,Sat,23,Long_Distance
shopping,946.78,M,1,32,Sat,23,Regional
health,18.39,M,1,86,Sat,23,Long_Distance
misc,8.61,M,1,40,Sat,23,Regional
travel,11.44,M,1,40,Sun,0,Long_Distance
travel,20.01,F,1,50,Sun,0,Commute
travel,17.85,F,1,50,Sun,1,Regional
travel,18.07,F,1,50,Sun,1,Regional
grocery,300.56,M,1,63,Sun,2,Commute
grocery,272.06,M,1,30,Sun,2,Regional
grocery,294.6,M,1,40,Sun,3,Long_Distance
misc,850.18,M,1,30,Sun,3,Long_Distance
travel,20.42,F,1,50,Sun,3,Regional
entertainment,436.78,M,1,40,Sun,15,Long_Distance
grocery,286.23,M,1,63,Sun,18,Commute
health,24.45,F,1,50,Sun,21,Long_Distance
misc,837.54,F,1,50,Sun,22,Long_Distance
travel,9.71,M,1,30,Sun,22,Regional
shopping,697.68,F,1,50,Sun,22,Remote
misc,743.3,M,1,63,Sun,22,Long_Distance
shopping,833.05,M,1,63,Sun,22,Long_Distance
shopping,1065.33,M,1,30,Sun,22,Long_Distance
shopping,849.0,F,1,50,Sun,22,Regional
shopping,927.42,F,1,50,Sun,22,Regional
misc,658.17,M,1,63,Sun,23,Regional
shopping,914.9,M,1,40,Sun,23,Long_Distance
misc,788.72,M,1,30,Sun,23,Long_Distance
shopping,1002.17,M,1,40,Sun,23,Long_Distance
grocery,299.46,M,1,63,Mon,0,Long_Distance
grocery,325.11,M,1,63,Mon,1,Regional
shopping,1055.61,M,1,63,Mon,16,Remote
misc,846.07,M,1,63,Mon,22,Remote
shopping,845.63,F,1,38,Tue,1,Long_Distance
travel,10.59,F,1,38,Tue,2,Local
grocery,292.73,M,1,24,Tue,3,Commute
home,242.24,F,1,38,Tue,19,Commute
home,20.35,F,1,38,Tue,21,Commute
home,19.9,F,1,38,Tue,22,Long_Distance
entertainment,537.37,F,1,38,Wed,0,Regional
travel,9.25,M,1,24,Wed,3,Regional
shopping,931.13,M,1,24,Wed,21,Long_Distance
shopping,821.14,M,1,24,Wed,22,Commute
shopping,978.77,M,1,24,Wed,22,Long_Distance
shopping,906.07,M,1,24,Wed,22,Long_Distance
personal,17.49,F,1,38,Wed,23,Commute
misc,9.29,M,1,24,Wed,23,Commute
shopping,905.72,M,1,24,Wed,23,Commute
travel,8.02,M,1,38,Thu,0,Commute
grocery,271.33,M,1,38,Thu,0,Commute
travel,7.0,M,1,38,Thu,0,Regional
grocery,7.21,M,1,38,Thu,3,Long_Distance
shopping,1149.92,M,1,38,Thu,14,Long_Distance
misc,8.27,M,1,38,Thu,22,Long_Distance
shopping,1191.33,M,1,38,Thu,23,Commute
misc,825.33,M,1,38,Fri,2,Long_Distance
grocery,299.03,M,1,38,Fri,3,Regional
shopping,1155.46,F,1,58,Fri,22,Regional
shopping,1088.61,M,1,38,Fri,23,Regional
grocery,277.54,F,1,58,Fri,23,Long_Distance
travel,9.66,F,1,58,Sat,0,Regional
grocery,316.92,M,1,74,Sat,0,Commute
grocery,287.86,M,1,74,Sat,1,Regional
grocery,306.52,M,1,74,Sat,1,Commute
travel,11.88,M,1,74,Sat,3,Long_Distance
grocery,309.71,F,1,58,Sat,4,Regional
travel,9.18,M,1,74,Sat,5,Local
misc,900.8,F,1,58,Sat,22,Commute
misc,688.58,M,1,74,Sat,22,Long_Distance
home,22.51,F,1,58,Sat,22,Commute
shopping,901.18,M,1,74,Sat,22,Commute
entertainment,398.82,F,1,58,Sat,22,Commute
shopping,1114.22,M,1,74,Sat,22,Long_Distance
shopping,963.64,M,1,74,Sat,22,Long_Distance
misc,783.49,F,1,58,Sat,23,Commute
misc,743.47,M,1,74,Sat,23,Commute
shopping,889.68,M,1,74,Sat,23,Commute
misc,752.3,M,1,74,Sat,23,Long_Distance
grocery,290.77,M,1,81,Mon,3,Remote
grocery,324.66,M,1,81,Mon,3,Commute
shopping,1113.9,M,1,81,Mon,14,Commute
shopping,936.42,M,1,81,Mon,16,Commute
misc,6.58,M,1,81,Mon,22,Long_Distance
misc,750.82,M,1,81,Mon,22,Local
shopping,970.36,M,1,81,Mon,22,Long_Distance
shopping,976.48,M,1,81,Mon,23,Commute
shopping,1090.93,F,1,40,Tue,0,Regional
grocery,109.48,F,1,41,Tue,1,Commute
grocery,277.69,M,1,50,Tue,1,Long_Distance
grocery,339.79,F,1,40,Tue,3,Long_Distance
shopping,987.6,F,1,41,Tue,3,Long_Distance
grocery,110.0,F,1,41,Tue,5,Commute
misc,7.19,F,1,41,Tue,8,Long_Distance
grocery,382.41,F,1,41,Tue,8,Commute
misc,7.5,F,1,41,Tue,9,Regional
shopping,965.55,F,1,70,Tue,13,Commute
misc,8.95,M,1,81,Tue,15,Long_Distance
misc,754.99,F,1,70,Tue,17,Regional
shopping,915.14,M,1,81,Tue,17,Long_Distance
home,213.3,F,1,40,Tue,21,Long_Distance
grocery,259.65,M,1,46,Tue,22,Long_Distance
grocery,315.42,M,1,81,Tue,22,Remote
shopping,875.77,F,1,40,Tue,22,Long_Distance
home,223.56,F,1,41,Tue,22,Commute
shopping,1021.63,F,1,70,Tue,22,Long_Distance
shopping,1020.35,M,1,50,Tue,22,Regional
travel,8.21,F,1,41,Tue,22,Long_Distance
travel,9.1,M,1,46,Tue,22,Long_Distance
misc,797.73,F,1,70,Tue,22,Commute
grocery,315.31,F,1,70,Tue,22,Regional
home,23.06,F,1,40,Tue,23,Long_Distance
misc,48.42,M,1,62,Tue,23,Long_Distance
entertainment,436.27,M,1,81,Tue,23,Commute
misc,841.07,M,1,62,Tue,23,Commute
shopping,995.42,M,1,50,Tue,23,Regional
misc,742.26,M,1,46,Tue,23,Commute
shopping,909.8,F,1,40,Wed,0,Commute
travel,12.41,F,1,40,Wed,0,Remote
misc,793.81,F,1,40,Wed,0,Long_Distance
shopping,851.59,F,1,40,Wed,0,Long_Distance
misc,9.21,F,1,41,Wed,0,Commute
grocery,13.49,M,1,47,Wed,0,Commute
entertainment,492.67,F,1,41,Wed,0,Remote
grocery,287.35,F,1,70,Wed,1,Commute
grocery,312.41,M,1,47,Wed,1,Long_Distance
travel,11.34,F,1,70,Wed,1,Long_Distance
travel,10.34,M,1,46,Wed,2,Commute
grocery,376.23,F,1,40,Wed,2,Commute
shopping,941.63,F,1,41,Wed,2,Long_Distance
travel,11.34,F,1,41,Wed,2,Commute
grocery,113.03,F,1,41,Wed,3,Long_Distance
grocery,299.35,M,1,50,Wed,5,Long_Distance
grocery,284.72,M,1,46,Wed,6,Commute
misc,844.23,F,1,70,Wed,12,Regional
misc,49.36,M,1,62,Wed,12,Long_Distance
home,20.1,M,1,46,Wed,14,Regional
shopping,903.38,M,1,50,Wed,17,Long_Distance
grocery,126.51,F,1,40,Wed,17,Commute
home,17.97,M,1,56,Wed,18,Regional
shopping,930.86,M,1,56,Wed,21,Long_Distance
shopping,978.39,M,1,56,Wed,22,Local
misc,820.01,M,1,46,Wed,22,Regional
grocery,147.41,F,1,41,Wed,22,Long_Distance
home,286.87,F,1,40,Wed,22,Long_Distance
home,248.04,F,1,40,Wed,22,Long_Distance
grocery,277.9,M,1,56,Wed,22,Commute
shopping,904.31,M,1,50,Wed,22,Commute
health,19.38,F,1,41,Wed,23,Long_Distance
shopping,812.56,M,1,62,Wed,23,Long_Distance
grocery,120.48,M,1,47,Wed,23,Regional
grocery,291.69,M,1,46,Wed,23,Commute
home,23.42,F,1,41,Wed,23,Regional
shopping,1012.94,M,1,50,Wed,23,Long_Distance
home,22.1,F,1,40,Wed,23,Commute
shopping,953.49,F,1,70,Wed,23,Long_Distance
misc,856.13,F,1,70,Wed,23,Remote
shopping,986.88,M,1,50,Wed,23,Regional
grocery,324.59,M,1,77,Thu,0,Long_Distance
grocery,254.94,M,1,56,Thu,0,Regional
travel,9.95,M,1,56,Thu,1,Regional
grocery,352.37,M,1,77,Thu,1,Long_Distance
grocery,327.84,F,1,49,Thu,1,Long_Distance
grocery,306.9,M,1,47,Thu,1,Long_Distance
grocery,353.45,M,1,77,Thu,1,Commute
entertainment,471.28,F,1,49,Thu,1,Long_Distance
grocery,346.3,M,1,77,Thu,2,Commute
shopping,1066.06,F,1,49,Thu,3,Commute
misc,897.25,F,1,49,Thu,4,Regional
grocery,293.44,M,1,47,Thu,8,Commute
misc,909.75,M,1,47,Thu,12,Long_Distance
travel,9.44,F,1,49,Thu,15,Long_Distance
misc,683.03,M,1,77,Thu,22,Long_Distance
grocery,287.93,M,1,47,Thu,23,Commute
misc,804.42,M,1,47,Thu,23,Long_Distance
misc,859.99,M,1,47,Thu,23,Commute
entertainment,406.48,M,1,56,Thu,23,Long_Distance
home,18.22,M,1,56,Thu,23,Long_Distance
grocery,283.57,F,1,56,Fri,0,Long_Distance
grocery,321.76,M,1,77,Fri,0,Long_Distance
grocery,323.37,M,1,77,Fri,0,Regional
grocery,318.87,M,1,78,Fri,0,Long_Distance
grocery,309.49,F,1,56,Fri,2,Commute
misc,862.65,M,1,77,Fri,14,Commute
grocery,302.98,M,1,78,Fri,16,Long_Distance
misc,866.15,M,1,77,Fri,20,Commute
shopping,927.66,M,1,78,Fri,22,Remote
personal,18.38,F,1,49,Fri,22,Commute
misc,776.94,M,1,77,Fri,22,Commute
shopping,1002.29,M,1,78,Fri,22,Long_Distance
home,19.82,F,1,49,Fri,22,Long_Distance
misc,7.84,M,1,78,Fri,22,Long_Distance
shopping,933.01,F,1,64,Fri,23,Long_Distance
grocery,280.32,M,1,77,Fri,23,Regional
travel,8.33,M,1,77,Fri,23,Commute
misc,785.11,F,1,56,Fri,23,Long_Distance
home,221.78,F,1,56,Fri,23,Long_Distance
grocery,283.29,F,1,64,Fri,23,Commute
grocery,333.66,M,1,77,Fri,23,Long_Distance
grocery,321.67,M,1,78,Sat,0,Long_Distance
grocery,328.16,F,1,64,Sat,1,Regional
travel,9.84,M,1,78,Sat,1,Regional
travel,16.33,F,1,64,Sat,2,Regional
grocery,330.03,F,1,64,Sat,3,Long_Distance
grocery,314.7,M,1,78,Sat,3,Long_Distance
grocery,275.61,M,1,65,Sat,3,Regional
misc,738.74,F,1,56,Sat,12,Long_Distance
misc,874.52,F,1,64,Sat,12,Long_Distance
shopping,954.72,F,1,64,Sat,15,Long_Distance
grocery,331.13,F,1,64,Sat,17,Long_Distance
shopping,831.0,F,1,56,Sat,18,Commute
shopping,1000.81,M,1,65,Sat,19,Commute
grocery,335.72,M,1,65,Sat,22,Long_Distance
grocery,311.52,M,1,78,Sat,22,Commute
misc,49.55,F,1,64,Sat,22,Regional
misc,761.63,M,1,78,Sat,22,Remote
shopping,1063.77,M,1,78,Sat,22,Long_Distance
shopping,839.06,F,1,56,Sat,22,Commute
shopping,1023.45,M,1,65,Sat,22,Regional
shopping,1058.49,F,1,64,Sat,23,Long_Distance
shopping,879.3,M,1,65,Sat,23,Long_Distance
entertainment,419.75,M,1,65,Sat,23,Commute
shopping,984.22,M,1,65,Sat,23,Regional
shopping,953.76,M,1,65,Sat,23,Commute
grocery,309.72,M,1,65,Sun,2,Long_Distance
shopping,1008.65,M,1,65,Sun,22,Long_Distance
misc,809.64,M,1,65,Sun,23,Regional
shopping,1040.08,M,1,65,Sun,23,Long_Distance
shopping,1050.84,M,1,42,Mon,22,Commute
shopping,731.55,M,1,42,Mon,22,Regional
home,240.53,M,1,42,Mon,23,Commute
shopping,759.1,M,1,42,Tue,22,Long_Distance
misc,737.71,M,1,42,Tue,22,Long_Distance
shopping,1107.13,M,1,42,Tue,22,Long_Distance
travel,8.82,M,1,42,Tue,23,Commute
shopping,1159.35,M,1,42,Tue,23,Regional
entertainment,463.98,M,1,42,Tue,23,Long_Distance
shopping,902.07,M,1,72,Wed,15,Commute
shopping,1054.68,M,1,72,Wed,23,Commute
misc,8.67,F,1,26,Thu,0,Regional
grocery,294.51,M,1,72,Thu,0,Commute
shopping,998.13,F,1,26,Thu,0,Long_Distance
travel,10.94,M,1,72,Thu,0,Long_Distance
grocery,343.84,F,1,26,Thu,1,Long_Distance
grocery,308.55,M,1,44,Thu,1,Remote
misc,820.28,M,1,44,Thu,1,Long_Distance
shopping,992.41,F,1,26,Thu,2,Remote
grocery,297.31,M,1,44,Thu,2,Regional
grocery,134.72,F,1,26,Thu,3,Long_Distance
grocery,123.68,F,1,26,Thu,7,Commute
entertainment,469.03,F,1,26,Thu,7,Long_Distance
shopping,903.41,M,1,44,Thu,13,Long_Distance
health,22.86,F,1,26,Thu,17,Long_Distance
home,264.65,F,1,26,Thu,22,Long_Distance
shopping,1022.76,M,1,44,Thu,22,Regional
personal,19.95,F,1,26,Thu,22,Regional
misc,905.31,M,1,72,Thu,23,Regional
grocery,311.71,M,1,72,Thu,23,Long_Distance
entertainment,415.24,M,1,72,Thu,23,Remote
misc,736.29,M,1,44,Fri,0,Regional
grocery,284.05,M,1,44,Fri,1,Long_Distance
grocery,282.24,M,1,44,Fri,1,Regional
grocery,281.71,M,1,44,Fri,1,Long_Distance
travel,10.43,M,1,44,Fri,2,Regional
misc,792.4,M,1,44,Fri,2,Commute
grocery,342.03,F,1,26,Fri,3,Long_Distance
shopping,717.37,F,1,26,Fri,11,Remote
misc,815.4,M,1,67,Fri,14,Long_Distance
misc,769.73,M,1,67,Fri,21,Long_Distance
home,253.33,F,1,26,Fri,22,Long_Distance
misc,726.43,M,1,44,Fri,22,Commute
home,265.76,F,1,26,Fri,23,Remote
home,19.15,F,1,26,Fri,23,Long_Distance
misc,783.38,M,1,67,Fri,23,Long_Distance
shopping,907.51,M,1,67,Fri,23,Long_Distance
grocery,300.93,M,1,67,Sat,0,Long_Distance
grocery,281.53,M,1,56,Sat,0,Commute
travel,7.54,M,1,56,Sat,1,Local
grocery,310.23,M,1,67,Sat,1,Long_Distance
grocery,277.92,M,1,67,Sat,3,Long_Distance
grocery,283.76,M,1,56,Sat,3,Remote
shopping,979.57,M,1,67,Sat,16,Long_Distance
shopping,905.66,M,1,56,Sat,17,Remote
grocery,137.86,M,1,67,Sat,22,Long_Distance
shopping,954.05,M,1,67,Sat,22,Regional
shopping,993.47,M,1,56,Sat,23,Commute
shopping,1026.61,M,1,56,Sat,23,Long_Distance
travel,7.79,M,1,56,Sun,0,Regional
grocery,298.23,M,1,56,Sun,0,Regional
grocery,318.96,M,1,49,Sun,1,Long_Distance
travel,12.25,M,1,56,Sun,1,Regional
travel,10.59,M,1,56,Sun,2,Regional
grocery,295.18,M,1,49,Sun,3,Long_Distance
grocery,352.84,M,1,52,Sun,3,Long_Distance
grocery,13.22,M,1,49,Sun,10,Commute
misc,899.23,M,1,49,Sun,12,Commute
misc,48.03,M,1,52,Sun,14,Long_Distance
shopping,832.47,M,1,49,Sun,15,Long_Distance
shopping,915.77,M,1,56,Sun,16,Long_Distance
shopping,827.2,M,1,49,Sun,22,Remote
home,2.61,M,1,52,Sun,22,Long_Distance
travel,6.94,M,1,52,Sun,22,Commute
shopping,1032.1,M,1,49,Sun,22,Commute
shopping,1191.57,M,1,52,Sun,22,Regional
shopping,989.39,M,1,52,Sun,23,Commute
shopping,1021.36,M,1,49,Sun,23,Remote
misc,668.94,M,1,56,Sun,23,Regional
travel,2.77,M,1,52,Sun,23,Remote
shopping,844.57,M,1,49,Sun,23,Long_Distance
shopping,698.28,F,1,25,Mon,0,Long_Distance
grocery,343.08,F,1,27,Mon,0,Commute
grocery,116.44,F,1,27,Mon,0,Long_Distance
shopping,636.83,F,1,25,Mon,0,Long_Distance
grocery,14.76,M,1,49,Mon,1,Regional
grocery,298.93,M,1,49,Mon,1,Long_Distance
grocery,112.75,F,1,27,Mon,2,Long_Distance
grocery,321.05,M,1,52,Mon,2,Commute
shopping,744.32,F,1,25,Mon,3,Regional
shopping,909.7,F,1,27,Mon,3,Long_Distance
shopping,785.5,F,1,25,Mon,3,Regional
travel,20.99,M,1,49,Mon,3,Remote
grocery,353.88,F,1,25,Mon,6,Commute
grocery,305.63,M,1,49,Mon,7,Long_Distance
shopping,949.27,F,1,25,Mon,7,Long_Distance
shopping,973.37,M,1,52,Mon,15,Regional
shopping,880.7,M,1,32,Mon,19,Regional
personal,18.16,F,1,25,Mon,22,Local
home,266.38,F,1,25,Mon,22,Regional
health,21.55,F,1,27,Mon,22,Regional
personal,51.7,M,1,52,Mon,22,Regional
health,18.74,M,1,32,Mon,22,Regional
shopping,1051.53,M,1,52,Mon,22,Long_Distance
grocery,140.88,M,1,49,Mon,22,Regional
shopping,875.71,M,1,32,Mon,22,Regional
shopping,884.08,M,1,32,Mon,22,Commute
personal,22.46,F,1,25,Mon,23,Long_Distance
shopping,847.11,M,1,49,Mon,23,Regional
misc,777.55,M,1,52,Mon,23,Remote
shopping,980.38,M,1,52,Mon,23,Commute
shopping,855.28,M,1,32,Mon,23,Long_Distance
health,19.1,F,1,27,Mon,23,Regional
shopping,1214.39,M,1,32,Mon,23,Long_Distance
shopping,1053.56,M,1,52,Mon,23,Commute
grocery,297.08,M,1,52,Mon,23,Commute
personal,26.54,F,1,25,Mon,23,Commute
entertainment,541.06,M,1,32,Mon,23,Long_Distance
travel,11.02,M,1,32,Tue,2,Commute
misc,743.26,F,1,27,Tue,2,Regional
shopping,760.76,F,1,25,Tue,3,Long_Distance
entertainment,482.3,F,1,25,Tue,3,Commute
travel,10.73,F,1,27,Tue,7,Long_Distance
grocery,302.84,M,1,32,Tue,12,Long_Distance
home,303.23,F,1,25,Tue,20,Regional
home,232.88,F,1,25,Tue,22,Long_Distance
shopping,1113.37,M,1,32,Tue,22,Regional
misc,821.25,M,1,32,Tue,22,Commute
home,253.44,F,1,40,Tue,23,Long_Distance
misc,6.83,F,1,40,Wed,1,Regional
grocery,346.51,F,1,40,Wed,1,Long_Distance
misc,719.92,M,1,64,Wed,12,Long_Distance
shopping,967.03,M,1,64,Wed,18,Long_Distance
misc,711.32,M,1,64,Wed,23,Long_Distance
shopping,779.28,M,1,64,Wed,23,Commute
shopping,1001.79,M,1,64,Wed,23,Regional
shopping,1012.31,M,1,64,Wed,23,Regional
home,248.95,F,1,40,Wed,23,Commute
shopping,1089.38,M,1,64,Thu,22,Long_Distance
misc,792.97,M,1,64,Thu,23,Regional
travel,7.85,M,1,24,Fri,1,Long_Distance
misc,909.14,M,1,24,Fri,20,Long_Distance
shopping,773.55,F,1,24,Fri,22,Regional
shopping,1117.91,M,1,24,Fri,23,Long_Distance
shopping,852.79,M,1,24,Fri,23,Long_Distance
shopping,941.18,F,1,24,Fri,23,Commute
grocery,326.43,F,1,33,Sat,0,Long_Distance
grocery,297.74,F,1,62,Sat,0,Commute
grocery,306.65,F,1,24,Sat,0,Commute
grocery,317.41,F,1,62,Sat,1,Regional
misc,796.81,F,1,24,Sat,1,Long_Distance
travel,10.23,F,1,24,Sat,1,Long_Distance
grocery,317.62,F,1,24,Sat,2,Long_Distance
shopping,720.66,F,1,33,Sat,3,Regional
grocery,282.07,M,1,24,Sat,3,Regional
grocery,323.46,M,1,24,Sat,3,Commute
grocery,369.31,F,1,33,Sat,3,Remote
shopping,1003.92,F,1,24,Sat,19,Commute
shopping,1037.03,F,1,24,Sat,22,Commute
shopping,992.14,M,1,24,Sat,22,Long_Distance
shopping,890.46,M,1,24,Sat,22,Long_Distance
home,21.36,F,1,33,Sat,22,Long_Distance
home,206.38,F,1,33,Sat,22,Commute
shopping,891.35,F,1,62,Sat,22,Long_Distance
shopping,997.0,M,1,24,Sat,22,Regional
shopping,906.3,F,1,62,Sat,22,Remote
entertainment,461.13,M,1,24,Sat,23,Regional
misc,6.78,F,1,24,Sat,23,Long_Distance
shopping,1080.2,F,1,24,Sat,23,Commute
shopping,1118.61,F,1,24,Sat,23,Regional
grocery,274.22,F,1,62,Sun,0,Local
grocery,367.28,F,1,28,Sun,0,Long_Distance
grocery,336.73,F,1,33,Sun,1,Long_Distance
shopping,957.79,F,1,33,Sun,2,Long_Distance
travel,8.94,F,1,33,Sun,2,Remote
travel,7.94,F,1,71,Sun,2,Long_Distance
grocery,366.79,F,1,33,Sun,3,Long_Distance
misc,856.01,F,1,33,Sun,7,Long_Distance
misc,790.29,F,1,71,Sun,17,Regional
travel,10.23,F,1,28,Sun,22,Remote
shopping,870.8,F,1,62,Sun,22,Long_Distance
shopping,1017.68,F,1,62,Sun,22,Local
shopping,880.88,F,1,71,Sun,22,Long_Distance
misc,767.01,F,1,62,Sun,22,Regional
grocery,290.9,F,1,71,Sun,22,Long_Distance
shopping,886.45,F,1,62,Sun,22,Commute
shopping,1016.21,F,1,62,Sun,22,Commute
shopping,1011.75,F,1,71,Sun,22,Long_Distance
misc,696.84,F,1,71,Sun,23,Long_Distance
misc,7.59,F,1,71,Sun,23,Commute
shopping,1002.36,F,1,62,Sun,23,Long_Distance
shopping,1047.43,F,1,71,Sun,23,Long_Distance
shopping,1005.42,F,1,71,Mon,22,Long_Distance
shopping,923.5,F,1,71,Mon,22,Commute
grocery,134.62,F,1,28,Mon,23,Long_Distance
shopping,935.71,F,1,71,Mon,23,Long_Distance
grocery,10.54,F,1,58,Tue,1,Regional
grocery,315.86,F,1,87,Tue,2,Commute
shopping,1036.09,F,1,58,Tue,18,Regional
misc,1004.44,F,1,87,Tue,22,Commute
grocery,303.85,M,1,82,Tue,22,Long_Distance
personal,21.36,M,1,82,Tue,22,Commute
shopping,849.91,M,1,82,Tue,22,Long_Distance
shopping,898.72,F,1,58,Tue,22,Long_Distance
shopping,990.48,M,1,82,Tue,22,Long_Distance
shopping,961.46,F,1,58,Tue,23,Long_Distance
grocery,326.18,F,1,87,Tue,23,Long_Distance
entertainment,441.28,F,1,58,Tue,23,Long_Distance
shopping,783.16,F,1,87,Tue,23,Regional
grocery,313.68,M,1,82,Tue,23,Long_Distance
grocery,332.44,M,1,82,Wed,0,Long_Distance
travel,20.17,F,1,56,Wed,0,Commute
grocery,321.5,F,1,56,Wed,0,Commute
grocery,346.6,F,1,87,Wed,1,Commute
grocery,314.3,F,1,87,Wed,2,Regional
grocery,289.65,F,1,87,Wed,2,Long_Distance
grocery,330.83,F,1,87,Wed,3,Long_Distance
grocery,275.52,F,1,58,Wed,3,Long_Distance
grocery,325.72,M,1,82,Wed,4,Commute
grocery,12.1,F,1,87,Wed,7,Regional
travel,19.78,F,1,56,Wed,11,Regional
grocery,293.44,M,1,82,Wed,22,Regional
shopping,789.14,F,1,87,Wed,22,Regional
misc,51.13,F,1,87,Wed,22,Regional
shopping,912.83,F,1,87,Wed,22,Long_Distance
entertainment,421.19,M,1,82,Wed,22,Commute
misc,790.45,F,1,56,Wed,22,Regional
shopping,830.56,F,1,56,Wed,22,Commute
shopping,980.39,F,1,58,Wed,22,Commute
shopping,912.37,F,1,58,Wed,23,Long_Distance
grocery,300.08,M,1,82,Wed,23,Commute
misc,736.56,F,1,58,Wed,23,Commute
shopping,910.65,M,1,82,Wed,23,Long_Distance
grocery,270.04,F,1,57,Thu,0,Long_Distance
grocery,302.34,F,1,56,Thu,1,Regional
travel,8.14,F,1,57,Thu,1,Long_Distance
travel,18.69,F,1,56,Thu,1,Long_Distance
personal,54.69,F,1,56,Thu,13,Remote
shopping,1010.96,F,1,57,Thu,22,Long_Distance
misc,863.13,F,1,57,Thu,23,Long_Distance
grocery,303.36,F,1,57,Fri,8,Commute
shopping,1083.3,M,1,66,Fri,22,Local
shopping,983.04,F,1,57,Fri,22,Regional
personal,20.94,F,1,57,Fri,22,Long_Distance
shopping,983.88,M,1,66,Fri,22,Commute
grocery,259.1,F,1,57,Fri,23,Long_Distance
grocery,310.69,F,1,22,Sat,2,Regional
grocery,330.82,M,1,66,Sat,2,Long_Distance
grocery,294.03,M,1,66,Sat,3,Long_Distance
travel,7.65,M,1,66,Sat,3,Long_Distance
grocery,268.92,F,1,22,Sat,6,Commute
travel,9.04,F,1,22,Sat,7,Long_Distance
travel,10.31,F,1,22,Sat,11,Commute
shopping,820.05,F,1,22,Sat,12,Regional
misc,804.06,F,1,22,Sat,12,Regional
misc,719.88,F,1,22,Sat,18,Regional
misc,800.94,F,1,22,Sat,22,Regional
grocery,328.72,F,1,78,Sat,22,Regional
shopping,816.01,F,1,78,Sat,22,Commute
misc,857.18,F,1,78,Sat,22,Long_Distance
shopping,1245.75,F,1,78,Sat,23,Local
shopping,1145.91,F,1,78,Sat,23,Commute
shopping,1117.76,F,1,22,Sat,23,Regional
misc,790.69,M,1,66,Sat,23,Regional
shopping,1010.77,M,1,66,Sat,23,Long_Distance
grocery,272.23,F,1,22,Sun,0,Regional
misc,839.8,F,1,22,Sun,0,Commute
grocery,299.49,F,1,22,Sun,0,Long_Distance
travel,11.19,F,1,22,Sun,1,Commute
travel,7.44,M,1,37,Sun,1,Long_Distance
travel,12.16,M,1,37,Sun,1,Remote
travel,13.4,M,1,37,Sun,3,Long_Distance
grocery,323.89,F,1,38,Sun,5,Long_Distance
shopping,705.84,F,1,78,Sun,14,Commute
shopping,935.64,F,1,22,Sun,18,Commute
shopping,1256.8,F,1,22,Sun,19,Long_Distance
entertainment,457.21,F,1,22,Sun,19,Commute
misc,780.05,F,1,78,Sun,20,Commute
misc,859.74,M,1,37,Sun,22,Long_Distance
home,19.74,F,1,22,Sun,22,Long_Distance
grocery,282.04,M,1,37,Sun,22,Commute
grocery,360.54,F,1,78,Sun,22,Commute
shopping,827.33,M,1,37,Sun,22,Remote
misc,6.54,F,1,22,Sun,22,Commute
grocery,343.55,M,1,37,Sun,23,Commute
shopping,1087.81,F,1,78,Sun,23,Commute
personal,49.51,F,1,78,Sun,23,Regional
grocery,352.69,F,1,78,Sun,23,Long_Distance
personal,50.87,F,1,78,Sun,23,Regional
shopping,1062.26,M,1,37,Sun,23,Regional
grocery,331.98,F,1,34,Mon,4,Regional
personal,19.17,F,1,34,Mon,16,Long_Distance
home,20.85,F,1,38,Mon,23,Long_Distance
home,18.11,F,1,34,Mon,23,Long_Distance
grocery,310.3,M,1,26,Tue,0,Commute
grocery,10.49,M,1,24,Tue,10,Long_Distance
shopping,884.9,M,1,26,Tue,14,Long_Distance
misc,663.66,M,1,24,Tue,22,Regional
misc,888.98,M,1,24,Tue,23,Commute
misc,9.94,M,1,26,Tue,23,Commute
shopping,750.82,M,1,26,Tue,23,Local
grocery,290.42,M,1,26,Wed,0,Regional
travel,9.66,M,1,24,Wed,0,Commute
grocery,329.4,M,1,26,Wed,0,Regional
grocery,276.35,M,1,28,Wed,1,Long_Distance
grocery,287.62,M,1,24,Wed,1,Regional
grocery,10.16,M,1,70,Wed,3,Long_Distance
misc,769.26,M,1,70,Wed,17,Commute
shopping,1030.92,M,1,26,Wed,22,Commute
health,18.79,M,1,26,Wed,22,Commute
misc,779.13,M,1,26,Wed,22,Long_Distance
personal,18.31,M,1,24,Wed,22,Regional
misc,7.1,M,1,28,Wed,22,Commute
shopping,880.92,M,1,70,Wed,23,Regional
misc,881.98,M,1,24,Wed,23,Remote
shopping,866.34,M,1,26,Wed,23,Regional
grocery,286.88,M,1,28,Wed,23,Long_Distance
misc,755.32,M,1,70,Wed,23,Commute
shopping,834.38,M,1,28,Wed,23,Regional
grocery,275.6,M,1,70,Wed,23,Long_Distance
shopping,1067.49,M,1,24,Wed,23,Long_Distance
grocery,289.34,F,1,24,Thu,0,Commute
grocery,274.06,F,1,24,Thu,1,Long_Distance
shopping,1022.19,M,1,70,Thu,16,Long_Distance
shopping,934.76,M,1,70,Thu,19,Regional
personal,19.91,M,1,28,Thu,22,Commute
grocery,293.47,M,1,28,Thu,22,Regional
shopping,883.82,F,1,24,Thu,22,Commute
shopping,1066.31,M,1,70,Thu,22,Commute
grocery,274.37,M,1,28,Thu,22,Regional
shopping,1008.74,M,1,70,Thu,22,Commute
shopping,1134.52,F,1,24,Thu,22,Long_Distance
grocery,303.88,M,1,28,Thu,23,Commute
shopping,1007.13,M,1,70,Thu,23,Long_Distance
shopping,667.88,M,1,28,Thu,23,Regional
home,233.89,F,1,24,Thu,23,Regional
entertainment,511.02,F,1,24,Thu,23,Long_Distance
misc,729.18,F,1,24,Fri,0,Regional
misc,738.27,F,1,24,Fri,2,Commute
travel,9.69,M,1,38,Fri,2,Regional
misc,932.65,F,1,24,Fri,3,Commute
grocery,380.28,M,1,63,Fri,9,Long_Distance
shopping,1009.3,F,1,24,Fri,17,Commute
shopping,1041.65,M,1,63,Fri,22,Long_Distance
misc,683.67,M,1,63,Fri,22,Commute
shopping,922.35,F,1,24,Fri,22,Regional
entertainment,641.34,M,1,63,Fri,22,Commute
shopping,818.0,F,1,24,Fri,23,Remote
shopping,899.05,F,1,24,Fri,23,Long_Distance
shopping,916.58,F,1,24,Fri,23,Regional
misc,702.73,F,1,24,Fri,23,Long_Distance
entertainment,595.07,M,1,63,Fri,23,Regional
grocery,347.42,M,1,63,Sat,1,Long_Distance
travel,13.62,M,1,38,Sat,2,Regional
misc,821.32,M,1,38,Sat,3,Commute
grocery,291.43,M,1,66,Sat,5,Commute
misc,8.38,M,1,38,Sat,17,Long_Distance
misc,837.95,M,1,63,Sat,21,Regional
shopping,905.52,M,1,66,Sat,22,Long_Distance
shopping,969.7,M,1,63,Sat,22,Long_Distance
misc,868.23,M,1,63,Sat,22,Long_Distance
shopping,768.28,M,1,63,Sat,22,Commute
shopping,863.8,M,1,66,Sat,22,Long_Distance
shopping,1120.12,M,1,38,Sat,22,Commute
shopping,988.45,M,1,74,Sat,22,Long_Distance
misc,783.22,M,1,63,Sat,22,Long_Distance
home,4.38,M,1,63,Sat,23,Regional
shopping,939.7,M,1,38,Sat,23,Long_Distance
misc,9.14,M,1,38,Sat,23,Long_Distance
shopping,938.13,M,1,38,Sat,23,Long_Distance
misc,759.4,M,1,63,Sat,23,Long_Distance
misc,713.97,M,1,66,Sat,23,Long_Distance
shopping,1083.88,M,1,63,Sat,23,Regional
shopping,946.05,M,1,38,Sat,23,Commute
misc,891.69,M,1,38,Sat,23,Long_Distance
shopping,982.64,F,1,47,Sun,0,Regional
grocery,326.65,F,1,76,Sun,1,Local
grocery,332.09,M,1,74,Sun,1,Commute
grocery,292.85,M,1,50,Sun,2,Long_Distance
grocery,334.59,M,1,50,Sun,2,Commute
grocery,358.98,F,1,47,Sun,3,Commute
shopping,935.95,F,1,47,Sun,3,Regional
grocery,318.49,M,1,74,Sun,3,Long_Distance
travel,20.02,M,1,66,Sun,5,Commute
travel,8.01,M,1,43,Sun,9,Regional
home,22.72,F,1,47,Sun,12,Regional
personal,20.66,F,1,47,Sun,13,Long_Distance
home,19.02,F,1,47,Sun,15,Long_Distance
misc,859.08,M,1,74,Sun,18,Regional
grocery,290.71,M,1,50,Sun,18,Commute
shopping,919.3,M,1,74,Sun,21,Long_Distance
shopping,864.7,M,1,43,Sun,22,Long_Distance
misc,736.16,M,1,66,Sun,22,Commute
shopping,809.39,M,1,74,Sun,22,Regional
home,222.37,F,1,47,Sun,23,Long_Distance
shopping,948.78,M,1,50,Sun,23,Long_Distance
shopping,1116.53,M,1,66,Sun,23,Remote
shopping,1055.09,M,1,74,Sun,23,Regional
misc,866.65,M,1,74,Sun,23,Regional
shopping,1051.21,M,1,43,Sun,23,Regional
shopping,765.25,F,1,76,Sun,23,Regional
home,259.53,F,1,47,Sun,23,Long_Distance
shopping,830.76,M,1,66,Sun,23,Commute
shopping,942.33,M,1,66,Sun,23,Local
personal,51.88,M,1,74,Sun,23,Regional
grocery,289.18,M,1,58,Mon,0,Long_Distance
travel,12.26,M,1,58,Mon,0,Regional
grocery,308.39,M,1,50,Mon,1,Commute
travel,9.4,M,1,58,Mon,2,Commute
grocery,354.47,F,1,47,Mon,3,Long_Distance
grocery,324.45,F,1,76,Mon,3,Long_Distance
grocery,308.58,F,1,76,Mon,3,Long_Distance
misc,1036.63,F,1,47,Mon,3,Long_Distance
travel,11.68,M,1,50,Mon,3,Long_Distance
misc,7.92,M,1,43,Mon,12,Commute
shopping,971.83,M,1,50,Mon,16,Long_Distance
shopping,1044.27,M,1,50,Mon,19,Regional
shopping,860.18,M,1,50,Mon,22,Commute
grocery,115.5,F,1,47,Mon,22,Long_Distance
misc,795.57,F,1,76,Mon,22,Regional
misc,691.48,M,1,58,Mon,22,Commute
shopping,906.52,M,1,58,Mon,22,Regional
misc,735.1,M,1,50,Mon,22,Commute
shopping,1090.93,M,1,50,Mon,22,Long_Distance
entertainment,379.42,M,1,58,Mon,22,Long_Distance
shopping,909.98,F,1,76,Mon,22,Long_Distance
shopping,1234.32,M,1,50,Mon,22,Regional
shopping,903.44,M,1,43,Mon,22,Regional
shopping,980.82,M,1,43,Mon,22,Commute
travel,8.56,M,1,43,Mon,23,Regional
health,18.96,M,1,58,Mon,23,Commute
shopping,1045.92,M,1,58,Tue,22,Long_Distance
travel,11.28,F,1,55,Thu,2,Local
grocery,303.93,M,1,24,Thu,2,Commute
grocery,12.68,F,1,55,Thu,2,Long_Distance
travel,11.07,M,1,24,Thu,3,Commute
misc,930.15,M,1,24,Thu,3,Regional
grocery,327.89,M,1,24,Thu,4,Long_Distance
grocery,291.48,F,1,55,Thu,5,Long_Distance
shopping,788.87,M,1,57,Thu,22,Long_Distance
shopping,1124.04,M,1,24,Thu,22,Remote
misc,720.89,M,1,57,Thu,22,Long_Distance
misc,771.69,F,1,55,Thu,22,Long_Distance
shopping,940.99,F,1,55,Thu,22,Long_Distance
travel,1.51,M,1,57,Thu,22,Regional
shopping,1049.12,M,1,24,Thu,22,Long_Distance
shopping,988.32,F,1,55,Thu,23,Regional
grocery,111.46,F,1,55,Thu,23,Commute
health,18.05,F,1,55,Thu,23,Local
misc,675.57,M,1,57,Thu,23,Long_Distance
shopping,941.53,F,1,55,Thu,23,Commute
shopping,713.93,M,1,24,Thu,23,Commute
grocery,328.78,F,1,34,Fri,0,Long_Distance
grocery,305.65,M,1,31,Fri,1,Long_Distance
misc,796.19,F,1,34,Fri,2,Long_Distance
misc,778.91,M,1,31,Fri,2,Regional
grocery,290.46,M,1,55,Fri,2,Regional
travel,7.04,M,1,55,Fri,3,Regional
travel,10.35,F,1,55,Fri,3,Commute
shopping,769.12,M,1,31,Fri,13,Commute
shopping,957.91,M,1,55,Fri,13,Regional
misc,848.19,F,1,85,Fri,17,Regional
shopping,1015.53,F,1,85,Fri,19,Long_Distance
home,20.17,M,1,31,Fri,19,Commute
shopping,900.15,F,1,34,Fri,19,Commute
home,225.88,F,1,34,Fri,22,Regional
entertainment,502.25,F,1,34,Fri,22,Long_Distance
home,17.84,F,1,34,Fri,22,Commute
shopping,1128.1,M,1,55,Fri,22,Long_Distance
shopping,805.02,M,1,24,Fri,22,Regional
misc,922.26,F,1,85,Fri,23,Regional
shopping,736.59,F,1,85,Fri,23,Long_Distance
misc,864.75,M,1,55,Fri,23,Long_Distance
shopping,1123.9,M,1,57,Fri,23,Commute
shopping,918.05,M,1,55,Fri,23,Regional
shopping,1096.36,M,1,55,Fri,23,Long_Distance
shopping,1160.14,M,1,31,Fri,23,Long_Distance
shopping,1096.53,M,1,24,Fri,23,Regional
home,266.05,F,1,34,Fri,23,Commute
grocery,294.0,M,1,71,Sat,0,Long_Distance
travel,9.98,M,1,71,Sat,1,Long_Distance
grocery,331.77,M,1,31,Sat,1,Local
grocery,317.22,F,1,85,Sat,1,Long_Distance
grocery,374.17,F,1,34,Sat,1,Long_Distance
grocery,269.34,M,1,55,Sat,2,Regional
grocery,376.03,F,1,34,Sat,2,Long_Distance
misc,711.63,M,1,23,Sat,3,Remote
grocery,323.67,M,1,55,Sat,10,Regional
travel,11.08,M,1,23,Sat,22,Long_Distance
shopping,907.08,M,1,55,Sat,22,Regional
shopping,951.86,F,1,85,Sat,22,Long_Distance
personal,22.43,M,1,23,Sat,22,Remote
health,25.26,F,1,34,Sat,22,Commute
shopping,995.57,M,1,71,Sat,22,Regional
shopping,1165.58,F,1,85,Sat,22,Long_Distance
misc,799.67,M,1,55,Sat,22,Long_Distance
misc,8.04,F,1,85,Sat,22,Long_Distance
home,18.29,F,1,34,Sat,22,Long_Distance
shopping,1009.59,M,1,23,Sat,22,Long_Distance
health,21.64,F,1,34,Sat,22,Long_Distance
shopping,799.5,F,1,85,Sat,23,Long_Distance
shopping,1063.85,M,1,31,Sat,23,Commute
shopping,1105.82,M,1,31,Sat,23,Long_Distance
shopping,947.07,M,1,23,Sat,23,Regional
shopping,1091.61,M,1,71,Sat,23,Regional
health,21.72,F,1,34,Sat,23,Remote
home,21.58,F,1,34,Sat,23,Long_Distance
shopping,1064.07,M,1,23,Sat,23,Long_Distance
grocery,336.65,M,1,23,Sun,0,Local
travel,19.92,F,1,57,Sun,0,Regional
grocery,306.89,F,1,70,Sun,0,Commute
entertainment,498.86,F,1,28,Sun,1,Long_Distance
shopping,991.94,F,1,28,Sun,1,Long_Distance
grocery,333.07,F,1,63,Sun,2,Long_Distance
grocery,266.92,M,1,23,Sun,2,Commute
shopping,1077.82,F,1,28,Sun,2,Local
travel,19.79,F,1,57,Sun,2,Regional
misc,784.42,M,1,23,Sun,2,Long_Distance
travel,9.08,M,1,23,Sun,3,Commute
grocery,117.34,F,1,28,Sun,3,Long_Distance
travel,17.77,M,1,59,Sun,3,Remote
grocery,286.44,M,1,23,Sun,3,Regional
grocery,346.26,F,1,57,Sun,3,Long_Distance
misc,7.05,F,1,28,Sun,7,Long_Distance
grocery,343.05,F,1,63,Sun,13,Long_Distance
entertainment,486.57,F,1,70,Sun,13,Long_Distance
shopping,1215.07,M,1,59,Sun,17,Long_Distance
shopping,1000.46,M,1,71,Sun,22,Long_Distance
shopping,958.76,M,1,23,Sun,22,Long_Distance
shopping,916.14,M,1,23,Sun,22,Long_Distance
misc,658.57,F,1,57,Sun,22,Long_Distance
personal,49.53,M,1,59,Sun,22,Regional
shopping,911.61,M,1,71,Sun,22,Commute
shopping,1018.86,M,1,71,Sun,22,Regional
travel,10.76,F,1,28,Sun,22,Long_Distance
shopping,932.47,M,1,59,Sun,22,Long_Distance
shopping,852.54,F,1,70,Sun,22,Remote
shopping,1061.7,M,1,23,Sun,22,Commute
shopping,998.05,M,1,23,Sun,23,Commute
misc,874.24,F,1,57,Sun,23,Commute
misc,811.8,F,1,70,Sun,23,Commute
misc,875.86,M,1,71,Sun,23,Long_Distance
misc,51.28,F,1,70,Sun,23,Regional
shopping,1097.8,F,1,63,Sun,23,Local
misc,766.05,F,1,70,Sun,23,Long_Distance
misc,9.12,F,1,28,Mon,0,Long_Distance
grocery,300.95,F,1,70,Mon,2,Regional
shopping,835.29,F,1,28,Mon,2,Commute
grocery,329.2,F,1,28,Mon,3,Long_Distance
grocery,315.05,F,1,70,Mon,4,Long_Distance
misc,756.49,F,1,28,Mon,7,Regional
grocery,306.04,F,1,70,Mon,8,Long_Distance
entertainment,471.04,F,1,28,Mon,11,Long_Distance
home,18.6,F,1,28,Mon,14,Regional
shopping,1059.15,F,1,70,Mon,22,Long_Distance
shopping,983.28,M,1,59,Mon,22,Commute
misc,750.81,M,1,59,Mon,22,Commute
personal,20.01,F,1,28,Mon,22,Long_Distance
entertainment,571.74,M,1,59,Mon,22,Commute
shopping,1086.91,F,1,63,Mon,22,Regional
shopping,828.04,F,1,70,Mon,23,Regional
shopping,1074.45,F,1,70,Mon,23,Long_Distance
travel,5.1,M,1,59,Mon,23,Long_Distance
grocery,335.16,M,1,59,Mon,23,Regional
misc,642.43,M,1,87,Tue,23,Regional
travel,11.39,M,1,39,Wed,1,Long_Distance
travel,12.33,M,1,87,Wed,1,Long_Distance
misc,787.34,M,1,39,Wed,1,Long_Distance
grocery,307.15,M,1,39,Wed,5,Regional
shopping,948.47,M,1,39,Wed,13,Regional
misc,921.25,M,1,87,Wed,22,Commute
shopping,989.01,M,1,87,Wed,22,Regional
shopping,929.54,M,1,39,Wed,22,Regional
shopping,944.06,M,1,87,Wed,22,Long_Distance
entertainment,487.35,M,1,87,Wed,22,Commute
misc,799.22,M,1,87,Wed,22,Long_Distance
shopping,914.36,M,1,39,Wed,23,Regional
travel,13.57,M,1,39,Thu,0,Commute
misc,806.93,M,1,39,Thu,1,Local
misc,829.48,M,1,39,Thu,2,Long_Distance
shopping,1051.26,M,1,39,Thu,22,Long_Distance
grocery,274.42,M,1,79,Fri,0,Regional
travel,6.61,M,1,67,Sat,1,Commute
travel,14.39,M,1,79,Sat,2,Commute
grocery,290.5,M,1,79,Sat,2,Long_Distance
travel,7.2,M,1,67,Sat,3,Long_Distance
grocery,297.71,M,1,79,Sat,3,Commute
grocery,15.33,F,1,65,Sat,5,Regional
shopping,999.15,M,1,79,Sat,14,Commute
misc,742.05,M,1,79,Sat,21,Long_Distance
shopping,1124.23,M,1,67,Sat,22,Commute
shopping,1078.83,M,1,79,Sat,22,Commute
shopping,1086.3,M,1,67,Sat,23,Long_Distance
misc,774.88,M,1,79,Sat,23,Long_Distance
grocery,314.77,F,1,65,Sat,23,Regional
shopping,1019.98,F,1,65,Sat,23,Commute
entertainment,436.64,M,1,79,Sat,23,Long_Distance
shopping,959.74,M,1,67,Sun,13,Long_Distance
shopping,1115.39,M,1,67,Sun,22,Commute
misc,781.3,M,1,67,Sun,23,Regional
shopping,1033.4,F,1,65,Sun,23,Long_Distance
shopping,1112.15,M,1,67,Sun,23,Long_Distance
misc,776.45,F,1,65,Sun,23,Local
misc,729.44,F,1,62,Mon,14,Long_Distance
shopping,1021.5,F,1,62,Mon,22,Long_Distance
shopping,1047.46,F,1,62,Mon,23,Regional
misc,716.09,F,1,62,Mon,23,Commute
shopping,975.66,F,1,62,Mon,23,Regional
grocery,296.14,F,1,62,Mon,23,Regional
grocery,288.35,M,1,30,Tue,0,Commute
shopping,1027.3,M,1,30,Tue,20,Long_Distance
shopping,1097.09,F,1,62,Tue,22,Long_Distance
shopping,1086.79,M,1,30,Tue,22,Commute
shopping,854.47,F,1,62,Tue,22,Commute
shopping,1070.83,M,1,30,Tue,22,Long_Distance
shopping,1111.45,M,1,30,Tue,22,Commute
shopping,1100.47,M,1,30,Tue,22,Regional
shopping,796.91,F,1,33,Wed,0,Local
grocery,338.26,F,1,33,Wed,0,Commute
grocery,286.42,M,1,30,Wed,0,Long_Distance
grocery,360.92,F,1,33,Wed,1,Long_Distance
travel,8.95,M,1,30,Wed,1,Long_Distance
travel,11.8,F,1,33,Wed,2,Remote
grocery,352.72,F,1,33,Wed,3,Regional
health,18.75,F,1,33,Wed,22,Long_Distance
shopping,1061.68,M,1,30,Wed,23,Long_Distance
grocery,285.14,M,1,30,Wed,23,Long_Distance
misc,9.1,M,1,30,Wed,23,Long_Distance
shopping,798.22,F,1,33,Thu,0,Long_Distance
grocery,340.98,M,1,63,Thu,2,Long_Distance
grocery,294.42,F,1,58,Thu,2,Regional
shopping,727.91,F,1,33,Thu,2,Local
shopping,953.48,F,1,33,Thu,4,Long_Distance
shopping,963.01,F,1,58,Thu,12,Remote
shopping,951.66,M,1,58,Thu,14,Regional
home,281.59,F,1,33,Thu,22,Commute
grocery,335.77,M,1,58,Thu,22,Long_Distance
misc,734.87,M,1,58,Thu,22,Commute
travel,10.29,M,1,58,Thu,22,Long_Distance
home,255.39,F,1,33,Thu,22,Regional
grocery,105.97,F,1,33,Thu,22,Long_Distance
shopping,824.98,F,1,58,Thu,22,Regional
shopping,931.92,M,1,63,Thu,23,Commute
grocery,347.84,F,1,58,Thu,23,Commute
home,251.69,F,1,33,Thu,23,Long_Distance
travel,10.12,M,1,58,Thu,23,Commute
home,20.84,F,1,33,Thu,23,Commute
home,5.44,F,1,58,Thu,23,Regional
shopping,802.9,M,1,63,Thu,23,Long_Distance
shopping,961.4,M,1,63,Thu,23,Regional
grocery,259.83,M,1,58,Fri,0,Remote
grocery,325.32,F,1,58,Fri,0,Commute
travel,20.07,M,1,59,Fri,0,Commute
grocery,13.13,M,1,59,Fri,2,Remote
travel,18.15,M,1,59,Fri,2,Long_Distance
grocery,302.91,M,1,63,Fri,2,Long_Distance
travel,20.63,M,1,59,Fri,3,Commute
grocery,334.99,M,1,59,Fri,5,Commute
grocery,333.82,F,1,58,Fri,10,Long_Distance
shopping,1025.23,M,1,58,Fri,14,Local
shopping,911.88,F,1,58,Fri,14,Commute
shopping,1091.87,M,1,63,Fri,14,Long_Distance
shopping,1026.57,M,1,77,Fri,19,Commute
entertainment,581.16,M,1,59,Fri,21,Commute
shopping,977.45,M,1,58,Fri,22,Long_Distance
shopping,1050.88,M,1,63,Fri,22,Long_Distance
personal,47.29,F,1,58,Fri,22,Long_Distance
shopping,969.66,M,1,63,Fri,22,Regional
misc,715.88,F,1,58,Fri,22,Regional
shopping,1062.84,M,1,58,Fri,23,Long_Distance
shopping,748.35,F,1,58,Fri,23,Regional
entertainment,596.2,M,1,77,Fri,23,Commute
misc,806.95,M,1,59,Fri,23,Commute
shopping,1070.61,F,1,58,Fri,23,Remote
shopping,1152.77,M,1,59,Fri,23,Long_Distance
travel,9.84,M,1,49,Sat,0,Commute
grocery,339.31,M,1,59,Sat,0,Regional
grocery,308.87,M,1,77,Sat,0,Commute
grocery,132.01,F,1,49,Sat,1,Commute
entertainment,524.78,F,1,49,Sat,1,Regional
grocery,288.77,M,1,77,Sat,1,Regional
shopping,766.6,F,1,49,Sat,2,Long_Distance
grocery,328.85,M,1,77,Sat,2,Commute
grocery,332.61,M,1,77,Sat,2,Commute
grocery,327.34,M,1,59,Sat,2,Regional
grocery,328.3,M,1,59,Sat,2,Long_Distance
misc,8.38,F,1,49,Sat,2,Long_Distance
travel,18.32,M,1,59,Sat,3,Long_Distance
misc,8.9,F,1,49,Sat,3,Commute
grocery,349.06,M,1,77,Sat,4,Long_Distance
shopping,852.98,F,1,49,Sat,8,Long_Distance
misc,697.41,M,1,77,Sat,12,Commute
personal,52.43,M,1,77,Sat,13,Commute
shopping,718.11,M,1,59,Sat,15,Remote
grocery,362.92,M,1,77,Sat,16,Regional
shopping,1018.98,M,1,49,Sat,17,Commute
home,3.44,M,1,59,Sat,22,Long_Distance
grocery,128.18,F,1,49,Sat,22,Commute
shopping,905.43,M,1,77,Sat,22,Local
shopping,1098.84,M,1,77,Sat,22,Commute
grocery,296.73,M,1,49,Sat,22,Commute
entertainment,623.5,M,1,77,Sat,23,Commute
misc,888.13,M,1,49,Sat,23,Commute
shopping,850.66,M,1,77,Sat,23,Regional
shopping,1022.29,M,1,77,Sat,23,Commute
grocery,304.86,M,1,49,Sat,23,Commute
personal,18.03,F,1,49,Sat,23,Long_Distance
grocery,283.15,M,1,49,Sun,0,Regional
grocery,352.55,M,1,49,Sun,0,Regional
shopping,855.33,F,1,49,Sun,2,Regional
misc,9.02,F,1,49,Sun,3,Commute
misc,6.87,F,1,49,Sun,3,Commute
shopping,907.21,F,1,56,Sun,16,Long_Distance
home,260.0,F,1,49,Sun,22,Commute
grocery,143.54,M,1,49,Sun,22,Long_Distance
health,18.89,F,1,49,Sun,22,Local
grocery,300.69,F,1,56,Sun,23,Commute
shopping,1073.49,F,1,56,Sun,23,Regional
misc,706.46,F,1,56,Sun,23,Commute
shopping,1106.38,M,1,49,Sun,23,Long_Distance
grocery,323.64,F,1,56,Mon,1,Long_Distance
grocery,369.09,F,1,56,Mon,10,Long_Distance
travel,17.17,F,1,56,Mon,11,Commute
shopping,1073.82,F,1,56,Mon,13,Long_Distance
shopping,907.36,F,1,56,Mon,22,Regional
grocery,316.54,F,1,56,Mon,23,Commute
grocery,300.59,M,1,28,Tue,1,Regional
travel,7.2,M,1,28,Tue,2,Long_Distance
misc,861.45,M,1,28,Tue,22,Commute
personal,23.09,M,1,28,Tue,23,Long_Distance
grocery,296.45,M,1,28,Wed,2,Long_Distance
grocery,314.3,M,1,28,Wed,22,Regional
misc,783.23,M,1,28,Wed,22,Long_Distance
entertainment,504.3,M,1,28,Wed,23,Long_Distance
shopping,1017.4,M,1,45,Thu,12,Commute
shopping,1033.34,M,1,53,Thu,14,Commute
shopping,847.92,M,1,53,Thu,15,Local
grocery,286.21,M,1,45,Thu,22,Commute
misc,857.62,M,1,53,Thu,22,Regional
shopping,764.06,M,1,45,Thu,23,Long_Distance
shopping,951.35,M,1,45,Thu,23,Commute
travel,9.95,M,1,45,Fri,3,Commute
entertainment,637.33,M,1,53,Fri,20,Long_Distance
misc,796.78,M,1,53,Fri,21,Remote
shopping,785.4,M,1,45,Fri,22,Regional
misc,731.04,M,1,45,Fri,22,Long_Distance
shopping,1210.19,M,1,53,Fri,22,Long_Distance
shopping,1029.47,M,1,45,Fri,23,Long_Distance
grocery,120.57,M,1,45,Fri,23,Regional
shopping,912.68,M,1,53,Fri,23,Long_Distance
entertainment,497.68,M,1,45,Fri,23,Commute
grocery,296.56,F,1,89,Sat,1,Long_Distance
shopping,1029.22,F,1,89,Sat,18,Regional
misc,785.18,F,1,89,Sat,21,Commute
misc,7.74,F,1,89,Sat,22,Regional
shopping,1094.88,M,1,39,Sat,22,Long_Distance
home,277.15,F,1,89,Sat,23,Commute
home,282.21,M,1,39,Sat,23,Commute
grocery,340.92,F,1,89,Sun,0,Long_Distance
travel,10.21,M,1,39,Sun,2,Commute
travel,9.92,M,1,39,Sun,3,Long_Distance
grocery,293.99,M,1,39,Sun,3,Long_Distance
grocery,298.66,M,1,39,Sun,14,Regional
shopping,1083.77,M,1,39,Sun,18,Commute
shopping,1012.13,M,1,53,Sun,19,Long_Distance
shopping,819.52,M,1,39,Sun,21,Long_Distance
shopping,1124.91,M,1,39,Sun,22,Long_Distance
shopping,971.87,M,1,53,Sun,22,Regional
entertainment,395.3,M,1,53,Sun,22,Long_Distance
entertainment,373.48,F,1,89,Sun,22,Regional
grocery,294.55,F,1,89,Sun,23,Long_Distance
shopping,1011.73,M,1,53,Sun,23,Long_Distance
grocery,320.57,F,1,56,Mon,0,Long_Distance
travel,20.57,F,1,67,Mon,0,Commute
grocery,296.45,F,1,67,Mon,0,Commute
grocery,278.84,M,1,53,Mon,0,Long_Distance
grocery,297.54,F,1,56,Mon,2,Long_Distance
grocery,294.87,M,1,53,Mon,7,Long_Distance
grocery,347.23,F,1,67,Mon,10,Remote
shopping,1042.13,F,1,56,Mon,16,Long_Distance
entertainment,589.97,F,1,67,Mon,20,Regional
shopping,1111.54,F,1,56,Mon,22,Long_Distance
shopping,895.87,M,1,53,Mon,22,Long_Distance
misc,789.2,F,1,56,Mon,23,Local
shopping,998.8,F,1,56,Mon,23,Regional
shopping,812.87,F,1,56,Mon,23,Commute
misc,822.17,F,1,56,Mon,23,Regional
shopping,991.42,F,1,56,Mon,23,Regional
misc,804.0,F,1,67,Mon,23,Commute
home,265.39,M,1,53,Mon,23,Long_Distance
grocery,325.04,F,1,56,Tue,4,Regional
grocery,301.63,M,1,28,Wed,2,Long_Distance
grocery,273.71,M,1,28,Wed,3,Long_Distance
grocery,302.91,M,1,28,Wed,3,Regional
misc,968.47,M,1,28,Wed,3,Commute
misc,829.28,M,1,28,Wed,23,Long_Distance
grocery,333.48,M,1,35,Thu,0,Regional
travel,7.09,F,1,51,Thu,0,Commute
grocery,288.49,M,1,28,Thu,0,Long_Distance
travel,12.37,M,1,40,Thu,1,Regional
grocery,300.28,M,1,35,Thu,1,Long_Distance
grocery,307.42,M,1,35,Thu,2,Regional
travel,9.56,M,1,28,Thu,2,Commute
grocery,281.7,M,1,28,Thu,2,Long_Distance
grocery,325.37,F,1,51,Thu,2,Regional
travel,8.75,M,1,35,Thu,4,Long_Distance
grocery,335.05,M,1,35,Thu,8,Regional
grocery,329.8,F,1,51,Thu,10,Long_Distance
shopping,957.28,F,1,51,Thu,15,Commute
entertainment,557.6,M,1,35,Thu,21,Regional
shopping,773.78,M,1,28,Thu,22,Commute
shopping,799.88,M,1,28,Thu,22,Regional
shopping,969.97,M,1,35,Thu,22,Regional
shopping,895.17,F,1,51,Thu,22,Remote
misc,712.14,M,1,40,Thu,22,Regional
shopping,999.76,M,1,28,Thu,23,Local
misc,857.69,F,1,51,Thu,23,Long_Distance
grocery,318.22,M,1,51,Fri,0,Commute
travel,20.15,M,1,51,Fri,1,Regional
grocery,287.18,M,1,35,Fri,2,Regional
grocery,264.75,F,1,51,Fri,2,Regional
grocery,13.9,M,1,51,Fri,3,Regional
grocery,310.66,M,1,51,Fri,3,Commute
grocery,308.4,F,1,51,Fri,3,Regional
travel,23.78,M,1,51,Fri,3,Long_Distance
grocery,279.83,F,1,51,Fri,4,Commute
shopping,1074.72,M,1,51,Fri,21,Commute
shopping,982.17,M,1,40,Fri,22,Regional
shopping,883.25,F,1,51,Fri,22,Regional
grocery,327.57,M,1,51,Fri,22,Remote
shopping,914.05,M,1,40,Fri,22,Long_Distance
travel,11.91,M,1,35,Fri,22,Regional
misc,715.15,M,1,40,Fri,22,Regional
misc,941.5,M,1,40,Fri,23,Commute
shopping,932.21,M,1,40,Fri,23,Regional
shopping,939.75,M,1,40,Fri,23,Remote
shopping,956.44,F,1,51,Fri,23,Long_Distance
grocery,12.97,M,1,51,Sat,0,Long_Distance
travel,20.48,M,1,51,Sat,11,Regional
misc,694.82,M,1,51,Sat,18,Regional
misc,50.35,M,1,51,Sat,19,Regional
shopping,861.29,M,1,51,Sat,22,Commute
grocery,298.61,M,1,43,Tue,0,Regional
grocery,292.71,M,1,43,Tue,6,Commute
shopping,906.27,M,1,55,Tue,17,Regional
shopping,1100.75,M,1,55,Tue,19,Remote
misc,8.75,M,1,55,Tue,22,Commute
shopping,914.0,M,1,21,Tue,22,Commute
shopping,948.33,M,1,43,Tue,22,Long_Distance
shopping,959.09,M,1,55,Tue,22,Long_Distance
misc,764.14,M,1,55,Tue,22,Long_Distance
misc,932.84,M,1,43,Tue,23,Commute
shopping,954.72,M,1,55,Tue,23,Regional
misc,696.29,M,1,21,Wed,0,Regional
travel,9.13,M,1,43,Wed,0,Long_Distance
grocery,281.39,M,1,43,Wed,0,Long_Distance
misc,926.91,M,1,21,Wed,0,Regional
travel,9.49,M,1,55,Wed,1,Commute
travel,10.03,M,1,43,Wed,2,Local
grocery,349.95,M,1,21,Wed,2,Local
misc,8.32,F,1,35,Wed,3,Commute
travel,8.07,M,1,21,Wed,3,Long_Distance
home,19.52,M,1,21,Wed,21,Commute
misc,740.34,M,1,43,Wed,22,Long_Distance
misc,760.18,M,1,43,Wed,22,Regional
shopping,938.55,M,1,21,Wed,22,Commute
grocery,312.51,M,1,43,Wed,22,Commute
shopping,921.62,M,1,26,Wed,22,Remote
grocery,321.43,M,1,26,Wed,22,Commute
shopping,1047.73,M,1,26,Wed,22,Long_Distance
grocery,297.64,M,1,55,Wed,22,Commute
shopping,1005.66,M,1,55,Wed,22,Regional
health,17.08,F,1,35,Wed,22,Commute
grocery,256.7,M,1,55,Wed,23,Regional
shopping,960.06,M,1,26,Wed,23,Regional
shopping,845.28,M,1,21,Wed,23,Long_Distance
misc,882.54,M,1,43,Wed,23,Regional
shopping,858.24,M,1,43,Wed,23,Regional
grocery,300.21,M,1,43,Wed,23,Regional
grocery,297.1,M,1,26,Thu,0,Long_Distance
grocery,334.89,M,1,26,Thu,0,Regional
grocery,295.9,M,1,26,Thu,1,Long_Distance
shopping,798.56,M,1,26,Thu,22,Commute
shopping,1017.9,M,1,26,Thu,23,Remote
shopping,717.14,F,1,34,Fri,0,Long_Distance
shopping,1088.85,F,1,34,Fri,0,Local
grocery,333.98,F,1,34,Fri,0,Remote
grocery,350.0,F,1,34,Fri,2,Long_Distance
grocery,128.06,F,1,34,Fri,2,Long_Distance
home,213.31,F,1,34,Fri,22,Long_Distance
personal,19.73,F,1,34,Fri,23,Long_Distance
travel,9.1,M,1,50,Sat,0,Commute
grocery,307.3,M,1,24,Sat,1,Regional
shopping,895.7,F,1,34,Sat,2,Long_Distance
shopping,722.07,F,1,34,Sat,3,Long_Distance
shopping,1029.91,M,1,50,Sat,14,Long_Distance
shopping,1072.09,M,1,24,Sat,22,Regional
misc,756.9,M,1,50,Sat,22,Long_Distance
misc,8.4,M,1,24,Sat,23,Regional
home,285.39,F,1,34,Sat,23,Remote
misc,719.57,M,1,24,Sat,23,Long_Distance
home,219.11,F,1,34,Sat,23,Long_Distance
grocery,119.52,F,1,34,Sat,23,Commute
shopping,985.55,M,1,24,Sat,23,Commute
grocery,258.82,M,1,24,Sun,0,Commute
misc,671.93,M,1,24,Sun,0,Commute
travel,7.24,M,1,50,Sun,1,Commute
grocery,324.43,M,1,24,Sun,2,Commute
grocery,323.71,M,1,24,Sun,3,Long_Distance
travel,9.56,M,1,24,Sun,3,Commute
grocery,308.82,M,1,49,Sun,3,Long_Distance
grocery,292.59,M,1,24,Sun,5,Long_Distance
grocery,319.86,M,1,24,Sun,7,Commute
shopping,780.7,M,1,50,Sun,22,Long_Distance
shopping,943.64,M,1,24,Sun,22,Long_Distance
grocery,284.23,M,1,50,Sun,22,Long_Distance
home,16.53,M,1,49,Sun,23,Commute
shopping,904.66,M,1,50,Sun,23,Long_Distance
grocery,10.68,M,1,22,Mon,0,Regional
travel,10.59,M,1,22,Mon,0,Long_Distance
travel,9.59,M,1,22,Mon,1,Commute
grocery,283.17,M,1,22,Mon,2,Regional
grocery,319.09,M,1,22,Mon,2,Long_Distance
travel,12.63,M,1,49,Mon,3,Commute
misc,784.56,M,1,22,Mon,10,Long_Distance
shopping,825.94,M,1,22,Mon,18,Regional
shopping,1074.33,M,1,49,Mon,22,Regional
grocery,320.26,M,1,49,Mon,22,Commute
grocery,127.81,M,1,49,Mon,22,Regional
shopping,968.41,M,1,49,Mon,22,Commute
shopping,1076.69,M,1,22,Mon,22,Long_Distance
shopping,832.41,M,1,22,Mon,22,Regional
shopping,1010.97,M,1,22,Mon,22,Long_Distance
shopping,1074.41,M,1,22,Mon,23,Commute
shopping,948.05,M,1,49,Mon,23,Commute
shopping,986.11,F,1,42,Tue,1,Regional
shopping,1176.2,F,1,42,Tue,2,Regional
grocery,312.06,F,1,42,Tue,2,Regional
shopping,1141.09,F,1,42,Tue,2,Regional
travel,9.66,M,1,22,Tue,3,Commute
grocery,276.4,M,1,22,Tue,3,Long_Distance
grocery,351.4,F,1,42,Tue,3,Commute
entertainment,385.22,F,1,42,Tue,9,Long_Distance
travel,8.09,F,1,42,Tue,11,Commute
shopping,996.5,M,1,62,Tue,17,Commute
personal,48.12,M,1,62,Tue,22,Commute
home,246.0,F,1,42,Tue,22,Commute
home,282.38,F,1,42,Tue,22,Long_Distance
misc,8.41,M,1,22,Tue,22,Regional
travel,10.89,F,1,42,Tue,22,Local
home,243.81,M,1,22,Tue,23,Commute
home,303.81,F,1,42,Tue,23,Remote
shopping,966.33,M,1,62,Tue,23,Regional
travel,10.23,F,1,43,Wed,0,Commute
grocery,304.2,M,1,62,Wed,2,Remote
travel,17.67,M,1,62,Wed,3,Long_Distance
grocery,368.78,F,1,42,Wed,3,Long_Distance
grocery,317.84,M,1,61,Wed,3,Long_Distance
home,255.88,F,1,42,Wed,12,Commute
personal,21.03,F,1,42,Wed,13,Commute
grocery,135.53,F,1,43,Wed,19,Long_Distance
home,287.83,F,1,43,Wed,20,Commute
shopping,1051.78,M,1,62,Wed,22,Commute
grocery,333.53,M,1,62,Wed,22,Commute
home,19.7,F,1,42,Wed,22,Commute
misc,827.59,M,1,62,Wed,23,Remote
shopping,1028.63,M,1,61,Wed,23,Commute
misc,813.34,M,1,62,Wed,23,Regional
health,18.72,F,1,43,Wed,23,Commute
entertainment,617.75,M,1,61,Wed,23,Long_Distance
shopping,989.81,F,1,33,Thu,0,Long_Distance
grocery,14.97,M,1,61,Thu,0,Regional
travel,19.65,F,1,66,Thu,1,Long_Distance
grocery,313.19,M,1,61,Thu,1,Long_Distance
shopping,1000.5,F,1,33,Thu,1,Long_Distance
shopping,1053.56,F,1,33,Thu,2,Commute
misc,718.38,F,1,43,Thu,2,Long_Distance
misc,751.52,F,1,33,Thu,4,Long_Distance
grocery,113.15,F,1,43,Thu,13,Long_Distance
grocery,323.16,F,1,66,Thu,14,Commute
shopping,801.12,F,1,66,Thu,14,Regional
health,21.03,F,1,33,Thu,22,Remote
personal,20.91,F,1,43,Thu,22,Long_Distance
shopping,942.63,M,1,61,Thu,22,Regional
misc,792.33,F,1,66,Thu,22,Commute
travel,11.28,F,1,43,Thu,22,Commute
entertainment,565.08,F,1,43,Thu,23,Long_Distance
shopping,946.74,F,1,66,Thu,23,Long_Distance
entertainment,634.64,M,1,61,Thu,23,Regional
health,19.72,F,1,43,Thu,23,Long_Distance
grocery,338.89,F,1,66,Fri,0,Regional
shopping,845.57,F,1,33,Fri,1,Long_Distance
misc,616.98,F,1,33,Fri,1,Long_Distance
grocery,334.52,F,1,66,Fri,3,Commute
travel,22.04,F,1,66,Fri,8,Commute
grocery,100.76,F,1,33,Fri,22,Long_Distance
entertainment,588.24,F,1,66,Fri,22,Commute
grocery,286.25,M,1,52,Fri,22,Commute
shopping,882.7,M,1,52,Fri,22,Remote
shopping,880.77,M,1,52,Fri,22,Regional
shopping,881.08,F,1,66,Fri,22,Regional
personal,20.13,F,1,33,Fri,22,Long_Distance
shopping,1031.95,M,1,52,Fri,22,Long_Distance
home,290.33,F,1,33,Fri,22,Remote
home,279.86,F,1,33,Fri,22,Commute
shopping,828.37,F,1,66,Fri,23,Long_Distance
home,18.96,F,1,33,Fri,23,Long_Distance
shopping,690.41,F,1,66,Fri,23,Long_Distance
travel,11.88,F,1,33,Fri,23,Long_Distance
grocery,311.41,M,1,56,Sat,0,Commute
grocery,269.64,F,1,62,Sat,1,Regional
grocery,318.71,F,1,62,Sat,2,Long_Distance
grocery,355.08,M,1,91,Sat,3,Long_Distance
grocery,361.04,M,1,52,Sat,3,Long_Distance
grocery,311.64,M,1,56,Sat,11,Commute
misc,50.24,M,1,91,Sat,12,Regional
misc,814.58,F,1,62,Sat,14,Long_Distance
misc,823.17,F,1,62,Sat,15,Regional
shopping,838.68,F,1,62,Sat,17,Commute
shopping,1027.85,F,1,62,Sat,22,Long_Distance
shopping,1044.92,M,1,52,Sat,22,Local
shopping,901.8,F,1,62,Sat,22,Regional
shopping,864.29,M,1,56,Sat,22,Commute
misc,725.76,M,1,52,Sat,22,Commute
shopping,801.29,M,1,52,Sat,22,Long_Distance
misc,678.31,M,1,52,Sat,22,Regional
entertainment,615.35,M,1,91,Sat,22,Regional
misc,798.21,M,1,52,Sat,22,Commute
misc,809.92,F,1,62,Sat,22,Long_Distance
misc,49.9,M,1,56,Sat,22,Commute
grocery,332.01,M,1,56,Sat,23,Regional
misc,659.87,M,1,91,Sat,23,Regional
misc,49.96,M,1,52,Sat,23,Commute
shopping,627.87,M,1,91,Sat,23,Long_Distance
grocery,306.03,M,1,52,Sat,23,Long_Distance
entertainment,561.82,M,1,52,Sat,23,Commute
home,5.66,M,1,52,Sat,23,Long_Distance
shopping,1086.87,M,1,91,Sat,23,Regional
grocery,333.11,M,1,91,Sun,1,Long_Distance
grocery,315.84,M,1,91,Sun,2,Long_Distance
travel,8.65,F,1,62,Sun,2,Regional
travel,23.02,M,1,56,Sun,2,Commute
misc,730.45,M,1,16,Sun,2,Long_Distance
grocery,14.31,M,1,91,Sun,2,Regional
travel,9.22,M,1,16,Sun,3,Long_Distance
grocery,11.15,M,1,56,Sun,6,Commute
shopping,1071.82,M,1,56,Sun,20,Commute
grocery,110.54,M,1,56,Sun,20,Remote
shopping,924.55,M,1,91,Sun,22,Long_Distance
shopping,1067.1,M,1,56,Sun,22,Long_Distance
shopping,776.84,M,1,91,Sun,22,Regional
misc,777.68,M,1,16,Sun,22,Long_Distance
grocery,103.55,M,1,16,Sun,23,Regional
shopping,884.65,F,1,62,Sun,23,Long_Distance
misc,629.78,M,1,16,Sun,23,Regional
shopping,999.66,M,1,56,Sun,23,Local
grocery,330.54,M,1,37,Mon,1,Commute
grocery,9.99,M,1,37,Mon,1,Long_Distance
grocery,285.27,M,1,41,Mon,2,Regional
misc,757.87,M,1,37,Mon,2,Long_Distance
misc,857.49,M,1,41,Mon,14,Regional
misc,749.36,M,1,16,Mon,16,Long_Distance
shopping,1013.48,M,1,16,Mon,22,Regional
shopping,1057.22,M,1,16,Mon,22,Regional
personal,20.19,M,1,41,Mon,22,Regional
shopping,940.05,M,1,37,Mon,23,Regional
shopping,834.12,M,1,41,Mon,23,Regional
shopping,947.25,M,1,16,Mon,23,Commute
misc,678.26,M,1,41,Mon,23,Remote
shopping,976.1,M,1,37,Mon,23,Regional
shopping,1013.22,M,1,37,Mon,23,Commute
misc,716.95,M,1,41,Mon,23,
shopping,798.95,M,1,16,Mon,23,Long_Distance
entertainment,479.62,M,1,37,Mon,23,Regional
shopping,1017.84,M,1,37,Mon,23,Commute
shopping,1089.82,M,1,41,Mon,23,Long_Distance
shopping,958.16,M,1,41,Mon,23,Long_Distance
shopping,853.59,M,1,16,Mon,23,Commute
misc,783.46,M,1,37,Tue,0,Long_Distance
travel,10.87,M,1,37,Tue,3,Commute
personal,21.05,M,1,41,Tue,19,Long_Distance
home,19.45,M,1,37,Tue,19,Long_Distance
shopping,875.38,M,1,41,Tue,22,Regional
shopping,1025.64,M,1,41,Tue,22,Long_Distance
entertainment,565.3,M,1,41,Tue,23,Long_Distance
personal,51.04,F,1,60,Tue,23,Commute
misc,908.57,F,1,60,Tue,23,Long_Distance
personal,21.85,M,1,37,Tue,23,Long_Distance
grocery,333.79,M,1,78,Wed,0,Regional
misc,772.1,M,1,32,Wed,0,Regional
grocery,310.1,F,1,73,Wed,0,Long_Distance
grocery,306.59,F,1,60,Wed,0,Long_Distance
grocery,304.1,M,1,32,Wed,1,Long_Distance
grocery,326.82,M,1,78,Wed,1,Regional
shopping,673.33,F,1,35,Wed,1,Long_Distance
grocery,264.1,M,1,32,Wed,1,Regional
travel,19.03,M,1,78,Wed,1,Regional
grocery,14.7,F,1,60,Wed,2,Long_Distance
grocery,294.59,F,1,60,Wed,3,Regional
grocery,259.63,F,1,73,Wed,3,Commute
grocery,284.56,F,1,73,Wed,14,Regional
shopping,1131.73,F,1,60,Wed,22,Commute
shopping,705.57,F,1,60,Wed,22,Remote
shopping,982.8,F,1,60,Wed,22,Long_Distance
entertainment,553.79,F,1,60,Wed,22,Regional
shopping,899.93,M,1,78,Wed,22,Commute
personal,19.77,F,1,35,Wed,22,Long_Distance
shopping,850.21,M,1,78,Wed,22,Commute
grocery,113.81,F,1,73,Wed,22,Remote
shopping,1113.12,F,1,60,Wed,23,Long_Distance
home,5.9,F,1,60,Wed,23,Remote
home,262.82,F,1,35,Wed,23,Long_Distance
shopping,781.95,F,1,60,Wed,23,Regional
shopping,889.38,F,1,60,Wed,23,Long_Distance
personal,23.65,F,1,73,Wed,23,Commute
misc,797.13,F,1,60,Wed,23,Commute
grocery,12.54,M,1,78,Thu,0,Commute
grocery,303.92,M,1,32,Thu,0,Long_Distance
travel,11.76,F,1,73,Thu,0,Commute
grocery,293.46,M,1,24,Thu,0,Long_Distance
grocery,322.45,M,1,57,Thu,1,Regional
travel,11.79,M,1,24,Thu,1,Commute
misc,678.9,M,1,32,Thu,2,Long_Distance
travel,7.78,F,1,73,Thu,2,Commute
travel,22.98,M,1,57,Thu,11,Long_Distance
shopping,1048.18,M,1,78,Thu,22,Long_Distance
shopping,1028.2,M,1,32,Thu,22,Long_Distance
shopping,1005.34,M,1,78,Thu,22,Long_Distance
shopping,879.05,M,1,24,Thu,22,Regional
misc,742.01,M,1,78,Thu,22,Commute
shopping,942.75,M,1,24,Thu,23,Long_Distance
misc,904.09,M,1,78,Thu,23,Regional
shopping,959.59,M,1,32,Thu,23,Long_Distance
entertainment,337.24,F,1,73,Thu,23,Long_Distance
home,9.44,M,1,78,Thu,23,Long_Distance
shopping,790.36,M,1,32,Thu,23,Long_Distance
entertainment,680.26,M,1,57,Thu,23,Commute
misc,979.43,F,1,48,Fri,0,Long_Distance
travel,10.55,M,1,24,Fri,0,Regional
grocery,324.59,M,1,24,Fri,0,Regional
grocery,311.97,M,1,24,Fri,0,Regional
misc,864.04,F,1,48,Fri,1,Long_Distance
grocery,334.25,F,1,48,Fri,2,Commute
travel,9.22,M,1,24,Fri,2,Regional
grocery,289.89,M,1,24,Fri,3,Regional
travel,11.07,F,1,48,Fri,3,Long_Distance
shopping,1072.54,M,1,24,Fri,13,Regional
shopping,771.31,M,1,57,Fri,22,Regional
home,272.09,F,1,48,Fri,22,Long_Distance
shopping,716.15,M,1,24,Fri,22,Commute
shopping,949.79,M,1,57,Fri,22,Long_Distance
personal,18.17,F,1,48,Fri,22,Long_Distance
shopping,777.62,M,1,24,Fri,22,Long_Distance
grocery,124.02,F,1,48,Fri,23,Remote
health,22.75,F,1,48,Fri,23,Long_Distance
grocery,335.56,F,1,89,Sat,0,Long_Distance
travel,18.85,F,1,80,Sat,1,Local
grocery,347.79,F,1,80,Sat,1,Long_Distance
grocery,355.1,F,1,89,Sat,2,Commute
misc,918.58,F,1,20,Sat,13,Regional
home,23.75,F,1,48,Sat,17,Commute
shopping,975.61,F,1,20,Sat,17,Long_Distance
shopping,819.42,F,1,89,Sat,22,Long_Distance
misc,922.87,F,1,80,Sat,22,Commute
shopping,1058.87,F,1,80,Sat,22,Commute
personal,19.77,F,1,48,Sat,22,Regional
home,269.01,F,1,48,Sat,22,Commute
grocery,338.03,F,1,80,Sat,22,Long_Distance
shopping,949.44,F,1,20,Sat,23,Long_Distance
misc,716.47,F,1,80,Sat,23,Commute
misc,680.0,F,1,20,Sat,23,Commute
shopping,744.34,F,1,80,Sat,23,Commute
travel,9.42,F,1,80,Sat,23,Long_Distance
shopping,931.28,F,1,80,Sat,23,Long_Distance
grocery,275.98,F,1,89,Sun,0,Regional
grocery,283.51,M,1,47,Sun,0,Regional
misc,908.77,M,1,47,Sun,0,Commute
grocery,299.41,F,1,80,Sun,1,Long_Distance
grocery,297.44,F,1,80,Sun,1,Regional
grocery,312.62,F,1,20,Sun,1,Regional
grocery,307.98,F,1,80,Sun,2,Long_Distance
shopping,939.35,F,1,80,Sun,17,Regional
shopping,794.8,F,1,80,Sun,22,Long_Distance
shopping,972.11,F,1,20,Sun,22,Regional
shopping,1025.7,M,1,47,Sun,23,Commute
misc,798.97,F,1,89,Sun,23,Commute
shopping,856.21,F,1,89,Sun,23,Commute
shopping,1313.18,F,1,20,Sun,23,Commute
grocery,282.82,M,1,47,Mon,0,Long_Distance
travel,8.22,F,1,59,Mon,1,Long_Distance
travel,12.93,M,1,47,Mon,2,Commute
grocery,316.82,M,1,47,Mon,3,Long_Distance
grocery,313.28,F,1,59,Mon,5,Long_Distance
travel,11.14,M,1,47,Mon,15,Long_Distance
shopping,992.69,M,1,50,Mon,22,Regional
misc,776.16,F,1,59,Mon,22,Remote
shopping,986.82,M,1,50,Mon,22,Regional
shopping,981.16,F,1,59,Mon,22,Remote
misc,1079.3,F,1,59,Mon,23,Long_Distance
misc,5.99,M,1,47,Mon,23,Regional
shopping,1003.66,F,1,59,Mon,23,Regional
shopping,985.41,M,1,47,Mon,23,Regional
misc,753.62,F,1,59,Mon,23,Regional
grocery,327.36,F,1,59,Tue,3,Commute
grocery,303.25,M,1,50,Tue,3,Commute
shopping,1078.9,M,1,50,Tue,13,Commute
shopping,834.76,M,1,50,Tue,13,Long_Distance
entertainment,387.99,M,1,50,Tue,22,Commute
entertainment,377.14,F,1,59,Tue,22,Regional
grocery,298.45,M,1,50,Tue,22,Long_Distance
misc,788.22,F,1,59,Tue,23,Long_Distance
grocery,266.77,F,1,15,Wed,0,Long_Distance
grocery,297.42,F,1,15,Wed,0,Long_Distance
grocery,311.38,M,1,33,Wed,1,Commute
grocery,260.11,M,1,33,Wed,1,Remote
grocery,284.74,M,1,33,Wed,2,Commute
misc,846.77,M,1,20,Wed,2,Commute
travel,12.18,F,1,15,Wed,3,Long_Distance
grocery,289.58,M,1,20,Wed,11,Long_Distance
shopping,961.51,M,1,33,Wed,22,Regional
shopping,836.86,M,1,33,Wed,22,Regional
misc,749.92,F,1,15,Wed,22,Local
shopping,868.0,F,1,15,Wed,22,Long_Distance
shopping,969.92,M,1,33,Wed,23,Local
shopping,1012.54,M,1,20,Wed,23,Commute
shopping,866.69,M,1,33,Wed,23,Regional
personal,18.32,M,1,20,Wed,23,Long_Distance
home,250.51,F,1,15,Wed,23,Commute
shopping,1256.21,F,1,47,Thu,0,Regional
shopping,785.52,F,1,47,Thu,0,Regional
grocery,287.62,M,1,30,Thu,0,Remote
grocery,347.22,M,1,30,Thu,0,Long_Distance
shopping,974.37,F,1,35,Thu,1,Commute
shopping,940.02,F,1,35,Thu,1,Regional
misc,650.64,M,1,30,Thu,1,Commute
shopping,1122.06,F,1,35,Thu,1,Long_Distance
grocery,273.92,M,1,30,Thu,2,Regional
shopping,954.46,F,1,35,Thu,2,Long_Distance
misc,903.09,M,1,20,Thu,2,Long_Distance
misc,788.49,M,1,20,Thu,2,Long_Distance
shopping,1046.53,F,1,47,Thu,2,Long_Distance
misc,734.62,F,1,47,Thu,2,Remote
grocery,298.83,M,1,33,Thu,2,Local
grocery,347.3,F,1,15,Thu,3,Long_Distance
grocery,280.61,F,1,15,Thu,3,Regional
misc,778.32,M,1,20,Thu,11,Long_Distance
home,18.47,F,1,47,Thu,13,Regional
health,18.66,M,1,33,Thu,16,Long_Distance
entertainment,490.96,M,1,33,Thu,16,Long_Distance
personal,19.72,F,1,47,Thu,17,Long_Distance
shopping,838.3,M,1,33,Thu,18,Commute
shopping,675.22,M,1,20,Thu,21,Regional
misc,670.26,F,1,15,Thu,22,Long_Distance
personal,20.0,M,1,30,Thu,22,Regional
home,290.62,F,1,47,Thu,22,Commute
misc,805.32,F,1,15,Thu,22,Regional
shopping,1036.05,M,1,33,Thu,22,Regional
health,18.05,F,1,47,Thu,22,Local
personal,23.05,F,1,47,Thu,22,Local
misc,8.74,F,1,15,Thu,22,Commute
entertainment,434.66,F,1,35,Thu,23,Long_Distance
grocery,315.51,M,1,33,Thu,23,Local
home,17.42,F,1,35,Thu,23,Commute
personal,18.47,F,1,35,Thu,23,Regional
shopping,1163.15,M,1,30,Thu,23,Commute
misc,6.86,M,1,33,Thu,23,Regional
grocery,373.31,F,1,47,Fri,0,Commute
shopping,958.97,F,1,35,Fri,1,Commute
grocery,299.32,M,1,42,Fri,2,Remote
grocery,259.26,M,1,30,Fri,3,Long_Distance
grocery,303.67,M,1,42,Fri,3,Regional
personal,19.03,F,1,47,Fri,21,Long_Distance
misc,891.62,M,1,30,Fri,22,Commute
travel,10.61,M,1,42,Fri,23,Commute
grocery,125.89,F,1,35,Fri,23,Regional
shopping,813.46,F,1,35,Fri,23,Commute
home,256.44,F,1,47,Fri,23,Long_Distance
grocery,293.71,M,1,45,Sat,0,Long_Distance
grocery,299.33,M,1,45,Sat,1,Regional
grocery,9.49,M,1,42,Sat,2,Commute
travel,11.82,M,1,45,Sat,2,Long_Distance
grocery,292.71,M,1,45,Sat,3,Commute
misc,740.08,M,1,42,Sat,3,Commute
shopping,808.67,M,1,45,Sat,16,Regional
shopping,900.08,M,1,45,Sat,16,Regional
entertainment,523.27,M,1,45,Sat,18,Long_Distance
shopping,956.96,M,1,42,Sat,20,Commute
shopping,1174.68,M,1,45,Sat,22,Long_Distance
shopping,1085.17,M,1,42,Sat,22,Long_Distance
grocery,272.4,M,1,45,Sat,22,Commute
shopping,793.67,M,1,45,Sat,23,Long_Distance
grocery,311.58,F,1,70,Sun,0,Regional
shopping,1034.39,F,1,70,Sun,22,Long_Distance
shopping,1116.59,F,1,70,Sun,22,Long_Distance
shopping,916.72,F,1,70,Sun,23,Long_Distance
shopping,921.76,F,1,70,Sun,23,Long_Distance
shopping,1124.34,F,1,70,Sun,23,Long_Distance
shopping,972.28,F,1,70,Sun,23,Regional
grocery,324.93,M,1,19,Mon,2,Long_Distance
grocery,321.43,M,1,16,Mon,3,Long_Distance
grocery,302.02,M,1,16,Mon,3,Regional
grocery,289.01,M,1,19,Mon,3,Long_Distance
grocery,296.83,M,1,16,Mon,3,Remote
shopping,1151.76,M,1,19,Mon,13,Long_Distance
shopping,916.74,M,1,19,Mon,22,Long_Distance
health,17.02,M,1,16,Mon,22,Long_Distance
shopping,1110.64,M,1,16,Mon,22,Commute
shopping,965.24,F,1,70,Mon,22,Long_Distance
shopping,1160.76,M,1,16,Mon,22,Commute
shopping,1098.32,F,1,70,Mon,22,Commute
shopping,1143.24,M,1,16,Mon,22,Regional
shopping,1052.92,F,1,70,Mon,22,Long_Distance
shopping,1153.61,M,1,19,Mon,23,Commute
shopping,1064.53,M,1,16,Mon,23,Commute
shopping,922.86,F,1,70,Mon,23,Long_Distance
grocery,307.97,M,1,29,Tue,2,Commute
travel,10.55,M,1,16,Tue,3,Long_Distance
shopping,1234.22,M,1,19,Tue,12,Long_Distance
shopping,965.77,M,1,29,Tue,22,Regional
shopping,974.0,M,1,19,Tue,22,Regional
shopping,1064.31,M,1,19,Tue,23,Commute
shopping,766.9,M,1,29,Tue,23,Long_Distance
shopping,768.06,M,1,29,Tue,23,Remote
shopping,1029.56,M,1,29,Tue,23,Long_Distance
home,177.41,M,1,29,Tue,23,Long_Distance
shopping,1119.78,M,1,16,Tue,23,Remote
grocery,8.66,M,1,29,Wed,1,Long_Distance
shopping,991.74,M,1,29,Wed,16,Long_Distance
shopping,790.34,M,1,29,Wed,21,Long_Distance
health,20.85,M,1,29,Wed,22,Long_Distance
shopping,1065.32,M,1,29,Wed,22,Regional
shopping,966.51,M,1,29,Wed,23,Regional
grocery,285.07,M,1,44,Thu,0,Long_Distance
grocery,312.8,M,1,51,Thu,22,Long_Distance
shopping,992.61,M,1,51,Thu,22,Regional
shopping,1094.81,M,1,51,Thu,22,Long_Distance
shopping,920.18,M,1,51,Thu,22,Long_Distance
misc,776.64,M,1,51,Thu,22,Long_Distance
grocery,139.45,M,1,51,Thu,23,Commute
shopping,974.87,M,1,51,Thu,23,Long_Distance
shopping,1143.75,M,1,44,Thu,23,Commute
grocery,329.71,M,1,51,Fri,0,Regional
misc,772.04,M,1,44,Fri,0,Regional
travel,14.02,M,1,44,Fri,1,Regional
misc,801.28,M,1,44,Fri,1,Commute
travel,15.0,M,1,44,Fri,2,Long_Distance
grocery,296.56,M,1,44,Fri,3,Commute
grocery,280.91,M,1,51,Fri,3,Commute
entertainment,535.22,F,1,27,Fri,4,Long_Distance
shopping,870.95,M,1,44,Fri,14,Commute
shopping,970.6,F,1,21,Fri,20,Regional
shopping,837.87,M,1,44,Fri,22,Long_Distance
shopping,1183.35,F,1,21,Fri,22,Regional
shopping,908.31,M,1,51,Fri,22,Long_Distance
shopping,943.49,M,1,44,Fri,22,Commute
misc,783.61,M,1,44,Fri,22,Regional
personal,22.47,F,1,27,Fri,22,Long_Distance
shopping,947.8,M,1,51,Fri,23,Remote
shopping,842.4,M,1,51,Fri,23,Commute
home,197.33,F,1,27,Fri,23,Local
shopping,1294.83,M,1,44,Fri,23,Long_Distance
shopping,821.35,F,1,21,Fri,23,Regional
shopping,818.48,F,1,27,Sat,0,Commute
grocery,338.7,F,1,32,Sat,0,Regional
shopping,993.83,F,1,40,Sat,0,Long_Distance
shopping,812.02,F,1,27,Sat,1,Long_Distance
shopping,798.82,F,1,27,Sat,1,Long_Distance
travel,12.3,F,1,21,Sat,1,Commute
grocery,117.39,F,1,27,Sat,1,Long_Distance
shopping,948.34,F,1,40,Sat,1,Long_Distance
shopping,866.74,F,1,40,Sat,2,Commute
misc,788.22,F,1,21,Sat,2,Commute
entertainment,489.76,F,1,27,Sat,3,Regional
shopping,1044.1,F,1,32,Sat,5,Long_Distance
misc,940.87,F,1,32,Sat,6,Long_Distance
health,20.16,F,1,32,Sat,18,Regional
grocery,120.93,F,1,32,Sat,18,Local
shopping,1106.9,F,1,21,Sat,19,Commute
shopping,1062.8,F,1,21,Sat,23,Long_Distance
home,21.18,F,1,32,Sat,23,Long_Distance
shopping,1289.07,F,1,21,Sat,23,Long_Distance
home,252.55,F,1,40,Sat,23,Commute
personal,16.49,F,1,27,Sat,23,Long_Distance
shopping,1031.24,F,1,21,Sat,23,Commute
personal,19.89,F,1,40,Sat,23,Long_Distance
misc,840.37,F,1,40,Sun,0,Commute
shopping,1012.73,F,1,28,Sun,0,Commute
grocery,6.42,F,1,28,Sun,0,Commute
grocery,319.4,F,1,77,Sun,1,Long_Distance
travel,20.29,F,1,77,Sun,1,Regional
shopping,952.58,F,1,32,Sun,1,Long_Distance
shopping,1110.42,F,1,28,Sun,1,Long_Distance
misc,757.26,F,1,32,Sun,2,Regional
shopping,1121.62,F,1,40,Sun,2,Long_Distance
grocery,390.9,F,1,32,Sun,3,Remote
misc,796.91,F,1,28,Sun,3,Commute
shopping,1043.67,F,1,32,Sun,3,Long_Distance
grocery,342.49,F,1,77,Sun,3,Long_Distance
grocery,296.3,F,1,77,Sun,5,Long_Distance
misc,766.59,F,1,77,Sun,15,Regional
shopping,799.05,F,1,77,Sun,21,Regional
entertainment,623.87,F,1,32,Sun,22,Commute
misc,832.61,F,1,77,Sun,22,Regional
misc,49.47,F,1,62,Sun,22,Long_Distance
shopping,989.37,F,1,40,Sun,22,Regional
travel,8.73,F,1,32,Sun,22,Regional
personal,43.04,F,1,62,Sun,22,Regional
grocery,122.94,F,1,32,Sun,22,Long_Distance
health,15.18,F,1,28,Sun,23,Regional
health,22.36,F,1,77,Sun,23,Regional
grocery,339.79,F,1,62,Sun,23,Regional
shopping,652.05,F,1,40,Sun,23,Commute
home,23.2,F,1,40,Sun,23,Commute
grocery,302.26,F,1,62,Sun,23,Long_Distance
entertainment,589.11,F,1,62,Sun,23,Long_Distance
personal,51.5,F,1,62,Sun,23,Commute
grocery,284.46,F,1,67,Mon,0,Long_Distance
grocery,300.93,F,1,67,Mon,0,Regional
grocery,285.35,F,1,67,Mon,0,Local
travel,20.3,F,1,77,Mon,0,Long_Distance
shopping,887.35,F,1,41,Mon,1,Commute
grocery,15.84,M,1,49,Mon,2,Commute
travel,19.66,M,1,49,Mon,3,Long_Distance
grocery,353.14,F,1,62,Mon,3,Long_Distance
travel,7.14,F,1,67,Mon,3,Local
travel,9.15,F,1,67,Mon,3,Remote
shopping,961.7,F,1,28,Mon,3,Regional
grocery,316.31,M,1,53,Mon,5,Regional
misc,765.93,F,1,67,Mon,16,Long_Distance
personal,22.0,F,1,67,Mon,17,Regional
shopping,1050.27,M,1,53,Mon,21,Regional
shopping,1122.93,F,1,77,Mon,21,Long_Distance
grocery,328.02,M,1,53,Mon,22,Regional
travel,7.84,M,1,53,Mon,22,Remote
shopping,1031.45,M,1,53,Mon,22,Regional
grocery,319.76,F,1,62,Mon,22,Long_Distance
home,443.25,M,1,49,Mon,22,Commute
shopping,1166.02,M,1,49,Mon,22,Long_Distance
personal,23.43,F,1,28,Mon,22,Commute
misc,725.12,M,1,53,Mon,22,Regional
home,274.6,F,1,41,Mon,22,Long_Distance
grocery,345.48,M,1,49,Mon,22,Long_Distance
grocery,315.77,F,1,77,Mon,22,Long_Distance
shopping,1023.02,F,1,62,Mon,22,Commute
misc,917.12,F,1,67,Mon,23,Long_Distance
misc,864.17,F,1,62,Mon,23,Commute
shopping,1115.5,F,1,67,Mon,23,Commute
entertainment,408.6,M,1,53,Mon,23,Regional
shopping,772.44,F,1,62,Mon,23,Long_Distance
entertainment,537.22,M,1,49,Mon,23,Long_Distance
shopping,961.03,F,1,77,Mon,23,Commute
misc,751.78,F,1,62,Mon,23,Long_Distance
shopping,846.92,M,1,49,Mon,23,Regional
shopping,1039.01,F,1,62,Mon,23,Long_Distance
shopping,1010.05,M,1,49,Mon,23,Long_Distance
shopping,997.29,F,1,62,Mon,23,Regional
grocery,300.81,M,1,53,Tue,0,Regional
grocery,367.59,M,1,49,Tue,1,Commute
grocery,291.88,F,1,67,Tue,1,Long_Distance
misc,686.71,F,1,31,Tue,2,Long_Distance
misc,948.34,F,1,31,Tue,2,Long_Distance
grocery,101.57,F,1,41,Tue,2,Regional
grocery,349.44,F,1,41,Tue,3,Long_Distance
shopping,1074.66,M,1,29,Tue,13,Remote
misc,849.01,M,1,49,Tue,22,Remote
home,21.52,F,1,41,Tue,22,Local
shopping,1097.42,M,1,53,Tue,22,Commute
shopping,876.9,M,1,49,Tue,22,Local
shopping,737.77,M,1,49,Tue,22,Long_Distance
shopping,971.76,M,1,53,Tue,22,Commute
grocery,289.87,M,1,29,Tue,22,Regional
home,17.48,F,1,31,Tue,22,Commute
misc,799.71,F,1,67,Tue,23,Commute
health,23.12,M,1,29,Tue,23,Long_Distance
grocery,110.89,M,1,29,Tue,23,Long_Distance
misc,829.32,M,1,53,Tue,23,Regional
grocery,299.4,F,1,67,Tue,23,Commute
health,18.16,F,1,31,Tue,23,Commute
grocery,336.91,M,1,29,Tue,23,Long_Distance
shopping,990.92,M,1,29,Tue,23,Commute
misc,875.31,M,1,49,Tue,23,Commute
shopping,1161.02,F,1,31,Wed,0,Long_Distance
grocery,283.56,M,1,29,Wed,0,Regional
grocery,352.32,F,1,31,Wed,0,Long_Distance
grocery,285.92,M,1,29,Wed,2,Commute
home,21.01,M,1,29,Wed,15,Long_Distance
shopping,997.13,M,1,29,Wed,22,Regional
shopping,771.42,F,1,31,Wed,22,Commute
shopping,883.87,M,1,29,Wed,22,Commute
home,226.82,F,1,31,Wed,23,Commute
shopping,883.36,M,1,29,Wed,23,Local
shopping,1065.98,M,1,29,Wed,23,Regional
shopping,834.24,F,1,44,Thu,0,Regional
shopping,953.76,F,1,44,Thu,1,Local
shopping,951.41,F,1,44,Thu,1,Long_Distance
grocery,107.36,F,1,43,Thu,2,Long_Distance
grocery,355.27,M,1,73,Thu,3,Regional
misc,6.43,F,1,43,Thu,3,Regional
shopping,1024.16,F,1,43,Thu,5,Commute
grocery,323.91,M,1,73,Thu,5,Commute
travel,9.82,F,1,85,Fri,0,Regional
shopping,913.18,F,1,36,Fri,0,Commute
misc,883.7,F,1,36,Fri,1,Local
shopping,871.53,F,1,43,Fri,1,Commute
entertainment,499.28,F,1,43,Fri,2,Remote
shopping,981.17,F,1,44,Fri,2,Commute
grocery,365.86,F,1,43,Fri,2,Long_Distance
travel,14.05,F,1,85,Fri,3,Long_Distance
personal,21.67,F,1,44,Fri,22,Long_Distance
home,22.52,F,1,43,Fri,22,Long_Distance
home,218.02,F,1,44,Fri,23,Commute
shopping,780.81,M,1,73,Fri,23,Commute
home,6.63,M,1,73,Fri,23,Commute
grocery,105.9,F,1,43,Fri,23,Regional
health,17.95,F,1,36,Fri,23,Long_Distance
home,19.26,F,1,43,Fri,23,Commute
home,296.61,F,1,43,Fri,23,Long_Distance
grocery,310.79,M,1,46,Sat,0,Long_Distance
grocery,319.51,M,1,46,Sat,0,Long_Distance
misc,772.39,F,1,46,Sat,0,Long_Distance
grocery,325.1,F,1,36,Sat,1,Remote
grocery,327.01,M,1,78,Sat,1,Long_Distance
grocery,296.31,F,1,85,Sat,1,Long_Distance
grocery,341.14,F,1,85,Sat,1,Long_Distance
grocery,333.29,M,1,46,Sat,1,Long_Distance
shopping,941.83,F,1,36,Sat,1,Local
shopping,764.95,F,1,46,Sat,3,Long_Distance
travel,17.09,M,1,78,Sat,3,Long_Distance
misc,893.18,M,1,46,Sat,3,Long_Distance
travel,9.94,F,1,36,Sat,3,Regional
grocery,279.46,M,1,78,Sat,9,Long_Distance
home,20.14,F,1,46,Sat,22,Long_Distance
home,6.51,M,1,78,Sat,22,Commute
home,7.27,M,1,78,Sat,22,Long_Distance
health,21.97,F,1,85,Sat,22,Commute
shopping,945.4,M,1,46,Sat,22,Long_Distance
health,19.17,M,1,46,Sat,22,Long_Distance
shopping,817.89,F,1,85,Sat,22,Long_Distance
grocery,313.53,F,1,85,Sat,22,Long_Distance
health,18.15,F,1,46,Sat,22,Commute
shopping,1028.72,F,1,46,Sat,22,Regional
personal,18.8,F,1,46,Sat,23,Long_Distance
health,21.29,F,1,36,Sat,23,Long_Distance
home,298.13,F,1,46,Sat,23,Local
entertainment,577.6,F,1,46,Sat,23,Commute
entertainment,510.95,F,1,46,Sat,23,Long_Distance
misc,818.71,F,1,85,Sat,23,Long_Distance
shopping,883.49,F,1,85,Sat,23,Long_Distance
home,262.93,F,1,36,Sat,23,Commute
entertainment,524.53,M,1,46,Sat,23,Long_Distance
grocery,325.59,F,1,46,Sun,1,Commute
misc,813.21,M,1,46,Sun,3,Commute
misc,818.45,M,1,46,Sun,3,Commute
misc,698.6,F,1,46,Sun,3,Regional
travel,20.86,M,1,78,Sun,3,Regional
shopping,901.28,F,1,46,Sun,8,Long_Distance
grocery,11.29,F,1,62,Sun,11,Regional
travel,17.86,F,1,52,Sun,11,Long_Distance
shopping,957.75,M,1,78,Sun,15,Long_Distance
shopping,1197.23,F,1,62,Sun,17,Commute
misc,8.71,M,1,46,Sun,22,Remote
entertainment,590.55,M,1,78,Sun,22,Regional
shopping,837.97,F,1,46,Sun,22,Local
entertainment,570.24,M,1,78,Sun,22,Long_Distance
home,247.02,F,1,46,Sun,22,Regional
shopping,834.59,M,1,78,Sun,22,Commute
grocery,325.9,F,1,52,Sun,22,Commute
misc,776.34,M,1,78,Sun,22,Commute
shopping,1026.09,F,1,62,Sun,22,Long_Distance
shopping,1001.97,F,1,52,Sun,22,Long_Distance
shopping,831.68,F,1,52,Sun,23,Long_Distance
shopping,885.44,F,1,62,Sun,23,Regional
shopping,989.25,F,1,62,Sun,23,Long_Distance
misc,812.12,F,1,62,Sun,23,Remote
shopping,954.97,M,1,46,Sun,23,Regional
travel,8.27,M,1,41,Mon,0,Local
grocery,300.66,M,1,43,Mon,0,Commute
grocery,318.75,F,1,92,Mon,1,Long_Distance
grocery,265.12,M,1,41,Mon,2,Commute
grocery,315.76,F,1,62,Mon,2,Long_Distance
grocery,301.29,M,1,41,Mon,2,Commute
grocery,341.96,F,1,52,Mon,3,Commute
grocery,281.48,F,1,62,Mon,3,Long_Distance
grocery,270.78,M,1,41,Mon,3,Local
grocery,333.56,F,1,92,Mon,8,Long_Distance
shopping,791.62,F,1,92,Mon,12,Long_Distance
shopping,1155.44,F,1,62,Mon,16,Regional
shopping,669.39,M,1,43,Mon,19,Commute
shopping,877.23,F,1,92,Mon,19,Long_Distance
shopping,808.28,F,1,92,Mon,22,Commute
personal,19.7,F,1,62,Mon,22,Remote
shopping,1058.76,F,1,62,Mon,22,Long_Distance
shopping,1177.64,M,1,41,Mon,22,Long_Distance
shopping,917.79,F,1,92,Mon,22,Remote
grocery,293.39,M,1,43,Mon,22,Long_Distance
misc,759.35,F,1,62,Mon,22,Commute
misc,774.71,M,1,41,Mon,23,Long_Distance
grocery,325.43,F,1,92,Mon,23,Commute
misc,882.81,M,1,43,Mon,23,Long_Distance
shopping,972.02,M,1,41,Mon,23,Regional
misc,841.19,F,1,52,Mon,23,Long_Distance
misc,51.41,F,1,92,Mon,23,Long_Distance
shopping,973.99,M,1,43,Mon,23,Commute
personal,49.3,F,1,52,Mon,23,Long_Distance
shopping,1115.07,M,1,43,Mon,23,Long_Distance
grocery,326.57,M,1,43,Mon,23,Long_Distance
misc,729.29,M,1,41,Mon,23,Regional
grocery,302.07,M,1,41,Tue,0,Long_Distance
travel,11.0,M,1,43,Tue,2,Long_Distance
grocery,293.09,M,1,41,Tue,2,Regional
travel,9.12,M,1,43,Tue,3,Commute
grocery,286.93,M,1,43,Tue,9,Commute
misc,917.85,F,1,92,Tue,12,Long_Distance
misc,938.89,M,1,41,Tue,13,Long_Distance
shopping,814.54,M,1,59,Tue,14,Long_Distance
misc,793.37,F,1,92,Tue,16,Long_Distance
misc,808.97,F,1,66,Tue,22,Regional
shopping,940.37,M,1,59,Tue,22,Commute
shopping,977.42,F,1,66,Tue,22,Commute
shopping,1055.57,M,1,43,Tue,22,Regional
shopping,940.77,F,1,66,Tue,22,Regional
shopping,916.24,M,1,59,Tue,22,Regional
misc,699.76,F,1,92,Tue,22,Long_Distance
shopping,1195.5,M,1,43,Tue,22,Long_Distance
shopping,1130.56,M,1,41,Tue,23,Regional
misc,802.49,M,1,59,Tue,23,Long_Distance
shopping,863.66,F,1,92,Tue,23,Long_Distance
grocery,279.22,M,1,59,Tue,23,Remote
misc,752.56,M,1,59,Tue,23,Long_Distance
shopping,1203.86,M,1,41,Tue,23,Commute
grocery,291.24,F,1,67,Wed,3,Long_Distance
shopping,834.49,M,1,60,Wed,22,Regional
misc,764.92,M,1,60,Wed,23,Regional
grocery,259.57,M,1,66,Thu,1,Regional
grocery,316.64,M,1,66,Thu,1,Long_Distance
grocery,305.71,M,1,66,Thu,3,Remote
travel,8.91,M,1,66,Fri,0,Long_Distance
travel,11.32,M,1,36,Fri,0,Local
grocery,265.52,M,1,66,Fri,1,Commute
grocery,12.3,M,1,36,Fri,2,Commute
grocery,324.39,M,1,36,Fri,2,Commute
misc,950.46,M,1,45,Fri,3,Commute
grocery,286.46,M,1,66,Fri,22,Regional
misc,737.99,M,1,66,Fri,22,Regional
misc,885.8,M,1,45,Fri,23,Long_Distance
misc,757.9,M,1,66,Fri,23,Regional
shopping,843.72,M,1,45,Fri,23,Remote
grocery,277.45,M,1,36,Sat,0,Commute
misc,777.16,M,1,45,Sat,1,Long_Distance
grocery,286.39,M,1,64,Sat,1,Regional
misc,688.73,F,1,50,Sat,2,Regional
grocery,351.61,F,1,50,Sat,3,Long_Distance
grocery,349.66,F,1,50,Sat,3,Regional
misc,832.04,M,1,45,Sat,3,Commute
grocery,288.72,M,1,45,Sat,3,Regional
travel,8.97,M,1,36,Sat,3,Regional
travel,12.82,M,1,36,Sat,9,Regional
shopping,966.13,M,1,64,Sat,12,Long_Distance
shopping,1051.0,M,1,36,Sat,13,Commute
home,270.5,F,1,50,Sat,15,Long_Distance
shopping,1054.14,M,1,64,Sat,18,Commute
shopping,918.91,M,1,45,Sat,22,Remote
shopping,1061.9,M,1,45,Sat,22,Commute
personal,21.69,F,1,50,Sat,22,Commute
grocery,132.42,M,1,64,Sat,23,Regional
grocery,120.26,M,1,45,Sat,23,Commute
shopping,867.21,M,1,36,Sat,23,Long_Distance
personal,17.83,F,1,50,Sat,23,Commute
home,21.67,M,1,64,Sat,23,Long_Distance
entertainment,519.98,F,1,50,Sat,23,Regional
grocery,311.84,M,1,64,Sun,0,Long_Distance
grocery,301.53,M,1,64,Sun,1,Regional
shopping,799.0,F,1,50,Sun,1,Long_Distance
shopping,927.09,F,1,50,Sun,2,Regional
grocery,355.86,F,1,50,Sun,2,Long_Distance
travel,10.81,F,1,50,Sun,6,Local
personal,20.88,F,1,50,Sun,16,Long_Distance
misc,852.23,M,1,64,Sun,22,Long_Distance
grocery,116.33,F,1,50,Sun,22,Regional
entertainment,437.52,F,1,50,Sun,22,Long_Distance
misc,930.63,M,1,64,Sun,22,Long_Distance
shopping,1000.72,M,1,64,Sun,22,Commute
grocery,320.82,M,1,64,Sun,22,Regional
home,233.7,F,1,50,Sun,22,Long_Distance
grocery,308.87,M,1,26,Mon,1,Commute
grocery,306.14,M,1,26,Mon,3,Commute
shopping,1110.73,M,1,26,Mon,23,Regional
grocery,310.39,M,1,34,Tue,0,Long_Distance
grocery,269.52,F,1,52,Tue,0,Long_Distance
travel,8.75,M,1,26,Tue,1,Long_Distance
grocery,321.12,M,1,26,Tue,2,Long_Distance
grocery,308.55,M,1,26,Tue,4,Commute
shopping,1039.82,M,1,26,Tue,15,Long_Distance
shopping,977.55,F,1,52,Tue,21,Commute
shopping,1042.75,F,1,52,Tue,22,Regional
misc,9.79,F,1,52,Tue,22,Remote
misc,821.36,M,1,34,Tue,22,Remote
misc,851.99,M,1,34,Tue,23,Long_Distance
grocery,311.47,F,1,25,Wed,0,Commute
grocery,300.0,F,1,25,Wed,0,Commute
travel,14.06,M,1,34,Wed,1,Commute
grocery,293.04,M,1,34,Wed,1,Commute
grocery,269.05,F,1,52,Wed,1,Long_Distance
travel,11.99,F,1,25,Wed,2,Commute
personal,18.46,F,1,52,Wed,17,Long_Distance
grocery,281.01,F,1,52,Wed,19,Commute
shopping,1097.05,M,1,34,Wed,22,Long_Distance
shopping,921.03,F,1,25,Wed,22,Long_Distance
shopping,1029.2,F,1,25,Wed,22,Commute
shopping,915.89,F,1,52,Wed,22,Long_Distance
shopping,1031.71,F,1,52,Wed,22,Long_Distance
shopping,1205.11,F,1,25,Wed,22,Commute
misc,845.65,M,1,34,Wed,22,Long_Distance
personal,22.89,M,1,34,Wed,22,Regional
misc,863.23,M,1,34,Wed,23,Long_Distance
misc,853.9,M,1,34,Wed,23,Long_Distance
misc,894.06,F,1,25,Thu,0,Long_Distance
grocery,294.28,F,1,25,Thu,0,Long_Distance
misc,739.41,F,1,25,Thu,1,Regional
misc,695.8,F,1,25,Thu,3,Regional
grocery,310.18,F,1,25,Thu,9,Long_Distance
shopping,1136.81,F,1,25,Thu,16,Commute
shopping,923.03,F,1,25,Thu,20,Commute
shopping,1015.85,F,1,25,Thu,22,Regional
shopping,917.6,F,1,25,Thu,22,Regional
misc,656.05,F,1,35,Fri,2,Commute
shopping,932.95,M,1,41,Fri,12,Regional
home,285.88,F,1,35,Fri,22,Regional
shopping,928.47,M,1,86,Fri,22,Long_Distance
shopping,963.05,M,1,86,Fri,22,Commute
home,15.71,F,1,35,Fri,23,Long_Distance
grocery,274.73,M,1,86,Fri,23,Long_Distance
shopping,958.65,M,1,41,Fri,23,Commute
grocery,333.28,M,1,86,Sat,0,Long_Distance
travel,13.79,M,1,86,Sat,1,Long_Distance
grocery,277.26,M,1,41,Sat,1,Regional
grocery,265.09,M,1,86,Sat,1,Long_Distance
travel,12.71,M,1,41,Sat,1,Regional
entertainment,542.85,F,1,35,Sat,2,Commute
grocery,336.12,F,1,35,Sat,2,Commute
shopping,929.96,F,1,35,Sat,2,Long_Distance
travel,11.4,M,1,86,Sat,7,Commute
misc,871.07,F,1,61,Sat,19,Long_Distance
travel,9.18,F,1,35,Sat,22,Long_Distance
travel,9.76,M,1,86,Sat,22,Regional
home,268.44,F,1,35,Sat,22,Long_Distance
shopping,1014.61,M,1,86,Sat,22,Long_Distance
personal,20.62,F,1,35,Sat,22,Regional
shopping,935.81,M,1,41,Sat,22,Long_Distance
grocery,311.18,M,1,41,Sat,23,Long_Distance
shopping,974.01,M,1,86,Sat,23,Long_Distance
misc,733.23,M,1,41,Sat,23,Remote
shopping,1021.93,M,1,41,Sat,23,Local
grocery,297.9,F,1,51,Sun,0,Regional
grocery,306.06,M,1,37,Sun,2,Regional
travel,7.55,F,1,51,Sun,2,Regional
grocery,314.84,F,1,51,Sun,2,Long_Distance
grocery,305.89,F,1,61,Sun,2,Long_Distance
travel,7.58,M,1,36,Sun,3,Long_Distance
travel,7.13,M,1,36,Sun,4,Long_Distance
shopping,954.21,M,1,37,Sun,12,Long_Distance
shopping,961.01,F,1,61,Sun,12,Commute
shopping,1016.14,F,1,61,Sun,13,Commute
shopping,842.05,M,1,37,Sun,14,Commute
shopping,867.09,M,1,36,Sun,22,Remote
shopping,936.16,F,1,61,Sun,22,Long_Distance
misc,928.08,M,1,36,Sun,22,Long_Distance
shopping,983.82,M,1,36,Sun,22,Commute
shopping,1042.27,M,1,36,Sun,22,Regional
shopping,899.49,F,1,61,Sun,22,Regional
shopping,1018.85,F,1,51,Sun,22,Long_Distance
grocery,281.27,M,1,37,Sun,22,Commute
grocery,292.23,M,1,37,Sun,23,Regional
shopping,1132.52,F,1,51,Sun,23,Local
misc,802.24,M,1,36,Sun,23,Regional
misc,852.03,F,1,61,Sun,23,Commute
shopping,1009.65,F,1,51,Sun,23,Commute
grocery,290.95,M,1,36,Mon,0,Long_Distance
grocery,275.75,F,1,51,Mon,1,Long_Distance
grocery,317.82,M,1,36,Mon,2,Commute
grocery,321.79,M,1,37,Mon,3,Regional
grocery,262.56,M,1,36,Mon,3,Long_Distance
travel,7.98,M,1,36,Mon,6,Commute
entertainment,408.43,M,1,37,Mon,16,Long_Distance
misc,755.51,M,1,37,Mon,18,Long_Distance
shopping,902.1,F,1,51,Mon,22,Long_Distance
shopping,1061.88,F,1,51,Mon,22,Commute
shopping,1029.0,M,1,36,Mon,22,Regional
shopping,1066.01,F,1,51,Mon,23,Regional
shopping,853.04,M,1,36,Mon,23,Long_Distance
shopping,1050.4,F,1,51,Mon,23,Regional
grocery,332.1,F,1,41,Wed,2,Regional
misc,8.96,F,1,41,Wed,3,Regional
grocery,304.27,M,1,25,Wed,3,Long_Distance
misc,797.57,M,1,25,Wed,6,Long_Distance
travel,10.16,M,1,25,Wed,22,Long_Distance
shopping,895.02,M,1,25,Wed,23,Long_Distance
misc,7.99,M,1,25,Wed,23,Commute
shopping,768.07,M,1,25,Wed,23,Long_Distance
grocery,302.18,M,1,25,Thu,1,Long_Distance
grocery,357.62,F,1,66,Thu,3,Commute
shopping,846.06,M,1,25,Thu,23,Commute
grocery,300.29,M,1,29,Fri,0,Remote
grocery,326.29,M,1,55,Fri,1,Regional
grocery,378.97,F,1,48,Fri,2,Long_Distance
grocery,359.01,F,1,48,Fri,2,Regional
travel,9.05,M,1,55,Fri,2,Long_Distance
health,19.97,F,1,48,Fri,13,Commute
home,204.96,M,1,29,Fri,19,Commute
grocery,322.87,F,1,66,Fri,22,Regional
shopping,935.4,M,1,29,Fri,22,Long_Distance
misc,839.41,M,1,55,Fri,22,Local
home,236.24,F,1,48,Fri,22,Commute
shopping,918.5,F,1,66,Fri,23,Long_Distance
grocery,295.37,M,1,55,Fri,23,Long_Distance
grocery,307.02,F,1,66,Fri,23,Regional
misc,836.6,M,1,29,Fri,23,Commute
home,242.02,F,1,48,Fri,23,Long_Distance
shopping,865.63,M,1,55,Fri,23,Long_Distance
personal,21.21,F,1,48,Fri,23,Commute
misc,765.65,M,1,55,Fri,23,Long_Distance
shopping,665.03,F,1,31,Sat,0,Long_Distance
grocery,355.18,F,1,31,Sat,0,Long_Distance
grocery,299.89,M,1,29,Sat,1,Long_Distance
travel,10.59,F,1,46,Sat,1,Long_Distance
grocery,339.38,F,1,48,Sat,2,Long_Distance
shopping,787.72,F,1,48,Sat,2,Commute
shopping,1193.72,F,1,48,Sat,2,Commute
shopping,986.7,F,1,31,Sat,3,Commute
shopping,1040.2,F,1,46,Sat,3,Long_Distance
shopping,606.65,M,1,29,Sat,19,Long_Distance
shopping,1031.94,M,1,55,Sat,22,Commute
grocery,117.75,F,1,48,Sat,22,Commute
shopping,900.74,M,1,29,Sat,22,Long_Distance
home,21.84,F,1,31,Sat,23,Regional
misc,8.76,M,1,55,Sat,23,Regional
shopping,1039.11,M,1,29,Sat,23,Commute
misc,850.47,M,1,55,Sat,23,Local
shopping,732.81,M,1,29,Sat,23,Regional
home,245.64,F,1,48,Sat,23,Commute
shopping,741.07,F,1,46,Sun,0,Long_Distance
shopping,759.29,F,1,31,Sun,0,Remote
grocery,129.11,F,1,43,Sun,0,Long_Distance
grocery,358.76,F,1,46,Sun,2,Local
shopping,1016.4,F,1,43,Sun,2,Regional
entertainment,505.19,F,1,43,Sun,2,Commute
travel,8.33,F,1,46,Sun,2,Regional
misc,705.8,F,1,46,Sun,2,Regional
shopping,792.54,F,1,43,Sun,2,Commute
travel,8.79,F,1,46,Sun,2,Regional
shopping,1057.44,F,1,46,Sun,3,Commute
shopping,988.84,F,1,43,Sun,3,Regional
grocery,380.61,F,1,31,Sun,3,Regional
misc,860.19,F,1,31,Sun,3,Commute
shopping,1019.25,F,1,43,Sun,4,Local
misc,843.72,F,1,31,Sun,5,Regional
grocery,113.53,F,1,31,Sun,22,Long_Distance
health,22.79,F,1,46,Sun,22,Long_Distance
home,18.46,F,1,46,Sun,22,Long_Distance
health,19.67,F,1,31,Sun,23,Long_Distance
grocery,144.98,F,1,43,Mon,0,Long_Distance
shopping,659.61,F,1,43,Mon,1,Regional
misc,880.4,F,1,43,Mon,1,Commute
entertainment,542.43,F,1,43,Mon,2,Commute
grocery,373.36,F,1,43,Mon,2,Commute
grocery,128.17,F,1,43,Mon,6,Regional
shopping,751.85,F,1,43,Mon,8,Local
personal,17.97,F,1,43,Mon,23,Commute
personal,24.08,F,1,43,Mon,23,Commute
home,269.17,F,1,43,Mon,23,Commute
grocery,302.46,M,1,60,Wed,3,Regional
grocery,280.51,M,1,60,Wed,3,Long_Distance
misc,830.24,M,1,60,Wed,22,Commute
personal,20.4,M,1,60,Wed,23,Regional
misc,700.91,M,1,60,Wed,23,Regional
grocery,301.77,M,1,45,Thu,1,Commute
grocery,320.71,M,1,45,Thu,2,Regional
grocery,10.23,M,1,60,Thu,3,Local
travel,10.38,M,1,45,Thu,8,Remote
travel,8.93,M,1,60,Thu,12,Regional
shopping,941.57,M,1,60,Thu,14,Commute
shopping,966.08,M,1,60,Thu,22,Long_Distance
shopping,914.93,M,1,60,Thu,22,Commute
shopping,773.07,F,1,35,Fri,0,Regional
misc,646.51,F,1,35,Fri,2,Regional
grocery,285.54,M,1,45,Fri,3,Commute
grocery,10.95,M,1,45,Fri,6,Local
misc,815.01,F,1,67,Fri,15,Commute
shopping,938.98,M,1,45,Fri,21,Remote
misc,760.11,F,1,67,Fri,21,Commute
shopping,992.37,M,1,45,Fri,22,Long_Distance
grocery,278.65,M,1,45,Fri,23,Long_Distance
misc,829.89,F,1,67,Fri,23,Long_Distance
shopping,754.13,F,1,67,Fri,23,Regional
shopping,858.32,F,1,67,Fri,23,Long_Distance
misc,796.74,F,1,67,Fri,23,Regional
grocery,115.51,F,1,35,Sat,0,Regional
entertainment,463.41,F,1,35,Sat,1,Long_Distance
shopping,1075.31,F,1,35,Sat,5,Long_Distance
misc,50.68,F,1,67,Sat,13,Commute
misc,48.99,F,1,67,Sat,18,Local
shopping,855.14,M,1,30,Sat,22,Regional
misc,809.88,F,1,67,Sat,22,Commute
home,241.43,F,1,35,Sat,22,Commute
shopping,858.59,M,1,30,Sat,23,Long_Distance
shopping,845.71,M,1,30,Sat,23,Commute
shopping,929.0,M,1,30,Sat,23,Regional
grocery,281.23,M,1,30,Sat,23,Long_Distance
travel,10.08,M,1,30,Sun,0,Local
grocery,311.17,M,1,30,Sun,0,Commute
grocery,298.6,M,1,37,Sun,1,Commute
misc,888.17,M,1,37,Sun,1,Long_Distance
travel,12.54,M,1,37,Sun,9,Commute
shopping,947.02,M,1,30,Sun,22,Regional
shopping,818.58,M,1,37,Sun,23,Long_Distance
shopping,833.54,M,1,30,Sun,23,Long_Distance
shopping,959.97,M,1,37,Sun,23,Commute
grocery,316.42,M,1,30,Sun,23,Commute
shopping,959.27,M,1,30,Sun,23,Commute
grocery,9.51,M,1,37,Mon,0,Long_Distance
entertainment,455.12,F,1,43,Mon,2,Commute
travel,7.45,M,1,37,Mon,2,Long_Distance
misc,739.5,F,1,43,Mon,3,Regional
travel,12.29,F,1,43,Mon,22,Regional
shopping,1024.32,M,1,37,Mon,22,Commute
home,19.13,F,1,43,Mon,22,Long_Distance
travel,9.97,F,1,43,Mon,22,Commute
shopping,969.18,M,1,37,Mon,23,Long_Distance
personal,17.76,F,1,43,Mon,23,Regional
entertainment,472.51,M,1,37,Mon,23,Regional
home,21.46,F,1,43,Mon,23,Commute
home,240.94,F,1,43,Mon,23,Long_Distance
shopping,729.0,F,1,43,Tue,0,Commute
home,20.82,F,1,43,Tue,21,Long_Distance
grocery,131.09,F,1,43,Tue,22,Commute
home,248.23,F,1,43,Tue,23,Local
travel,22.22,M,1,54,Wed,0,Long_Distance
grocery,321.77,M,1,54,Wed,3,Commute
grocery,318.43,M,1,54,Wed,4,Long_Distance
shopping,863.97,M,1,54,Wed,15,Commute
shopping,1099.48,M,1,54,Wed,18,Long_Distance
grocery,361.11,M,1,54,Thu,0,Commute
travel,20.86,M,1,63,Thu,1,Long_Distance
grocery,310.24,M,1,54,Thu,8,Long_Distance
entertainment,556.78,M,1,63,Thu,14,Commute
shopping,905.44,M,1,63,Thu,22,Long_Distance
misc,883.63,M,1,54,Thu,22,Remote
shopping,876.6,M,1,54,Thu,22,Long_Distance
misc,681.11,M,1,54,Thu,22,Local
shopping,994.99,M,1,63,Thu,22,Long_Distance
grocery,326.04,M,1,63,Thu,22,Long_Distance
shopping,985.21,M,1,54,Thu,22,Commute
entertainment,389.57,M,1,54,Thu,23,Long_Distance
misc,703.31,M,1,63,Thu,23,Regional
shopping,1080.62,M,1,54,Thu,23,Long_Distance
grocery,283.26,M,1,54,Thu,23,Long_Distance
misc,815.9,M,1,54,Thu,23,Regional
shopping,933.0,M,1,54,Thu,23,Regional
grocery,277.95,F,1,71,Fri,1,Commute
grocery,247.55,M,1,61,Fri,3,Commute
travel,6.65,M,1,61,Fri,3,Commute
grocery,309.2,M,1,83,Fri,3,Regional
shopping,998.9,M,1,83,Fri,18,Regional
misc,7.25,F,1,71,Fri,19,Commute
shopping,1001.9,F,1,71,Fri,22,Commute
shopping,936.55,M,1,54,Fri,22,Long_Distance
shopping,1150.64,M,1,54,Fri,22,Long_Distance
grocery,281.93,F,1,71,Fri,22,Regional
shopping,926.69,F,1,71,Fri,22,Long_Distance
shopping,1031.92,M,1,61,Fri,22,Long_Distance
shopping,856.92,M,1,83,Fri,23,Long_Distance
entertainment,456.06,M,1,61,Fri,23,Long_Distance
shopping,923.77,M,1,54,Fri,23,Long_Distance
travel,18.5,M,1,83,Sat,0,Commute
grocery,125.08,F,1,46,Sat,2,Long_Distance
travel,18.12,M,1,83,Sat,2,Long_Distance
grocery,269.84,F,1,71,Sat,2,Long_Distance
grocery,284.66,M,1,61,Sat,2,Long_Distance
grocery,366.72,M,1,83,Sat,2,Remote
grocery,352.33,F,1,46,Sat,3,Long_Distance
grocery,16.02,M,1,83,Sat,3,Commute
grocery,263.99,M,1,61,Sat,8,Long_Distance
shopping,1011.34,F,1,71,Sat,14,Remote
misc,7.77,M,1,61,Sat,18,Commute
shopping,1101.56,M,1,83,Sat,22,Long_Distance
shopping,964.5,M,1,83,Sat,22,Long_Distance
shopping,1013.79,F,1,71,Sat,22,Long_Distance
personal,18.58,F,1,46,Sat,22,Regional
shopping,879.54,M,1,83,Sat,22,Long_Distance
shopping,748.92,M,1,83,Sat,22,Regional
misc,938.77,M,1,83,Sat,23,Commute
health,19.62,F,1,71,Sat,23,Regional
misc,818.62,M,1,61,Sat,23,Commute
shopping,946.12,F,1,71,Sat,23,Long_Distance
shopping,862.12,F,1,46,Sun,0,Regional
grocery,296.99,F,1,22,Sun,0,Long_Distance
grocery,304.86,F,1,22,Sun,1,Long_Distance
misc,736.61,F,1,46,Sun,1,Commute
grocery,286.36,F,1,22,Sun,1,Commute
grocery,282.42,F,1,22,Sun,1,Commute
grocery,352.89,F,1,46,Sun,2,Long_Distance
entertainment,498.19,F,1,46,Sun,2,Regional
travel,8.75,F,1,22,Sun,3,Commute
shopping,946.81,F,1,46,Sun,3,Commute
grocery,320.52,F,1,46,Sun,3,Long_Distance
grocery,322.33,F,1,22,Sun,8,Regional
grocery,315.26,F,1,22,Sun,11,Remote
shopping,877.46,F,1,22,Sun,22,Commute
home,245.73,F,1,46,Sun,22,Regional
grocery,124.99,F,1,46,Sun,22,Long_Distance
health,20.8,F,1,46,Sun,22,Long_Distance
home,17.71,F,1,46,Sun,22,Regional
shopping,1202.36,F,1,22,Sun,22,Long_Distance
home,20.53,F,1,46,Sun,23,Long_Distance
shopping,1026.35,F,1,22,Sun,23,Long_Distance
shopping,1011.53,F,1,22,Sun,23,Commute
grocery,317.76,F,1,22,Mon,0,Commute
grocery,327.8,F,1,59,Mon,0,Long_Distance
grocery,13.28,F,1,73,Mon,1,Commute
grocery,272.83,M,1,69,Mon,1,Commute
grocery,303.74,F,1,22,Mon,1,Long_Distance
grocery,327.52,M,1,69,Mon,1,Long_Distance
travel,10.7,F,1,22,Mon,1,Long_Distance
misc,8.09,M,1,69,Mon,15,Commute
misc,6.65,M,1,69,Mon,22,Regional
misc,761.27,F,1,59,Mon,22,Long_Distance
shopping,995.11,F,1,22,Mon,22,Long_Distance
shopping,988.01,M,1,69,Mon,22,Commute
shopping,1008.29,F,1,73,Mon,22,Local
travel,2.78,F,1,59,Mon,23,Commute
personal,47.23,F,1,59,Mon,23,Long_Distance
shopping,1072.86,F,1,59,Mon,23,Long_Distance
shopping,1045.75,M,1,69,Mon,23,Long_Distance
misc,924.21,F,1,59,Mon,23,Commute
grocery,335.13,F,1,59,Tue,0,Regional
grocery,331.73,F,1,73,Tue,0,Long_Distance
grocery,306.63,F,1,73,Tue,3,Regional
shopping,1145.83,M,1,69,Tue,22,Commute
shopping,893.46,M,1,69,Tue,22,Commute
misc,8.48,M,1,69,Tue,23,Long_Distance
grocery,287.52,M,1,35,Fri,1,Commute
grocery,306.43,M,1,35,Fri,2,Regional
grocery,9.47,M,1,35,Fri,2,Commute
shopping,890.66,F,1,35,Fri,2,Long_Distance
shopping,846.35,F,1,35,Fri,2,Commute
grocery,309.99,M,1,35,Fri,2,Commute
misc,785.08,M,1,35,Fri,2,Regional
misc,806.03,F,1,35,Fri,3,Regional
shopping,899.05,M,1,35,Fri,22,Long_Distance
health,22.9,M,1,35,Fri,22,Regional
health,20.94,F,1,35,Fri,23,Commute
grocery,252.79,M,1,35,Sat,0,Long_Distance
shopping,727.2,F,1,35,Sat,0,Commute
grocery,298.98,F,1,56,Sat,0,Commute
misc,842.63,F,1,35,Sat,1,Regional
grocery,282.31,M,1,45,Sat,1,Long_Distance
grocery,288.67,M,1,45,Sat,2,Long_Distance
shopping,921.14,F,1,35,Sat,5,Long_Distance
shopping,915.56,M,1,45,Sat,22,Long_Distance
shopping,973.1,F,1,56,Sat,22,Long_Distance
home,217.24,F,1,35,Sat,22,Commute
shopping,1001.38,M,1,45,Sat,22,Long_Distance
shopping,995.86,M,1,35,Sat,23,Commute
misc,839.31,M,1,35,Sat,23,Commute
shopping,962.61,F,1,56,Sat,23,Regional
grocery,282.31,M,1,45,Sun,0,Regional
grocery,281.57,M,1,45,Sun,0,Commute
travel,9.89,F,1,56,Sun,0,Long_Distance
grocery,299.61,M,1,45,Sun,2,Remote
travel,6.26,F,1,56,Sun,3,Commute
grocery,274.28,M,1,45,Sun,3,Commute
grocery,337.11,M,1,45,Sun,3,Long_Distance
misc,7.7,F,1,56,Sun,19,Long_Distance
travel,10.93,M,1,45,Sun,20,Long_Distance
shopping,875.77,M,1,45,Sun,22,Long_Distance
travel,9.75,F,1,56,Sun,22,Long_Distance
shopping,974.6,F,1,56,Sun,23,Commute
shopping,881.47,M,1,45,Sun,23,Commute
travel,21.74,F,1,92,Mon,7,Long_Distance
grocery,304.91,F,1,92,Mon,7,Regional
grocery,301.08,F,1,92,Mon,22,Regional
shopping,733.98,F,1,92,Mon,22,Commute
shopping,1100.0,F,1,92,Mon,22,Commute
misc,709.61,F,1,92,Mon,23,Regional
entertainment,645.21,F,1,92,Mon,23,Long_Distance
misc,764.72,F,1,92,Mon,23,Long_Distance
misc,739.44,F,1,49,Tue,1,Regional
grocery,349.58,F,1,49,Tue,1,Long_Distance
shopping,718.89,F,1,49,Tue,1,Regional
misc,895.96,F,1,49,Tue,2,Regional
grocery,355.09,F,1,49,Tue,2,Commute
entertainment,584.94,F,1,92,Tue,22,Regional
home,248.97,F,1,49,Tue,22,Regional
shopping,936.08,F,1,92,Tue,22,Regional
travel,3.1,F,1,92,Tue,23,Long_Distance
entertainment,457.21,F,1,49,Wed,0,Local
shopping,942.21,F,1,49,Wed,1,Commute
shopping,1009.11,F,1,49,Wed,1,Regional
shopping,982.68,F,1,49,Wed,2,Regional
grocery,353.7,F,1,49,Wed,3,Regional
grocery,300.43,F,1,72,Thu,3,Long_Distance
misc,833.85,F,1,72,Thu,22,Long_Distance
misc,868.58,F,1,72,Thu,23,Regional
misc,857.84,F,1,72,Thu,23,Long_Distance
grocery,320.56,F,1,72,Fri,0,Commute
grocery,343.12,F,1,64,Fri,1,Commute
grocery,319.09,F,1,64,Fri,1,Commute
grocery,296.72,F,1,64,Fri,2,Long_Distance
grocery,15.55,F,1,64,Fri,3,Long_Distance
grocery,313.89,F,1,72,Fri,3,Local
home,6.76,F,1,64,Fri,12,Long_Distance
shopping,932.73,F,1,64,Fri,14,Regional
shopping,1139.52,F,1,72,Fri,15,Long_Distance
shopping,1013.9,F,1,72,Fri,17,Commute
shopping,1036.15,F,1,72,Fri,21,Commute
personal,50.43,F,1,64,Fri,22,Long_Distance
shopping,906.95,F,1,72,Fri,23,Long_Distance
misc,891.19,M,1,40,Sat,0,Long_Distance
grocery,267.75,M,1,40,Sat,1,Commute
grocery,283.6,M,1,40,Sat,1,Long_Distance
misc,750.98,M,1,40,Sat,2,Remote
travel,19.06,F,1,64,Sat,2,Commute
grocery,305.45,M,1,40,Sat,7,Long_Distance
shopping,863.14,F,1,64,Sat,17,Commute
shopping,866.93,M,1,40,Sat,18,Long_Distance
entertainment,434.76,M,1,92,Sat,20,Commute
shopping,956.59,M,1,92,Sat,22,Long_Distance
misc,821.67,F,1,64,Sat,22,Commute
shopping,906.86,F,1,64,Sat,22,Commute
shopping,972.15,F,1,64,Sat,22,Long_Distance
misc,698.9,F,1,64,Sat,22,Long_Distance
shopping,855.07,M,1,92,Sat,23,Commute
misc,719.38,M,1,92,Sat,23,Commute
grocery,112.09,F,1,64,Sat,23,Regional
shopping,899.14,M,1,92,Sat,23,Commute
grocery,262.35,M,1,40,Sun,2,Regional
travel,7.62,M,1,40,Sun,3,Regional
home,244.03,M,1,92,Sun,22,Long_Distance
shopping,736.9,M,1,40,Sun,22,Regional
shopping,895.43,M,1,92,Sun,23,Regional
shopping,886.88,M,1,92,Sun,23,Long_Distance
misc,754.16,M,1,92,Sun,23,Long_Distance
misc,8.51,M,1,40,Sun,23,Long_Distance
misc,906.03,M,1,92,Sun,23,Long_Distance
shopping,924.6,M,1,40,Sun,23,Remote
misc,761.08,F,1,25,Mon,2,Regional
misc,714.34,F,1,25,Mon,2,Long_Distance
grocery,362.28,F,1,25,Mon,3,Long_Distance
home,16.98,F,1,25,Mon,22,Long_Distance
entertainment,470.75,F,1,25,Mon,23,Long_Distance
home,18.95,F,1,25,Mon,23,Commute
grocery,309.88,F,1,25,Tue,0,Regional
misc,669.15,F,1,25,Tue,10,Regional
shopping,832.6,F,1,25,Tue,23,Regional
grocery,326.42,M,1,69,Wed,0,Long_Distance
grocery,283.02,F,1,52,Wed,0,Commute
travel,19.04,M,1,69,Wed,3,Long_Distance
travel,18.86,M,1,69,Wed,3,Commute
shopping,1010.53,F,1,52,Wed,17,Long_Distance
shopping,1146.72,F,1,52,Wed,22,Commute
misc,1045.4,F,1,52,Wed,22,Long_Distance
misc,749.12,M,1,69,Wed,22,Commute
shopping,1048.8,M,1,69,Wed,23,Long_Distance
misc,852.75,M,1,69,Wed,23,Commute
grocery,300.37,M,1,69,Thu,0,Regional
travel,10.57,F,1,52,Thu,0,Commute
travel,7.73,F,1,52,Thu,0,Commute
grocery,293.05,M,1,33,Thu,1,Long_Distance
grocery,339.39,M,1,69,Thu,1,Commute
grocery,330.07,M,1,69,Thu,1,Commute
grocery,312.44,M,1,69,Thu,1,Commute
grocery,312.06,M,1,33,Thu,3,Long_Distance
grocery,344.93,F,1,60,Thu,5,Commute
shopping,796.29,F,1,60,Thu,13,Long_Distance
entertainment,666.29,F,1,60,Thu,14,Local
shopping,957.32,F,1,52,Thu,21,Long_Distance
shopping,1187.81,M,1,33,Thu,21,Remote
shopping,975.64,F,1,52,Thu,22,Long_Distance
misc,740.52,F,1,52,Thu,22,Commute
shopping,850.2,F,1,60,Thu,22,Local
shopping,959.62,F,1,52,Thu,22,Regional
misc,766.14,F,1,52,Thu,22,Local
shopping,976.94,F,1,52,Thu,22,Regional
shopping,1121.57,M,1,30,Thu,22,Regional
shopping,1082.52,F,1,60,Thu,22,Long_Distance
shopping,1058.62,M,1,33,Thu,22,Long_Distance
shopping,1197.66,M,1,33,Thu,23,Long_Distance
misc,881.95,F,1,52,Thu,23,Commute
misc,952.71,M,1,69,Thu,23,Commute
grocery,15.46,M,1,53,Fri,0,Long_Distance
grocery,303.92,M,1,33,Fri,0,Regional
travel,8.09,F,1,52,Fri,0,Commute
grocery,261.74,M,1,33,Fri,1,Long_Distance
misc,744.47,M,1,33,Fri,1,Long_Distance
grocery,279.74,M,1,30,Fri,1,Commute
misc,934.61,M,1,30,Fri,1,Regional
travel,10.65,M,1,33,Fri,1,Commute
grocery,256.61,F,1,52,Fri,2,Commute
grocery,296.31,M,1,30,Fri,2,Regional
grocery,331.61,M,1,53,Fri,3,Commute
personal,49.1,M,1,53,Fri,14,Long_Distance
misc,771.86,F,1,52,Fri,17,Regional
misc,810.12,F,1,52,Fri,22,Long_Distance
shopping,843.5,M,1,33,Fri,22,Commute
shopping,919.04,F,1,60,Fri,22,Remote
shopping,1049.13,F,1,52,Fri,22,Long_Distance
shopping,1065.56,M,1,30,Fri,22,Long_Distance
grocery,333.2,M,1,53,Fri,22,Regional
misc,8.01,F,1,62,Fri,23,Commute
misc,795.14,F,1,52,Fri,23,Regional
shopping,1203.08,M,1,53,Fri,23,Commute
shopping,911.2,M,1,30,Fri,23,Regional
shopping,933.51,F,1,52,Fri,23,Regional
misc,740.22,F,1,52,Fri,23,Long_Distance
shopping,740.88,M,1,30,Fri,23,Regional
shopping,795.17,M,1,33,Fri,23,Long_Distance
shopping,948.65,F,1,60,Fri,23,Commute
travel,11.14,F,1,62,Sat,0,Regional
travel,12.44,F,1,62,Sat,0,Regional
travel,11.92,M,1,45,Sat,1,Long_Distance
travel,8.47,F,1,62,Sat,1,Long_Distance
grocery,277.43,M,1,45,Sat,3,Long_Distance
grocery,274.29,F,1,62,Sat,3,Regional
home,22.44,F,1,62,Sat,22,Long_Distance
misc,760.67,M,1,53,Sat,22,Commute
grocery,124.56,F,1,62,Sat,22,Long_Distance
shopping,1006.25,F,1,62,Sat,22,Long_Distance
misc,758.93,M,1,45,Sat,23,Regional
misc,831.25,M,1,45,Sat,23,Long_Distance
misc,805.42,F,1,62,Sat,23,Long_Distance
misc,668.2,M,1,53,Sat,23,Remote
shopping,753.34,M,1,45,Sat,23,Long_Distance
personal,48.98,M,1,53,Sat,23,Long_Distance
shopping,1000.0,F,1,62,Sat,23,Commute
travel,13.81,M,1,45,Sun,1,Long_Distance
travel,11.15,M,1,45,Sun,1,Commute
grocery,292.64,M,1,53,Sun,10,Long_Distance
shopping,1170.45,M,1,45,Sun,22,Regional
shopping,891.66,M,1,45,Sun,23,Long_Distance
misc,715.01,M,1,45,Sun,23,Regional
travel,12.32,M,1,45,Sun,23,Local
shopping,779.75,M,1,45,Sun,23,Long_Distance
shopping,1010.72,M,1,53,Sun,23,Regional
shopping,848.7,M,1,53,Sun,23,Regional
grocery,338.44,M,1,53,Sun,23,Regional
home,18.01,M,1,45,Sun,23,Remote
shopping,1070.81,M,1,53,Sun,23,Remote
grocery,12.73,M,1,53,Mon,2,Regional
misc,759.92,M,1,53,Mon,22,Regional
misc,50.26,M,1,53,Mon,23,Commute
shopping,1071.55,M,1,53,Mon,23,Long_Distance
misc,844.8,M,1,53,Mon,23,Regional
shopping,989.44,M,1,53,Mon,23,Long_Distance
grocery,282.4,F,1,21,Tue,1,Long_Distance
grocery,300.89,F,1,21,Tue,2,Regional
grocery,288.03,F,1,21,Tue,8,Commute
misc,905.07,F,1,21,Tue,22,Long_Distance
shopping,1006.38,F,1,21,Tue,22,Commute
misc,748.18,F,1,21,Tue,22,Long_Distance
misc,724.88,F,1,21,Tue,23,Long_Distance
shopping,974.87,F,1,21,Wed,22,Long_Distance
grocery,300.31,M,1,46,Thu,0,Regional
travel,9.18,F,1,30,Thu,0,Regional
travel,13.14,F,1,30,Thu,0,Local
shopping,997.49,F,1,30,Thu,0,Regional
grocery,298.45,M,1,46,Thu,0,Regional
grocery,9.01,M,1,46,Thu,1,Long_Distance
shopping,794.74,F,1,30,Thu,1,Long_Distance
shopping,766.77,F,1,30,Thu,1,Regional
grocery,286.4,F,1,61,Thu,1,Regional
grocery,314.47,F,1,61,Thu,2,Long_Distance
grocery,294.73,M,1,58,Thu,2,Regional
grocery,321.87,M,1,58,Thu,3,Long_Distance
grocery,341.21,F,1,30,Thu,3,Long_Distance
grocery,17.3,M,1,58,Thu,3,Long_Distance
shopping,1154.83,F,1,30,Thu,10,Long_Distance
shopping,753.61,M,1,58,Thu,14,Long_Distance
home,22.98,F,1,61,Thu,16,Long_Distance
misc,763.37,F,1,61,Thu,16,Remote
shopping,765.34,M,1,46,Thu,22,Long_Distance
home,259.52,F,1,30,Thu,22,Long_Distance
shopping,1029.22,F,1,61,Thu,22,Regional
misc,752.36,M,1,46,Thu,22,Long_Distance
home,248.66,F,1,30,Thu,23,Commute
home,247.96,F,1,30,Thu,23,Commute
misc,672.71,F,1,61,Thu,23,Long_Distance
misc,736.87,M,1,46,Thu,23,Regional
misc,807.09,F,1,30,Fri,0,Regional
shopping,856.76,F,1,30,Fri,0,Long_Distance
grocery,334.1,F,1,30,Fri,1,Regional
travel,17.3,F,1,57,Fri,1,Regional
travel,22.1,M,1,58,Fri,2,Regional
grocery,355.06,F,1,30,Fri,2,Long_Distance
grocery,12.6,F,1,57,Fri,2,Regional
travel,13.93,M,1,46,Fri,3,Long_Distance
shopping,1075.51,F,1,30,Fri,11,Long_Distance
shopping,932.02,F,1,61,Fri,18,Commute
shopping,873.31,F,1,61,Fri,20,Commute
misc,847.22,F,1,61,Fri,21,Regional
grocery,339.6,M,1,58,Fri,22,Commute
home,16.81,M,1,46,Fri,22,Regional
entertainment,458.41,M,1,46,Fri,22,Long_Distance
shopping,1032.55,M,1,46,Fri,22,Commute
shopping,1088.26,M,1,58,Fri,22,Regional
shopping,1061.58,M,1,58,Fri,22,Regional
shopping,1140.22,M,1,46,Fri,22,Long_Distance
misc,811.86,M,1,46,Fri,23,Regional
home,221.76,F,1,30,Fri,23,Regional
shopping,870.25,F,1,57,Fri,23,Long_Distance
grocery,311.78,F,1,63,Sun,0,Regional
grocery,321.73,F,1,32,Sun,0,Local
grocery,317.09,F,1,57,Sun,0,Commute
grocery,306.45,F,1,57,Sun,1,Long_Distance
shopping,1124.48,F,1,32,Sun,1,Commute
grocery,11.72,M,1,49,Sun,2,Long_Distance
grocery,376.59,F,1,32,Sun,2,Commute
grocery,317.61,F,1,63,Sun,2,Long_Distance
grocery,299.02,F,1,57,Sun,3,Commute
shopping,1113.79,F,1,32,Sun,6,Regional
grocery,326.86,F,1,57,Sun,10,Commute
misc,845.41,F,1,57,Sun,16,Long_Distance
travel,8.58,F,1,32,Sun,22,Commute
shopping,1083.8,M,1,49,Sun,22,Long_Distance
shopping,1037.39,M,1,49,Sun,22,Long_Distance
grocery,317.53,F,1,57,Sun,23,Long_Distance
shopping,1022.18,F,1,63,Sun,23,Long_Distance
home,20.41,F,1,32,Sun,23,Commute
misc,702.33,F,1,63,Sun,23,Long_Distance
grocery,320.41,M,1,49,Mon,0,Commute
shopping,1055.35,F,1,32,Mon,0,Commute
grocery,292.53,M,1,36,Mon,0,Long_Distance
grocery,327.98,M,1,36,Mon,1,Long_Distance
shopping,786.02,F,1,32,Mon,1,Long_Distance
grocery,309.97,M,1,36,Mon,1,Commute
misc,735.44,F,1,32,Mon,2,Regional
grocery,8.17,M,1,49,Mon,2,Long_Distance
travel,8.01,M,1,49,Mon,2,Regional
travel,11.1,F,1,32,Mon,2,Regional
grocery,341.3,F,1,32,Mon,3,Long_Distance
shopping,1073.89,F,1,32,Mon,3,Regional
shopping,968.03,F,1,63,Mon,13,Long_Distance
entertainment,476.62,M,1,49,Mon,13,Long_Distance
misc,735.45,M,1,49,Mon,18,Long_Distance
shopping,958.88,M,1,49,Mon,20,Remote
shopping,1008.0,M,1,36,Mon,22,Regional
personal,21.24,F,1,32,Mon,22,Long_Distance
shopping,964.64,F,1,63,Mon,22,Commute
grocery,111.61,F,1,32,Mon,22,Long_Distance
shopping,978.97,F,1,63,Mon,22,Long_Distance
misc,8.58,M,1,36,Mon,22,Long_Distance
grocery,303.13,F,1,63,Mon,22,Commute
misc,820.89,F,1,63,Mon,22,Long_Distance
misc,1004.26,M,1,49,Mon,22,Regional
shopping,754.16,M,1,36,Mon,23,Long_Distance
shopping,829.79,M,1,36,Mon,23,Long_Distance
grocery,12.53,M,1,36,Tue,1,Long_Distance
grocery,331.0,M,1,46,Tue,2,Regional
misc,881.09,M,1,46,Tue,10,Commute
shopping,900.4,M,1,46,Tue,16,Long_Distance
shopping,1030.28,M,1,36,Tue,19,Long_Distance
shopping,876.6,M,1,46,Tue,22,Long_Distance
shopping,953.89,M,1,46,Tue,22,Regional
misc,8.78,M,1,46,Tue,23,Long_Distance
shopping,1033.53,M,1,46,Tue,23,Commute
shopping,1008.54,F,1,49,Wed,0,Long_Distance
grocery,350.48,F,1,49,Wed,1,Long_Distance
misc,873.73,F,1,49,Wed,1,Long_Distance
grocery,319.55,M,1,46,Wed,9,Regional
misc,796.55,M,1,46,Wed,23,Regional
personal,19.9,F,1,49,Wed,23,Regional
shopping,835.85,F,1,49,Thu,0,Regional
grocery,344.49,F,1,49,Thu,3,Commute
shopping,1201.24,F,1,49,Thu,7,Regional
personal,21.25,F,1,49,Thu,22,Long_Distance
home,253.93,F,1,49,Thu,22,Regional
home,277.72,F,1,49,Thu,22,Long_Distance
home,19.41,F,1,49,Thu,23,Long_Distance
home,24.09,F,1,49,Thu,23,Long_Distance
grocery,384.91,F,1,32,Sat,1,Regional
misc,800.91,F,1,32,Sat,2,Commute
travel,10.02,F,1,32,Sat,2,Regional
travel,22.22,F,1,91,Sat,8,Commute
health,19.06,F,1,32,Sat,22,Long_Distance
home,20.19,F,1,32,Sat,22,Long_Distance
grocery,115.37,F,1,32,Sat,23,Regional
misc,802.05,F,1,32,Sun,0,Regional
travel,18.96,F,1,91,Sun,0,Regional
shopping,976.26,F,1,32,Sun,1,Long_Distance
grocery,303.31,F,1,57,Sun,3,Regional
home,19.8,F,1,57,Sun,12,Long_Distance
travel,10.62,F,1,32,Sun,13,Regional
grocery,129.81,F,1,32,Sun,15,Commute
shopping,756.81,F,1,57,Sun,16,Regional
home,17.36,F,1,32,Sun,19,Remote
entertainment,504.18,F,1,32,Sun,22,Long_Distance
misc,830.09,F,1,57,Sun,22,Commute
shopping,1087.53,F,1,91,Sun,22,Regional
shopping,991.22,F,1,91,Sun,22,Regional
home,279.43,F,1,32,Sun,23,Long_Distance
personal,23.71,F,1,32,Sun,23,Long_Distance
travel,9.6,F,1,57,Mon,0,Commute
grocery,294.91,F,1,57,Mon,1,Commute
grocery,292.57,F,1,57,Mon,7,Commute
travel,11.56,F,1,57,Mon,22,Regional
misc,668.01,F,1,57,Mon,22,Remote
shopping,938.92,F,1,57,Mon,23,Long_Distance
misc,882.02,F,1,57,Mon,23,Long_Distance
grocery,339.83,F,1,48,Tue,0,Regional
shopping,991.51,F,1,48,Tue,1,Regional
travel,7.61,F,1,48,Tue,1,Regional
grocery,289.37,M,1,36,Tue,3,Regional
misc,690.49,F,1,48,Tue,3,Regional
grocery,324.74,M,1,36,Tue,4,Long_Distance
grocery,331.33,F,1,48,Tue,4,Regional
grocery,356.2,F,1,48,Tue,8,Commute
home,249.56,F,1,48,Tue,12,Remote
grocery,123.13,F,1,48,Tue,19,Regional
shopping,1047.6,M,1,36,Tue,19,Long_Distance
entertainment,527.58,F,1,48,Tue,20,Long_Distance
shopping,1258.38,M,1,36,Tue,22,Remote
entertainment,509.5,M,1,36,Tue,22,Commute
shopping,852.52,M,1,36,Tue,22,Long_Distance
shopping,672.46,M,1,36,Tue,23,Long_Distance
shopping,983.68,M,1,36,Tue,23,Long_Distance
home,20.59,F,1,48,Tue,23,Regional
misc,849.21,M,1,36,Wed,0,Regional
grocery,346.99,F,1,48,Wed,1,Regional
grocery,7.41,F,1,37,Wed,2,Regional
misc,784.85,F,1,48,Wed,9,Long_Distance
shopping,829.62,F,1,48,Wed,10,Long_Distance
shopping,1124.39,F,1,37,Wed,11,Regional
home,243.3,F,1,37,Wed,17,Long_Distance
shopping,1093.28,M,1,30,Wed,19,Commute
home,23.72,F,1,37,Wed,20,Commute
grocery,347.52,M,1,30,Wed,20,Commute
home,243.63,F,1,48,Wed,20,Long_Distance
shopping,876.63,F,1,48,Wed,22,Local
shopping,882.45,F,1,53,Wed,22,Long_Distance
personal,23.42,F,1,37,Wed,22,Regional
shopping,795.98,F,1,53,Wed,22,Commute
entertainment,515.79,F,1,48,Wed,22,Regional
shopping,1067.57,M,1,36,Wed,22,Commute
entertainment,535.23,M,1,36,Wed,22,Regional
shopping,1006.41,M,1,30,Wed,23,Regional
misc,753.33,F,1,53,Wed,23,Commute
shopping,1082.35,F,1,53,Wed,23,Long_Distance
misc,950.14,M,1,30,Wed,23,Commute
grocery,299.98,M,1,27,Thu,0,Commute
travel,7.62,M,1,30,Thu,0,Commute
shopping,1174.93,F,1,37,Thu,0,Regional
grocery,376.06,F,1,37,Thu,1,Regional
travel,8.54,M,1,44,Thu,3,Regional
grocery,272.4,M,1,44,Thu,3,Commute
grocery,299.92,M,1,30,Thu,3,Commute
grocery,269.15,F,1,52,Thu,7,Regional
grocery,309.03,M,1,30,Thu,7,Regional
grocery,349.83,F,1,37,Thu,7,Commute
shopping,896.32,M,1,27,Thu,14,Long_Distance
shopping,1229.99,M,1,27,Thu,14,Commute
misc,8.22,M,1,27,Thu,15,Long_Distance
misc,813.03,F,1,52,Thu,16,Commute
grocery,286.51,M,1,27,Thu,18,Regional
shopping,1066.84,M,1,30,Thu,18,Long_Distance
shopping,950.67,M,1,27,Thu,18,Long_Distance
shopping,1153.76,F,1,52,Thu,22,Regional
shopping,1117.28,M,1,27,Thu,22,Local
grocery,302.31,M,1,30,Thu,22,Commute
misc,810.66,M,1,30,Thu,22,Regional
misc,818.01,F,1,52,Thu,22,Long_Distance
personal,22.1,F,1,37,Thu,22,Commute
shopping,877.38,M,1,30,Thu,22,Long_Distance
grocery,314.03,M,1,27,Thu,23,Regional
shopping,746.73,M,1,44,Thu,23,Commute
shopping,815.78,M,1,30,Thu,23,Long_Distance
shopping,846.24,F,1,52,Thu,23,Long_Distance
shopping,991.36,M,1,27,Thu,23,Commute
shopping,1039.23,F,1,52,Thu,23,Commute
shopping,1193.52,M,1,27,Thu,23,Regional
travel,10.19,M,1,42,Fri,9,Commute
shopping,1065.73,M,1,27,Fri,13,Local
shopping,755.66,M,1,27,Fri,19,Commute
grocery,297.64,M,1,44,Fri,22,Long_Distance
shopping,914.23,M,1,27,Fri,22,Long_Distance
shopping,859.91,M,1,44,Fri,22,Commute
misc,9.63,M,1,44,Fri,22,Long_Distance
misc,993.27,F,1,52,Fri,22,Long_Distance
shopping,1061.19,M,1,44,Fri,23,Long_Distance
shopping,899.68,M,1,44,Fri,23,Regional
shopping,935.15,F,1,52,Fri,23,Regional
grocery,109.53,M,1,42,Fri,23,Commute
misc,871.47,M,1,27,Fri,23,Long_Distance
grocery,356.49,M,1,38,Sat,2,Regional
travel,9.36,M,1,42,Sat,3,Long_Distance
grocery,304.14,M,1,38,Sat,22,Commute
grocery,327.9,M,1,42,Sat,22,Long_Distance
shopping,1073.2,M,1,42,Sat,22,Regional
grocery,368.47,M,1,42,Sat,22,Long_Distance
health,20.68,M,1,42,Sat,22,Long_Distance
misc,638.58,M,1,42,Sat,23,Long_Distance
travel,16.44,F,1,64,Sun,1,Long_Distance
grocery,311.02,M,1,38,Sun,2,Commute
grocery,325.92,F,1,64,Sun,3,Commute
grocery,292.27,M,1,38,Sun,12,Long_Distance
shopping,996.79,M,1,38,Sun,22,Regional
shopping,799.47,M,1,38,Sun,22,Long_Distance
shopping,1206.74,M,1,38,Sun,22,Remote
shopping,639.83,M,1,38,Sun,22,Regional
grocery,324.28,M,1,38,Sun,22,Long_Distance
shopping,1060.28,M,1,38,Sun,23,Remote
misc,857.88,M,1,38,Sun,23,Long_Distance
entertainment,541.87,F,1,64,Sun,23,Commute
entertainment,580.75,F,1,64,Sun,23,Commute
misc,749.73,M,1,38,Sun,23,Regional
shopping,1107.33,M,1,38,Sun,23,Remote
home,368.65,F,1,64,Sun,23,Regional
shopping,824.08,F,1,64,Sun,23,Regional
shopping,962.97,F,1,64,Sun,23,Regional
misc,816.56,F,1,34,Mon,1,Long_Distance
travel,20.41,F,1,64,Mon,1,Long_Distance
travel,21.52,M,1,53,Mon,1,Remote
grocery,11.07,M,1,38,Mon,1,Long_Distance
grocery,321.43,F,1,64,Mon,2,Regional
misc,667.18,F,1,34,Mon,2,Local
misc,858.02,F,1,34,Mon,3,Long_Distance
travel,19.65,M,1,53,Mon,3,Long_Distance
grocery,293.58,M,1,53,Mon,3,Commute
home,22.0,F,1,34,Mon,15,Regional
entertainment,560.92,M,1,38,Mon,17,Commute
shopping,805.72,M,1,53,Mon,19,Regional
home,260.45,F,1,34,Mon,22,Long_Distance
home,9.77,F,1,64,Mon,22,Commute
home,17.52,F,1,34,Mon,22,Regional
shopping,861.79,F,1,64,Mon,22,Long_Distance
misc,762.65,M,1,53,Mon,23,Long_Distance
shopping,1051.66,M,1,38,Mon,23,Long_Distance
misc,50.83,F,1,64,Mon,23,Regional
misc,723.97,F,1,34,Tue,0,Regional
shopping,965.83,F,1,34,Tue,0,Regional
travel,19.54,M,1,94,Tue,1,Regional
grocery,311.41,M,1,38,Tue,1,Long_Distance
grocery,354.03,F,1,34,Tue,2,Long_Distance
grocery,10.5,M,1,38,Tue,2,Commute
travel,16.32,M,1,53,Tue,3,Regional
grocery,325.55,M,1,38,Tue,6,Regional
shopping,761.92,M,1,38,Tue,19,Regional
entertainment,620.51,M,1,94,Tue,19,Local
shopping,909.8,M,1,53,Tue,22,Long_Distance
misc,8.86,M,1,38,Tue,22,Regional
shopping,1006.73,M,1,38,Tue,22,Long_Distance
shopping,898.73,M,1,53,Tue,22,Long_Distance
entertainment,520.76,M,1,53,Tue,22,Remote
shopping,955.79,M,1,38,Tue,22,Long_Distance
shopping,1080.63,M,1,53,Tue,22,Commute
home,218.81,F,1,34,Tue,23,Long_Distance
home,240.55,F,1,34,Tue,23,Commute
personal,20.68,F,1,34,Tue,23,Long_Distance
misc,809.36,M,1,94,Tue,23,Regional
shopping,650.33,M,1,38,Tue,23,Long_Distance
home,260.23,F,1,34,Tue,23,Long_Distance
grocery,309.58,M,1,38,Tue,23,Long_Distance
misc,49.14,M,1,53,Tue,23,Regional
home,5.99,M,1,53,Tue,23,Commute
shopping,798.84,M,1,94,Tue,23,Long_Distance
shopping,980.76,M,1,38,Tue,23,Long_Distance
entertainment,434.19,M,1,38,Tue,23,Long_Distance
shopping,1065.68,F,1,34,Tue,23,Regional
travel,1.06,M,1,94,Tue,23,Regional
personal,19.36,F,1,34,Tue,23,Commute
travel,21.49,M,1,94,Wed,0,Commute
misc,760.54,F,1,49,Wed,0,Commute
entertainment,464.19,F,1,49,Wed,0,Commute
grocery,319.65,F,1,16,Wed,2,Long_Distance
grocery,284.55,F,1,16,Wed,3,Long_Distance
grocery,307.1,F,1,16,Wed,3,Long_Distance
travel,10.46,F,1,63,Wed,3,Regional
grocery,294.37,F,1,63,Wed,11,Long_Distance
misc,6.22,F,1,63,Wed,21,Commute
shopping,987.09,F,1,63,Wed,22,Long_Distance
shopping,1019.54,F,1,16,Wed,22,Long_Distance
shopping,1026.92,M,1,94,Wed,22,Long_Distance
personal,17.33,F,1,16,Wed,23,Long_Distance
personal,21.24,F,1,63,Wed,23,Commute
grocery,266.42,F,1,63,Thu,0,Commute
grocery,312.42,F,1,16,Thu,0,Regional
shopping,894.73,F,1,49,Thu,0,Long_Distance
misc,849.35,F,1,49,Thu,0,Long_Distance
shopping,1019.02,F,1,27,Thu,1,Commute
grocery,292.72,F,1,63,Thu,1,Commute
grocery,337.88,M,1,56,Thu,1,Long_Distance
shopping,825.94,F,1,27,Thu,1,Regional
shopping,862.5,F,1,27,Thu,2,Long_Distance
grocery,279.59,M,1,56,Thu,2,Remote
grocery,339.19,F,1,49,Thu,3,Commute
travel,9.33,F,1,16,Thu,3,Commute
grocery,260.29,F,1,16,Thu,11,Commute
misc,7.21,F,1,63,Thu,14,Remote
health,18.55,F,1,27,Thu,18,Long_Distance
shopping,1186.46,F,1,16,Thu,19,Commute
shopping,741.09,F,1,16,Thu,21,Regional
home,219.73,F,1,16,Thu,21,Regional
personal,18.37,F,1,27,Thu,22,Commute
misc,765.02,M,1,56,Thu,22,Long_Distance
grocery,116.98,F,1,63,Thu,22,Long_Distance
misc,788.73,F,1,63,Thu,22,Long_Distance
shopping,862.51,F,1,63,Thu,22,Regional
home,274.16,F,1,27,Thu,22,Regional
entertainment,394.72,M,1,56,Thu,22,Regional
grocery,300.42,F,1,63,Thu,22,Remote
personal,18.34,F,1,16,Thu,22,Commute
shopping,1013.74,F,1,16,Thu,22,Long_Distance
shopping,891.82,M,1,56,Thu,22,Commute
personal,21.54,F,1,27,Thu,23,Long_Distance
misc,765.63,M,1,54,Thu,23,Regional
health,19.94,F,1,49,Thu,23,Long_Distance
shopping,919.36,F,1,16,Thu,23,Regional
home,261.42,F,1,27,Thu,23,Remote
home,19.51,F,1,16,Thu,23,Regional
home,256.89,F,1,49,Thu,23,Long_Distance
shopping,926.06,F,1,16,Thu,23,Regional
grocery,322.67,M,1,54,Fri,0,Regional
grocery,386.04,F,1,27,Fri,0,Regional
grocery,339.95,M,1,54,Fri,0,Commute
grocery,306.94,M,1,54,Fri,1,Remote
misc,8.7,F,1,27,Fri,1,Regional
grocery,282.09,F,1,89,Fri,1,Regional
grocery,317.85,F,1,57,Fri,1,Commute
grocery,312.36,F,1,89,Fri,2,Regional
grocery,290.25,M,1,37,Fri,2,Local
grocery,293.94,M,1,54,Fri,3,Commute
travel,9.84,M,1,91,Fri,3,Long_Distance
grocery,325.6,F,1,89,Fri,3,Long_Distance
shopping,996.48,F,1,27,Fri,3,Commute
grocery,317.1,M,1,56,Fri,11,Long_Distance
misc,860.58,M,1,37,Fri,12,Long_Distance
home,20.22,F,1,27,Fri,12,Long_Distance
shopping,1045.65,M,1,37,Fri,15,Regional
misc,794.37,M,1,37,Fri,17,Long_Distance
travel,11.04,M,1,91,Fri,22,Long_Distance
home,19.9,F,1,27,Fri,22,Long_Distance
misc,6.62,F,1,89,Fri,22,Commute
shopping,896.58,F,1,57,Fri,22,Regional
grocery,104.08,F,1,27,Fri,22,Commute
home,241.99,F,1,27,Fri,22,Long_Distance
shopping,796.08,F,1,57,Fri,23,Regional
grocery,275.05,M,1,37,Fri,23,Regional
misc,696.68,M,1,91,Fri,23,Commute
grocery,342.78,M,1,54,Fri,23,Regional
shopping,790.9,M,1,37,Fri,23,Long_Distance
shopping,854.32,M,1,91,Fri,23,Commute
shopping,902.43,F,1,89,Fri,23,Long_Distance
personal,21.33,M,1,56,Fri,23,Commute
shopping,964.42,F,1,89,Fri,23,Commute
shopping,1153.68,M,1,37,Fri,23,Regional
shopping,1012.87,M,1,37,Fri,23,Commute
shopping,981.23,F,1,89,Fri,23,Long_Distance
misc,7.92,M,1,37,Fri,23,Commute
shopping,1188.86,M,1,37,Fri,23,Long_Distance
home,20.89,M,1,56,Fri,23,Regional
shopping,779.87,F,1,57,Fri,23,Long_Distance
shopping,959.75,M,1,91,Fri,23,Regional
grocery,14.52,F,1,57,Sat,0,Commute
travel,11.84,M,1,91,Sat,1,Long_Distance
grocery,282.87,M,1,37,Sat,2,Commute
grocery,7.8,M,1,91,Sat,2,Commute
grocery,310.89,F,1,57,Sat,2,Long_Distance
grocery,323.75,F,1,57,Sat,3,Long_Distance
grocery,298.64,F,1,89,Sat,3,Long_Distance
shopping,890.31,F,1,89,Sat,22,Local
shopping,956.87,F,1,57,Sat,22,Commute
home,23.16,M,1,37,Sat,22,Regional
shopping,996.36,F,1,57,Sat,22,Commute
shopping,669.92,F,1,57,Sat,22,Long_Distance
misc,702.24,M,1,91,Sat,23,Commute
shopping,909.81,F,1,57,Sat,23,Remote
shopping,893.65,F,1,89,Sat,23,Long_Distance
travel,8.96,M,1,33,Sun,6,Commute
misc,818.13,M,1,33,Sun,14,Regional
shopping,753.95,M,1,33,Sun,22,Long_Distance
shopping,940.89,M,1,33,Sun,23,Long_Distance
misc,8.64,M,1,33,Sun,23,Regional
grocery,312.5,M,1,33,Mon,2,Regional
grocery,337.61,M,1,33,Mon,3,Long_Distance
misc,727.56,M,1,33,Mon,22,Long_Distance
shopping,1118.84,M,1,33,Mon,22,Commute
shopping,747.72,M,1,33,Mon,22,Long_Distance
shopping,1059.78,M,1,33,Mon,23,Commute
grocery,305.82,F,1,57,Tue,0,Long_Distance
grocery,288.09,F,1,86,Tue,0,Regional
grocery,315.74,F,1,86,Tue,1,Commute
travel,10.8,F,1,86,Tue,2,Regional
shopping,1016.59,F,1,86,Tue,12,Long_Distance
home,19.44,F,1,86,Tue,22,Long_Distance
entertainment,412.8,F,1,86,Tue,22,Long_Distance
shopping,1057.14,F,1,86,Tue,22,Regional
grocery,347.36,F,1,57,Tue,22,Regional
shopping,811.63,F,1,57,Tue,22,Commute
shopping,966.36,F,1,86,Tue,23,Commute
travel,9.7,F,1,86,Wed,3,Regional
misc,866.4,F,1,57,Wed,22,Remote
entertainment,553.24,F,1,57,Wed,23,Regional
travel,11.01,M,1,54,Sat,22,Regional
shopping,925.43,F,1,74,Sat,22,Long_Distance
misc,683.53,F,1,74,Sat,22,Regional
shopping,1040.19,M,1,54,Sat,23,Long_Distance
misc,751.26,M,1,54,Sat,23,Long_Distance
travel,7.31,F,1,74,Sun,2,Local
travel,9.92,F,1,74,Sun,3,Regional
grocery,308.46,M,1,54,Sun,7,Long_Distance
shopping,915.93,F,1,74,Sun,15,Regional
shopping,928.58,F,1,74,Sun,15,Commute
shopping,905.2,F,1,74,Sun,22,Regional
shopping,1020.15,M,1,54,Sun,22,Long_Distance
misc,773.54,M,1,54,Sun,22,Regional
shopping,938.98,F,1,74,Sun,23,Remote
shopping,940.94,M,1,54,Sun,23,Long_Distance
grocery,282.53,M,1,54,Sun,23,Commute
grocery,324.04,M,1,51,Mon,1,Remote
grocery,317.33,M,1,51,Mon,1,Regional
grocery,324.86,M,1,51,Mon,23,Regional
shopping,983.79,M,1,51,Mon,23,Long_Distance
grocery,311.93,M,1,54,Tue,0,Long_Distance
travel,8.02,F,1,84,Tue,1,Long_Distance
travel,21.57,M,1,54,Tue,1,Long_Distance
travel,7.75,F,1,85,Tue,1,Remote
grocery,344.0,M,1,54,Tue,1,Commute
grocery,283.93,F,1,85,Tue,1,Long_Distance
grocery,341.19,M,1,54,Tue,2,Long_Distance
grocery,316.25,F,1,85,Tue,2,Commute
grocery,9.25,F,1,84,Tue,3,Remote
travel,8.92,F,1,85,Tue,3,Long_Distance
shopping,995.49,F,1,84,Tue,13,Long_Distance
shopping,923.96,F,1,84,Tue,14,Commute
shopping,789.8,M,1,54,Tue,20,Commute
misc,873.51,M,1,54,Tue,22,Regional
shopping,968.48,M,1,54,Tue,22,Commute
misc,648.73,M,1,54,Tue,22,Remote
shopping,865.64,M,1,54,Tue,22,Long_Distance
shopping,1025.97,M,1,54,Tue,22,Long_Distance
shopping,952.54,F,1,84,Tue,22,Long_Distance
shopping,1026.4,F,1,85,Tue,22,Commute
misc,737.07,F,1,85,Tue,22,Remote
grocery,320.96,M,1,51,Tue,22,Long_Distance
misc,8.75,F,1,85,Tue,22,Long_Distance
shopping,914.09,F,1,84,Tue,22,Long_Distance
shopping,974.08,M,1,54,Tue,22,Commute
shopping,1010.04,F,1,84,Tue,22,Long_Distance
grocery,112.24,M,1,51,Tue,22,Commute
misc,818.45,M,1,51,Tue,22,Commute
shopping,1058.8,F,1,84,Tue,22,Long_Distance
personal,48.8,M,1,54,Tue,23,Commute
entertainment,383.42,F,1,84,Tue,23,Regional
shopping,1015.13,M,1,54,Tue,23,Long_Distance
entertainment,366.76,M,1,54,Tue,23,Commute
grocery,276.93,M,1,49,Wed,0,Long_Distance
grocery,327.93,F,1,84,Wed,2,Long_Distance
travel,6.68,M,1,49,Wed,2,Regional
grocery,335.35,M,1,49,Wed,2,Long_Distance
grocery,303.69,M,1,49,Wed,3,Commute
misc,714.82,M,1,49,Wed,11,Local
shopping,1155.19,F,1,84,Wed,15,Long_Distance
shopping,980.49,F,1,84,Wed,22,Regional
shopping,1074.42,F,1,85,Wed,22,Long_Distance
misc,676.71,F,1,85,Wed,22,Long_Distance
shopping,862.0,F,1,85,Wed,22,Long_Distance
grocery,133.62,M,1,54,Wed,23,Local
grocery,293.56,M,1,70,Thu,0,Long_Distance
grocery,287.29,M,1,49,Thu,1,Long_Distance
grocery,326.85,M,1,49,Thu,3,Long_Distance
shopping,981.96,M,1,49,Thu,20,Long_Distance
misc,9.07,M,1,49,Thu,21,Long_Distance
shopping,878.77,M,1,70,Thu,22,Commute
shopping,931.21,M,1,49,Thu,22,Regional
shopping,1093.9,M,1,49,Thu,22,Long_Distance
shopping,996.71,M,1,70,Thu,22,Commute
shopping,1082.49,M,1,70,Thu,23,Long_Distance
grocery,270.59,M,1,46,Fri,0,Local
grocery,302.68,M,1,70,Fri,0,Commute
grocery,291.76,M,1,70,Fri,0,Long_Distance
grocery,320.73,M,1,46,Fri,1,Regional
travel,10.84,M,1,46,Fri,3,Regional
grocery,302.18,M,1,70,Fri,4,Long_Distance
travel,9.11,M,1,70,Fri,10,Long_Distance
grocery,284.16,M,1,70,Fri,17,Commute
misc,771.85,M,1,70,Fri,17,Long_Distance
misc,755.38,M,1,46,Fri,22,Long_Distance
shopping,1041.04,M,1,46,Fri,22,Commute
shopping,894.3,M,1,46,Fri,22,Long_Distance
shopping,1043.87,M,1,70,Fri,22,Commute
grocery,305.61,M,1,46,Fri,23,Regional
grocery,322.96,M,1,46,Fri,23,Local
grocery,302.9,M,1,46,Sat,15,Long_Distance
grocery,318.84,F,1,56,Mon,0,Commute
grocery,364.91,F,1,32,Mon,1,Commute
grocery,333.06,F,1,56,Mon,3,Long_Distance
shopping,960.22,F,1,56,Mon,21,Long_Distance
shopping,970.89,F,1,56,Mon,22,Long_Distance
grocery,311.96,F,1,54,Tue,0,Regional
grocery,302.47,F,1,88,Tue,1,Long_Distance
grocery,7.25,F,1,56,Tue,1,Long_Distance
grocery,295.05,F,1,54,Tue,1,Long_Distance
shopping,925.54,F,1,37,Tue,1,Commute
shopping,1054.15,F,1,37,Tue,2,Long_Distance
grocery,281.2,F,1,88,Tue,2,Commute
shopping,932.45,F,1,37,Tue,2,Regional
grocery,8.59,F,1,54,Tue,2,Long_Distance
shopping,938.02,F,1,37,Tue,3,Long_Distance
travel,9.28,F,1,54,Tue,3,Long_Distance
travel,9.36,F,1,54,Tue,3,Regional
grocery,379.0,F,1,32,Tue,3,Regional
travel,9.79,F,1,88,Tue,3,Remote
grocery,358.04,F,1,37,Tue,5,Long_Distance
home,230.35,F,1,37,Tue,12,Long_Distance
personal,19.22,F,1,32,Tue,15,Long_Distance
shopping,1051.0,F,1,54,Tue,18,Local
home,18.67,F,1,32,Tue,18,Long_Distance
home,21.48,F,1,32,Tue,22,Commute
grocery,322.54,F,1,56,Tue,22,Commute
misc,880.96,F,1,54,Tue,22,Long_Distance
shopping,917.85,F,1,56,Tue,22,Regional
shopping,881.4,F,1,54,Tue,23,Commute
home,18.89,F,1,37,Tue,23,Regional
health,18.66,F,1,37,Tue,23,Commute
grocery,299.63,F,1,88,Tue,23,Commute
shopping,1084.6,F,1,88,Tue,23,Long_Distance
entertainment,543.98,F,1,37,Wed,1,Long_Distance
grocery,126.55,F,1,37,Wed,2,Local
shopping,1165.42,F,1,37,Wed,2,Regional
travel,9.38,F,1,54,Wed,3,Long_Distance
grocery,334.87,F,1,37,Wed,3,Remote
entertainment,550.36,F,1,37,Wed,5,Regional
grocery,140.03,F,1,88,Wed,17,Commute
health,19.55,F,1,37,Wed,22,Remote
grocery,306.69,F,1,88,Wed,23,Regional
home,20.12,F,1,88,Wed,23,Long_Distance
travel,9.95,F,1,92,Thu,0,Commute
misc,8.16,F,1,33,Thu,3,Remote
shopping,1072.55,F,1,33,Thu,3,Long_Distance
shopping,1053.71,F,1,33,Thu,3,Commute
health,23.05,F,1,33,Thu,19,Long_Distance
home,238.7,F,1,33,Thu,22,Commute
misc,825.99,F,1,92,Thu,22,Long_Distance
travel,10.76,F,1,33,Thu,23,Long_Distance
home,246.18,F,1,33,Thu,23,Commute
shopping,727.58,M,1,76,Fri,21,Regional
home,20.43,F,1,92,Fri,22,Long_Distance
personal,19.94,F,1,92,Fri,22,Long_Distance
grocery,103.9,F,1,92,Fri,23,Regional
shopping,906.79,F,1,92,Fri,23,Long_Distance
shopping,1157.3,F,1,92,Fri,23,Remote
shopping,821.19,M,1,76,Fri,23,Regional
shopping,860.93,F,1,92,Fri,23,Long_Distance
shopping,988.9,F,1,92,Fri,23,Long_Distance
travel,20.74,M,1,76,Sat,2,Long_Distance
grocery,345.7,M,1,76,Sat,19,Commute
travel,12.03,M,1,28,Sun,0,Long_Distance
grocery,279.94,M,1,28,Sun,1,Commute
grocery,335.7,M,1,28,Sun,1,Long_Distance
shopping,757.83,M,1,28,Sun,22,Commute
misc,10.31,M,1,28,Sun,23,Commute
grocery,324.71,M,1,28,Mon,1,Regional
grocery,302.31,M,1,47,Mon,1,Commute
grocery,274.87,M,1,47,Mon,2,Long_Distance
travel,12.17,M,1,28,Mon,2,Long_Distance
misc,773.21,M,1,28,Mon,8,Long_Distance
shopping,1056.24,M,1,28,Mon,12,Commute
shopping,778.52,M,1,47,Mon,16,Long_Distance
shopping,738.3,M,1,47,Mon,22,Regional
shopping,939.06,M,1,28,Mon,22,Remote
misc,911.8,F,1,40,Tue,0,Remote
grocery,321.35,M,1,47,Tue,2,Commute
grocery,320.52,M,1,47,Tue,2,Long_Distance
grocery,350.28,F,1,40,Tue,3,Long_Distance
home,19.85,F,1,40,Tue,22,Regional
shopping,952.38,M,1,47,Tue,23,Long_Distance
health,18.96,F,1,40,Tue,23,Commute
personal,20.56,F,1,40,Tue,23,Regional
shopping,828.82,F,1,40,Tue,23,Regional
home,248.93,F,1,40,Tue,23,Regional
home,201.97,F,1,40,Tue,23,Regional
travel,10.64,F,1,32,Wed,0,Long_Distance
shopping,1022.39,F,1,40,Wed,0,Local
grocery,361.45,F,1,40,Wed,0,Remote
grocery,367.43,F,1,40,Wed,1,Remote
misc,747.9,F,1,40,Wed,1,Long_Distance
misc,817.99,F,1,40,Wed,8,Long_Distance
home,240.92,F,1,40,Wed,22,Regional
home,254.74,F,1,40,Wed,22,Long_Distance
entertainment,544.79,F,1,32,Wed,22,Regional
home,20.23,F,1,40,Wed,22,Long_Distance
home,255.76,F,1,32,Wed,23,Long_Distance
personal,20.21,F,1,32,Wed,23,Remote
entertainment,443.02,F,1,32,Wed,23,Long_Distance
entertainment,434.26,F,1,32,Wed,23,Commute
home,292.85,F,1,32,Wed,23,Commute
grocery,276.11,M,1,32,Thu,0,Regional
shopping,944.59,F,1,32,Thu,1,Regional
misc,840.21,F,1,32,Thu,1,Commute
shopping,798.62,F,1,32,Thu,2,Commute
travel,9.36,M,1,32,Thu,2,Regional
travel,8.42,M,1,32,Thu,3,Commute
grocery,339.56,F,1,32,Thu,3,Commute
misc,690.55,M,1,73,Thu,22,Regional
personal,20.43,F,1,32,Thu,22,Commute
shopping,693.52,M,1,32,Thu,22,Long_Distance
shopping,837.31,M,1,73,Thu,22,Long_Distance
shopping,1112.78,M,1,32,Thu,22,Regional
shopping,960.4,M,1,32,Thu,23,Long_Distance
shopping,908.11,M,1,32,Thu,23,Commute
home,258.64,F,1,32,Thu,23,Regional
grocery,289.37,M,1,73,Fri,0,Commute
grocery,335.95,M,1,73,Fri,3,Regional
shopping,974.97,M,1,59,Fri,13,Regional
shopping,1029.21,M,1,59,Fri,18,Regional
misc,880.17,M,1,32,Fri,19,Local
shopping,1076.3,M,1,59,Fri,22,Commute
misc,858.03,M,1,32,Fri,22,Long_Distance
travel,5.87,M,1,59,Fri,22,Regional
grocery,314.21,M,1,59,Fri,22,Remote
misc,888.03,M,1,73,Fri,22,Long_Distance
misc,762.27,M,1,73,Fri,22,Commute
misc,678.65,M,1,73,Fri,23,Long_Distance
shopping,730.96,M,1,73,Fri,23,Commute
shopping,639.0,M,1,32,Fri,23,Long_Distance
shopping,804.03,M,1,59,Fri,23,Remote
shopping,1068.34,M,1,73,Fri,23,Regional
shopping,926.72,M,1,73,Fri,23,Commute
grocery,302.63,M,1,23,Sat,0,Long_Distance
grocery,310.27,M,1,59,Sat,0,Commute
grocery,290.12,M,1,23,Sat,0,Remote
grocery,313.59,M,1,59,Sat,3,Long_Distance
grocery,339.8,M,1,59,Sat,4,Long_Distance
grocery,6.48,M,1,23,Sat,9,Long_Distance
grocery,280.15,F,1,71,Sun,17,Commute
misc,776.24,M,1,23,Sun,22,Long_Distance
shopping,957.29,F,1,71,Sun,22,Long_Distance
shopping,780.73,M,1,23,Sun,22,Long_Distance
shopping,1100.02,M,1,23,Sun,22,Regional
shopping,1157.97,M,1,23,Sun,22,Long_Distance
misc,774.62,M,1,23,Sun,22,Regional
shopping,1082.56,M,1,23,Sun,23,Commute
grocery,328.53,M,1,63,Mon,0,Long_Distance
grocery,349.74,F,1,52,Mon,3,Local
travel,13.12,M,1,63,Mon,3,Commute
shopping,974.94,F,1,52,Mon,12,Commute
misc,841.86,F,1,52,Mon,13,Remote
shopping,1073.59,M,1,63,Mon,14,Remote
misc,692.96,F,1,71,Mon,19,Commute
shopping,794.2,F,1,52,Mon,22,Commute
misc,748.8,F,1,52,Mon,22,Regional
grocery,317.96,F,1,71,Mon,22,Regional
entertainment,470.34,F,1,71,Mon,22,Commute
shopping,967.43,F,1,71,Mon,22,Long_Distance
entertainment,402.39,F,1,71,Mon,23,Commute
shopping,983.05,F,1,71,Mon,23,Long_Distance
shopping,1068.08,F,1,71,Mon,23,Regional
travel,9.82,F,1,71,Mon,23,Long_Distance
grocery,280.21,M,1,63,Mon,23,Regional
shopping,983.32,F,1,52,Mon,23,Long_Distance
grocery,13.2,F,1,52,Tue,1,Long_Distance
travel,17.2,F,1,52,Tue,1,Commute
grocery,306.8,M,1,63,Tue,1,Long_Distance
grocery,294.5,F,1,52,Tue,3,Commute
shopping,990.09,M,1,63,Tue,22,Regional
shopping,758.26,F,1,52,Tue,22,Regional
shopping,1064.15,F,1,52,Tue,23,Long_Distance
grocery,132.42,F,1,52,Tue,23,Regional
shopping,1118.46,M,1,63,Tue,23,Regional
shopping,913.22,F,1,52,Tue,23,Long_Distance
grocery,301.61,F,1,53,Thu,1,Long_Distance
travel,8.89,F,1,53,Thu,1,Regional
shopping,795.65,F,1,39,Thu,1,Long_Distance
shopping,739.33,F,1,39,Thu,3,Commute
home,19.32,F,1,39,Thu,13,Long_Distance
shopping,970.97,F,1,53,Thu,23,Long_Distance
personal,20.04,F,1,53,Thu,23,Commute
grocery,308.55,M,1,54,Fri,0,Remote
grocery,278.37,F,1,53,Fri,1,Long_Distance
grocery,112.9,F,1,39,Fri,2,Regional
grocery,11.4,M,1,54,Fri,2,Regional
grocery,342.79,M,1,54,Fri,3,Regional
entertainment,374.3,F,1,53,Fri,14,Regional
health,19.89,F,1,39,Fri,18,Long_Distance
shopping,977.7,M,1,79,Fri,22,Commute
grocery,127.44,F,1,39,Fri,22,Commute
health,22.1,F,1,39,Fri,22,Long_Distance
shopping,815.65,F,1,53,Fri,22,Regional
misc,847.15,M,1,54,Fri,23,Regional
misc,8.0,F,1,53,Fri,23,Long_Distance
grocery,124.02,M,1,54,Fri,23,Commute
grocery,323.13,F,1,84,Sat,0,Regional
grocery,305.17,M,1,79,Sat,1,Regional
grocery,336.51,M,1,79,Sat,3,Long_Distance
grocery,350.87,M,1,54,Sat,3,Local
travel,7.9,M,1,79,Sat,5,Long_Distance
grocery,302.59,M,1,79,Sat,22,Regional
shopping,1084.02,M,1,79,Sat,22,Local
grocery,330.62,M,1,54,Sat,22,Regional
grocery,312.01,M,1,54,Sat,22,Local
shopping,954.23,M,1,79,Sat,22,Long_Distance
misc,762.54,F,1,84,Sat,23,Commute
shopping,978.42,M,1,79,Sat,23,Regional
travel,21.23,F,1,66,Sun,2,Regional
grocery,280.8,F,1,84,Sun,2,Commute
grocery,305.16,F,1,84,Sun,3,Commute
grocery,270.54,F,1,84,Sun,3,Long_Distance
grocery,285.71,F,1,84,Sun,15,Long_Distance
shopping,842.42,F,1,66,Sun,22,Regional
misc,975.85,F,1,84,Sun,23,Long_Distance
shopping,791.58,F,1,66,Sun,23,Commute
shopping,1151.24,F,1,66,Sun,23,Regional
misc,864.48,F,1,66,Sun,23,Long_Distance
shopping,1144.45,F,1,66,Mon,22,Long_Distance
shopping,958.27,F,1,66,Mon,22,Commute
shopping,1116.14,F,1,66,Mon,23,Long_Distance
grocery,320.24,F,1,90,Tue,0,Regional
shopping,685.42,F,1,34,Tue,2,Local
misc,832.31,F,1,34,Tue,2,Long_Distance
grocery,277.82,F,1,90,Tue,3,Long_Distance
shopping,946.77,F,1,34,Tue,3,Long_Distance
travel,8.77,F,1,34,Tue,5,Commute
travel,9.09,F,1,34,Tue,18,Regional
grocery,335.2,M,1,81,Tue,22,Long_Distance
entertainment,461.19,F,1,34,Tue,22,Long_Distance
health,22.83,F,1,34,Tue,22,Commute
grocery,124.45,F,1,90,Tue,22,Remote
entertainment,436.86,F,1,90,Tue,23,Regional
home,22.71,F,1,34,Tue,23,Long_Distance
shopping,741.95,F,1,34,Tue,23,Commute
shopping,900.86,M,1,81,Tue,23,Commute
shopping,987.32,F,1,90,Tue,23,Regional
grocery,318.74,M,1,81,Wed,1,Long_Distance
grocery,324.0,M,1,81,Wed,2,Long_Distance
grocery,339.18,F,1,34,Wed,2,Commute
grocery,353.87,F,1,34,Wed,3,Long_Distance
misc,789.77,M,1,81,Wed,17,Long_Distance
entertainment,549.34,F,1,34,Wed,22,Long_Distance
personal,19.08,F,1,34,Wed,23,Long_Distance
shopping,977.3,M,1,81,Wed,23,Long_Distance
shopping,931.33,F,1,90,Wed,23,Long_Distance
grocery,105.25,F,1,90,Wed,23,Long_Distance
grocery,121.15,F,1,34,Wed,23,Local
shopping,1009.39,F,1,90,Wed,23,Commute
grocery,297.4,F,1,90,Wed,23,Commute
grocery,286.2,M,1,80,Thu,0,Long_Distance
grocery,326.24,M,1,65,Thu,0,Regional
grocery,286.62,M,1,80,Thu,1,Regional
grocery,334.48,M,1,65,Thu,2,Long_Distance
grocery,280.99,M,1,80,Thu,2,Long_Distance
shopping,813.13,M,1,65,Thu,16,Long_Distance
misc,772.98,M,1,65,Thu,18,Commute
grocery,328.47,M,1,65,Thu,22,Regional
shopping,1124.32,M,1,65,Thu,23,Long_Distance
personal,48.15,M,1,65,Thu,23,Long_Distance
misc,8.22,M,1,80,Thu,23,Regional
shopping,891.32,M,1,80,Thu,23,Long_Distance
shopping,706.52,F,1,25,Fri,0,Long_Distance
grocery,304.32,F,1,60,Fri,0,Long_Distance
travel,19.08,M,1,65,Fri,0,Regional
misc,784.09,F,1,25,Fri,0,Regional
travel,11.26,F,1,60,Fri,1,Long_Distance
travel,10.14,M,1,80,Fri,1,Regional
travel,10.13,M,1,80,Fri,2,Commute
grocery,338.41,M,1,65,Fri,2,Long_Distance
grocery,7.32,F,1,60,Fri,3,Commute
grocery,370.45,F,1,25,Fri,3,Long_Distance
shopping,950.57,F,1,25,Fri,3,Regional
travel,15.63,F,1,60,Fri,3,Long_Distance
misc,806.06,M,1,80,Fri,22,Long_Distance
shopping,1042.19,M,1,65,Fri,22,Regional
shopping,935.84,M,1,65,Fri,22,Local
shopping,745.75,M,1,65,Fri,22,Long_Distance
home,246.28,M,1,80,Fri,22,Commute
shopping,933.06,M,1,80,Fri,23,Commute
misc,805.96,M,1,80,Fri,23,Long_Distance
shopping,877.08,F,1,60,Fri,23,Commute
shopping,864.19,F,1,60,Fri,23,Long_Distance
shopping,704.22,F,1,25,Sat,0,Regional
grocery,290.45,F,1,20,Sat,0,Regional
misc,717.73,F,1,25,Sat,2,Long_Distance
grocery,287.5,F,1,60,Sat,2,Long_Distance
travel,11.03,F,1,20,Sat,3,Long_Distance
shopping,800.59,F,1,25,Sat,3,Commute
grocery,255.44,F,1,60,Sat,3,Commute
grocery,283.24,F,1,20,Sat,6,Long_Distance
grocery,284.16,F,1,60,Sat,11,Regional
shopping,881.14,F,1,77,Sat,19,Long_Distance
shopping,964.32,F,1,77,Sat,20,Long_Distance
entertainment,387.41,F,1,77,Sat,22,Long_Distance
home,19.55,F,1,25,Sat,22,Long_Distance
shopping,906.28,F,1,20,Sat,22,Long_Distance
misc,8.48,F,1,77,Sat,22,Commute
shopping,962.43,F,1,77,Sat,23,Remote
home,248.5,F,1,25,Sat,23,Long_Distance
misc,8.52,F,1,60,Sat,23,Commute
grocery,137.44,F,1,25,Sat,23,Commute
shopping,1070.44,F,1,77,Sat,23,Long_Distance
personal,18.76,F,1,77,Sat,23,Long_Distance
grocery,279.34,F,1,77,Sat,23,Long_Distance
shopping,1129.57,F,1,20,Sat,23,Long_Distance
travel,9.49,F,1,20,Sun,0,Commute
misc,829.06,F,1,27,Sun,0,Regional
shopping,904.86,F,1,27,Sun,1,Long_Distance
grocery,12.19,F,1,20,Sun,1,Commute
grocery,374.57,F,1,27,Sun,1,Commute
travel,8.93,F,1,27,Sun,2,Remote
grocery,314.01,F,1,77,Sun,2,Long_Distance
shopping,985.65,F,1,27,Sun,2,Commute
grocery,325.31,M,1,65,Sun,2,Regional
grocery,338.66,F,1,20,Sun,2,Commute
entertainment,514.17,F,1,36,Sun,3,Long_Distance
grocery,282.13,F,1,20,Sun,3,Regional
grocery,296.85,M,1,40,Sun,3,Commute
grocery,10.33,F,1,20,Sun,3,Regional
travel,11.88,M,1,40,Sun,3,Regional
shopping,917.37,F,1,27,Sun,7,Long_Distance
grocery,287.08,M,1,65,Sun,9,Remote
personal,20.79,F,1,77,Sun,19,Commute
shopping,939.52,F,1,20,Sun,20,Long_Distance
misc,859.89,F,1,77,Sun,22,Long_Distance
grocery,302.24,M,1,65,Sun,22,Long_Distance
misc,781.13,M,1,65,Sun,22,Long_Distance
shopping,869.5,F,1,20,Sun,22,Long_Distance
misc,824.02,F,1,20,Sun,22,Commute
health,19.0,F,1,36,Sun,23,Long_Distance
shopping,948.82,F,1,20,Sun,23,Long_Distance
home,235.94,F,1,27,Sun,23,Long_Distance
misc,796.47,M,1,65,Sun,23,Long_Distance
shopping,812.59,F,1,20,Sun,23,Long_Distance
personal,18.24,M,1,65,Sun,23,Commute
health,20.67,F,1,27,Sun,23,Long_Distance
grocery,10.8,F,1,27,Mon,0,Commute
grocery,290.48,M,1,65,Mon,0,Long_Distance
grocery,294.64,M,1,40,Mon,2,Long_Distance
travel,11.47,F,1,27,Mon,2,Commute
shopping,937.93,F,1,36,Mon,2,Regional
misc,791.96,M,1,40,Mon,3,Regional
travel,10.69,M,1,65,Mon,3,Remote
misc,627.95,M,1,65,Mon,18,Long_Distance
shopping,761.35,M,1,40,Mon,22,Long_Distance
shopping,770.13,M,1,40,Mon,22,Local
shopping,1012.43,F,1,27,Mon,22,Long_Distance
misc,811.06,M,1,40,Mon,22,Long_Distance
shopping,867.54,M,1,65,Mon,22,Remote
home,22.67,F,1,27,Mon,22,Commute
grocery,270.64,M,1,65,Mon,22,Long_Distance
grocery,108.12,M,1,40,Mon,23,Regional
home,19.83,F,1,27,Mon,23,Commute
shopping,800.25,M,1,40,Mon,23,Commute
shopping,893.57,M,1,65,Mon,23,Commute
grocery,324.8,M,1,34,Tue,0,Regional
grocery,276.52,M,1,58,Tue,0,Local
grocery,278.29,F,1,21,Tue,1,Long_Distance
travel,8.83,M,1,34,Tue,1,Regional
travel,9.48,M,1,58,Tue,2,Long_Distance
grocery,298.8,F,1,21,Tue,2,Long_Distance
grocery,257.51,M,1,34,Tue,3,Regional
travel,9.0,M,1,58,Tue,3,Local
shopping,849.88,F,1,21,Tue,18,Long_Distance
shopping,1132.3,F,1,21,Tue,19,Local
shopping,960.87,M,1,58,Tue,20,Regional
misc,791.02,F,1,21,Tue,22,Long_Distance
shopping,915.63,F,1,21,Tue,22,Long_Distance
shopping,809.08,M,1,34,Tue,22,Regional
shopping,979.39,F,1,21,Tue,22,Commute
personal,19.92,M,1,58,Tue,23,Commute
shopping,876.79,M,1,58,Tue,23,Long_Distance
shopping,1122.4,M,1,58,Tue,23,Regional
misc,779.23,M,1,48,Wed,3,Long_Distance
grocery,293.11,M,1,58,Wed,3,Long_Distance
grocery,292.32,F,1,21,Wed,3,Commute
grocery,320.09,M,1,48,Wed,3,Long_Distance
misc,778.53,M,1,48,Wed,9,Remote
misc,750.36,M,1,35,Wed,22,Long_Distance
shopping,1016.17,F,1,21,Wed,22,Long_Distance
shopping,881.58,F,1,21,Wed,22,Commute
personal,20.41,M,1,58,Wed,22,Regional
shopping,1001.36,M,1,48,Wed,23,Commute
shopping,1253.93,M,1,48,Wed,23,Long_Distance
shopping,789.3,M,1,34,Wed,23,Long_Distance
misc,736.28,M,1,35,Wed,23,Commute
misc,729.29,M,1,34,Wed,23,Commute
home,250.77,M,1,35,Wed,23,Regional
shopping,1119.81,M,1,34,Wed,23,Long_Distance
shopping,1079.31,M,1,34,Wed,23,Long_Distance
shopping,1018.9,M,1,35,Wed,23,Commute
grocery,293.71,M,1,48,Thu,0,Commute
misc,758.52,M,1,48,Thu,0,Regional
grocery,294.33,M,1,48,Thu,1,Commute
grocery,352.85,M,1,35,Thu,1,Commute
grocery,305.05,M,1,80,Thu,3,Regional
travel,6.44,M,1,48,Thu,3,Long_Distance
grocery,291.96,M,1,35,Thu,10,Long_Distance
grocery,329.56,M,1,35,Thu,11,Commute
shopping,960.73,M,1,35,Thu,22,Commute
shopping,1048.75,M,1,80,Thu,22,Regional
shopping,1018.67,M,1,35,Thu,22,Long_Distance
shopping,1084.53,M,1,80,Thu,22,Long_Distance
misc,740.56,M,1,48,Thu,22,Local
misc,862.69,M,1,35,Thu,23,Regional
shopping,1141.04,M,1,48,Thu,23,Regional
shopping,1077.67,M,1,48,Thu,23,Regional
travel,6.9,M,1,80,Fri,0,Long_Distance
grocery,287.2,M,1,47,Fri,2,Commute
grocery,284.56,M,1,80,Fri,6,Commute
grocery,309.2,M,1,47,Fri,6,Regional
shopping,1045.55,M,1,47,Fri,14,Regional
entertainment,427.02,M,1,80,Fri,18,Regional
shopping,1034.52,M,1,80,Fri,22,Long_Distance
travel,10.64,M,1,80,Fri,23,Long_Distance
shopping,965.86,M,1,47,Fri,23,Long_Distance
shopping,926.93,M,1,47,Fri,23,Commute
shopping,1160.93,M,1,80,Fri,23,Long_Distance
shopping,1026.44,F,1,27,Sat,1,Remote
travel,8.66,M,1,58,Sat,1,Long_Distance
misc,829.87,M,1,47,Sat,2,Long_Distance
travel,14.62,M,1,47,Sat,2,Regional
grocery,392.35,F,1,27,Sat,2,Long_Distance
shopping,972.58,M,1,62,Sat,12,Commute
shopping,808.11,M,1,62,Sat,22,Commute
shopping,1170.12,M,1,47,Sat,22,Long_Distance
personal,51.33,M,1,62,Sat,22,Regional
shopping,915.85,M,1,47,Sat,22,Commute
personal,51.0,M,1,62,Sat,22,Commute
misc,739.17,M,1,50,Sat,22,Long_Distance
shopping,1125.43,M,1,47,Sat,22,Commute
home,259.5,M,1,50,Sat,22,Long_Distance
shopping,875.02,M,1,58,Sat,22,Commute
shopping,1016.08,M,1,50,Sat,23,Commute
home,17.13,F,1,27,Sat,23,Commute
shopping,789.46,M,1,62,Sat,23,Long_Distance
shopping,912.26,M,1,62,Sat,23,Regional
shopping,1100.62,M,1,50,Sat,23,Long_Distance
shopping,895.02,M,1,62,Sat,23,Commute
shopping,759.9,F,1,27,Sun,0,Long_Distance
grocery,349.61,M,1,62,Sun,1,Commute
travel,8.42,M,1,47,Sun,1,Long_Distance
grocery,315.09,M,1,58,Sun,1,Commute
grocery,118.22,F,1,27,Sun,2,Long_Distance
misc,8.29,F,1,27,Sun,2,Local
shopping,803.43,F,1,27,Sun,2,Regional
grocery,260.56,M,1,58,Sun,2,Regional
travel,18.04,M,1,62,Sun,2,Commute
grocery,326.53,M,1,47,Sun,2,Long_Distance
shopping,734.72,F,1,27,Sun,3,Remote
shopping,971.53,F,1,27,Sun,3,Commute
grocery,293.48,M,1,62,Sun,6,Long_Distance
grocery,286.56,M,1,47,Sun,8,Regional
shopping,1043.58,M,1,62,Sun,14,Commute
home,17.99,F,1,27,Sun,18,Commute
shopping,1147.75,M,1,50,Sun,22,Long_Distance
home,16.61,F,1,27,Sun,22,Regional
home,235.66,F,1,27,Sun,22,Regional
personal,47.91,M,1,62,Sun,22,Long_Distance
shopping,1167.35,M,1,50,Sun,22,Regional
health,18.31,F,1,27,Sun,22,Long_Distance
shopping,811.53,M,1,58,Sun,22,Long_Distance
misc,7.25,M,1,50,Sun,22,Long_Distance
misc,7.24,M,1,47,Sun,23,Long_Distance
home,19.68,F,1,27,Sun,23,Regional
misc,743.93,M,1,58,Sun,23,Local
shopping,967.36,M,1,62,Sun,23,Long_Distance
shopping,1038.8,M,1,62,Sun,23,Long_Distance
shopping,884.75,M,1,50,Sun,23,Long_Distance
health,18.81,F,1,27,Sun,23,Regional
home,5.29,M,1,62,Sun,23,Commute
shopping,1036.79,M,1,50,Sun,23,Commute
misc,8.24,M,1,58,Sun,23,Long_Distance
shopping,980.43,M,1,50,Sun,23,Long_Distance
grocery,301.64,M,1,29,Mon,0,Long_Distance
shopping,772.08,F,1,42,Mon,0,Commute
misc,713.56,M,1,47,Mon,0,Remote
misc,840.01,F,1,42,Mon,0,Regional
grocery,301.55,M,1,47,Mon,0,Long_Distance
travel,6.47,M,1,57,Mon,1,Long_Distance
misc,1046.12,M,1,47,Mon,1,Commute
grocery,315.37,M,1,57,Mon,3,Long_Distance
misc,666.26,F,1,42,Mon,3,Long_Distance
grocery,268.23,M,1,57,Mon,3,Commute
travel,10.32,M,1,46,Mon,3,Regional
grocery,305.13,M,1,47,Mon,6,Regional
grocery,287.55,M,1,57,Mon,7,Long_Distance
misc,742.96,M,1,46,Mon,22,Long_Distance
misc,872.6,M,1,29,Mon,22,Regional
personal,18.88,F,1,42,Mon,22,Commute
grocery,320.99,M,1,29,Mon,22,Commute
grocery,145.21,M,1,46,Mon,23,Regional
shopping,845.67,M,1,47,Mon,23,Regional
misc,849.25,M,1,57,Mon,23,Commute
misc,821.98,M,1,29,Mon,23,Commute
grocery,313.6,M,1,46,Mon,23,Commute
misc,850.6,M,1,29,Mon,23,Regional
shopping,689.79,M,1,29,Mon,23,Long_Distance
travel,12.56,F,1,66,Tue,0,Long_Distance
grocery,330.2,M,1,46,Tue,1,Long_Distance
travel,7.04,M,1,46,Tue,2,Commute
grocery,339.86,F,1,42,Tue,2,Commute
shopping,1021.72,M,1,57,Tue,13,Long_Distance
personal,21.46,F,1,42,Tue,16,Commute
misc,771.49,F,1,66,Tue,16,Remote
shopping,1134.9,F,1,66,Tue,22,Long_Distance
shopping,924.62,M,1,57,Tue,23,Commute
shopping,660.36,M,1,46,Tue,23,Regional
entertainment,422.35,M,1,46,Tue,23,Regional
personal,19.12,F,1,42,Tue,23,Long_Distance
misc,930.44,M,1,57,Tue,23,Long_Distance
grocery,267.54,M,1,46,Tue,23,Commute
shopping,968.9,M,1,29,Tue,23,Long_Distance
personal,19.91,F,1,42,Tue,23,Local
shopping,1051.89,M,1,29,Tue,23,Long_Distance
shopping,1108.02,M,1,29,Tue,23,Long_Distance
shopping,937.55,M,1,46,Tue,23,Commute
shopping,919.8,M,1,57,Tue,23,Long_Distance
misc,750.53,M,1,43,Wed,0,Local
misc,896.39,M,1,43,Wed,2,Regional
travel,8.84,M,1,43,Wed,3,Long_Distance
grocery,326.23,F,1,66,Wed,9,Long_Distance
grocery,291.14,F,1,66,Wed,11,Commute
shopping,964.71,F,1,66,Wed,13,Regional
entertainment,569.44,M,1,43,Wed,22,Long_Distance
shopping,1129.4,F,1,66,Wed,22,Long_Distance
shopping,1175.82,M,1,43,Wed,22,Commute
shopping,946.33,M,1,43,Wed,22,Long_Distance
shopping,1095.97,M,1,43,Wed,23,Regional
shopping,983.46,F,1,66,Wed,23,Long_Distance
entertainment,425.0,F,1,66,Wed,23,Long_Distance
shopping,916.31,M,1,43,Wed,23,Regional
grocery,290.67,M,1,43,Thu,0,Long_Distance
grocery,290.71,M,1,43,Thu,0,Regional
grocery,289.46,F,1,22,Thu,0,Long_Distance
grocery,269.96,F,1,22,Thu,1,Commute
grocery,303.77,F,1,22,Thu,2,Long_Distance
travel,9.38,F,1,22,Thu,7,Long_Distance
shopping,876.91,M,1,43,Thu,13,Regional
shopping,1074.14,M,1,43,Thu,22,Long_Distance
shopping,1276.77,F,1,22,Thu,23,Regional
grocery,278.62,F,1,22,Fri,11,Local
misc,880.28,F,1,22,Fri,22,Local
shopping,848.37,F,1,22,Fri,22,Remote
shopping,1055.81,F,1,22,Fri,22,Long_Distance
shopping,1044.58,F,1,22,Fri,22,Long_Distance
grocery,312.03,F,1,58,Sat,1,Long_Distance
shopping,965.54,F,1,33,Sat,2,Regional
misc,717.17,F,1,33,Sat,2,Commute
misc,832.03,F,1,58,Sat,21,Commute
misc,763.71,F,1,58,Sat,22,Commute
shopping,952.66,F,1,58,Sat,22,Regional
home,19.13,F,1,33,Sat,22,Commute
travel,10.96,F,1,58,Sat,22,Long_Distance
shopping,1018.71,F,1,58,Sat,23,Long_Distance
grocery,356.34,F,1,33,Sun,0,Local
entertainment,468.61,F,1,33,Sun,0,Long_Distance
misc,7.86,F,1,33,Sun,0,Regional
grocery,132.82,F,1,33,Sun,2,Long_Distance
grocery,288.3,M,1,93,Sun,2,Regional
grocery,324.74,M,1,93,Sun,6,Commute
shopping,769.35,F,1,33,Sun,11,Commute
shopping,921.48,F,1,58,Sun,17,Long_Distance
personal,21.0,F,1,33,Sun,22,Commute
shopping,982.1,F,1,58,Sun,22,Long_Distance
health,22.35,F,1,33,Sun,22,Long_Distance
shopping,943.99,M,1,93,Sun,22,Regional
shopping,925.87,F,1,58,Sun,23,Local
personal,26.06,F,1,33,Sun,23,Long_Distance
health,19.34,M,1,93,Sun,23,Long_Distance
misc,696.33,F,1,40,Mon,1,Regional
grocery,317.68,F,1,54,Mon,2,Regional
grocery,295.43,M,1,93,Mon,3,Regional
grocery,307.86,F,1,54,Mon,4,Regional
misc,905.0,F,1,54,Mon,19,Long_Distance
travel,12.36,M,1,93,Mon,21,Local
shopping,991.91,M,1,93,Mon,22,Commute
travel,9.16,F,1,40,Mon,23,Long_Distance
home,356.59,F,1,54,Mon,23,Regional
shopping,936.88,F,1,40,Mon,23,Long_Distance
grocery,336.15,F,1,40,Tue,0,Long_Distance
grocery,337.9,F,1,40,Tue,0,Long_Distance
shopping,711.2,F,1,33,Tue,0,Local
shopping,1057.68,F,1,33,Tue,1,Commute
grocery,315.26,F,1,54,Tue,2,Commute
grocery,302.71,F,1,54,Tue,2,Regional
grocery,349.18,F,1,40,Tue,2,Regional
shopping,692.59,F,1,40,Tue,6,Regional
travel,11.02,M,1,53,Tue,9,Regional
travel,8.29,F,1,40,Tue,10,Commute
misc,774.77,F,1,40,Tue,11,Long_Distance
misc,936.33,F,1,54,Tue,22,Commute
entertainment,442.43,F,1,40,Tue,22,Regional
shopping,1080.21,M,1,53,Tue,22,Commute
misc,7.3,M,1,53,Tue,22,Regional
home,259.05,F,1,33,Tue,23,Commute
shopping,986.7,F,1,40,Tue,23,Long_Distance
shopping,878.13,M,1,53,Tue,23,Long_Distance
shopping,876.21,M,1,53,Tue,23,Commute
shopping,864.69,M,1,53,Tue,23,Regional
misc,843.7,F,1,54,Tue,23,Regional
grocery,325.16,F,1,33,Wed,1,Remote
grocery,300.56,M,1,22,Wed,3,Long_Distance
health,14.13,F,1,33,Wed,22,Regional
grocery,260.11,M,1,53,Wed,22,Commute
travel,12.53,M,1,29,Thu,0,Long_Distance
grocery,271.43,M,1,22,Thu,0,Regional
travel,10.74,M,1,22,Thu,0,Long_Distance
travel,10.99,F,1,54,Thu,0,Remote
grocery,300.43,F,1,54,Thu,0,Local
grocery,320.01,F,1,54,Thu,1,Regional
grocery,306.33,M,1,22,Thu,2,Commute
travel,14.06,F,1,54,Thu,2,Commute
misc,794.95,M,1,29,Thu,2,Remote
grocery,306.59,M,1,29,Thu,2,Regional
misc,792.7,M,1,22,Thu,4,Commute
misc,814.18,M,1,22,Thu,5,Long_Distance
grocery,306.33,M,1,29,Thu,11,Commute
misc,7.76,F,1,54,Thu,22,Long_Distance
shopping,922.16,F,1,54,Thu,22,Regional
misc,846.2,F,1,54,Thu,22,Regional
home,16.38,M,1,22,Thu,22,Commute
personal,19.31,M,1,29,Thu,22,Long_Distance
shopping,935.43,M,1,29,Thu,22,Remote
shopping,898.9,M,1,29,Thu,22,Long_Distance
shopping,859.23,M,1,29,Thu,23,Regional
shopping,990.3,M,1,22,Thu,23,Remote
health,22.71,M,1,29,Thu,23,Long_Distance
travel,9.52,F,1,54,Fri,0,Long_Distance
travel,9.89,M,1,29,Fri,1,Commute
grocery,321.37,M,1,29,Fri,1,Regional
grocery,309.75,F,1,54,Fri,1,Regional
grocery,338.93,F,1,54,Fri,4,Commute
shopping,900.29,F,1,69,Fri,16,Regional
grocery,300.19,F,1,69,Fri,20,Commute
misc,750.87,M,1,29,Fri,21,Long_Distance
health,19.9,F,1,69,Fri,22,Commute
misc,753.02,F,1,69,Fri,23,Long_Distance
shopping,1128.68,F,1,54,Fri,23,Regional
grocery,318.65,F,1,84,Sat,0,Commute
grocery,342.42,F,1,70,Sat,1,Long_Distance
travel,8.47,F,1,69,Sat,1,Regional
travel,12.87,F,1,84,Sat,2,Long_Distance
grocery,330.54,F,1,84,Sat,2,Commute
grocery,306.27,F,1,84,Sat,13,Commute
personal,48.07,F,1,70,Sat,15,Commute
shopping,886.79,F,1,69,Sat,18,Regional
shopping,915.92,F,1,69,Sat,22,Commute
misc,841.63,F,1,69,Sat,22,Commute
misc,8.48,F,1,84,Sat,23,Commute
shopping,942.36,F,1,69,Sat,23,Long_Distance
grocery,333.28,F,1,84,Sat,23,Long_Distance
travel,8.37,F,1,89,Sun,0,Long_Distance
grocery,320.12,F,1,84,Sun,0,Long_Distance
travel,16.59,M,1,58,Sun,1,Regional
grocery,293.81,F,1,84,Sun,1,Long_Distance
travel,12.57,F,1,84,Sun,1,Commute
shopping,928.15,F,1,70,Sun,12,Long_Distance
shopping,804.93,F,1,70,Sun,13,Long_Distance
shopping,939.8,M,1,58,Sun,21,Long_Distance
misc,682.36,F,1,70,Sun,22,Regional
shopping,895.34,M,1,42,Sun,22,Long_Distance
misc,749.36,F,1,70,Sun,22,Commute
misc,770.58,M,1,58,Sun,22,Long_Distance
misc,860.5,F,1,70,Sun,22,Long_Distance
shopping,857.25,M,1,58,Sun,22,Remote
shopping,919.05,M,1,58,Sun,22,Commute
shopping,958.14,F,1,89,Sun,22,Regional
misc,911.15,F,1,84,Sun,22,Long_Distance
shopping,973.54,F,1,70,Sun,23,Long_Distance
shopping,951.26,M,1,42,Sun,23,Long_Distance
shopping,992.74,F,1,84,Sun,23,Long_Distance
misc,749.41,M,1,42,Sun,23,Commute
misc,837.39,F,1,70,Sun,23,Long_Distance
shopping,1126.32,M,1,58,Sun,23,Commute
shopping,1015.91,M,1,58,Sun,23,Long_Distance
entertainment,422.46,F,1,89,Sun,23,Regional
shopping,1010.03,F,1,84,Sun,23,Regional
misc,743.89,F,1,89,Sun,23,Local
home,4.15,M,1,58,Sun,23,Remote
grocery,8.31,F,1,89,Mon,0,Long_Distance
grocery,8.26,M,1,42,Mon,0,Regional
travel,9.34,M,1,42,Mon,1,Commute
shopping,656.0,F,1,48,Mon,1,Commute
grocery,336.26,M,1,58,Mon,1,Long_Distance
grocery,332.65,M,1,42,Mon,1,Commute
grocery,264.75,M,1,42,Mon,2,Commute
travel,13.17,M,1,42,Mon,2,Long_Distance
grocery,330.67,M,1,58,Mon,3,Local
grocery,303.69,F,1,89,Mon,3,Long_Distance
grocery,350.42,F,1,48,Mon,3,Long_Distance
grocery,281.04,F,1,89,Mon,3,Local
travel,20.0,M,1,55,Mon,7,Commute
grocery,96.74,F,1,48,Mon,12,Long_Distance
shopping,1123.86,M,1,42,Mon,14,Commute
personal,47.97,M,1,55,Mon,22,Regional
shopping,1053.42,F,1,89,Mon,22,Regional
shopping,877.27,F,1,48,Mon,22,Long_Distance
shopping,904.37,M,1,58,Mon,22,Long_Distance
misc,632.4,F,1,89,Mon,22,Regional
shopping,898.59,M,1,42,Mon,22,Regional
grocery,131.14,F,1,48,Mon,22,Commute
shopping,887.65,M,1,58,Mon,22,Regional
shopping,850.84,M,1,42,Mon,23,Regional
shopping,1150.49,M,1,58,Mon,23,Long_Distance
misc,729.05,F,1,89,Mon,23,Long_Distance
misc,1037.47,M,1,55,Mon,23,Long_Distance
shopping,892.17,M,1,55,Mon,23,Long_Distance
shopping,813.59,M,1,58,Mon,23,Commute
shopping,988.59,M,1,58,Mon,23,Long_Distance
misc,814.46,M,1,42,Mon,23,Regional
shopping,1000.57,F,1,48,Tue,0,Long_Distance
grocery,363.85,M,1,55,Tue,0,Commute
grocery,361.16,M,1,55,Tue,1,Commute
travel,21.23,M,1,55,Tue,1,Local
travel,7.51,F,1,48,Tue,2,Remote
grocery,386.1,F,1,48,Tue,5,Regional
shopping,967.25,M,1,55,Tue,22,Commute
grocery,107.75,F,1,48,Tue,22,Long_Distance
misc,869.0,M,1,55,Tue,22,Long_Distance
travel,9.53,M,1,44,Wed,0,Commute
travel,12.64,M,1,67,Wed,1,Long_Distance
grocery,295.42,M,1,67,Wed,2,Regional
grocery,310.53,M,1,44,Wed,3,Regional
grocery,302.68,M,1,26,Wed,5,Commute
misc,896.22,M,1,44,Wed,17,Long_Distance
entertainment,454.93,M,1,44,Wed,19,Long_Distance
shopping,892.92,M,1,26,Wed,21,Regional
shopping,977.99,M,1,44,Wed,22,Long_Distance
shopping,854.49,M,1,26,Wed,22,Commute
misc,804.37,M,1,26,Wed,22,Long_Distance
misc,745.17,M,1,44,Wed,22,Long_Distance
grocery,289.01,M,1,67,Wed,23,Long_Distance
misc,847.85,M,1,67,Wed,23,Long_Distance
travel,9.49,M,1,44,Thu,2,Local
travel,9.75,M,1,26,Thu,3,Regional
shopping,874.75,M,1,67,Thu,14,Remote
misc,817.94,M,1,26,Thu,21,Commute
grocery,300.7,M,1,44,Thu,22,Long_Distance
shopping,917.43,M,1,44,Thu,22,Long_Distance
shopping,1002.39,M,1,86,Thu,22,Long_Distance
misc,1013.12,M,1,67,Thu,22,Regional
shopping,968.73,M,1,86,Thu,22,Long_Distance
shopping,977.39,M,1,44,Thu,22,Remote
grocery,320.85,M,1,67,Thu,23,Long_Distance
shopping,903.67,M,1,26,Thu,23,Regional
shopping,939.96,M,1,67,Thu,23,Long_Distance
misc,6.8,M,1,86,Thu,23,Long_Distance
misc,753.36,M,1,86,Thu,23,Long_Distance
misc,795.26,M,1,30,Fri,0,Commute
grocery,309.71,F,1,64,Fri,1,Commute
travel,8.09,M,1,30,Fri,3,Commute
travel,7.82,M,1,30,Fri,4,Commute
entertainment,440.92,M,1,86,Fri,13,Regional
shopping,919.37,M,1,30,Fri,15,Commute
shopping,931.58,M,1,86,Fri,22,Regional
misc,716.21,F,1,64,Fri,22,Long_Distance
shopping,922.39,M,1,86,Fri,22,Commute
misc,818.88,F,1,64,Fri,22,Long_Distance
grocery,326.49,F,1,64,Fri,22,Commute
misc,826.63,F,1,64,Fri,22,Local
grocery,319.12,M,1,86,Fri,22,Regional
misc,866.72,M,1,86,Fri,23,Long_Distance
shopping,919.83,M,1,86,Fri,23,Long_Distance
entertainment,449.39,M,1,30,Fri,23,Remote
misc,907.57,F,1,64,Fri,23,Long_Distance
misc,50.57,F,1,64,Fri,23,Regional
shopping,753.84,F,1,64,Fri,23,Long_Distance
shopping,1045.07,M,1,30,Fri,23,Commute
grocery,281.13,M,1,31,Sat,0,Regional
grocery,284.65,M,1,30,Sat,1,Commute
travel,8.78,M,1,30,Sat,1,Long_Distance
grocery,328.28,F,1,64,Sat,2,Regional
grocery,338.04,M,1,30,Sat,3,Long_Distance
travel,20.83,F,1,64,Sat,3,Long_Distance
grocery,258.23,M,1,30,Sat,9,Commute
shopping,956.07,M,1,31,Sat,18,Commute
travel,9.23,M,1,31,Sat,19,Long_Distance
shopping,1027.78,M,1,31,Sat,22,Long_Distance
misc,923.39,M,1,31,Sat,22,Long_Distance
entertainment,573.51,F,1,64,Sat,23,Commute
grocery,280.8,M,1,31,Sat,23,Long_Distance
misc,709.0,M,1,31,Sat,23,Long_Distance
misc,800.87,M,1,31,Sat,23,Regional
personal,22.97,M,1,30,Sat,23,Commute
shopping,796.1,M,1,31,Sun,22,Regional
shopping,1094.14,M,1,31,Sun,22,Regional
shopping,884.02,M,1,31,Sun,23,Long_Distance
grocery,312.81,M,1,27,Mon,1,Commute
shopping,947.88,M,1,27,Mon,22,Commute
shopping,1066.55,M,1,27,Mon,22,Commute
shopping,957.89,M,1,27,Mon,22,Long_Distance
shopping,790.85,M,1,27,Mon,23,Commute
grocery,314.21,M,1,53,Tue,0,Remote
travel,10.04,M,1,27,Tue,3,Commute
misc,713.0,M,1,53,Tue,15,Long_Distance
grocery,291.1,M,1,27,Tue,18,Regional
misc,779.62,M,1,27,Tue,18,Long_Distance
misc,839.47,M,1,53,Tue,22,Regional
misc,718.05,M,1,27,Tue,22,Long_Distance
shopping,897.71,M,1,27,Tue,22,Commute
shopping,1166.67,M,1,53,Tue,22,Commute
misc,831.25,M,1,53,Tue,22,Commute
misc,835.69,M,1,53,Tue,22,Commute
shopping,902.11,M,1,53,Tue,23,Long_Distance
shopping,976.55,M,1,53,Tue,23,Long_Distance
shopping,869.93,M,1,27,Tue,23,Long_Distance
grocery,332.78,M,1,53,Wed,1,Commute
grocery,303.49,M,1,44,Wed,1,Long_Distance
travel,14.86,M,1,44,Wed,2,Long_Distance
shopping,1006.81,M,1,29,Wed,18,Commute
shopping,892.34,M,1,29,Wed,22,Commute
shopping,1088.48,M,1,44,Wed,22,Commute
shopping,962.86,M,1,29,Wed,22,Regional
misc,680.5,M,1,44,Wed,22,Long_Distance
grocery,287.38,M,1,29,Wed,22,Regional
shopping,810.62,M,1,29,Wed,22,Commute
shopping,930.04,M,1,44,Wed,22,Commute
shopping,972.65,M,1,53,Wed,22,Commute
shopping,1091.97,M,1,53,Wed,22,Regional
shopping,852.43,M,1,29,Wed,23,Commute
misc,861.75,M,1,53,Wed,23,Commute
travel,9.5,F,1,94,Thu,0,Commute
travel,11.25,M,1,44,Thu,1,Long_Distance
grocery,318.34,F,1,94,Thu,3,Regional
grocery,330.35,F,1,94,Thu,3,Commute
travel,13.89,M,1,44,Thu,5,Regional
grocery,283.17,M,1,44,Thu,7,Long_Distance
shopping,961.63,F,1,94,Thu,15,Remote
personal,21.62,M,1,29,Thu,18,Long_Distance
misc,954.23,M,1,44,Thu,19,Long_Distance
shopping,989.86,F,1,94,Thu,20,Regional
shopping,877.44,M,1,44,Thu,22,Regional
shopping,1031.68,M,1,29,Thu,22,Regional
shopping,820.76,M,1,29,Thu,23,Regional
grocery,263.06,M,1,29,Thu,23,Commute
shopping,827.23,M,1,29,Thu,23,Commute
grocery,326.58,M,1,29,Thu,23,Long_Distance
misc,633.21,M,1,44,Thu,23,Commute
shopping,1057.54,M,1,44,Thu,23,Long_Distance
shopping,1050.15,M,1,29,Thu,23,Regional
shopping,911.55,F,1,94,Fri,19,Long_Distance
shopping,954.69,F,1,94,Fri,21,Remote
misc,903.7,F,1,94,Fri,22,Commute
shopping,1078.98,F,1,94,Fri,22,Regional
shopping,936.7,F,1,60,Fri,23,Commute
grocery,114.36,F,1,60,Fri,23,Long_Distance
travel,8.73,F,1,60,Sat,0,Long_Distance
grocery,320.81,F,1,60,Sat,0,Long_Distance
shopping,997.11,F,1,60,Sat,22,Local
misc,672.46,F,1,60,Sat,23,Commute
grocery,310.9,F,1,60,Sat,23,Long_Distance
travel,19.6,M,1,53,Sun,0,Regional
grocery,327.0,F,1,33,Sun,0,Commute
misc,660.07,M,1,33,Sun,1,Remote
grocery,272.02,M,1,53,Sun,1,Regional
shopping,1065.91,F,1,33,Sun,2,Long_Distance
grocery,313.56,M,1,53,Sun,10,Long_Distance
home,240.97,F,1,33,Sun,15,Regional
misc,50.53,M,1,53,Sun,17,Long_Distance
shopping,825.2,M,1,53,Sun,22,Commute
shopping,1324.8,F,1,23,Sun,22,Regional
shopping,801.43,M,1,33,Sun,22,Long_Distance
shopping,1312.98,F,1,23,Sun,22,Long_Distance
shopping,924.45,F,1,23,Sun,22,Long_Distance
grocery,139.93,F,1,33,Sun,23,Long_Distance
shopping,956.21,M,1,53,Sun,23,Long_Distance
shopping,990.39,M,1,33,Sun,23,Remote
shopping,816.12,M,1,33,Sun,23,Long_Distance
shopping,1003.47,F,1,33,Mon,0,Remote
travel,20.26,M,1,53,Mon,1,Regional
grocery,282.8,F,1,23,Mon,1,Commute
travel,18.32,M,1,53,Mon,1,Commute
misc,743.22,M,1,33,Mon,1,Long_Distance
shopping,1053.5,F,1,43,Mon,2,Long_Distance
grocery,278.07,F,1,23,Mon,2,Long_Distance
grocery,275.95,F,1,23,Mon,2,Remote
grocery,9.95,F,1,23,Mon,2,Long_Distance
misc,708.65,F,1,33,Mon,3,Long_Distance
shopping,1120.98,F,1,33,Mon,3,Long_Distance
misc,865.88,F,1,43,Mon,3,Long_Distance
shopping,891.85,F,1,33,Mon,3,Remote
misc,872.53,F,1,33,Mon,5,Long_Distance
misc,849.22,F,1,43,Mon,10,Regional
home,259.21,F,1,33,Mon,12,Long_Distance
travel,11.12,F,1,23,Mon,16,Long_Distance
shopping,916.28,M,1,53,Mon,17,Long_Distance
grocery,109.87,M,1,53,Mon,19,Long_Distance
travel,10.33,F,1,33,Mon,21,Regional
shopping,900.38,M,1,53,Mon,22,Long_Distance
shopping,1376.04,F,1,23,Mon,22,Long_Distance
misc,820.37,F,1,23,Mon,22,Commute
shopping,1004.21,M,1,33,Mon,22,Commute
shopping,855.75,M,1,33,Mon,22,Commute
health,19.17,F,1,33,Mon,22,Long_Distance
shopping,1047.08,M,1,33,Mon,22,Commute
grocery,335.07,M,1,53,Mon,22,Long_Distance
shopping,1130.23,F,1,23,Mon,22,Long_Distance
grocery,134.66,F,1,23,Mon,22,Remote
shopping,1108.71,M,1,53,Mon,23,Regional
shopping,654.62,M,1,53,Mon,23,Long_Distance
grocery,307.9,M,1,53,Mon,23,Long_Distance
home,23.1,F,1,33,Mon,23,Long_Distance
travel,9.34,F,1,43,Mon,23,Commute
home,240.35,F,1,43,Mon,23,Long_Distance
shopping,1215.89,F,1,23,Mon,23,Regional
grocery,284.76,M,1,64,Tue,2,Regional
grocery,345.06,M,1,53,Tue,3,Long_Distance
grocery,311.12,M,1,53,Tue,6,Commute
grocery,278.64,M,1,64,Tue,7,Long_Distance
shopping,758.19,M,1,53,Tue,22,Long_Distance
shopping,828.2,M,1,64,Tue,23,Regional
home,22.37,F,1,43,Tue,23,Commute
shopping,1117.99,M,1,53,Tue,23,Commute
grocery,12.66,M,1,87,Wed,0,Remote
grocery,296.06,M,1,64,Wed,1,Commute
travel,8.82,M,1,87,Wed,1,Regional
travel,13.48,M,1,64,Wed,2,Local
misc,8.78,M,1,87,Wed,17,Regional
shopping,937.11,M,1,64,Wed,18,Long_Distance
shopping,872.07,M,1,87,Wed,22,Long_Distance
misc,717.09,M,1,64,Wed,22,Regional
shopping,948.84,M,1,87,Wed,22,Remote
misc,8.73,M,1,87,Wed,22,Long_Distance
entertainment,687.06,M,1,53,Wed,22,Long_Distance
shopping,893.85,M,1,87,Wed,23,Regional
grocery,321.58,M,1,87,Thu,1,Commute
shopping,924.48,M,1,87,Thu,23,Commute
shopping,1052.92,M,1,87,Thu,23,Long_Distance
grocery,318.94,M,1,87,Thu,23,Long_Distance
shopping,999.66,F,1,69,Fri,22,Remote
shopping,1050.5,F,1,69,Fri,23,Long_Distance
shopping,777.95,F,1,38,Sat,2,Regional
misc,709.99,F,1,38,Sat,10,Long_Distance
personal,20.33,F,1,38,Sat,22,Long_Distance
shopping,855.4,F,1,69,Sat,22,Commute
entertainment,519.07,F,1,69,Sat,23,Regional
shopping,925.27,F,1,69,Sat,23,Commute
grocery,318.08,M,1,56,Sun,1,Long_Distance
grocery,291.98,M,1,71,Sun,1,Regional
misc,939.91,F,1,39,Sun,2,Remote
shopping,940.24,F,1,38,Sun,3,Local
grocery,351.91,M,1,56,Sun,13,Long_Distance
shopping,1065.07,M,1,71,Sun,13,Regional
shopping,925.39,M,1,56,Sun,19,Long_Distance
shopping,941.1,M,1,56,Sun,22,Long_Distance
home,259.24,F,1,39,Sun,22,Long_Distance
entertainment,533.58,F,1,38,Sun,22,Long_Distance
shopping,900.76,M,1,71,Sun,22,Commute
personal,21.02,F,1,38,Sun,22,Remote
misc,890.98,M,1,56,Sun,23,Long_Distance
shopping,908.8,M,1,71,Sun,23,Regional
home,238.64,F,1,39,Sun,23,Long_Distance
home,271.74,F,1,38,Sun,23,Regional
health,24.75,F,1,39,Sun,23,Long_Distance
shopping,1108.11,M,1,71,Sun,23,Long_Distance
grocery,131.1,F,1,39,Sun,23,Commute
entertainment,456.0,F,1,39,Sun,23,Long_Distance
grocery,262.15,M,1,56,Mon,1,Regional
shopping,1067.95,F,1,39,Mon,1,Long_Distance
shopping,755.73,F,1,39,Mon,3,Regional
grocery,297.52,M,1,56,Mon,3,Regional
misc,778.62,F,1,39,Mon,3,Regional
grocery,312.87,M,1,71,Mon,5,Long_Distance
misc,757.05,F,1,39,Mon,7,Commute
health,17.81,F,1,39,Mon,13,Long_Distance
misc,810.7,M,1,71,Mon,16,Commute
personal,20.62,F,1,44,Mon,17,Commute
shopping,780.14,F,1,44,Mon,18,Regional
home,19.21,F,1,44,Mon,18,Commute
shopping,1000.03,M,1,56,Mon,22,Commute
shopping,899.48,M,1,71,Mon,22,Local
shopping,852.69,M,1,56,Mon,22,Long_Distance
health,19.04,F,1,39,Mon,22,Regional
misc,679.7,M,1,56,Mon,22,Long_Distance
home,19.59,F,1,44,Mon,22,Regional
entertainment,459.01,F,1,39,Mon,22,Long_Distance
home,228.49,F,1,39,Mon,22,Long_Distance
entertainment,385.65,M,1,56,Mon,22,Commute
personal,21.86,M,1,71,Mon,23,Commute
grocery,368.45,F,1,46,Tue,0,Long_Distance
travel,7.24,F,1,46,Tue,2,Long_Distance
grocery,357.16,F,1,44,Tue,3,Long_Distance
grocery,369.79,F,1,46,Tue,3,Regional
grocery,366.09,F,1,44,Tue,3,Remote
grocery,331.37,F,1,46,Tue,3,Regional
health,19.42,F,1,44,Tue,20,Commute
personal,24.17,F,1,46,Tue,22,Regional
entertainment,590.39,F,1,44,Tue,23,Long_Distance
shopping,635.09,F,1,44,Tue,23,Commute
shopping,1167.06,F,1,46,Wed,0,Commute
grocery,369.32,F,1,46,Wed,0,Long_Distance
shopping,913.66,F,1,46,Wed,1,Commute
grocery,324.71,M,1,42,Wed,1,Long_Distance
misc,773.46,F,1,46,Wed,2,Regional
grocery,324.06,M,1,42,Wed,2,Regional
misc,688.98,F,1,48,Wed,2,Regional
shopping,829.91,F,1,48,Wed,3,Regional
grocery,374.51,F,1,46,Wed,3,Long_Distance
shopping,1084.6,F,1,46,Wed,3,Long_Distance
misc,939.56,F,1,46,Wed,5,Commute
misc,742.74,F,1,37,Wed,7,Long_Distance
grocery,287.8,F,1,24,Wed,7,Regional
shopping,885.7,F,1,46,Wed,11,Regional
personal,18.62,M,1,42,Wed,13,Regional
health,18.99,F,1,46,Wed,21,Regional
personal,18.55,F,1,48,Wed,22,Commute
shopping,970.54,M,1,42,Wed,22,Long_Distance
entertainment,625.06,F,1,48,Wed,22,Long_Distance
home,20.91,F,1,46,Wed,22,Remote
shopping,882.62,M,1,42,Wed,22,Regional
shopping,986.87,F,1,48,Wed,22,Commute
shopping,766.4,M,1,42,Wed,22,Long_Distance
personal,18.81,F,1,46,Wed,23,Remote
home,19.77,F,1,46,Wed,23,Regional
grocery,283.38,M,1,42,Wed,23,Long_Distance
health,20.04,F,1,46,Wed,23,Commute
home,234.58,F,1,48,Wed,23,Remote
home,17.55,F,1,46,Wed,23,Remote
shopping,1105.6,M,1,42,Wed,23,Commute
grocery,331.0,M,1,42,Wed,23,Regional
home,270.74,F,1,37,Wed,23,Regional
home,18.03,F,1,48,Wed,23,Regional
health,20.51,F,1,48,Wed,23,Commute
home,19.63,F,1,48,Wed,23,Long_Distance
grocery,361.74,F,1,46,Thu,0,Regional
grocery,368.88,M,1,65,Thu,1,Regional
misc,777.09,F,1,48,Thu,1,Regional
grocery,335.66,F,1,70,Thu,1,Long_Distance
grocery,350.75,F,1,74,Thu,2,Commute
grocery,331.74,F,1,59,Thu,2,Commute
grocery,311.71,F,1,70,Thu,2,Commute
grocery,301.32,F,1,24,Thu,2,Long_Distance
travel,23.65,M,1,65,Thu,2,Long_Distance
grocery,355.24,F,1,48,Thu,3,Commute
travel,8.37,F,1,24,Thu,3,Commute
grocery,10.78,M,1,42,Thu,3,Regional
grocery,342.37,F,1,70,Thu,5,Long_Distance
grocery,308.5,F,1,59,Thu,10,Regional
misc,678.99,M,1,42,Thu,16,Long_Distance
shopping,1065.91,M,1,42,Thu,17,Commute
shopping,906.51,F,1,24,Thu,18,Regional
personal,18.35,F,1,46,Thu,22,Long_Distance
shopping,858.54,F,1,70,Thu,22,Remote
shopping,1077.64,F,1,70,Thu,22,Commute
home,306.26,F,1,46,Thu,22,Long_Distance
travel,9.72,F,1,46,Thu,22,Long_Distance
misc,49.76,F,1,59,Thu,22,Long_Distance
shopping,1053.08,F,1,24,Thu,22,Regional
home,330.52,F,1,48,Thu,22,Long_Distance
personal,51.82,F,1,70,Thu,22,Commute
home,23.84,F,1,48,Thu,22,Long_Distance
home,4.06,F,1,59,Thu,22,Commute
shopping,722.68,F,1,59,Thu,22,Regional
grocery,325.9,F,1,59,Thu,22,Regional
shopping,956.44,F,1,74,Thu,22,Commute
shopping,1047.28,F,1,59,Thu,22,Commute
home,18.53,F,1,48,Thu,23,Long_Distance
misc,744.57,M,1,42,Thu,23,Long_Distance
misc,802.56,F,1,24,Thu,23,Commute
grocery,345.57,M,1,65,Thu,23,Regional
misc,783.6,F,1,59,Thu,23,Regional
misc,753.08,F,1,74,Thu,23,Long_Distance
grocery,310.33,F,1,70,Thu,23,Regional
travel,20.15,F,1,70,Fri,0,Long_Distance
travel,16.66,F,1,70,Fri,1,Long_Distance
grocery,291.92,F,1,61,Fri,1,Commute
grocery,15.0,F,1,70,Fri,1,Regional
grocery,15.63,F,1,74,Fri,2,Regional
travel,17.91,F,1,70,Fri,2,Commute
travel,19.87,F,1,70,Fri,2,Commute
grocery,315.4,F,1,59,Fri,2,Long_Distance
grocery,16.39,M,1,65,Fri,3,Commute
travel,17.74,F,1,59,Fri,6,Commute
grocery,291.1,F,1,61,Fri,10,Long_Distance
shopping,1104.69,M,1,65,Fri,15,Commute
shopping,1145.15,F,1,59,Fri,19,Regional
misc,49.41,F,1,70,Fri,22,Long_Distance
shopping,1029.03,F,1,70,Fri,22,Long_Distance
misc,829.92,F,1,61,Fri,22,Regional
grocery,319.73,F,1,59,Fri,22,Long_Distance
health,21.53,F,1,30,Fri,22,Commute
misc,842.27,F,1,70,Fri,22,Regional
shopping,782.81,F,1,59,Fri,22,Commute
shopping,825.71,F,1,74,Fri,22,Local
shopping,872.14,F,1,74,Fri,23,Commute
shopping,1060.31,F,1,74,Fri,23,Regional
shopping,1078.51,F,1,74,Fri,23,Local
misc,780.97,F,1,59,Fri,23,Regional
grocery,296.83,F,1,51,Sat,0,Commute
misc,855.02,F,1,30,Sat,0,Commute
grocery,292.14,F,1,61,Sat,0,Long_Distance
grocery,352.67,F,1,51,Sat,0,Regional
misc,971.57,F,1,30,Sat,0,Long_Distance
travel,10.7,F,1,61,Sat,1,Long_Distance
shopping,1006.04,F,1,30,Sat,2,Long_Distance
travel,8.28,F,1,30,Sat,2,Long_Distance
grocery,353.57,F,1,30,Sat,2,Regional
shopping,876.1,F,1,30,Sat,3,Commute
shopping,1006.48,M,1,62,Sat,16,Long_Distance
shopping,965.05,M,1,62,Sat,18,Commute
misc,735.19,M,1,62,Sat,22,Long_Distance
shopping,1064.44,F,1,61,Sat,22,Commute
misc,834.6,F,1,51,Sat,22,Regional
health,21.98,F,1,30,Sat,22,Commute
home,264.64,F,1,30,Sat,22,Commute
home,271.35,F,1,30,Sat,22,Long_Distance
grocery,112.06,F,1,30,Sat,22,Long_Distance
home,23.84,F,1,30,Sat,22,Regional
misc,824.27,F,1,61,Sat,23,Regional
grocery,307.71,M,1,62,Sat,23,Local
home,233.53,F,1,30,Sat,23,Long_Distance
shopping,1063.03,F,1,51,Sat,23,Long_Distance
home,222.69,F,1,30,Sat,23,Commute
misc,725.6,M,1,62,Sat,23,Long_Distance
grocery,15.87,F,1,51,Sun,0,Long_Distance
misc,9.18,F,1,34,Sun,0,Long_Distance
shopping,977.01,F,1,34,Sun,1,Long_Distance
shopping,1210.91,F,1,34,Sun,1,Long_Distance
travel,10.24,M,1,26,Sun,2,Long_Distance
travel,21.69,F,1,51,Sun,3,Long_Distance
travel,10.2,M,1,26,Sun,3,Remote
health,24.84,F,1,51,Sun,22,Regional
misc,780.52,M,1,62,Sun,22,Regional
entertainment,620.33,M,1,62,Sun,22,Commute
shopping,1077.69,M,1,26,Sun,22,Long_Distance
shopping,842.65,F,1,51,Sun,23,Commute
health,22.55,F,1,34,Sun,23,Long_Distance
shopping,1128.26,M,1,26,Sun,23,Commute
shopping,931.82,M,1,26,Sun,23,Long_Distance
shopping,983.0,M,1,26,Sun,23,Long_Distance
shopping,955.16,M,1,62,Sun,23,Commute
misc,701.81,M,1,26,Mon,0,Regional
misc,8.39,F,1,34,Mon,1,Regional
grocery,326.94,M,1,26,Mon,1,Regional
grocery,353.08,F,1,34,Mon,1,Long_Distance
misc,868.48,M,1,26,Mon,3,Commute
grocery,13.25,F,1,34,Mon,3,Commute
shopping,777.45,F,1,34,Mon,3,Commute
shopping,967.86,F,1,34,Mon,4,Long_Distance
shopping,825.81,M,1,26,Mon,21,Long_Distance
personal,21.92,F,1,34,Mon,22,Long_Distance
health,21.74,F,1,34,Mon,23,Remote
home,250.32,F,1,34,Mon,23,Long_Distance
grocery,315.45,M,1,61,Wed,0,Commute
grocery,279.78,M,1,61,Wed,0,Regional
grocery,287.38,M,1,61,Wed,2,Regional
grocery,276.4,M,1,61,Wed,3,Regional
travel,7.82,M,1,61,Wed,3,Long_Distance
misc,790.54,M,1,61,Wed,22,Long_Distance
misc,723.23,M,1,61,Wed,22,Long_Distance
personal,46.36,F,1,61,Wed,22,Regional
shopping,996.31,M,1,61,Wed,22,Regional
shopping,902.3,M,1,61,Wed,23,Regional
shopping,741.77,M,1,61,Wed,23,Long_Distance
shopping,900.77,F,1,61,Wed,23,Long_Distance
shopping,1047.3,M,1,61,Wed,23,Long_Distance
misc,737.99,F,1,61,Wed,23,Regional
misc,49.18,F,1,61,Wed,23,Long_Distance
shopping,1046.97,F,1,61,Thu,18,Regional
misc,850.82,F,1,61,Thu,22,Regional
shopping,976.48,F,1,61,Thu,23,Regional
travel,4.64,F,1,61,Thu,23,Long_Distance
grocery,95.52,M,1,61,Thu,23,Regional
grocery,297.2,F,1,57,Fri,1,Long_Distance
grocery,315.72,F,1,57,Fri,1,Long_Distance
travel,8.32,F,1,57,Fri,5,Long_Distance
grocery,309.04,M,1,38,Fri,9,Long_Distance
home,219.46,F,1,57,Fri,16,Long_Distance
misc,749.59,F,1,57,Fri,22,Regional
shopping,1129.53,F,1,57,Fri,22,Long_Distance
misc,844.29,F,1,57,Fri,22,Regional
shopping,949.88,M,1,38,Fri,23,Local
shopping,935.06,M,1,38,Fri,23,Regional
shopping,1025.61,M,1,38,Fri,23,Long_Distance
travel,18.25,F,1,51,Sat,0,Long_Distance
travel,11.82,M,1,38,Sat,1,Commute
misc,764.71,M,1,38,Sat,2,Commute
grocery,294.78,M,1,38,Sat,3,Regional
shopping,917.11,M,1,38,Sat,16,Long_Distance
misc,667.17,F,1,51,Sat,19,Regional
travel,9.99,M,1,38,Sat,22,Commute
grocery,135.82,F,1,51,Sat,22,Regional
entertainment,614.72,F,1,51,Sat,22,Long_Distance
shopping,996.41,F,1,57,Sat,23,Long_Distance
shopping,895.25,F,1,57,Sat,23,Long_Distance
shopping,1134.41,F,1,57,Sat,23,Long_Distance
grocery,314.28,M,1,56,Sun,2,Long_Distance
grocery,319.53,F,1,51,Sun,3,Commute
grocery,241.45,M,1,56,Sun,6,Long_Distance
shopping,1159.89,M,1,56,Sun,22,Commute
shopping,1051.14,F,1,51,Sun,22,Long_Distance
shopping,1142.66,M,1,56,Sun,23,Long_Distance
misc,777.75,F,1,51,Sun,23,Regional
shopping,1197.26,M,1,56,Sun,23,Long_Distance
grocery,307.26,F,1,68,Mon,0,Regional
shopping,969.7,F,1,34,Mon,1,Remote
grocery,314.73,M,1,56,Mon,1,Commute
grocery,347.63,F,1,34,Mon,2,Long_Distance
grocery,342.87,F,1,80,Mon,2,Commute
grocery,291.15,F,1,68,Mon,2,Commute
grocery,326.49,F,1,80,Mon,3,Long_Distance
shopping,1071.19,F,1,34,Mon,6,Commute
grocery,344.74,F,1,68,Mon,8,Regional
entertainment,443.97,F,1,68,Mon,17,Regional
shopping,854.92,F,1,80,Mon,22,Long_Distance
home,342.36,F,1,34,Mon,22,Regional
grocery,320.36,F,1,80,Mon,22,Long_Distance
personal,21.88,F,1,34,Mon,23,Long_Distance
travel,8.85,F,1,47,Mon,23,Long_Distance
shopping,888.56,F,1,68,Mon,23,Commute
home,20.53,F,1,34,Mon,23,Commute
misc,878.42,F,1,68,Mon,23,Long_Distance
personal,22.91,F,1,34,Mon,23,Long_Distance
shopping,1004.99,M,1,56,Mon,23,Regional
misc,793.07,M,1,56,Mon,23,Long_Distance
shopping,1013.85,M,1,56,Mon,23,Long_Distance
travel,9.78,F,1,36,Tue,0,Long_Distance
grocery,302.75,F,1,68,Tue,0,Commute
travel,18.82,F,1,80,Tue,0,Local
grocery,315.39,F,1,68,Tue,0,Remote
shopping,1020.48,F,1,36,Tue,1,Commute
misc,795.07,F,1,34,Tue,1,Commute
shopping,829.4,F,1,34,Tue,1,Long_Distance
grocery,319.23,F,1,47,Tue,2,Remote
travel,8.06,F,1,36,Tue,2,Long_Distance
shopping,772.65,F,1,47,Tue,2,Commute
grocery,353.35,F,1,34,Tue,2,Long_Distance
grocery,348.48,F,1,36,Tue,2,Commute
grocery,320.73,F,1,80,Tue,3,Regional
shopping,826.27,F,1,36,Tue,3,Long_Distance
entertainment,483.28,F,1,36,Tue,3,Commute
shopping,1071.12,F,1,47,Tue,3,Regional
grocery,307.33,F,1,80,Tue,3,Long_Distance
grocery,347.88,F,1,80,Tue,3,Regional
entertainment,520.02,F,1,36,Tue,3,Long_Distance
misc,8.13,F,1,47,Tue,4,Long_Distance
misc,778.42,F,1,34,Tue,5,Long_Distance
shopping,989.92,F,1,34,Tue,10,Commute
shopping,1143.96,F,1,68,Tue,12,Remote
home,19.68,F,1,36,Tue,16,Regional
misc,50.07,F,1,80,Tue,19,Commute
shopping,1123.95,F,1,80,Tue,21,Commute
misc,830.06,F,1,80,Tue,22,Regional
health,23.36,F,1,36,Tue,22,Commute
home,18.85,F,1,34,Tue,22,Regional
health,18.4,F,1,47,Tue,22,Long_Distance
shopping,993.55,F,1,68,Tue,23,Regional
shopping,970.38,F,1,80,Tue,23,Commute
misc,809.53,F,1,80,Tue,23,Long_Distance
shopping,917.97,F,1,68,Tue,23,Regional
home,277.68,F,1,34,Tue,23,Commute
grocery,359.26,F,1,80,Tue,23,Commute
shopping,727.32,F,1,80,Tue,23,Regional
grocery,284.94,F,1,68,Tue,23,Long_Distance
shopping,1001.99,F,1,36,Wed,3,Commute
home,232.25,F,1,36,Wed,15,Long_Distance
personal,17.71,F,1,45,Wed,22,Local
grocery,132.33,F,1,45,Thu,4,Local
misc,9.03,F,1,76,Thu,23,Long_Distance
grocery,286.73,F,1,76,Fri,0,Regional
grocery,278.04,M,1,36,Fri,0,Commute
travel,6.99,M,1,36,Fri,1,Long_Distance
grocery,262.49,F,1,76,Fri,2,Commute
grocery,305.34,M,1,36,Fri,9,Commute
misc,6.67,M,1,36,Fri,22,Commute
shopping,1115.94,F,1,76,Fri,22,Commute
misc,693.71,M,1,36,Fri,22,Regional
travel,10.32,F,1,76,Fri,22,Regional
shopping,991.33,M,1,36,Fri,23,Commute
misc,912.89,F,1,76,Fri,23,Commute
travel,11.83,F,1,76,Fri,23,Regional
shopping,1061.91,F,1,76,Fri,23,Long_Distance
shopping,840.53,M,1,36,Fri,23,Regional
grocery,291.0,M,1,36,Sat,1,Commute
misc,685.26,M,1,36,Sat,1,Regional
grocery,352.15,F,1,26,Sat,3,Regional
shopping,627.43,F,1,26,Sat,3,Long_Distance
entertainment,572.32,F,1,26,Sat,4,Regional
grocery,349.74,F,1,26,Sat,10,Regional
shopping,874.99,M,1,36,Sat,22,Commute
misc,709.43,M,1,36,Sat,23,Long_Distance
misc,7.6,M,1,36,Sat,23,Regional
grocery,343.75,F,1,75,Sun,0,Long_Distance
misc,875.02,F,1,26,Sun,1,Long_Distance
grocery,338.47,F,1,26,Sun,1,Regional
grocery,136.93,F,1,26,Sun,2,Remote
grocery,13.13,F,1,75,Sun,3,Commute
grocery,115.28,F,1,26,Sun,3,Remote
entertainment,520.74,F,1,26,Sun,3,Commute
home,252.48,F,1,26,Sun,17,Regional
personal,21.11,F,1,26,Sun,22,Commute
misc,51.79,F,1,75,Sun,22,Commute
home,19.44,F,1,26,Sun,22,Commute
home,17.05,F,1,26,Sun,23,Regional
health,17.0,F,1,26,Sun,23,Regional
health,19.05,F,1,26,Sun,23,Long_Distance
grocery,315.89,F,1,75,Mon,0,Long_Distance
shopping,794.77,F,1,33,Mon,1,Long_Distance
entertainment,576.52,F,1,33,Mon,1,Long_Distance
shopping,881.1,F,1,33,Mon,1,Long_Distance
grocery,15.85,F,1,75,Mon,2,Commute
grocery,341.91,F,1,75,Mon,2,Commute
travel,23.11,F,1,75,Mon,3,Regional
grocery,10.84,F,1,75,Mon,3,Commute
shopping,835.42,F,1,33,Mon,3,Long_Distance
misc,913.39,F,1,75,Mon,19,Commute
home,23.1,F,1,33,Mon,22,Local
home,249.28,F,1,33,Mon,22,Commute
home,217.73,F,1,33,Mon,22,Long_Distance
shopping,887.24,F,1,75,Mon,22,Commute
home,198.97,F,1,33,Mon,23,Regional
home,259.8,F,1,33,Mon,23,Regional
grocery,274.81,M,1,39,Tue,0,Commute
grocery,312.58,M,1,39,Tue,2,Long_Distance
grocery,299.28,M,1,39,Tue,3,Long_Distance
grocery,346.42,F,1,33,Tue,3,Commute
shopping,1041.39,F,1,33,Tue,9,Regional
travel,7.9,F,1,33,Tue,14,Local
shopping,892.88,M,1,39,Tue,18,Commute
shopping,1008.78,M,1,39,Tue,22,Commute
grocery,331.18,M,1,63,Wed,2,Regional
grocery,309.7,M,1,39,Wed,2,Regional
grocery,288.84,M,1,39,Wed,11,Regional
grocery,279.11,M,1,39,Wed,12,Long_Distance
shopping,915.47,M,1,63,Wed,22,Commute
shopping,1083.38,M,1,39,Wed,22,Long_Distance
shopping,913.98,M,1,63,Wed,22,Regional
misc,7.97,M,1,63,Wed,23,Long_Distance
misc,667.98,M,1,39,Wed,23,Long_Distance
shopping,1002.25,M,1,39,Wed,23,Commute
travel,10.77,M,1,63,Thu,0,Regional
grocery,7.11,M,1,63,Thu,0,Regional
grocery,311.42,M,1,63,Thu,1,Regional
shopping,952.8,M,1,63,Thu,18,Long_Distance
shopping,999.59,M,1,63,Thu,22,Long_Distance
grocery,279.28,M,1,63,Thu,23,Long_Distance
shopping,732.17,M,1,53,Fri,15,Commute
shopping,837.54,M,1,53,Fri,20,Long_Distance
grocery,333.89,M,1,53,Fri,22,Commute
home,19.05,F,1,47,Fri,22,Commute
grocery,149.42,F,1,47,Fri,23,Remote
misc,51.07,M,1,53,Fri,23,Long_Distance
shopping,951.91,M,1,53,Fri,23,Regional
travel,8.41,F,1,47,Fri,23,Commute
personal,17.77,F,1,47,Fri,23,Commute
grocery,347.28,F,1,29,Sat,0,Long_Distance
grocery,378.56,F,1,47,Sat,1,Regional
grocery,309.97,M,1,53,Sat,1,Long_Distance
shopping,1129.96,F,1,29,Sat,2,Commute
grocery,8.96,F,1,47,Sat,3,Commute
grocery,369.18,F,1,47,Sat,3,Commute
misc,629.85,F,1,47,Sat,3,Commute
grocery,19.92,M,1,53,Sat,3,Commute
misc,748.43,F,1,47,Sat,3,Regional
shopping,730.65,F,1,29,Sat,3,Commute
shopping,979.0,M,1,53,Sat,22,Commute
misc,8.08,F,1,59,Sat,22,Commute
grocery,278.9,F,1,59,Sat,22,Regional
shopping,1133.22,M,1,53,Sat,22,Long_Distance
misc,741.45,F,1,59,Sat,23,Commute
shopping,1166.0,F,1,59,Sat,23,Regional
shopping,953.63,M,1,53,Sat,23,Long_Distance
grocery,123.61,M,1,53,Sat,23,Regional
shopping,1037.75,M,1,53,Sat,23,Commute
shopping,882.13,M,1,53,Sat,23,Long_Distance
grocery,304.0,M,1,33,Sun,1,Commute
misc,814.9,M,1,33,Sun,1,Commute
grocery,278.32,F,1,59,Sun,1,Regional
travel,5.62,F,1,59,Sun,2,Commute
grocery,306.32,M,1,68,Sun,3,Long_Distance
grocery,296.17,F,1,59,Sun,3,Remote
grocery,8.88,F,1,59,Sun,6,Long_Distance
shopping,959.71,F,1,59,Sun,12,Long_Distance
misc,730.44,M,1,33,Sun,14,Commute
shopping,1100.78,M,1,68,Sun,15,Long_Distance
shopping,1045.16,F,1,59,Sun,22,Long_Distance
shopping,985.9,M,1,33,Sun,22,Regional
shopping,1112.33,F,1,59,Sun,22,Regional
shopping,906.83,F,1,59,Sun,22,Commute
shopping,915.25,M,1,68,Sun,23,Regional
shopping,852.76,M,1,33,Sun,23,Long_Distance
grocery,102.42,M,1,33,Sun,23,Long_Distance
shopping,1111.35,M,1,68,Sun,23,Long_Distance
shopping,965.25,M,1,68,Sun,23,Regional
home,260.44,F,1,48,Sun,23,Long_Distance
shopping,1031.9,M,1,68,Sun,23,Commute
travel,6.39,M,1,68,Mon,1,Long_Distance
entertainment,536.63,F,1,48,Mon,2,Long_Distance
travel,9.0,M,1,68,Mon,16,Commute
shopping,824.17,M,1,33,Mon,22,Commute
shopping,984.39,M,1,33,Mon,22,Long_Distance
health,18.35,F,1,48,Mon,22,Long_Distance
shopping,626.99,M,1,33,Mon,23,Long_Distance
grocery,139.84,M,1,68,Mon,23,Commute
travel,10.19,M,1,45,Tue,0,Commute
travel,10.04,M,1,45,Tue,1,Regional
personal,23.04,M,1,45,Tue,22,Regional
shopping,967.23,M,1,45,Tue,23,Commute
shopping,930.27,M,1,45,Tue,23,Commute
travel,10.13,M,1,45,Wed,2,Commute
shopping,932.64,M,1,45,Wed,18,Long_Distance
shopping,954.08,M,1,45,Wed,22,Long_Distance
grocery,295.91,M,1,33,Sat,0,Regional
grocery,335.98,F,1,32,Sat,1,Long_Distance
shopping,1097.18,F,1,32,Sat,3,Regional
grocery,110.12,F,1,32,Sat,15,Long_Distance
grocery,275.16,M,1,33,Sat,18,Long_Distance
personal,21.38,M,1,42,Sat,21,Long_Distance
misc,828.22,M,1,33,Sat,22,Long_Distance
shopping,958.05,M,1,33,Sat,22,Long_Distance
shopping,988.18,M,1,42,Sat,22,Long_Distance
shopping,822.11,M,1,33,Sat,22,Long_Distance
shopping,1133.57,M,1,33,Sat,23,Commute
shopping,742.91,M,1,42,Sat,23,Long_Distance
travel,9.41,M,1,33,Sun,0,Long_Distance
grocery,332.91,F,1,32,Sun,1,Long_Distance
grocery,353.79,M,1,42,Sun,1,Regional
grocery,316.6,M,1,74,Sun,2,Commute
grocery,306.87,M,1,42,Sun,2,Long_Distance
travel,11.61,M,1,74,Sun,2,Long_Distance
shopping,1114.79,F,1,32,Sun,2,Local
grocery,306.75,M,1,33,Sun,3,Commute
grocery,276.43,M,1,74,Sun,4,Regional
shopping,981.45,F,1,32,Sun,11,Commute
shopping,1022.5,M,1,42,Sun,16,Commute
home,218.12,F,1,32,Sun,21,Long_Distance
misc,779.4,M,1,42,Sun,22,Long_Distance
shopping,1040.83,M,1,74,Sun,22,Commute
shopping,857.24,M,1,42,Sun,22,Long_Distance
shopping,795.09,M,1,33,Sun,22,Local
health,20.43,F,1,32,Sun,22,Commute
entertainment,503.53,M,1,42,Sun,22,Long_Distance
misc,890.68,M,1,74,Sun,22,Commute
misc,694.13,M,1,74,Sun,22,Commute
home,254.25,F,1,32,Sun,22,Long_Distance
home,18.86,M,1,42,Sun,22,Regional
shopping,1000.47,M,1,34,Sun,22,Regional
health,23.34,M,1,33,Sun,23,Long_Distance
personal,22.66,M,1,33,Sun,23,Long_Distance
grocery,304.55,M,1,34,Sun,23,Regional
shopping,843.65,M,1,42,Sun,23,Regional
home,17.41,F,1,32,Sun,23,Commute
shopping,723.15,M,1,42,Sun,23,Regional
personal,16.5,F,1,32,Sun,23,Regional
shopping,1036.64,M,1,34,Sun,23,Commute
shopping,1068.32,M,1,74,Sun,23,Commute
misc,707.11,F,1,35,Mon,0,Long_Distance
shopping,967.39,F,1,35,Mon,0,Long_Distance
grocery,325.81,M,1,34,Mon,0,Regional
travel,7.28,M,1,74,Mon,0,Long_Distance
travel,7.41,M,1,54,Mon,0,Long_Distance
grocery,340.67,F,1,38,Mon,1,Long_Distance
grocery,302.77,M,1,34,Mon,3,Long_Distance
grocery,8.39,M,1,34,Mon,3,Local
shopping,790.22,M,1,34,Mon,17,Commute
shopping,768.27,M,1,34,Mon,22,Regional
grocery,317.09,M,1,34,Mon,22,Long_Distance
shopping,1152.49,M,1,34,Mon,22,Regional
misc,920.6,M,1,34,Mon,22,Commute
personal,19.19,M,1,34,Mon,22,Local
grocery,304.85,M,1,74,Mon,22,Local
misc,866.99,M,1,54,Mon,22,Long_Distance
shopping,981.64,M,1,54,Mon,22,Commute
travel,9.09,F,1,38,Mon,22,Commute
shopping,1055.28,M,1,54,Mon,22,Commute
grocery,316.07,M,1,34,Mon,22,Long_Distance
shopping,995.02,M,1,74,Mon,23,Regional
shopping,960.91,M,1,74,Mon,23,Long_Distance
personal,21.48,F,1,38,Mon,23,Local
shopping,888.45,M,1,54,Mon,23,Remote
shopping,1076.88,M,1,74,Mon,23,Long_Distance
home,274.01,F,1,38,Mon,23,Long_Distance
misc,7.09,F,1,38,Tue,0,Long_Distance
grocery,118.54,F,1,38,Tue,0,Commute
shopping,758.2,F,1,29,Tue,0,Commute
shopping,694.91,F,1,35,Tue,1,Long_Distance
shopping,952.53,F,1,38,Tue,1,Long_Distance
travel,10.86,F,1,29,Tue,2,Commute
grocery,310.49,F,1,29,Tue,2,Regional
shopping,979.57,M,1,54,Tue,15,Regional
grocery,306.85,M,1,54,Tue,22,Long_Distance
home,17.79,F,1,29,Tue,22,Long_Distance
grocery,293.98,M,1,54,Tue,22,Remote
home,22.02,F,1,29,Tue,23,Commute
home,262.82,F,1,29,Tue,23,Commute
home,230.51,F,1,29,Tue,23,Long_Distance
misc,784.55,M,1,54,Tue,23,Local
home,271.38,F,1,29,Tue,23,Long_Distance
entertainment,547.99,F,1,29,Tue,23,Long_Distance
misc,789.86,F,1,29,Wed,0,Long_Distance
travel,12.4,M,1,57,Wed,0,Commute
travel,9.31,M,1,57,Wed,2,Regional
travel,8.81,F,1,29,Wed,2,Long_Distance
travel,8.2,M,1,57,Wed,3,Regional
travel,7.65,M,1,57,Wed,3,Long_Distance
grocery,314.36,M,1,57,Wed,3,Commute
grocery,353.17,F,1,29,Wed,7,Regional
home,258.3,F,1,29,Wed,19,Long_Distance
misc,897.8,M,1,57,Wed,22,Commute
shopping,993.91,M,1,57,Wed,22,Regional
grocery,132.1,F,1,29,Wed,23,Regional
shopping,1078.15,M,1,57,Wed,23,Long_Distance
travel,18.71,F,1,54,Thu,0,Commute
travel,21.45,F,1,54,Thu,1,Long_Distance
grocery,304.03,M,1,57,Thu,3,Regional
travel,17.26,F,1,54,Thu,11,Regional
misc,716.45,M,1,57,Thu,22,Long_Distance
misc,49.79,F,1,54,Thu,22,Commute
shopping,1042.2,M,1,57,Thu,23,Long_Distance
shopping,750.68,F,1,54,Thu,23,Long_Distance
shopping,865.11,M,1,57,Thu,23,Long_Distance
shopping,943.97,F,1,54,Thu,23,Long_Distance
grocery,312.81,F,1,54,Fri,2,Long_Distance
grocery,308.05,F,1,54,Fri,3,Long_Distance
shopping,1080.78,F,1,54,Fri,22,Long_Distance
health,16.91,F,1,54,Fri,23,Long_Distance
misc,52.89,F,1,54,Fri,23,Regional
grocery,13.51,F,1,74,Sat,0,Regional
shopping,974.65,F,1,74,Sat,21,Long_Distance
misc,794.73,F,1,74,Sat,23,Commute
misc,782.49,F,1,74,Sat,23,Long_Distance
grocery,343.03,F,1,33,Sun,0,Long_Distance
grocery,301.59,F,1,74,Sun,3,Commute
grocery,107.32,F,1,33,Sun,17,Regional
shopping,1049.73,F,1,74,Sun,22,Local
shopping,959.52,F,1,74,Sun,22,Commute
grocery,119.77,F,1,33,Sun,22,Local
shopping,1069.53,F,1,74,Sun,22,Commute
home,274.23,F,1,33,Sun,22,Long_Distance
home,19.0,F,1,33,Sun,23,Long_Distance
misc,896.46,F,1,74,Sun,23,Regional
grocery,299.97,F,1,74,Sun,23,Long_Distance
misc,650.86,F,1,74,Sun,23,Regional
grocery,325.67,F,1,74,Sun,23,Regional
grocery,280.58,M,1,59,Mon,0,Long_Distance
grocery,371.84,F,1,33,Mon,5,Regional
travel,5.26,M,1,65,Mon,21,Regional
entertainment,557.46,F,1,33,Mon,22,Local
shopping,995.0,M,1,59,Mon,22,Commute
shopping,951.91,M,1,59,Mon,23,Regional
shopping,1141.38,M,1,59,Mon,23,Long_Distance
grocery,269.01,M,1,59,Tue,0,Remote
travel,20.09,M,1,65,Tue,1,Regional
grocery,320.74,M,1,59,Tue,1,Long_Distance
grocery,308.66,M,1,65,Tue,1,Long_Distance
grocery,330.12,M,1,65,Tue,5,Long_Distance
misc,768.37,M,1,59,Tue,22,Long_Distance
misc,789.41,M,1,59,Tue,22,Long_Distance
shopping,1041.01,M,1,59,Tue,22,Long_Distance
grocery,337.94,M,1,65,Tue,23,Regional
shopping,1106.41,M,1,59,Tue,23,Long_Distance
travel,11.21,M,1,27,Thu,0,Long_Distance
travel,7.84,M,1,88,Thu,0,Long_Distance
grocery,291.8,M,1,27,Thu,1,Long_Distance
grocery,296.34,M,1,27,Thu,10,Commute
health,19.02,F,1,59,Thu,15,Commute
shopping,1051.96,M,1,88,Thu,22,Regional
travel,9.25,F,1,59,Thu,22,Long_Distance
grocery,309.43,M,1,27,Thu,22,Regional
misc,853.47,M,1,27,Thu,22,Long_Distance
shopping,1153.43,M,1,88,Thu,23,Commute
shopping,975.25,M,1,88,Thu,23,Commute
shopping,1130.56,F,1,59,Thu,23,Commute
grocery,283.96,M,1,88,Fri,0,Long_Distance
grocery,285.44,F,1,59,Fri,1,Remote
grocery,310.79,M,1,27,Fri,1,Long_Distance
grocery,302.23,M,1,27,Fri,3,Local
travel,7.0,M,1,88,Fri,3,Regional
misc,780.45,M,1,27,Fri,12,Commute
shopping,914.18,F,1,59,Fri,22,Long_Distance
misc,774.14,M,1,88,Fri,23,Regional
shopping,955.39,F,1,59,Fri,23,Remote
misc,720.24,F,1,59,Fri,23,Regional
shopping,990.7,F,1,59,Fri,23,Regional
misc,931.63,F,1,59,Fri,23,Local
grocery,287.69,M,1,30,Sat,3,Commute
shopping,975.35,M,1,30,Sat,22,Commute
shopping,982.99,M,1,30,Sat,23,Long_Distance
misc,710.75,M,1,30,Sat,23,Long_Distance
shopping,941.23,M,1,30,Sat,23,Remote
shopping,1034.33,F,1,26,Sun,0,Commute
shopping,934.89,F,1,26,Sun,0,Commute
shopping,957.05,F,1,26,Sun,0,Long_Distance
shopping,920.68,F,1,26,Sun,0,Long_Distance
grocery,359.67,F,1,26,Sun,2,Long_Distance
shopping,805.5,F,1,26,Sun,2,Commute
grocery,348.61,F,1,26,Sun,2,Commute
entertainment,596.85,F,1,26,Sun,20,Commute
grocery,275.75,M,1,30,Sun,22,Commute
shopping,1021.04,M,1,30,Sun,22,Long_Distance
home,19.63,F,1,26,Sun,22,Remote
home,241.34,F,1,26,Sun,22,Commute
health,17.29,F,1,26,Sun,22,Regional
grocery,135.12,F,1,26,Sun,22,Long_Distance
misc,850.64,M,1,30,Sun,23,Long_Distance
shopping,760.17,M,1,30,Sun,23,Long_Distance
grocery,298.35,F,1,21,Mon,0,Regional
grocery,354.63,F,1,26,Mon,0,Long_Distance
misc,989.83,F,1,21,Mon,0,Long_Distance
misc,684.27,F,1,21,Mon,0,Regional
grocery,5.6,M,1,96,Mon,1,Long_Distance
entertainment,532.58,F,1,26,Mon,1,Commute
misc,684.31,F,1,26,Mon,1,Long_Distance
grocery,337.71,M,1,96,Mon,1,Long_Distance
misc,772.78,F,1,26,Mon,1,Long_Distance
grocery,319.08,F,1,21,Mon,2,Remote
shopping,987.01,F,1,26,Mon,2,Long_Distance
shopping,906.2,F,1,26,Mon,2,Commute
grocery,301.61,F,1,21,Mon,3,Regional
grocery,332.09,F,1,26,Mon,3,Long_Distance
grocery,9.69,M,1,96,Mon,3,Commute
grocery,308.32,F,1,21,Mon,8,Long_Distance
grocery,343.05,F,1,26,Mon,9,Commute
shopping,790.4,F,1,21,Mon,12,Long_Distance
shopping,969.07,M,1,52,Mon,19,Commute
shopping,1113.4,M,1,96,Mon,22,Long_Distance
shopping,1037.21,M,1,96,Mon,22,Commute
misc,8.77,F,1,21,Mon,22,Long_Distance
home,292.85,F,1,26,Mon,23,Long_Distance
health,19.79,F,1,26,Mon,23,Remote
misc,7.12,F,1,21,Mon,23,Remote
home,272.17,F,1,26,Mon,23,Long_Distance
home,19.33,F,1,26,Mon,23,Long_Distance
personal,18.29,M,1,96,Mon,23,Regional
misc,9.29,F,1,26,Tue,0,Long_Distance
grocery,9.92,F,1,26,Tue,0,Long_Distance
entertainment,576.18,F,1,26,Tue,1,Regional
grocery,347.5,F,1,26,Tue,1,Long_Distance
travel,12.27,F,1,21,Tue,1,Long_Distance
grocery,274.36,F,1,21,Tue,1,Commute
misc,9.5,F,1,26,Tue,2,Commute
misc,9.65,F,1,26,Tue,3,Commute
misc,825.63,F,1,21,Tue,3,Regional
grocery,339.09,F,1,91,Tue,3,Long_Distance
grocery,322.27,F,1,26,Tue,3,Remote
misc,792.98,F,1,91,Tue,18,Commute
misc,758.6,M,1,52,Tue,22,Commute
grocery,330.62,M,1,52,Tue,22,Commute
shopping,918.58,M,1,52,Tue,22,Long_Distance
shopping,916.74,M,1,96,Tue,22,Commute
misc,742.86,F,1,91,Tue,22,Regional
home,22.04,F,1,26,Tue,22,Long_Distance
shopping,891.63,F,1,21,Tue,23,Regional
grocery,127.66,F,1,21,Tue,23,Long_Distance
travel,7.99,M,1,72,Wed,2,Long_Distance
grocery,292.51,F,1,91,Wed,3,Local
grocery,321.55,M,1,72,Wed,9,Long_Distance
grocery,296.79,F,1,91,Wed,10,Long_Distance
shopping,1117.83,M,1,72,Wed,22,Commute
shopping,855.28,F,1,91,Wed,22,Long_Distance
misc,723.97,M,1,72,Wed,23,Commute
shopping,1010.08,F,1,91,Wed,23,Long_Distance
misc,821.28,M,1,27,Thu,0,Long_Distance
grocery,366.56,F,1,43,Thu,0,Long_Distance
misc,615.95,M,1,27,Thu,1,Commute
shopping,1116.06,F,1,43,Thu,1,Regional
grocery,122.03,F,1,43,Thu,1,Long_Distance
grocery,320.13,M,1,72,Thu,2,Local
misc,709.07,M,1,27,Thu,2,Commute
misc,7.45,F,1,43,Thu,2,Commute
entertainment,530.09,F,1,43,Thu,6,Regional
grocery,124.27,F,1,43,Thu,19,Long_Distance
shopping,935.6,M,1,72,Thu,22,Remote
shopping,969.54,M,1,27,Thu,22,Regional
shopping,1267.18,M,1,72,Thu,22,Long_Distance
personal,52.45,F,1,51,Thu,22,Long_Distance
personal,18.83,F,1,43,Thu,23,Regional
shopping,1051.86,F,1,51,Thu,23,Long_Distance
grocery,332.71,M,1,72,Thu,23,Long_Distance
misc,714.17,F,1,38,Fri,0,Regional
travel,21.44,F,1,51,Fri,0,Long_Distance
grocery,304.69,M,1,27,Fri,1,Commute
shopping,896.5,F,1,43,Fri,1,Commute
travel,13.62,F,1,43,Fri,1,Commute
travel,10.97,F,1,44,Fri,1,Long_Distance
grocery,131.09,F,1,43,Fri,2,Commute
travel,13.63,F,1,44,Fri,2,Commute
grocery,362.44,F,1,43,Fri,2,Regional
misc,814.59,M,1,27,Fri,2,Regional
misc,844.57,F,1,44,Fri,2,Long_Distance
grocery,329.02,M,1,27,Fri,2,Long_Distance
misc,695.52,M,1,27,Fri,2,Long_Distance
grocery,16.19,F,1,51,Fri,2,Long_Distance
shopping,850.9,F,1,43,Fri,3,Long_Distance
misc,778.4,F,1,44,Fri,3,Long_Distance
travel,18.5,F,1,51,Fri,6,Local
grocery,10.87,F,1,51,Fri,7,Regional
grocery,138.22,F,1,43,Fri,11,Long_Distance
personal,52.82,F,1,51,Fri,15,Regional
home,17.4,F,1,44,Fri,17,Long_Distance
health,18.86,M,1,27,Fri,19,Remote
home,21.16,M,1,27,Fri,21,Remote
home,21.22,F,1,44,Fri,22,Long_Distance
personal,20.96,F,1,44,Fri,22,Regional
shopping,1171.12,F,1,51,Fri,22,Long_Distance
shopping,1043.4,F,1,38,Fri,22,Regional
misc,10.46,M,1,27,Fri,22,Remote
home,20.9,F,1,43,Fri,22,Regional
misc,7.8,M,1,27,Fri,22,Regional
shopping,815.62,F,1,51,Fri,23,Long_Distance
entertainment,498.78,F,1,44,Fri,23,Long_Distance
shopping,1079.08,F,1,38,Fri,23,Regional
grocery,127.17,F,1,38,Fri,23,Long_Distance
home,22.62,F,1,38,Fri,23,Regional
health,20.84,F,1,38,Fri,23,Long_Distance
grocery,333.49,F,1,51,Fri,23,Long_Distance
home,228.94,F,1,43,Fri,23,Commute
travel,8.3,M,1,41,Sat,0,Long_Distance
travel,9.46,F,1,64,Sat,0,Regional
shopping,1107.33,F,1,38,Sat,2,Long_Distance
grocery,8.22,F,1,44,Sat,2,Commute
shopping,882.83,F,1,38,Sat,2,Remote
grocery,358.55,F,1,38,Sat,2,Regional
shopping,1051.31,F,1,38,Sat,2,Long_Distance
travel,11.6,M,1,41,Sat,2,Long_Distance
shopping,819.05,F,1,44,Sat,2,Commute
misc,762.62,M,1,41,Sat,2,Long_Distance
misc,766.03,M,1,41,Sat,3,Regional
misc,954.19,F,1,44,Sat,3,Regional
grocery,364.36,F,1,44,Sat,3,Commute
grocery,327.12,F,1,44,Sat,3,Regional
grocery,284.14,M,1,41,Sat,8,Long_Distance
home,20.67,F,1,38,Sat,20,Long_Distance
travel,10.45,F,1,64,Sat,22,Commute
personal,21.7,F,1,64,Sat,22,Long_Distance
shopping,877.38,F,1,64,Sat,22,Commute
shopping,931.91,F,1,64,Sat,22,Regional
grocery,290.4,F,1,64,Sat,22,Commute
entertainment,471.23,F,1,64,Sat,22,Commute
travel,10.62,F,1,38,Sat,22,Long_Distance
home,19.92,F,1,44,Sat,23,Commute
entertainment,510.36,F,1,38,Sat,23,Long_Distance
health,22.93,F,1,38,Sat,23,Long_Distance
home,18.74,F,1,38,Sat,23,Long_Distance
travel,7.3,M,1,41,Sun,0,Long_Distance
travel,7.38,M,1,41,Sun,1,Regional
grocery,309.21,F,1,64,Sun,2,Long_Distance
grocery,327.62,F,1,64,Sun,2,Long_Distance
grocery,305.37,M,1,41,Sun,3,Long_Distance
personal,21.55,M,1,41,Sun,22,Regional
home,20.36,M,1,41,Sun,23,Remote
shopping,897.98,F,1,64,Sun,23,Commute
shopping,1109.56,F,1,64,Sun,23,Commute
grocery,280.74,F,1,64,Sun,23,Commute
shopping,935.97,F,1,44,Mon,0,Regional
shopping,862.53,F,1,44,Mon,1,Regional
travel,11.17,F,1,44,Mon,3,Long_Distance
misc,876.32,F,1,44,Mon,7,Commute
home,229.83,F,1,44,Mon,16,Long_Distance
health,21.69,F,1,44,Mon,22,Remote
personal,20.71,F,1,44,Mon,22,Long_Distance
grocery,97.93,F,1,44,Mon,23,Commute
personal,18.31,F,1,44,Mon,23,Long_Distance
misc,838.98,F,1,22,Tue,0,Long_Distance
grocery,313.0,F,1,22,Tue,0,Commute
grocery,262.6,F,1,22,Tue,1,Commute
misc,828.34,M,1,45,Tue,2,Commute
shopping,1024.17,F,1,44,Tue,2,Regional
grocery,331.19,F,1,22,Tue,3,Regional
grocery,315.01,F,1,22,Tue,3,Long_Distance
misc,812.95,F,1,44,Tue,6,Long_Distance
shopping,927.37,M,1,51,Tue,12,Remote
shopping,1125.06,F,1,22,Tue,22,Commute
shopping,976.39,M,1,51,Tue,22,Long_Distance
travel,9.12,M,1,51,Tue,22,Commute
shopping,736.46,M,1,45,Tue,22,Long_Distance
shopping,873.99,M,1,45,Tue,22,Commute
shopping,1042.58,M,1,51,Tue,22,Long_Distance
shopping,1046.78,F,1,22,Tue,22,Commute
shopping,1024.84,M,1,45,Tue,23,Regional
shopping,774.1,F,1,44,Tue,23,Commute
misc,590.22,M,1,51,Tue,23,Regional
shopping,1185.77,F,1,22,Tue,23,Long_Distance
shopping,799.56,M,1,45,Tue,23,Long_Distance
shopping,909.85,F,1,22,Tue,23,Long_Distance
grocery,288.8,F,1,22,Wed,1,Regional
travel,21.36,F,1,72,Wed,1,Commute
grocery,289.76,M,1,45,Wed,1,Regional
grocery,302.2,F,1,22,Wed,2,Local
grocery,330.19,F,1,72,Wed,2,Long_Distance
shopping,913.68,F,1,50,Wed,3,Commute
grocery,303.46,F,1,72,Wed,3,Long_Distance
grocery,314.26,F,1,22,Wed,3,Commute
grocery,340.63,F,1,72,Wed,22,Remote
shopping,1032.31,M,1,45,Wed,22,Long_Distance
shopping,1035.66,F,1,22,Wed,22,Commute
health,19.31,M,1,45,Wed,22,Regional
misc,796.22,M,1,51,Wed,23,Regional
shopping,950.19,F,1,72,Wed,23,Commute
shopping,840.13,M,1,45,Wed,23,Regional
misc,822.29,F,1,72,Wed,23,Long_Distance
shopping,966.04,M,1,51,Wed,23,Long_Distance
shopping,1025.76,F,1,40,Thu,0,Long_Distance
shopping,821.13,F,1,33,Thu,0,Long_Distance
shopping,811.62,F,1,50,Thu,2,Regional
shopping,1003.86,F,1,50,Thu,2,Long_Distance
grocery,319.57,F,1,72,Thu,2,Long_Distance
shopping,889.94,F,1,72,Thu,13,Commute
entertainment,498.01,F,1,50,Thu,14,Long_Distance
health,22.55,F,1,40,Thu,20,Commute
home,225.89,F,1,50,Thu,22,Regional
health,18.26,F,1,50,Thu,22,Long_Distance
shopping,845.81,F,1,50,Thu,22,Regional
health,17.89,F,1,50,Thu,22,Long_Distance
personal,20.28,F,1,40,Thu,22,Commute
grocery,320.49,F,1,72,Thu,22,Commute
shopping,785.68,F,1,72,Thu,23,Commute
personal,19.55,F,1,40,Thu,23,Long_Distance
misc,811.26,F,1,72,Thu,23,Long_Distance
shopping,866.33,F,1,40,Fri,1,Long_Distance
shopping,939.78,F,1,40,Fri,2,Long_Distance
health,21.42,F,1,33,Fri,15,Long_Distance
home,252.92,F,1,33,Fri,22,Regional
personal,21.78,F,1,40,Fri,23,Commute
shopping,1319.97,F,1,47,Sat,2,Long_Distance
personal,15.99,F,1,47,Sat,22,Regional
travel,9.82,F,1,47,Sat,23,Regional
grocery,345.96,F,1,47,Sun,1,Commute
shopping,1000.46,F,1,47,Sun,1,Commute
shopping,1019.77,F,1,47,Sun,2,Remote
travel,12.78,F,1,47,Sun,3,Commute
home,279.58,F,1,47,Sun,13,Regional
grocery,342.38,F,1,36,Mon,2,Regional
shopping,909.88,F,1,36,Mon,2,Long_Distance
home,220.35,F,1,36,Mon,22,Long_Distance
entertainment,555.79,F,1,36,Mon,22,Long_Distance
health,20.64,F,1,36,Mon,22,Commute
grocery,371.82,F,1,36,Tue,0,Commute
shopping,1017.67,F,1,36,Tue,0,Long_Distance
misc,645.41,F,1,36,Tue,3,Long_Distance
entertainment,464.3,F,1,36,Tue,18,Long_Distance
travel,10.23,F,1,36,Tue,18,Long_Distance
shopping,874.71,F,1,36,Tue,18,Long_Distance
home,24.06,F,1,36,Tue,22,Regional
entertainment,470.35,F,1,36,Tue,22,Long_Distance
health,23.06,F,1,36,Tue,22,Commute
shopping,859.32,F,1,36,Tue,23,Commute
health,22.75,F,1,36,Tue,23,Local
shopping,758.01,M,1,74,Wed,22,Long_Distance
shopping,1057.1,M,1,74,Wed,23,Regional
grocery,314.66,M,1,54,Thu,1,Commute
grocery,334.1,F,1,47,Thu,2,Long_Distance
shopping,1009.75,F,1,47,Thu,3,Long_Distance
grocery,341.31,F,1,47,Thu,3,Regional
grocery,347.19,F,1,47,Thu,11,Regional
misc,49.47,M,1,74,Thu,13,Long_Distance
home,20.97,F,1,47,Thu,14,Commute
misc,923.35,M,1,54,Thu,19,Regional
home,24.16,F,1,47,Thu,19,Long_Distance
shopping,1046.28,M,1,54,Thu,22,Commute
shopping,970.97,M,1,54,Thu,22,Long_Distance
grocery,136.55,F,1,47,Thu,22,Commute
misc,1039.88,M,1,54,Thu,22,Regional
shopping,963.37,M,1,54,Thu,23,Commute
shopping,956.23,M,1,54,Thu,23,Long_Distance
personal,49.25,M,1,74,Thu,23,Remote
health,22.43,F,1,47,Thu,23,Commute
home,260.26,F,1,47,Thu,23,Long_Distance
grocery,337.13,F,1,47,Fri,0,Commute
misc,721.52,F,1,47,Fri,0,Commute
travel,22.4,M,1,54,Fri,3,Regional
shopping,832.92,F,1,47,Fri,7,Regional
grocery,336.94,M,1,54,Fri,7,Long_Distance
home,269.53,F,1,47,Fri,18,Long_Distance
grocery,379.3,M,1,54,Fri,22,Regional
shopping,992.81,M,1,54,Fri,22,Commute
shopping,1033.25,M,1,54,Fri,22,Commute
home,16.69,F,1,47,Fri,23,Long_Distance
entertainment,549.93,M,1,54,Fri,23,Commute
health,16.52,F,1,47,Fri,23,Long_Distance
travel,7.86,M,1,23,Sat,0,Commute
grocery,318.03,M,1,54,Sat,0,Regional
grocery,335.75,M,1,54,Sat,0,Long_Distance
misc,996.21,M,1,54,Sat,22,Long_Distance
misc,810.84,M,1,54,Sat,22,Commute
grocery,299.83,M,1,54,Sat,23,Commute
misc,760.8,M,1,54,Sat,23,Regional
grocery,119.72,F,1,50,Sat,23,Long_Distance
grocery,323.12,M,1,23,Sun,1,Remote
shopping,1054.16,F,1,50,Sun,7,Long_Distance
misc,922.33,M,1,54,Sun,17,Commute
shopping,1029.06,M,1,23,Sun,21,Long_Distance
shopping,1060.69,M,1,23,Sun,22,Long_Distance
shopping,785.58,M,1,54,Sun,22,Regional
shopping,814.44,M,1,23,Sun,22,Regional
entertainment,461.33,M,1,23,Sun,23,Long_Distance
misc,812.66,M,1,23,Sun,23,Commute
shopping,881.81,M,1,54,Sun,23,Long_Distance
home,418.14,M,1,54,Sun,23,Commute
shopping,973.03,M,1,23,Sun,23,Commute
shopping,875.2,M,1,54,Sun,23,Regional
grocery,293.51,F,1,75,Mon,0,Regional
grocery,341.76,F,1,68,Mon,0,Long_Distance
travel,23.27,F,1,68,Mon,1,Commute
grocery,289.76,M,1,93,Mon,2,Regional
grocery,302.55,F,1,75,Mon,3,Long_Distance
travel,17.8,F,1,68,Mon,3,Commute
misc,802.1,F,1,68,Mon,19,Regional
misc,664.85,M,1,93,Mon,21,Long_Distance
shopping,1076.63,F,1,68,Mon,22,Long_Distance
shopping,675.79,F,1,75,Mon,22,Commute
entertainment,580.52,F,1,68,Mon,22,Long_Distance
misc,748.26,F,1,75,Mon,22,Long_Distance
home,3.15,F,1,75,Mon,22,Long_Distance
shopping,839.65,M,1,93,Mon,23,Long_Distance
shopping,787.07,M,1,93,Mon,23,Long_Distance
health,21.37,F,1,75,Mon,23,Regional
personal,53.26,F,1,68,Mon,23,Commute
grocery,339.6,F,1,75,Tue,0,Remote
grocery,14.31,F,1,75,Tue,0,Long_Distance
shopping,1028.41,F,1,37,Tue,0,Long_Distance
grocery,336.64,F,1,37,Tue,0,Regional
grocery,320.09,F,1,75,Tue,1,Long_Distance
misc,764.01,F,1,37,Tue,1,Local
grocery,315.83,F,1,75,Tue,1,Commute
grocery,289.38,F,1,75,Tue,1,Commute
misc,735.07,F,1,37,Tue,1,Regional
grocery,304.82,M,1,93,Tue,2,Long_Distance
misc,746.6,F,1,37,Tue,2,Regional
shopping,981.48,F,1,68,Tue,13,Commute
shopping,867.23,F,1,75,Tue,16,Long_Distance
travel,10.71,F,1,75,Tue,22,Long_Distance
personal,20.93,M,1,93,Tue,22,Long_Distance
shopping,938.71,F,1,75,Tue,22,Regional
misc,776.33,F,1,75,Tue,22,Regional
shopping,965.6,F,1,68,Tue,22,Commute
grocery,277.07,F,1,75,Tue,22,Regional
misc,790.95,F,1,68,Tue,22,Commute
grocery,113.15,F,1,37,Tue,22,Commute
entertainment,474.73,F,1,37,Tue,23,Long_Distance
grocery,108.56,F,1,37,Tue,23,Commute
grocery,314.02,F,1,75,Tue,23,Long_Distance
entertainment,347.05,M,1,93,Tue,23,Commute
shopping,976.1,F,1,68,Tue,23,Long_Distance
misc,854.79,F,1,75,Tue,23,Commute
grocery,312.74,M,1,43,Wed,0,Regional
grocery,304.81,F,1,75,Wed,1,Regional
shopping,754.99,F,1,37,Wed,1,Long_Distance
shopping,834.55,F,1,37,Wed,2,Remote
grocery,305.1,F,1,84,Wed,7,Long_Distance
misc,662.94,F,1,37,Wed,7,Regional
grocery,305.28,M,1,43,Wed,11,Local
misc,781.31,F,1,84,Wed,12,Commute
shopping,1104.35,F,1,84,Wed,13,Regional
shopping,935.55,F,1,75,Wed,22,Long_Distance
shopping,984.45,F,1,84,Wed,22,Commute
misc,864.74,F,1,75,Wed,22,Commute
entertainment,557.62,F,1,37,Wed,23,Long_Distance
health,18.42,F,1,37,Wed,23,Long_Distance
shopping,998.47,M,1,43,Wed,23,Commute
travel,11.0,M,1,43,Thu,0,Local
grocery,293.25,F,1,77,Thu,0,Long_Distance
grocery,306.41,M,1,43,Thu,2,Regional
travel,8.91,F,1,77,Thu,2,Commute
grocery,283.33,F,1,84,Thu,3,Regional
grocery,278.02,F,1,84,Thu,3,Long_Distance
grocery,286.88,M,1,43,Thu,11,Long_Distance
shopping,949.25,M,1,43,Thu,12,Regional
grocery,312.19,F,1,77,Thu,21,Commute
shopping,892.48,F,1,84,Thu,22,Long_Distance
misc,656.66,M,1,43,Thu,22,Regional
personal,20.91,F,1,35,Thu,22,Regional
misc,892.22,M,1,43,Thu,23,Commute
shopping,938.12,F,1,77,Thu,23,Long_Distance
shopping,1013.3,F,1,84,Thu,23,Regional
home,246.3,F,1,35,Thu,23,Regional
grocery,126.48,F,1,35,Thu,23,Commute
misc,726.12,F,1,77,Thu,23,Long_Distance
shopping,1060.3,F,1,84,Thu,23,Long_Distance
grocery,312.87,F,1,77,Thu,23,Long_Distance
shopping,853.55,F,1,35,Fri,1,Commute
shopping,892.53,F,1,35,Fri,2,Long_Distance
grocery,262.36,F,1,77,Fri,4,Commute
shopping,947.54,F,1,77,Fri,16,Remote
travel,9.89,F,1,77,Fri,17,Commute
health,19.17,F,1,35,Fri,23,Commute
personal,21.06,F,1,35,Fri,23,Regional
shopping,1107.04,F,1,77,Fri,23,Long_Distance
shopping,1009.0,F,1,77,Fri,23,Remote
misc,937.29,F,1,77,Fri,23,Commute
grocery,328.89,M,1,61,Sun,3,Long_Distance
grocery,284.36,M,1,61,Sun,3,Long_Distance
shopping,1031.42,M,1,61,Sun,18,Long_Distance
shopping,1169.13,M,1,61,Sun,22,Local
personal,19.13,M,1,61,Sun,22,Long_Distance
shopping,893.61,M,1,61,Sun,23,Regional
grocery,280.72,M,1,61,Mon,1,Commute
misc,832.2,M,1,61,Mon,22,Remote
shopping,1183.42,M,1,61,Mon,23,Long_Distance
health,25.43,M,1,61,Mon,23,Regional
misc,796.45,M,1,31,Tue,0,Commute
misc,872.36,M,1,31,Tue,1,Commute
grocery,289.49,M,1,52,Tue,5,Long_Distance
travel,7.99,M,1,52,Tue,9,Commute
grocery,312.52,M,1,52,Tue,10,Long_Distance
misc,920.01,M,1,52,Tue,14,Long_Distance
shopping,970.72,M,1,52,Tue,18,Regional
shopping,1060.43,M,1,52,Tue,20,Long_Distance
misc,755.75,M,1,52,Tue,22,Local
shopping,989.45,M,1,52,Tue,22,Regional
shopping,1077.25,M,1,31,Tue,22,Long_Distance
shopping,1159.44,M,1,31,Tue,22,Long_Distance
shopping,912.95,M,1,52,Tue,23,Long_Distance
grocery,298.22,M,1,31,Wed,1,Commute
grocery,321.06,F,1,94,Wed,2,Regional
grocery,308.53,M,1,31,Wed,10,Regional
entertainment,413.84,M,1,52,Wed,22,Long_Distance
shopping,1098.59,M,1,31,Wed,22,Regional
misc,789.22,M,1,52,Wed,22,Regional
shopping,691.48,M,1,31,Wed,22,Regional
misc,886.43,M,1,52,Wed,23,Commute
misc,718.27,F,1,94,Wed,23,Long_Distance
grocery,319.8,F,1,94,Thu,3,Long_Distance
misc,725.34,F,1,94,Thu,22,Long_Distance
shopping,1236.28,F,1,94,Thu,22,Regional
shopping,902.66,F,1,94,Thu,23,Local
home,422.31,F,1,94,Thu,23,Commute
shopping,1050.25,F,1,94,Thu,23,Long_Distance
misc,739.85,F,1,20,Fri,0,Long_Distance
grocery,13.6,M,1,85,Fri,1,Commute
travel,10.69,F,1,58,Fri,2,Long_Distance
grocery,336.46,F,1,20,Fri,2,Commute
grocery,9.05,F,1,20,Fri,2,Commute
travel,19.47,M,1,85,Fri,3,Long_Distance
grocery,332.59,F,1,58,Fri,3,Long_Distance
grocery,326.12,M,1,85,Fri,6,Long_Distance
grocery,111.17,F,1,43,Fri,7,Regional
shopping,969.74,F,1,58,Fri,17,Commute
shopping,912.51,F,1,58,Fri,20,Long_Distance
misc,868.91,F,1,58,Fri,22,Long_Distance
shopping,942.7,F,1,20,Fri,22,Commute
shopping,1186.21,M,1,85,Fri,22,Regional
shopping,1016.98,F,1,20,Fri,22,Local
shopping,925.38,F,1,58,Fri,23,Regional
misc,677.77,F,1,58,Fri,23,Commute
grocery,364.21,M,1,85,Fri,23,Long_Distance
shopping,1113.85,F,1,58,Fri,23,Long_Distance
shopping,971.34,F,1,30,Sat,1,Regional
grocery,323.22,M,1,85,Sat,2,Long_Distance
entertainment,565.42,F,1,43,Sat,2,Commute
grocery,337.99,M,1,85,Sat,2,Long_Distance
grocery,244.56,F,1,58,Sat,3,Regional
grocery,277.3,F,1,20,Sat,3,Commute
misc,859.07,F,1,20,Sat,3,Long_Distance
home,257.34,F,1,30,Sat,13,Long_Distance
travel,10.51,F,1,30,Sat,22,Commute
grocery,269.12,M,1,85,Sat,22,Long_Distance
personal,20.77,F,1,43,Sat,22,Remote
grocery,129.72,F,1,43,Sat,22,Long_Distance
personal,17.88,F,1,43,Sat,22,Long_Distance
shopping,1044.98,M,1,85,Sat,22,Commute
shopping,953.66,F,1,20,Sat,23,Long_Distance
shopping,825.32,F,1,20,Sat,23,Long_Distance
home,19.01,F,1,30,Sat,23,Long_Distance
shopping,1168.61,F,1,20,Sat,23,Long_Distance
shopping,881.37,F,1,58,Sat,23,Commute
shopping,953.66,F,1,20,Sat,23,Local
entertainment,422.28,F,1,30,Sat,23,Long_Distance
shopping,1050.65,F,1,58,Sat,23,Long_Distance
misc,792.99,M,1,85,Sat,23,Local
entertainment,429.9,F,1,49,Sun,1,Regional
shopping,1074.89,F,1,30,Sun,2,Local
misc,795.99,F,1,30,Sun,3,Regional
shopping,1028.83,F,1,30,Sun,3,Long_Distance
travel,8.44,F,1,30,Sun,8,Regional
misc,845.29,F,1,30,Sun,9,Regional
home,279.9,F,1,30,Sun,20,Long_Distance
grocery,142.55,F,1,30,Sun,22,Regional
personal,18.52,F,1,49,Sun,22,Long_Distance
entertainment,493.98,F,1,30,Sun,22,Regional
personal,18.42,F,1,30,Sun,22,Commute
travel,10.18,F,1,30,Sun,22,Local
grocery,258.85,M,1,27,Mon,0,Commute
misc,940.42,F,1,49,Mon,0,Long_Distance
travel,16.5,M,1,66,Mon,2,Commute
grocery,334.45,F,1,49,Mon,2,Commute
shopping,954.32,F,1,49,Mon,2,Long_Distance
grocery,362.27,M,1,66,Mon,3,Regional
shopping,992.81,M,1,66,Mon,18,Long_Distance
entertainment,502.17,M,1,27,Mon,20,Regional
misc,788.07,M,1,66,Mon,22,Commute
home,394.82,M,1,66,Mon,22,Commute
misc,703.63,M,1,66,Mon,23,Regional
shopping,839.55,M,1,66,Mon,23,Remote
shopping,974.1,M,1,66,Mon,23,Regional
shopping,1023.35,M,1,66,Mon,23,Commute
grocery,304.14,M,1,27,Tue,0,Long_Distance
grocery,363.98,M,1,55,Tue,1,Commute
misc,586.09,M,1,27,Tue,1,Long_Distance
grocery,15.83,M,1,55,Tue,3,Local
grocery,281.61,M,1,27,Tue,3,Long_Distance
grocery,304.59,M,1,55,Tue,3,Long_Distance
grocery,338.13,M,1,27,Tue,3,Long_Distance
shopping,990.61,M,1,55,Tue,19,Long_Distance
entertainment,577.16,M,1,55,Tue,21,Regional
travel,7.74,M,1,66,Tue,22,Commute
shopping,936.85,M,1,55,Tue,22,Regional
grocery,321.51,M,1,55,Tue,22,Regional
shopping,715.07,M,1,27,Tue,22,Long_Distance
grocery,351.27,M,1,66,Tue,22,Long_Distance
shopping,676.8,M,1,66,Tue,22,Regional
grocery,293.4,M,1,55,Tue,22,Long_Distance
shopping,1092.32,M,1,55,Tue,23,Commute
shopping,872.35,M,1,55,Tue,23,Commute
grocery,315.66,M,1,42,Wed,0,Regional
misc,932.86,M,1,55,Wed,18,Commute
shopping,918.36,M,1,55,Wed,21,Long_Distance
grocery,315.06,M,1,55,Wed,22,Regional
shopping,1006.38,M,1,42,Wed,22,Long_Distance
shopping,1002.31,M,1,42,Wed,22,Regional
shopping,857.51,M,1,42,Wed,23,Commute
shopping,1102.11,M,1,42,Wed,23,Regional
misc,801.71,M,1,35,Thu,1,Remote
travel,11.7,M,1,35,Thu,2,Long_Distance
misc,869.31,M,1,35,Thu,2,Long_Distance
shopping,1012.71,M,1,35,Thu,21,Local
shopping,788.01,M,1,35,Thu,22,Commute
shopping,1067.46,M,1,42,Thu,22,Long_Distance
shopping,965.21,M,1,42,Thu,22,Long_Distance
shopping,1007.85,M,1,42,Thu,23,Regional
shopping,957.83,M,1,42,Thu,23,Regional
travel,13.32,M,1,35,Fri,0,Long_Distance
grocery,314.62,M,1,35,Fri,1,Regional
grocery,292.41,M,1,35,Fri,2,Commute
misc,803.68,M,1,35,Fri,3,Long_Distance
grocery,312.41,M,1,35,Fri,4,Long_Distance
shopping,1144.18,M,1,35,Fri,20,Regional
home,237.39,M,1,35,Fri,22,Regional
grocery,302.22,F,1,52,Sat,2,Long_Distance
misc,964.3,F,1,52,Sat,22,Commute
shopping,1062.27,F,1,52,Sat,23,Local
travel,9.71,F,1,52,Sun,1,Commute
grocery,298.32,F,1,52,Sun,3,Regional
misc,738.31,F,1,52,Sun,16,Commute
shopping,985.98,F,1,52,Sun,18,Regional
shopping,949.4,F,1,52,Sun,22,Long_Distance
travel,8.49,F,1,67,Sun,22,Commute
misc,710.45,F,1,67,Sun,22,Long_Distance
misc,48.95,F,1,67,Sun,22,Commute
shopping,961.84,F,1,52,Sun,23,Regional
shopping,995.71,F,1,67,Sun,23,Long_Distance
grocery,344.55,F,1,67,Sun,23,Long_Distance
shopping,805.55,F,1,52,Sun,23,Local
misc,935.6,F,1,52,Sun,23,Long_Distance
grocery,312.69,F,1,67,Mon,0,Regional
travel,19.23,F,1,67,Mon,0,Commute
shopping,918.25,F,1,67,Mon,14,Commute
travel,1.99,F,1,67,Mon,16,Long_Distance
shopping,904.82,F,1,67,Mon,17,Long_Distance
shopping,990.11,F,1,67,Mon,20,Long_Distance
grocery,305.08,F,1,67,Mon,23,Commute
shopping,1050.34,F,1,67,Mon,23,Long_Distance
shopping,914.68,F,1,67,Mon,23,Regional
shopping,928.08,F,1,67,Mon,23,Long_Distance
grocery,294.39,M,1,30,Tue,0,Long_Distance
misc,886.04,M,1,30,Tue,6,Local
shopping,1039.27,M,1,30,Tue,22,Long_Distance
shopping,968.38,M,1,30,Tue,22,Long_Distance
shopping,829.02,M,1,30,Tue,22,Long_Distance
shopping,989.35,M,1,30,Tue,23,Long_Distance
grocery,281.59,M,1,57,Wed,0,Commute
shopping,1071.14,F,1,33,Wed,0,Commute
grocery,7.88,M,1,57,Wed,0,Long_Distance
shopping,833.88,F,1,33,Wed,3,Long_Distance
misc,871.31,F,1,33,Wed,3,Long_Distance
grocery,277.62,M,1,57,Wed,8,Remote
grocery,280.98,M,1,30,Wed,9,Long_Distance
misc,854.39,M,1,57,Wed,15,Long_Distance
shopping,1012.65,M,1,30,Wed,19,Regional
shopping,969.19,M,1,57,Wed,20,Long_Distance
misc,732.99,M,1,57,Wed,22,Regional
grocery,278.34,M,1,57,Wed,22,Long_Distance
grocery,362.88,F,1,33,Thu,0,Commute
misc,599.01,M,1,50,Thu,1,Commute
misc,911.2,F,1,33,Thu,1,Long_Distance
shopping,881.86,F,1,33,Thu,1,Commute
grocery,357.86,F,1,33,Thu,1,Long_Distance
grocery,257.23,M,1,57,Thu,3,Long_Distance
grocery,346.12,F,1,33,Thu,4,Regional
grocery,326.32,M,1,50,Thu,7,Commute
shopping,896.61,F,1,33,Thu,15,Regional
misc,898.89,M,1,57,Thu,22,Long_Distance
misc,750.26,M,1,50,Thu,22,Long_Distance
home,21.78,F,1,33,Thu,22,Long_Distance
shopping,1038.25,M,1,57,Thu,23,Regional
shopping,949.38,F,1,33,Thu,23,Commute
shopping,963.73,M,1,57,Thu,23,Remote
shopping,824.28,M,1,50,Thu,23,Long_Distance
grocery,303.68,M,1,50,Fri,2,Long_Distance
grocery,296.0,M,1,50,Fri,11,Long_Distance
shopping,1008.51,M,1,50,Fri,17,Regional
shopping,1180.79,M,1,50,Fri,23,Long_Distance
shopping,841.89,M,1,50,Fri,23,Local
shopping,729.49,M,1,50,Fri,23,Regional
shopping,980.65,M,1,50,Fri,23,Long_Distance
misc,879.72,F,1,32,Sun,9,Long_Distance
health,19.64,F,1,32,Sun,22,Long_Distance
travel,7.98,M,1,27,Mon,1,Long_Distance
grocery,307.55,M,1,27,Mon,3,Commute
misc,772.07,M,1,27,Mon,7,Commute
shopping,853.68,F,1,32,Mon,10,Commute
entertainment,503.49,M,1,27,Mon,23,Long_Distance
grocery,337.39,M,1,48,Tue,1,Long_Distance
travel,9.04,M,1,27,Tue,1,Long_Distance
grocery,292.54,M,1,48,Tue,2,Long_Distance
grocery,245.89,M,1,27,Tue,2,Remote
shopping,1117.27,M,1,27,Tue,14,Regional
misc,774.22,M,1,27,Tue,21,Commute
shopping,995.97,M,1,48,Tue,22,Long_Distance
shopping,1062.66,M,1,48,Tue,23,Long_Distance
entertainment,467.84,M,1,27,Tue,23,Long_Distance
misc,828.4,M,1,27,Tue,23,Regional
shopping,1113.08,M,1,48,Tue,23,Regional
grocery,360.71,F,1,48,Wed,2,Remote
travel,9.34,M,1,46,Wed,2,Commute
misc,740.62,M,1,48,Wed,2,Commute
grocery,311.85,M,1,46,Wed,3,Commute
grocery,285.38,M,1,46,Wed,3,Regional
travel,11.19,M,1,48,Wed,10,Long_Distance
travel,12.54,F,1,48,Wed,11,Long_Distance
home,21.29,M,1,52,Wed,18,Commute
misc,7.23,M,1,46,Wed,19,Remote
shopping,1057.35,M,1,48,Wed,22,Commute
misc,737.94,M,1,52,Wed,22,Remote
shopping,1090.31,M,1,52,Wed,22,Long_Distance
home,258.37,F,1,48,Wed,22,Long_Distance
home,19.81,F,1,48,Wed,22,Long_Distance
shopping,966.79,M,1,52,Wed,23,Regional
personal,18.68,F,1,48,Wed,23,Commute
misc,852.95,M,1,52,Wed,23,Long_Distance
shopping,1083.04,F,1,48,Wed,23,Long_Distance
misc,820.97,M,1,52,Wed,23,Long_Distance
shopping,991.0,M,1,52,Wed,23,Commute
misc,808.71,M,1,46,Thu,0,Long_Distance
grocery,301.37,M,1,46,Thu,0,Commute
shopping,1004.38,F,1,48,Thu,1,Regional
misc,809.83,F,1,20,Thu,1,Long_Distance
grocery,275.59,M,1,46,Thu,3,Commute
misc,726.23,M,1,46,Thu,3,Long_Distance
grocery,340.71,F,1,48,Thu,3,Regional
grocery,304.17,M,1,46,Thu,3,Commute
shopping,1135.26,M,1,52,Thu,13,Commute
grocery,119.06,F,1,48,Thu,22,Long_Distance
grocery,118.24,F,1,48,Thu,22,Long_Distance
shopping,1052.9,F,1,48,Thu,22,Long_Distance
misc,963.78,M,1,52,Thu,22,Long_Distance
shopping,914.35,F,1,20,Thu,22,Long_Distance
shopping,1064.72,M,1,52,Thu,22,Commute
personal,16.32,F,1,48,Thu,22,Regional
misc,9.1,F,1,20,Thu,22,Regional
home,20.35,F,1,48,Thu,22,Long_Distance
misc,836.83,M,1,52,Thu,22,Commute
personal,23.26,F,1,48,Thu,23,Long_Distance
shopping,834.99,M,1,46,Thu,23,Long_Distance
shopping,875.14,M,1,46,Thu,23,Long_Distance
grocery,114.9,F,1,48,Thu,23,Regional
entertainment,393.1,M,1,52,Thu,23,Long_Distance
shopping,672.95,M,1,46,Thu,23,Long_Distance
grocery,106.28,F,1,30,Fri,0,Regional
grocery,299.29,F,1,20,Fri,0,Commute
grocery,312.03,F,1,20,Fri,1,Regional
grocery,251.36,F,1,20,Fri,2,Long_Distance
travel,12.08,F,1,20,Fri,3,Long_Distance
entertainment,479.52,F,1,30,Fri,3,Commute
grocery,334.14,F,1,70,Fri,3,Commute
misc,851.6,F,1,70,Fri,22,Long_Distance
shopping,911.81,F,1,70,Fri,22,Commute
personal,22.44,F,1,30,Fri,22,Long_Distance
shopping,966.17,F,1,20,Fri,22,Commute
misc,49.16,F,1,70,Fri,23,Long_Distance
entertainment,620.39,F,1,70,Fri,23,Long_Distance
shopping,1008.56,F,1,20,Fri,23,Commute
home,19.5,F,1,30,Fri,23,Long_Distance
misc,7.9,F,1,20,Fri,23,Commute
shopping,1115.73,F,1,30,Sat,0,Commute
misc,8.57,F,1,30,Sat,0,Local
shopping,777.41,F,1,37,Sat,3,Long_Distance
grocery,369.54,F,1,37,Sat,3,Regional
travel,9.54,F,1,30,Sat,11,Long_Distance
home,17.31,F,1,30,Sat,20,Long_Distance
misc,771.44,F,1,37,Sun,0,Commute
grocery,292.1,F,1,64,Sun,0,Long_Distance
grocery,321.16,M,1,78,Sun,1,Regional
grocery,371.94,F,1,37,Sun,2,Regional
shopping,1030.02,F,1,37,Sun,3,Commute
shopping,808.35,F,1,37,Sun,3,Long_Distance
travel,11.76,F,1,37,Sun,15,Regional
shopping,987.0,M,1,78,Sun,17,Regional
misc,906.85,M,1,78,Sun,22,Commute
shopping,1203.92,F,1,64,Sun,22,Regional
entertainment,334.92,M,1,78,Sun,22,Long_Distance
grocery,307.77,F,1,64,Sun,22,Remote
home,244.33,F,1,37,Sun,22,Commute
misc,933.69,F,1,64,Sun,22,Commute
misc,1037.69,M,1,78,Sun,22,Long_Distance
personal,22.16,F,1,37,Sun,23,Regional
home,22.4,F,1,37,Sun,23,Long_Distance
misc,902.71,F,1,64,Sun,23,Remote
shopping,997.8,F,1,64,Sun,23,Long_Distance
home,19.89,F,1,37,Sun,23,Long_Distance
travel,8.92,M,1,78,Mon,0,Commute
grocery,300.96,M,1,77,Mon,0,Remote
travel,8.45,M,1,78,Mon,2,Regional
travel,11.85,M,1,78,Mon,6,Regional
shopping,943.71,F,1,64,Mon,12,Commute
shopping,903.87,F,1,64,Mon,12,Long_Distance
shopping,1110.98,M,1,77,Mon,16,Commute
shopping,997.39,M,1,78,Mon,22,Long_Distance
shopping,984.59,F,1,64,Mon,22,Long_Distance
home,253.76,M,1,78,Mon,22,Long_Distance
shopping,1000.49,M,1,78,Mon,22,Long_Distance
shopping,956.22,M,1,78,Mon,23,Regional
misc,887.62,M,1,77,Mon,23,Commute
shopping,1128.66,F,1,64,Mon,23,Long_Distance
grocery,305.73,M,1,77,Tue,2,Regional
grocery,312.94,M,1,77,Tue,3,Remote
grocery,304.51,M,1,77,Tue,5,Commute
shopping,1029.47,F,1,32,Tue,11,Long_Distance
shopping,844.39,M,1,77,Tue,22,Commute
shopping,896.17,M,1,77,Tue,22,Commute
shopping,1104.54,M,1,77,Tue,22,Commute
grocery,337.19,M,1,77,Tue,23,Long_Distance
entertainment,509.77,F,1,32,Wed,5,Long_Distance
travel,11.5,M,1,18,Wed,7,Long_Distance
shopping,1017.05,M,1,18,Wed,20,Commute
shopping,943.12,M,1,18,Wed,22,Regional
shopping,752.02,M,1,18,Wed,22,Commute
travel,10.03,M,1,18,Wed,23,Regional
shopping,879.09,M,1,18,Wed,23,Long_Distance
shopping,1320.92,M,1,18,Wed,23,Commute
shopping,1020.62,M,1,18,Thu,22,Commute
misc,9.34,M,1,18,Thu,22,Remote
shopping,1075.7,M,1,18,Thu,22,Long_Distance
travel,9.41,M,1,18,Thu,22,Regional
shopping,944.94,M,1,18,Thu,23,Long_Distance
grocery,321.03,M,1,56,Fri,0,Regional
grocery,14.88,M,1,56,Fri,1,Commute
shopping,1006.29,M,1,56,Fri,22,Long_Distance
entertainment,669.67,M,1,56,Fri,23,Long_Distance
misc,826.05,M,1,56,Fri,23,Commute
grocery,347.22,M,1,56,Sat,0,Long_Distance
grocery,302.65,F,1,52,Sat,0,Regional
grocery,301.73,F,1,52,Sat,2,Regional
grocery,311.1,M,1,56,Sat,2,Local
grocery,17.1,M,1,57,Sat,3,Long_Distance
shopping,847.92,M,1,57,Sat,15,Regional
shopping,1148.36,M,1,56,Sat,15,Commute
shopping,1104.51,M,1,57,Sat,22,Commute
grocery,359.29,M,1,56,Sat,22,Regional
misc,750.14,M,1,56,Sat,22,Long_Distance
grocery,321.01,M,1,56,Sat,22,Long_Distance
shopping,959.44,F,1,52,Sat,22,Local
shopping,710.78,M,1,57,Sat,23,Long_Distance
misc,715.39,M,1,56,Sat,23,Long_Distance
health,23.91,M,1,56,Sat,23,Regional
misc,49.24,M,1,56,Sat,23,Commute
shopping,1115.75,F,1,49,Sun,0,Long_Distance
misc,776.66,F,1,43,Sun,0,Long_Distance
grocery,346.71,F,1,49,Sun,0,Long_Distance
grocery,357.63,F,1,49,Sun,0,Commute
grocery,309.78,M,1,55,Sun,1,Long_Distance
travel,22.11,M,1,57,Sun,2,Commute
grocery,336.15,F,1,60,Sun,3,Regional
grocery,14.53,M,1,57,Sun,3,Commute
shopping,1050.15,F,1,49,Sun,3,Long_Distance
grocery,313.57,M,1,55,Sun,5,Commute
grocery,107.67,F,1,43,Sun,5,Commute
health,26.34,F,1,49,Sun,15,Long_Distance
misc,8.22,M,1,55,Sun,15,Regional
shopping,991.94,M,1,57,Sun,18,Long_Distance
misc,902.67,F,1,52,Sun,20,Commute
grocery,318.43,F,1,52,Sun,22,Long_Distance
shopping,1198.12,M,1,55,Sun,22,Regional
shopping,1180.19,M,1,57,Sun,22,Regional
misc,50.31,M,1,57,Sun,22,Commute
personal,17.05,F,1,52,Sun,22,Long_Distance
grocery,360.25,M,1,57,Sun,22,Remote
personal,20.21,F,1,43,Sun,22,Long_Distance
grocery,132.25,F,1,43,Sun,22,Long_Distance
shopping,941.23,M,1,55,Sun,22,Long_Distance
shopping,1098.48,M,1,55,Sun,22,Long_Distance
shopping,899.79,F,1,60,Sun,22,Regional
misc,790.28,F,1,52,Sun,22,Commute
misc,49.66,M,1,57,Sun,22,Long_Distance
misc,8.29,F,1,52,Sun,22,Commute
misc,832.54,M,1,55,Sun,22,Long_Distance
grocery,118.24,F,1,52,Sun,22,Commute
shopping,914.64,M,1,57,Sun,23,Regional
home,21.22,F,1,43,Sun,23,Remote
shopping,893.45,M,1,55,Sun,23,Commute
shopping,1024.42,F,1,60,Sun,23,Long_Distance
shopping,1118.62,M,1,55,Sun,23,Long_Distance
personal,20.5,F,1,49,Sun,23,Long_Distance
shopping,991.2,F,1,52,Sun,23,Long_Distance
travel,3.77,M,1,57,Sun,23,Commute
shopping,977.08,M,1,55,Sun,23,Long_Distance
grocery,287.86,F,1,60,Mon,0,Long_Distance
misc,8.71,F,1,49,Mon,0,Commute
travel,7.29,M,1,55,Mon,0,Long_Distance
shopping,920.99,F,1,49,Mon,1,Long_Distance
shopping,893.98,F,1,49,Mon,1,Long_Distance
grocery,320.34,F,1,60,Mon,1,Commute
grocery,318.31,F,1,60,Mon,1,Remote
grocery,308.81,M,1,55,Mon,3,Commute
grocery,375.71,F,1,43,Mon,3,Long_Distance
shopping,983.27,F,1,43,Mon,9,Long_Distance
travel,9.85,F,1,49,Mon,9,Commute
shopping,940.79,F,1,49,Mon,11,Commute
personal,21.74,F,1,43,Mon,12,Regional
shopping,1084.78,F,1,60,Mon,13,Long_Distance
shopping,1061.02,F,1,60,Mon,14,Regional
grocery,149.53,F,1,60,Mon,16,Regional
shopping,1004.81,F,1,60,Mon,22,Long_Distance
grocery,121.62,F,1,43,Mon,22,Long_Distance
grocery,278.13,M,1,42,Mon,22,Long_Distance
personal,16.54,F,1,49,Mon,22,Long_Distance
home,17.72,F,1,49,Mon,22,Long_Distance
shopping,858.76,F,1,60,Mon,22,Long_Distance
shopping,592.56,F,1,60,Mon,22,Commute
health,20.33,F,1,49,Mon,22,Long_Distance
shopping,913.19,M,1,42,Mon,23,Commute
shopping,954.73,F,1,60,Mon,23,Long_Distance
shopping,710.12,M,1,42,Mon,23,Local
shopping,1022.16,M,1,42,Mon,23,Long_Distance
health,19.77,F,1,49,Mon,23,Long_Distance
health,19.0,F,1,49,Mon,23,Commute
shopping,813.57,M,1,42,Mon,23,Long_Distance
grocery,342.03,M,1,42,Tue,0,Remote
travel,10.44,M,1,35,Tue,1,Long_Distance
travel,11.82,M,1,26,Tue,2,Regional
health,20.33,M,1,42,Tue,16,Long_Distance
shopping,1153.08,M,1,26,Tue,22,Regional
shopping,677.65,M,1,35,Tue,22,Long_Distance
misc,857.15,M,1,26,Tue,22,Long_Distance
shopping,814.7,M,1,35,Tue,22,Regional
misc,648.51,M,1,26,Tue,22,Long_Distance
personal,18.6,M,1,42,Tue,22,Long_Distance
misc,798.61,M,1,42,Tue,22,Long_Distance
shopping,1058.67,M,1,26,Tue,22,Commute
shopping,1107.27,M,1,26,Tue,22,Regional
shopping,1007.28,M,1,26,Tue,23,Long_Distance
home,19.4,M,1,35,Tue,23,Commute
entertainment,579.11,M,1,35,Tue,23,Regional
grocery,322.47,M,1,26,Wed,0,Long_Distance
grocery,318.72,M,1,52,Wed,0,Regional
travel,9.07,M,1,35,Wed,0,Long_Distance
grocery,334.85,M,1,52,Wed,2,Regional
grocery,339.13,F,1,53,Wed,10,Commute
shopping,1001.16,M,1,35,Wed,14,Commute
shopping,1081.63,M,1,26,Wed,18,Regional
grocery,322.76,M,1,52,Wed,22,Regional
entertainment,637.33,M,1,52,Wed,22,Commute
shopping,979.63,M,1,52,Wed,22,Long_Distance
misc,650.68,F,1,53,Wed,22,Commute
shopping,955.07,M,1,26,Wed,22,Regional
grocery,334.54,M,1,52,Wed,22,Long_Distance
shopping,1113.91,F,1,53,Wed,23,Long_Distance
travel,21.55,M,1,52,Thu,0,Long_Distance
grocery,320.67,M,1,52,Thu,1,Remote
grocery,326.21,M,1,52,Thu,2,Commute
travel,18.88,M,1,52,Thu,3,Commute
personal,21.19,F,1,53,Thu,18,Long_Distance
grocery,300.78,M,1,52,Thu,20,Long_Distance
misc,9.3,F,1,53,Thu,22,Long_Distance
misc,7.24,F,1,53,Thu,22,Commute
shopping,798.05,M,1,52,Thu,22,Commute
shopping,922.5,F,1,53,Thu,22,Remote
shopping,1185.79,F,1,53,Thu,22,Commute
personal,48.13,M,1,52,Thu,23,Commute
shopping,1012.1,M,1,52,Thu,23,Long_Distance
misc,740.92,M,1,52,Thu,23,Long_Distance
misc,50.59,M,1,76,Fri,12,Long_Distance
shopping,974.22,M,1,76,Fri,22,Regional
misc,845.7,M,1,76,Fri,22,Commute
misc,750.35,M,1,76,Fri,23,Remote
misc,908.8,M,1,76,Sat,14,Long_Distance
home,21.09,F,1,32,Sat,16,Long_Distance
shopping,1001.85,F,1,32,Sat,22,Remote
grocery,107.46,M,1,76,Sat,22,Long_Distance
misc,846.93,M,1,76,Sat,22,Local
personal,21.87,F,1,32,Sat,23,Regional
grocery,125.67,F,1,32,Sat,23,Regional
grocery,15.48,F,1,59,Sun,0,Regional
travel,9.45,F,1,31,Sun,0,Regional
grocery,330.98,F,1,59,Sun,1,Long_Distance
shopping,997.42,F,1,31,Sun,3,Commute
grocery,321.16,F,1,32,Sun,3,Long_Distance
grocery,379.57,F,1,32,Sun,5,Commute
travel,1.78,F,1,59,Sun,12,Long_Distance
shopping,957.37,F,1,59,Sun,15,Long_Distance
shopping,952.33,F,1,59,Sun,20,Long_Distance
home,299.79,F,1,31,Sun,20,Long_Distance
shopping,917.14,F,1,59,Sun,22,Commute
home,20.71,F,1,32,Sun,23,Regional
health,21.88,F,1,31,Sun,23,Remote
grocery,93.87,F,1,32,Sun,23,Long_Distance
travel,13.96,F,1,31,Mon,0,Commute
shopping,1111.57,F,1,31,Mon,3,Regional
home,195.69,F,1,31,Mon,18,Commute
health,21.73,F,1,31,Mon,20,Long_Distance
home,19.91,F,1,31,Mon,22,Long_Distance
home,270.06,F,1,31,Mon,22,Remote
shopping,842.07,F,1,59,Mon,22,Long_Distance
personal,51.86,F,1,59,Mon,22,Regional
shopping,1030.78,F,1,31,Mon,23,Long_Distance
health,19.11,F,1,31,Mon,23,Regional
misc,898.83,F,1,48,Tue,2,Long_Distance
misc,751.63,F,1,48,Tue,3,Regional
home,255.24,F,1,48,Tue,21,Local
entertainment,489.67,F,1,48,Tue,22,Commute
home,22.61,F,1,48,Tue,22,Regional
home,21.23,F,1,48,Tue,23,Regional
grocery,13.65,M,1,61,Wed,0,Regional
grocery,306.95,F,1,21,Wed,1,Commute
grocery,335.95,F,1,21,Wed,2,Long_Distance
travel,7.27,F,1,48,Wed,3,Long_Distance
grocery,348.06,F,1,48,Wed,11,Long_Distance
health,17.82,F,1,48,Wed,14,Regional
grocery,298.14,M,1,61,Wed,15,Local
shopping,1019.51,M,1,61,Wed,16,Long_Distance
home,16.75,F,1,48,Wed,20,Regional
misc,823.42,M,1,61,Wed,22,Long_Distance
personal,52.83,M,1,61,Wed,22,Regional
shopping,873.29,F,1,21,Wed,23,Commute
travel,8.14,F,1,21,Wed,23,Local
grocery,348.09,M,1,61,Wed,23,Remote
grocery,319.27,M,1,61,Wed,23,Commute
misc,708.51,F,1,21,Wed,23,Long_Distance
misc,806.79,M,1,61,Wed,23,Regional
travel,17.45,M,1,61,Thu,0,Commute
misc,870.55,F,1,21,Thu,0,Long_Distance
grocery,290.0,F,1,21,Thu,0,Long_Distance
misc,850.16,F,1,21,Thu,0,Long_Distance
travel,19.04,M,1,61,Thu,0,Long_Distance
grocery,326.36,F,1,55,Thu,1,Regional
travel,18.46,M,1,61,Thu,1,Long_Distance
grocery,298.17,F,1,55,Thu,1,Long_Distance
travel,7.23,F,1,21,Thu,1,Remote
grocery,284.76,F,1,21,Thu,2,Remote
misc,939.34,M,1,44,Thu,2,Commute
grocery,8.52,F,1,21,Thu,3,Commute
grocery,290.54,M,1,44,Thu,5,Commute
misc,863.5,M,1,61,Thu,20,Long_Distance
home,20.61,F,1,21,Thu,22,Regional
shopping,897.6,M,1,44,Thu,22,Commute
home,372.73,M,1,61,Thu,22,Long_Distance
shopping,854.43,F,1,21,Thu,22,Regional
travel,10.18,F,1,21,Thu,22,Long_Distance
entertainment,582.92,F,1,55,Thu,22,Regional
shopping,1030.08,F,1,55,Thu,22,Long_Distance
shopping,1012.2,F,1,55,Thu,22,Long_Distance
shopping,908.98,F,1,55,Thu,23,Regional
misc,830.7,M,1,61,Thu,23,Commute
misc,682.25,F,1,55,Thu,23,Regional
shopping,802.42,F,1,21,Thu,23,Remote
grocery,312.5,F,1,55,Thu,23,Long_Distance
travel,11.09,M,1,75,Fri,1,Regional
grocery,306.79,F,1,55,Fri,1,Commute
travel,10.84,M,1,44,Fri,1,Remote
grocery,319.1,M,1,44,Fri,2,Regional
grocery,282.39,M,1,44,Fri,2,Regional
grocery,10.62,F,1,61,Fri,2,Regional
misc,714.25,M,1,44,Fri,3,Long_Distance
travel,20.39,F,1,55,Fri,3,Regional
grocery,332.24,F,1,55,Fri,3,Commute
grocery,292.42,F,1,61,Fri,3,Long_Distance
shopping,1094.32,M,1,44,Fri,18,Commute
home,20.13,M,1,75,Fri,22,Remote
misc,960.89,F,1,55,Fri,22,Regional
shopping,891.36,F,1,61,Fri,22,Commute
misc,6.84,M,1,44,Fri,22,Regional
misc,48.68,F,1,55,Fri,22,Local
entertainment,398.89,F,1,61,Fri,22,Regional
shopping,912.32,F,1,61,Fri,23,Regional
shopping,1004.44,F,1,61,Fri,23,Long_Distance
misc,769.89,M,1,44,Fri,23,Long_Distance
grocery,294.93,M,1,75,Sat,2,Regional
grocery,285.8,M,1,70,Sat,2,Commute
misc,759.5,F,1,34,Sat,3,Regional
grocery,269.66,M,1,75,Sat,3,Long_Distance
travel,9.3,F,1,61,Sat,3,Regional
grocery,290.91,M,1,75,Sat,4,Commute
travel,9.94,F,1,61,Sat,18,Commute
misc,793.61,M,1,75,Sat,22,Commute
grocery,118.4,F,1,61,Sat,22,Commute
misc,684.59,M,1,75,Sat,22,Long_Distance
shopping,960.14,M,1,70,Sat,22,Long_Distance
shopping,1060.9,M,1,70,Sat,22,Long_Distance
shopping,726.93,M,1,75,Sat,22,Commute
misc,856.3,M,1,75,Sat,22,Long_Distance
misc,7.73,F,1,61,Sat,23,Long_Distance
entertainment,498.84,F,1,34,Sat,23,Long_Distance
home,256.09,F,1,34,Sat,23,Commute
grocery,295.82,F,1,85,Sun,0,Regional
shopping,1018.07,F,1,34,Sun,0,Remote
misc,809.78,F,1,34,Sun,0,Remote
travel,10.95,F,1,34,Sun,1,Commute
grocery,285.48,F,1,85,Sun,1,Long_Distance
travel,8.65,F,1,85,Sun,7,Regional
shopping,929.11,F,1,85,Sun,15,Regional
shopping,890.94,M,1,70,Sun,17,Regional
shopping,915.2,M,1,70,Sun,19,Local
shopping,949.65,F,1,85,Sun,20,Commute
misc,768.25,F,1,85,Sun,22,Regional
misc,773.33,M,1,70,Sun,22,Long_Distance
health,21.79,F,1,34,Sun,22,Commute
misc,928.76,F,1,85,Sun,22,Long_Distance
home,254.95,F,1,34,Sun,22,Long_Distance
health,18.21,F,1,34,Sun,23,Long_Distance
shopping,1008.11,F,1,85,Sun,23,Long_Distance
misc,751.72,M,1,70,Sun,23,Commute
shopping,1093.63,F,1,85,Sun,23,Regional
grocery,314.74,F,1,85,Mon,2,Long_Distance
grocery,290.22,F,1,85,Mon,17,Long_Distance
shopping,1015.71,F,1,85,Mon,22,Commute
grocery,271.07,M,1,45,Thu,0,Long_Distance
misc,867.41,M,1,45,Thu,2,Long_Distance
grocery,317.37,M,1,45,Thu,3,Long_Distance
grocery,140.77,M,1,45,Thu,20,Commute
misc,680.39,M,1,45,Fri,0,Commute
grocery,289.1,M,1,45,Fri,0,Remote
grocery,276.82,M,1,45,Fri,1,Long_Distance
grocery,287.69,M,1,45,Fri,2,Remote
shopping,1140.55,M,1,45,Fri,23,Commute
grocery,300.9,F,1,58,Sat,1,Regional
grocery,278.99,F,1,58,Sat,2,Commute
grocery,283.58,F,1,78,Sat,3,Long_Distance
shopping,966.98,F,1,23,Sat,18,Long_Distance
shopping,1140.88,F,1,23,Sat,20,Regional
shopping,1041.54,F,1,84,Sat,20,Long_Distance
grocery,322.47,F,1,84,Sat,22,Long_Distance
misc,832.55,F,1,84,Sat,22,Remote
shopping,980.71,F,1,84,Sat,23,Long_Distance
shopping,924.6,F,1,84,Sat,23,Commute
grocery,267.1,F,1,58,Sat,23,Long_Distance
shopping,826.38,F,1,58,Sat,23,Long_Distance
shopping,1139.97,F,1,23,Sat,23,Commute
shopping,1104.91,F,1,58,Sat,23,Commute
shopping,1252.51,F,1,23,Sat,23,Remote
grocery,278.59,F,1,23,Sun,0,Commute
travel,10.0,F,1,78,Sun,0,Regional
travel,13.98,F,1,84,Sun,0,Long_Distance
grocery,307.89,F,1,84,Sun,0,Regional
grocery,282.77,F,1,58,Sun,1,Local
grocery,303.9,F,1,58,Sun,1,Commute
grocery,11.43,F,1,23,Sun,2,Regional
grocery,310.37,F,1,23,Sun,3,Long_Distance
grocery,336.84,F,1,23,Sun,3,Commute
travel,12.4,F,1,22,Sun,6,Commute
grocery,293.96,F,1,58,Sun,7,Long_Distance
travel,10.36,F,1,23,Sun,7,Commute
grocery,318.47,F,1,78,Sun,8,Regional
shopping,1134.02,F,1,78,Sun,14,Regional
grocery,288.17,F,1,78,Sun,18,Long_Distance
misc,614.29,F,1,22,Sun,20,Long_Distance
shopping,849.81,F,1,23,Sun,20,Regional
shopping,1034.66,F,1,23,Sun,22,Regional
grocery,272.26,F,1,78,Sun,22,Long_Distance
shopping,1019.43,F,1,58,Sun,22,Regional
entertainment,386.54,F,1,23,Sun,22,Long_Distance
shopping,1038.53,F,1,22,Sun,22,Long_Distance
shopping,869.72,F,1,84,Sun,22,Commute
shopping,976.13,F,1,58,Sun,22,Commute
shopping,773.18,F,1,22,Sun,22,Commute
shopping,873.24,F,1,23,Sun,22,Commute
misc,772.55,F,1,22,Sun,23,Commute
shopping,974.36,F,1,84,Sun,23,Long_Distance
misc,8.45,F,1,23,Sun,23,Regional
misc,898.03,F,1,23,Sun,23,Long_Distance
shopping,780.19,F,1,23,Sun,23,Long_Distance
shopping,1061.53,F,1,22,Sun,23,Regional
misc,821.96,F,1,23,Sun,23,Regional
misc,769.5,F,1,78,Sun,23,Long_Distance
shopping,1106.48,F,1,58,Sun,23,Regional
personal,20.94,F,1,23,Sun,23,Commute
shopping,1009.26,F,1,78,Sun,23,Remote
shopping,880.31,F,1,23,Sun,23,Commute
grocery,287.37,F,1,70,Mon,0,Long_Distance
shopping,1021.41,F,1,70,Mon,21,Regional
misc,923.16,F,1,70,Mon,22,Long_Distance
shopping,988.01,F,1,70,Mon,23,Long_Distance
grocery,284.76,F,1,70,Tue,0,Long_Distance
grocery,302.51,F,1,70,Tue,0,Long_Distance
grocery,325.1,F,1,70,Tue,5,Regional
shopping,939.95,F,1,70,Tue,20,Long_Distance
shopping,998.31,F,1,70,Tue,22,Remote
shopping,898.97,F,1,70,Tue,23,Long_Distance
misc,693.09,F,1,70,Tue,23,Long_Distance
shopping,882.81,F,1,70,Tue,23,Regional
shopping,864.89,F,1,70,Tue,23,Regional
misc,859.65,F,1,70,Tue,23,Long_Distance
grocery,319.52,F,1,37,Wed,3,Long_Distance
grocery,140.13,F,1,37,Wed,3,Regional
grocery,312.69,F,1,70,Wed,9,Commute
grocery,307.9,F,1,70,Wed,22,Long_Distance
home,220.31,F,1,70,Wed,22,Long_Distance
grocery,355.11,F,1,37,Thu,0,Long_Distance
shopping,870.71,F,1,37,Thu,3,Commute
personal,21.87,F,1,37,Thu,19,Local
home,255.68,F,1,37,Thu,23,Regional
grocery,304.47,M,1,51,Fri,0,Commute
grocery,306.33,M,1,51,Sat,0,Remote
grocery,291.24,M,1,51,Sat,1,Commute
grocery,305.28,M,1,51,Sat,1,Long_Distance
misc,7.83,F,1,43,Sat,1,Regional
travel,12.21,M,1,51,Sat,2,Regional
grocery,298.13,M,1,51,Sat,3,Long_Distance
travel,10.53,F,1,51,Sat,17,Long_Distance
home,20.73,F,1,43,Sat,22,Commute
shopping,940.61,F,1,51,Sat,22,Local
shopping,1007.34,M,1,51,Sat,22,Long_Distance
home,20.67,F,1,43,Sat,22,Long_Distance
misc,785.09,F,1,51,Sat,23,Remote
shopping,1046.08,F,1,51,Sat,23,Remote
misc,736.63,F,1,43,Sun,0,Long_Distance
grocery,317.58,F,1,51,Sun,0,Local
shopping,910.3,F,1,43,Sun,0,Regional
misc,721.23,F,1,43,Sun,0,Long_Distance
misc,827.42,F,1,43,Sun,1,Long_Distance
misc,7.38,F,1,43,Sun,1,Commute
shopping,812.79,F,1,43,Sun,1,Long_Distance
shopping,1000.87,F,1,43,Sun,2,Long_Distance
grocery,335.74,F,1,43,Sun,3,Commute
travel,8.08,F,1,51,Sun,3,Regional
grocery,337.37,F,1,43,Sun,3,Commute
misc,8.95,F,1,51,Sun,20,Regional
home,21.85,F,1,43,Sun,22,Regional
shopping,1034.69,F,1,51,Sun,22,Local
personal,21.39,F,1,43,Sun,23,Regional
home,23.56,F,1,51,Sun,23,Regional
grocery,342.3,M,1,29,Mon,1,Long_Distance
grocery,286.83,M,1,29,Mon,10,Long_Distance
shopping,992.26,M,1,29,Mon,22,Commute
shopping,754.83,M,1,29,Mon,23,Long_Distance
grocery,286.85,M,1,71,Tue,0,Long_Distance
grocery,284.12,M,1,29,Tue,2,Regional
travel,20.49,M,1,71,Tue,6,Regional
shopping,828.44,M,1,29,Tue,17,Commute
shopping,1094.76,M,1,29,Tue,22,Long_Distance
shopping,821.38,M,1,29,Tue,23,Commute
shopping,891.8,M,1,71,Tue,23,Regional
misc,713.28,M,1,29,Tue,23,Regional
misc,801.34,F,1,35,Wed,0,Commute
travel,12.01,F,1,35,Wed,0,Long_Distance
grocery,14.0,M,1,71,Wed,1,Commute
grocery,354.52,F,1,35,Wed,1,Regional
travel,8.74,M,1,36,Wed,1,Long_Distance
shopping,747.84,F,1,35,Wed,2,Commute
personal,22.66,M,1,36,Wed,15,Commute
health,18.44,F,1,35,Wed,16,Remote
shopping,816.2,M,1,36,Wed,22,Long_Distance
personal,18.67,F,1,35,Wed,22,Long_Distance
shopping,1042.48,M,1,36,Wed,22,Long_Distance
shopping,1090.29,M,1,36,Wed,23,Regional
home,19.57,F,1,35,Wed,23,Commute
shopping,949.68,M,1,36,Wed,23,Commute
grocery,100.46,M,1,36,Wed,23,Long_Distance
misc,50.37,M,1,71,Wed,23,Commute
grocery,329.17,F,1,35,Thu,0,Long_Distance
grocery,276.62,M,1,58,Thu,0,Commute
misc,10.41,F,1,35,Thu,1,Commute
misc,890.93,F,1,35,Thu,1,Long_Distance
misc,813.05,F,1,35,Thu,1,Long_Distance
grocery,10.21,M,1,36,Thu,3,Long_Distance
shopping,962.8,F,1,35,Thu,3,Long_Distance
travel,10.58,M,1,36,Thu,4,Long_Distance
grocery,316.34,M,1,36,Thu,5,Long_Distance
travel,9.38,M,1,58,Thu,11,Regional
personal,20.83,F,1,35,Thu,20,Long_Distance
misc,7.39,M,1,36,Thu,22,Local
misc,807.62,M,1,67,Thu,22,Regional
grocery,137.61,F,1,35,Thu,22,Long_Distance
shopping,823.34,M,1,67,Thu,22,Commute
misc,718.19,M,1,58,Thu,22,Commute
home,322.25,F,1,35,Thu,23,Commute
misc,833.6,M,1,36,Thu,23,Remote
shopping,988.75,M,1,67,Thu,23,Regional
grocery,314.07,M,1,67,Fri,0,Long_Distance
travel,6.87,M,1,58,Fri,1,Regional
grocery,319.86,M,1,58,Fri,3,Long_Distance
grocery,308.77,M,1,58,Fri,3,Long_Distance
shopping,1039.05,M,1,58,Fri,19,Commute
shopping,1009.4,M,1,58,Fri,22,Remote
shopping,805.77,M,1,67,Fri,22,Commute
shopping,1135.07,M,1,67,Fri,23,Long_Distance
travel,21.96,F,1,84,Sat,3,Long_Distance
personal,52.12,F,1,84,Sat,18,Regional
personal,47.57,F,1,84,Sat,19,Regional
personal,51.43,F,1,84,Sat,22,Commute
shopping,1098.94,F,1,84,Sat,23,Long_Distance
grocery,295.76,M,1,27,Sun,0,Commute
grocery,326.03,F,1,84,Sun,1,Commute
grocery,289.3,M,1,27,Sun,1,Long_Distance
grocery,307.01,F,1,84,Sun,1,Long_Distance
grocery,298.36,M,1,27,Sun,3,Commute
shopping,1015.01,M,1,27,Sun,18,Long_Distance
shopping,855.0,M,1,27,Sun,18,Long_Distance
shopping,1104.78,F,1,58,Sun,22,Regional
shopping,1027.83,M,1,27,Sun,22,Long_Distance
travel,7.15,F,1,84,Sun,22,Regional
shopping,785.82,M,1,27,Sun,23,Long_Distance
shopping,965.58,M,1,27,Sun,23,Regional
travel,19.83,F,1,58,Mon,0,Long_Distance
grocery,307.37,F,1,58,Mon,6,Long_Distance
grocery,299.68,M,1,27,Mon,16,Local
grocery,317.61,M,1,27,Mon,23,Regional
misc,762.14,F,1,58,Mon,23,Local
shopping,924.24,M,1,67,Mon,23,Remote
shopping,986.97,M,1,27,Mon,23,Long_Distance
travel,6.12,M,1,38,Tue,0,Long_Distance
travel,20.75,M,1,67,Tue,1,Long_Distance
travel,7.95,M,1,38,Tue,3,Long_Distance
grocery,284.07,M,1,38,Tue,22,Long_Distance
shopping,1013.2,M,1,67,Tue,22,Long_Distance
grocery,306.22,M,1,67,Tue,22,Remote
shopping,937.47,M,1,38,Tue,22,Long_Distance
grocery,304.44,M,1,38,Tue,22,Commute
shopping,1160.11,M,1,38,Tue,22,Remote
shopping,704.86,M,1,38,Tue,23,Commute
shopping,1084.29,M,1,38,Tue,23,Regional
personal,47.43,M,1,67,Tue,23,Regional
travel,8.81,M,1,38,Tue,23,Regional
misc,741.13,M,1,38,Wed,22,Long_Distance
shopping,727.83,M,1,38,Wed,22,Regional
misc,701.95,M,1,38,Wed,23,Regional
grocery,316.91,M,1,40,Thu,3,Commute
travel,23.69,M,1,62,Thu,3,Remote
shopping,905.67,M,1,62,Thu,12,Long_Distance
misc,684.72,M,1,62,Thu,22,Long_Distance
entertainment,507.07,M,1,62,Thu,22,Long_Distance
personal,21.31,M,1,40,Thu,23,Long_Distance
shopping,1113.48,M,1,40,Thu,23,Commute
misc,665.71,M,1,62,Thu,23,Commute
travel,11.02,M,1,40,Fri,0,Remote
grocery,338.05,M,1,62,Fri,0,Regional
grocery,333.73,M,1,40,Fri,1,Commute
travel,20.25,F,1,65,Fri,2,Regional
grocery,333.84,F,1,65,Fri,2,Long_Distance
grocery,298.86,M,1,40,Fri,8,Long_Distance
shopping,1096.43,M,1,40,Fri,22,Regional
shopping,1070.36,F,1,65,Fri,22,Commute
shopping,1004.6,F,1,65,Fri,22,Commute
misc,52.18,F,1,65,Fri,22,Long_Distance
shopping,835.04,M,1,62,Fri,23,Commute
misc,876.63,F,1,65,Fri,23,Remote
shopping,1033.84,M,1,40,Fri,23,Long_Distance
grocery,382.18,F,1,65,Sat,1,Regional
grocery,312.27,F,1,65,Sat,3,Remote
grocery,12.55,F,1,65,Sat,5,Long_Distance
grocery,280.0,F,1,65,Sat,22,Regional
grocery,349.38,F,1,65,Sat,22,Commute
travel,7.05,F,1,65,Sat,23,Regional
grocery,311.92,M,1,38,Sun,0,Long_Distance
grocery,7.99,M,1,38,Sun,2,Long_Distance
grocery,294.02,M,1,38,Sun,21,Long_Distance
grocery,117.23,M,1,38,Sun,23,Regional
shopping,640.43,M,1,38,Sun,23,Long_Distance
shopping,916.14,M,1,38,Sun,23,Long_Distance
grocery,12.05,M,1,38,Mon,0,Local
grocery,304.53,M,1,38,Mon,2,Long_Distance
grocery,251.97,M,1,38,Mon,2,Long_Distance
grocery,335.84,M,1,38,Mon,3,Long_Distance
grocery,269.38,M,1,38,Mon,5,Regional
shopping,725.03,M,1,38,Mon,22,Long_Distance
grocery,296.26,F,1,89,Wed,3,Commute
travel,12.62,M,1,34,Wed,3,Local
shopping,958.91,M,1,34,Wed,20,Local
shopping,945.16,M,1,34,Wed,22,Commute
shopping,998.39,M,1,34,Wed,22,Local
misc,986.16,F,1,89,Wed,22,Remote
shopping,1108.71,F,1,89,Wed,23,Long_Distance
shopping,1187.73,F,1,89,Wed,23,Long_Distance
shopping,902.81,F,1,89,Wed,23,Long_Distance
grocery,309.39,M,1,34,Thu,1,Commute
grocery,303.35,M,1,34,Thu,1,Long_Distance
grocery,317.59,F,1,23,Thu,2,Regional
grocery,362.93,F,1,89,Thu,2,Long_Distance
travel,7.84,M,1,34,Thu,3,Long_Distance
travel,9.36,M,1,34,Thu,5,Long_Distance
travel,7.86,F,1,23,Thu,5,Commute
misc,826.89,F,1,23,Thu,21,Regional
shopping,743.45,M,1,34,Thu,22,Remote
shopping,1004.95,F,1,23,Thu,22,Regional
home,19.89,F,1,23,Thu,22,Long_Distance
travel,9.03,F,1,89,Thu,23,Long_Distance
shopping,821.89,F,1,23,Thu,23,Regional
misc,875.38,F,1,23,Thu,23,Commute
misc,747.9,F,1,23,Thu,23,Commute
grocery,283.65,F,1,23,Fri,0,Commute
misc,833.78,M,1,43,Fri,1,Commute
grocery,305.25,F,1,23,Fri,2,Regional
travel,15.49,F,1,63,Fri,2,Commute
grocery,317.57,M,1,43,Fri,2,Regional
travel,5.53,F,1,63,Fri,3,Long_Distance
travel,11.34,F,1,23,Fri,3,Long_Distance
grocery,290.52,M,1,43,Fri,3,Regional
travel,8.77,F,1,63,Fri,10,Long_Distance
misc,1022.36,F,1,63,Fri,19,Long_Distance
home,235.42,F,1,23,Fri,20,Regional
shopping,1122.28,M,1,43,Fri,22,Commute
shopping,1147.88,F,1,23,Fri,22,Long_Distance
shopping,919.1,F,1,23,Fri,22,Regional
misc,666.71,F,1,23,Fri,22,Long_Distance
shopping,964.94,F,1,63,Fri,22,Regional
shopping,994.02,F,1,63,Fri,22,Commute
misc,734.29,F,1,23,Fri,22,Commute
shopping,863.1,F,1,63,Fri,22,Regional
shopping,999.15,F,1,23,Fri,22,Local
shopping,1030.86,F,1,23,Fri,23,Commute
grocery,306.22,M,1,43,Sat,3,Commute
grocery,298.21,F,1,63,Sat,11,Long_Distance
entertainment,464.99,M,1,43,Sat,21,Commute
shopping,870.33,M,1,43,Sat,22,Regional
shopping,809.15,M,1,43,Sat,23,Long_Distance
shopping,641.44,M,1,43,Sat,23,Long_Distance
travel,10.0,F,1,63,Sat,23,Commute
grocery,11.59,M,1,37,Sun,2,Regional
shopping,952.03,M,1,37,Sun,21,Long_Distance
shopping,971.98,M,1,37,Sun,22,Long_Distance
travel,10.34,M,1,37,Mon,1,Remote
grocery,14.95,M,1,60,Mon,1,Long_Distance
grocery,312.63,M,1,37,Mon,2,Commute
shopping,913.17,M,1,37,Mon,21,Commute
misc,836.49,M,1,60,Mon,22,Commute
shopping,1023.43,M,1,60,Mon,22,Local
shopping,963.57,M,1,37,Mon,23,Long_Distance
shopping,988.52,M,1,60,Mon,23,Long_Distance
grocery,353.11,M,1,60,Tue,2,Long_Distance
misc,710.24,M,1,60,Tue,22,Long_Distance
shopping,1082.1,M,1,60,Tue,23,Long_Distance
grocery,330.44,M,1,60,Tue,23,Commute
grocery,301.9,M,1,65,Wed,0,Long_Distance
travel,7.58,M,1,65,Wed,1,Long_Distance
grocery,335.68,M,1,65,Wed,1,Regional
travel,9.58,M,1,65,Wed,2,Regional
travel,10.25,M,1,65,Wed,3,Long_Distance
grocery,274.08,F,1,87,Wed,3,Long_Distance
grocery,263.69,M,1,65,Wed,9,Long_Distance
shopping,1133.52,F,1,52,Wed,16,Long_Distance
home,21.55,M,1,65,Wed,18,Long_Distance
shopping,983.38,F,1,52,Wed,21,Long_Distance
shopping,1132.88,M,1,65,Wed,22,Commute
home,17.15,F,1,52,Wed,22,Commute
shopping,1070.99,F,1,52,Wed,23,Long_Distance
shopping,1033.33,M,1,65,Wed,23,Long_Distance
misc,722.27,F,1,87,Wed,23,Long_Distance
shopping,1032.63,F,1,87,Wed,23,Remote
grocery,331.69,M,1,65,Wed,23,Regional
grocery,6.97,F,1,52,Thu,0,Long_Distance
grocery,270.75,M,1,31,Thu,0,Commute
grocery,283.94,F,1,52,Thu,1,Commute
grocery,11.07,M,1,46,Thu,1,Long_Distance
grocery,336.28,F,1,52,Thu,2,Regional
travel,9.12,M,1,46,Thu,2,Remote
grocery,267.74,M,1,31,Thu,2,Long_Distance
grocery,326.38,F,1,87,Thu,2,Commute
grocery,296.64,M,1,46,Thu,5,Remote
misc,682.62,M,1,31,Thu,11,Long_Distance
shopping,907.83,F,1,52,Thu,13,Regional
shopping,907.77,F,1,52,Thu,13,Long_Distance
shopping,762.64,M,1,46,Thu,16,Commute
misc,760.29,M,1,46,Thu,19,Long_Distance
shopping,1082.63,M,1,31,Thu,19,Local
misc,835.51,F,1,52,Thu,20,Long_Distance
shopping,797.76,F,1,52,Thu,22,Commute
shopping,969.05,F,1,87,Thu,22,Local
shopping,1059.37,M,1,65,Thu,22,Commute
misc,867.25,F,1,87,Thu,22,Commute
misc,6.97,F,1,87,Thu,22,Commute
shopping,868.43,M,1,31,Thu,22,Long_Distance
misc,754.95,M,1,31,Thu,23,Regional
shopping,1000.91,M,1,31,Thu,23,Commute
shopping,914.77,F,1,52,Thu,23,Regional
shopping,969.37,M,1,46,Thu,23,Local
misc,836.44,M,1,46,Thu,23,Regional
misc,981.75,M,1,65,Thu,23,Long_Distance
shopping,959.99,M,1,31,Thu,23,Long_Distance
grocery,312.93,F,1,54,Fri,0,Commute
grocery,291.54,F,1,54,Fri,0,Long_Distance
grocery,318.04,M,1,34,Fri,1,Regional
travel,11.88,M,1,34,Fri,2,Remote
grocery,10.13,M,1,46,Fri,2,Commute
grocery,284.31,M,1,31,Fri,3,Long_Distance
grocery,11.91,M,1,46,Fri,3,Commute
grocery,273.77,F,1,54,Fri,8,Long_Distance
travel,9.5,M,1,46,Fri,9,Long_Distance
shopping,956.44,F,1,54,Fri,16,Long_Distance
shopping,850.57,M,1,34,Fri,18,Long_Distance
home,17.93,F,1,54,Fri,22,Remote
shopping,831.72,M,1,34,Fri,22,Regional
shopping,980.82,F,1,54,Fri,22,Long_Distance
misc,847.3,M,1,34,Fri,22,Long_Distance
shopping,884.94,M,1,34,Fri,22,Long_Distance
grocery,308.3,M,1,46,Fri,22,Long_Distance
shopping,916.04,M,1,34,Fri,22,Commute
misc,949.55,M,1,46,Fri,23,Regional
shopping,957.9,M,1,34,Fri,23,Regional
shopping,1071.14,F,1,54,Fri,23,Commute
misc,836.06,M,1,34,Fri,23,Commute
home,17.95,F,1,54,Fri,23,Regional
travel,10.64,F,1,54,Sat,0,Commute
travel,7.95,F,1,54,Sat,1,Commute
grocery,317.21,M,1,34,Sat,3,Regional
misc,9.43,F,1,54,Sat,19,Commute
grocery,294.9,M,1,34,Sat,22,Commute
shopping,993.65,M,1,34,Sat,22,Regional
misc,816.03,M,1,34,Sat,23,Regional
misc,917.14,M,1,34,Sat,23,Long_Distance
grocery,304.81,M,1,53,Tue,0,Commute
misc,913.04,F,1,44,Tue,1,Commute
grocery,341.52,F,1,44,Tue,1,Long_Distance
grocery,326.75,F,1,44,Tue,2,Regional
grocery,296.27,M,1,53,Tue,3,Long_Distance
misc,806.92,F,1,44,Tue,3,Long_Distance
grocery,313.62,M,1,53,Tue,4,Long_Distance
travel,8.47,M,1,53,Tue,4,Long_Distance
shopping,934.26,M,1,53,Tue,20,Local
shopping,1061.02,M,1,53,Tue,22,Remote
entertainment,409.2,M,1,53,Tue,22,Regional
travel,9.16,M,1,23,Wed,0,Long_Distance
travel,10.75,M,1,53,Wed,2,Remote
grocery,324.22,M,1,53,Wed,3,Commute
misc,745.05,M,1,23,Wed,22,Long_Distance
entertainment,603.08,F,1,44,Wed,22,Long_Distance
shopping,1318.89,M,1,23,Wed,22,Long_Distance
home,223.49,F,1,44,Wed,22,Long_Distance
shopping,984.28,M,1,23,Wed,22,Long_Distance
shopping,1061.37,M,1,23,Wed,22,Commute
shopping,1008.38,M,1,23,Wed,22,Regional
shopping,918.2,F,1,44,Wed,22,Commute
shopping,926.72,M,1,23,Wed,22,Long_Distance
shopping,990.84,M,1,23,Wed,22,Local
shopping,1118.24,M,1,23,Wed,22,Commute
shopping,1183.93,M,1,23,Wed,23,Long_Distance
shopping,993.4,M,1,53,Wed,23,Long_Distance
grocery,333.42,M,1,23,Thu,0,Regional
grocery,298.76,M,1,23,Thu,0,Commute
shopping,881.12,M,1,23,Thu,23,Regional
misc,781.06,M,1,23,Thu,23,Commute
travel,9.79,M,1,38,Fri,2,Commute
travel,13.69,F,1,42,Fri,4,Long_Distance
shopping,959.59,M,1,38,Fri,21,Commute
misc,9.02,M,1,38,Fri,22,Local
home,257.51,F,1,42,Fri,23,Regional
home,288.17,F,1,42,Fri,23,Long_Distance
entertainment,570.37,M,1,38,Fri,23,Long_Distance
shopping,1068.48,M,1,38,Fri,23,Commute
grocery,266.28,F,1,58,Sat,0,Commute
grocery,319.22,F,1,58,Sat,1,Long_Distance
shopping,1107.65,F,1,42,Sat,1,Commute
grocery,316.71,M,1,38,Sat,2,Long_Distance
grocery,354.08,F,1,42,Sat,3,Regional
misc,656.56,M,1,47,Sat,3,Commute
grocery,274.68,M,1,38,Sat,6,Regional
shopping,967.36,M,1,38,Sat,20,Long_Distance
personal,21.28,M,1,47,Sat,22,Long_Distance
shopping,1086.32,M,1,47,Sat,22,Long_Distance
personal,21.69,F,1,42,Sat,23,Regional
entertainment,419.52,F,1,42,Sat,23,Regional
misc,690.67,F,1,58,Sat,23,Remote
shopping,799.3,M,1,38,Sat,23,Commute
travel,10.0,M,1,47,Sun,0,Long_Distance
misc,846.5,M,1,47,Sun,0,Long_Distance
travel,18.54,F,1,58,Sun,1,Regional
grocery,319.21,F,1,58,Sun,3,Regional
health,17.45,M,1,71,Sun,13,Remote
shopping,1099.03,F,1,58,Sun,13,Commute
grocery,338.94,M,1,71,Sun,21,Long_Distance
shopping,686.99,M,1,71,Sun,22,Regional
shopping,893.8,F,1,58,Sun,22,Commute
shopping,886.33,F,1,58,Sun,22,Local
personal,49.51,F,1,58,Sun,22,Long_Distance
shopping,812.13,M,1,47,Sun,22,Regional
shopping,986.43,M,1,47,Sun,23,Regional
shopping,858.73,M,1,47,Sun,23,Long_Distance
grocery,133.43,F,1,45,Sun,23,Commute
shopping,854.04,M,1,71,Sun,23,Commute
misc,905.63,M,1,71,Sun,23,Long_Distance
shopping,1073.81,F,1,58,Sun,23,Regional
shopping,855.54,F,1,45,Mon,1,Long_Distance
grocery,321.48,M,1,71,Mon,2,Commute
misc,835.3,F,1,45,Mon,3,Long_Distance
home,18.72,F,1,45,Mon,21,Long_Distance
shopping,718.27,M,1,71,Mon,22,Commute
grocery,327.7,M,1,71,Mon,22,Regional
grocery,117.49,F,1,45,Mon,22,Long_Distance
entertainment,419.94,F,1,45,Mon,23,Long_Distance
misc,694.47,M,1,71,Mon,23,Long_Distance
shopping,925.31,M,1,71,Mon,23,Regional
home,261.22,F,1,45,Mon,23,Long_Distance
grocery,348.31,F,1,69,Tue,0,Commute
grocery,335.48,F,1,49,Tue,1,Long_Distance
grocery,335.21,F,1,69,Tue,2,Regional
travel,19.74,F,1,69,Tue,2,Local
grocery,315.25,M,1,21,Tue,3,Long_Distance
misc,721.96,M,1,21,Tue,3,Long_Distance
travel,9.51,M,1,33,Tue,3,Long_Distance
grocery,353.58,F,1,69,Tue,3,Long_Distance
grocery,283.05,M,1,21,Tue,3,Commute
travel,19.26,F,1,69,Tue,3,Regional
misc,821.01,M,1,21,Tue,3,Commute
grocery,312.8,M,1,33,Tue,4,Long_Distance
misc,798.67,M,1,21,Tue,5,Long_Distance
grocery,302.44,F,1,69,Tue,6,Long_Distance
grocery,286.92,M,1,21,Tue,10,Regional
shopping,1032.04,M,1,21,Tue,13,Long_Distance
shopping,1128.83,F,1,69,Tue,22,Long_Distance
shopping,981.4,F,1,69,Tue,22,Long_Distance
home,216.25,M,1,21,Tue,22,Long_Distance
home,19.44,F,1,49,Tue,22,Long_Distance
shopping,813.71,M,1,21,Tue,22,Long_Distance
shopping,1115.54,M,1,21,Tue,22,Commute
shopping,901.46,F,1,69,Tue,22,Regional
shopping,1153.76,M,1,33,Tue,23,Regional
shopping,988.31,M,1,33,Tue,23,Commute
shopping,775.14,M,1,21,Tue,23,Regional
grocery,106.11,F,1,49,Tue,23,Regional
shopping,911.05,M,1,33,Tue,23,Commute
shopping,871.77,F,1,69,Tue,23,Commute
travel,8.67,M,1,33,Wed,0,Long_Distance
grocery,287.65,M,1,21,Wed,1,Commute
shopping,801.38,F,1,49,Wed,3,Regional
shopping,1155.37,F,1,49,Wed,3,Regional
grocery,305.98,M,1,21,Wed,7,Long_Distance
grocery,299.2,F,1,69,Wed,8,Regional
home,17.51,M,1,33,Wed,19,Remote
shopping,1011.85,F,1,69,Wed,21,Remote
shopping,866.41,F,1,69,Wed,22,Regional
misc,824.1,F,1,69,Wed,22,Regional
misc,1015.53,M,1,33,Wed,23,Local
shopping,878.28,M,1,33,Wed,23,Long_Distance
grocery,337.77,F,1,69,Wed,23,Local
shopping,1044.34,M,1,33,Wed,23,Long_Distance
travel,10.97,F,1,48,Thu,2,Long_Distance
misc,8.76,F,1,48,Thu,3,Commute
travel,8.96,F,1,48,Thu,17,Local
home,261.03,F,1,48,Thu,23,Long_Distance
shopping,829.36,F,1,32,Fri,0,Commute
grocery,320.83,M,1,47,Fri,1,Commute
grocery,334.12,F,1,32,Fri,1,Regional
misc,890.64,F,1,48,Fri,1,Long_Distance
grocery,343.37,F,1,48,Fri,2,Commute
grocery,344.81,F,1,32,Fri,2,Commute
grocery,101.04,F,1,48,Fri,2,Regional
shopping,720.83,F,1,32,Fri,2,Regional
shopping,1103.29,F,1,32,Fri,3,Local
misc,745.88,F,1,32,Fri,3,Long_Distance
misc,8.33,F,1,48,Fri,3,Remote
shopping,770.65,F,1,48,Fri,3,Regional
grocery,392.0,F,1,32,Fri,5,Commute
travel,7.88,F,1,48,Fri,12,Commute
home,216.01,F,1,32,Fri,13,Regional
shopping,878.46,M,1,47,Fri,15,Commute
health,21.84,F,1,32,Fri,22,Long_Distance
health,18.46,F,1,48,Fri,22,Long_Distance
health,17.35,F,1,48,Fri,23,Regional
health,19.45,F,1,48,Fri,23,Commute
shopping,1123.99,M,1,47,Fri,23,Commute
travel,6.62,F,1,35,Sat,0,Regional
travel,9.02,M,1,47,Sat,0,Local
grocery,381.5,F,1,32,Sat,0,Commute
grocery,282.58,M,1,47,Sat,0,Commute
shopping,851.46,F,1,35,Sat,0,Regional
grocery,372.65,F,1,35,Sat,0,Long_Distance
shopping,716.96,F,1,32,Sat,0,Regional
grocery,318.88,M,1,47,Sat,1,Regional
shopping,956.58,F,1,35,Sat,1,Long_Distance
misc,717.14,F,1,32,Sat,3,Regional
home,234.54,F,1,32,Sat,12,Regional
home,236.42,F,1,35,Sat,14,Regional
personal,21.71,F,1,35,Sat,19,Commute
grocery,146.09,F,1,35,Sat,20,Long_Distance
home,230.99,F,1,35,Sat,22,Long_Distance
shopping,768.45,M,1,47,Sat,22,Regional
personal,20.2,F,1,32,Sat,23,Remote
entertainment,552.04,F,1,35,Sat,23,Long_Distance
home,214.51,F,1,35,Sat,23,Long_Distance
grocery,320.05,M,1,63,Sun,0,Commute
shopping,832.81,F,1,35,Sun,2,Commute
shopping,985.83,M,1,63,Sun,15,Long_Distance
shopping,949.49,M,1,62,Sun,22,Long_Distance
home,21.89,M,1,62,Sun,22,Regional
home,19.34,F,1,35,Sun,22,Regional
misc,823.31,M,1,62,Sun,22,Long_Distance
misc,746.79,M,1,62,Sun,23,Long_Distance
health,19.86,F,1,35,Sun,23,Commute
grocery,304.93,M,1,34,Mon,1,Long_Distance
travel,20.22,M,1,63,Mon,1,Commute
grocery,273.42,M,1,34,Mon,3,Regional
travel,9.43,M,1,34,Mon,3,Commute
travel,18.9,M,1,63,Mon,3,Regional
misc,938.8,M,1,62,Mon,12,Commute
home,282.22,M,1,62,Mon,22,Long_Distance
misc,777.27,M,1,62,Mon,22,Long_Distance
shopping,916.68,M,1,63,Mon,22,Long_Distance
shopping,991.1,M,1,34,Mon,22,Commute
shopping,991.22,M,1,34,Mon,22,Long_Distance
misc,725.33,M,1,34,Tue,0,Long_Distance
travel,6.67,F,1,63,Tue,0,Long_Distance
travel,9.65,M,1,34,Tue,3,Commute
grocery,308.23,F,1,63,Tue,4,Remote
grocery,328.18,F,1,63,Tue,16,Commute
shopping,1065.89,M,1,34,Tue,21,Regional
shopping,982.07,F,1,63,Tue,22,Regional
home,22.18,M,1,34,Tue,22,Long_Distance
shopping,898.36,F,1,63,Tue,22,Remote
shopping,856.86,F,1,63,Tue,23,Regional
shopping,717.16,M,1,34,Tue,23,Long_Distance
shopping,844.77,F,1,63,Tue,23,Remote
shopping,1038.53,F,1,63,Tue,23,Regional
grocery,273.2,F,1,25,Wed,1,Commute
grocery,309.95,F,1,63,Wed,1,Long_Distance
grocery,291.1,F,1,25,Wed,2,Commute
shopping,899.98,M,1,34,Wed,22,Commute
misc,821.87,F,1,63,Wed,22,Long_Distance
travel,9.27,F,1,25,Wed,22,Regional
shopping,949.82,F,1,25,Wed,22,Long_Distance
misc,848.91,F,1,63,Wed,22,Regional
shopping,958.42,M,1,34,Wed,23,Commute
misc,806.56,F,1,63,Wed,23,Commute
shopping,1158.64,M,1,34,Wed,23,Commute
shopping,1056.99,F,1,25,Wed,23,Commute
travel,15.41,F,1,25,Thu,0,Long_Distance
travel,7.05,M,1,34,Thu,2,Long_Distance
grocery,7.76,M,1,34,Thu,2,Regional
misc,759.36,M,1,34,Thu,19,Regional
shopping,925.28,F,1,25,Thu,20,Commute
shopping,986.73,F,1,25,Thu,22,Long_Distance
shopping,838.93,M,1,34,Thu,22,Long_Distance
shopping,751.63,M,1,34,Thu,23,Long_Distance
shopping,881.41,M,1,34,Thu,23,Long_Distance
misc,985.69,M,1,34,Thu,23,Long_Distance
misc,890.81,F,1,25,Thu,23,Regional
shopping,913.22,F,1,25,Thu,23,Long_Distance
shopping,835.25,M,1,34,Thu,23,Long_Distance
shopping,837.53,M,1,50,Fri,18,Regional
shopping,835.63,M,1,50,Fri,22,Regional
shopping,982.14,M,1,50,Fri,22,Long_Distance
grocery,315.1,M,1,50,Sat,0,Long_Distance
grocery,297.87,M,1,50,Sat,0,Long_Distance
grocery,267.86,M,1,50,Sat,11,Commute
misc,831.86,M,1,50,Sat,22,Commute
shopping,939.59,M,1,50,Sat,23,Commute
shopping,1121.05,M,1,50,Sat,23,Long_Distance
home,212.01,M,1,50,Sat,23,Regional
shopping,866.79,F,1,48,Sun,8,Commute
personal,23.92,F,1,48,Sun,22,Long_Distance
personal,19.27,F,1,48,Sun,23,Regional
home,168.06,F,1,48,Sun,23,Commute
grocery,338.6,F,1,48,Mon,0,Regional
grocery,349.96,F,1,48,Mon,2,Commute
grocery,358.24,F,1,48,Mon,2,Long_Distance
shopping,859.12,F,1,48,Mon,2,Commute
travel,11.79,M,1,61,Mon,3,Regional
shopping,866.01,M,1,61,Mon,22,Regional
home,209.84,F,1,48,Mon,22,Long_Distance
grocery,123.58,F,1,48,Mon,22,Regional
home,219.11,F,1,48,Mon,22,Regional
shopping,981.22,M,1,61,Mon,23,Long_Distance
travel,6.6,M,1,61,Tue,3,Commute
shopping,997.77,M,1,61,Tue,14,Regional
shopping,1041.51,M,1,61,Tue,22,Local
shopping,868.09,M,1,61,Tue,22,Regional
shopping,1039.42,M,1,61,Tue,22,Commute
grocery,289.27,M,1,61,Tue,23,Commute
misc,766.38,M,1,61,Tue,23,Long_Distance
