category,amt,gender,is_fraud,age,day,hour,distance_km
entertainment,1.32,M,0,71,Thu,13,Commute
misc,7.54,M,0,71,Fri,3,Long_Distance
travel,55.07,F,0,46,Sun,4,Regional
health,4.22,F,0,23,Tue,17,Long_Distance
home,43.0,F,0,89,Tue,18,Long_Distance
shopping,9.38,M,0,35,Sat,18,Commute
home,21.53,F,0,47,Tue,18,Regional
home,37.76,F,0,58,Mon,23,Long_Distance
grocery,210.69,F,0,38,Sun,4,Commute
entertainment,145.52,F,0,56,Fri,6,Regional
home,4.02,F,0,42,Sun,20,Long_Distance
grocery,26.63,M,0,30,Thu,4,Commute
travel,48.49,F,0,51,Wed,11,Long_Distance
travel,47.57,F,0,32,Thu,10,Remote
home,85.88,F,0,21,Sun,12,Long_Distance
home,90.76,F,0,48,Sat,20,Long_Distance
shopping,141.66,M,0,63,Fri,11,Long_Distance
shopping,1.23,F,0,31,Mon,14,Remote
grocery,20.97,F,0,79,Sun,20,Long_Distance
shopping,26.29,F,0,58,Mon,9,Long_Distance
home,55.67,F,0,37,Sun,21,Commute
shopping,83.37,M,0,31,Mon,10,Long_Distance
shopping,169.96,M,0,24,Sun,20,Remote
shopping,5.18,F,0,43,Fri,13,Long_Distance
home,13.3,F,0,69,Thu,13,Commute
health,88.27,F,0,24,Mon,19,Commute
personal,5.21,M,0,52,Sat,22,Commute
health,103.74,F,0,24,Mon,17,Regional
shopping,69.72,F,0,33,Tue,22,Long_Distance
travel,9.55,F,0,45,Mon,19,Long_Distance
personal,14.29,M,0,61,Sun,19,Commute
entertainment,69.11,F,0,33,Sun,13,Long_Distance
grocery,120.85,M,0,54,Sat,6,Commute
misc,12.86,F,0,35,Wed,21,Regional
grocery,118.35,F,0,91,Tue,1,Long_Distance
travel,48.78,F,0,55,Thu,4,Commute
grocery,203.22,F,0,27,Sat,0,Commute
travel,293.41,F,0,51,Thu,19,Commute
grocery,102.09,F,0,48,Mon,4,Long_Distance
grocery,97.89,M,0,45,Mon,10,Regional
personal,235.37,M,0,78,Sat,12,Long_Distance
grocery,94.85,M,0,27,Thu,6,Long_Distance
shopping,3.47,F,0,42,Mon,22,Long_Distance
grocery,60.54,M,0,45,Mon,9,Long_Distance
health,53.35,M,0,49,Mon,14,Long_Distance
home,192.31,M,0,20,Mon,14,Commute
grocery,31.61,M,0,39,Sat,3,Long_Distance
health,21.04,F,0,50,Wed,15,Regional
personal,12.0,F,0,62,Sun,15,Commute
home,50.08,F,0,29,Fri,15,Long_Distance
health,8.79,M,0,24,Sun,18,Long_Distance
shopping,4.89,M,0,61,Sun,11,Regional
shopping,7.87,F,0,60,Wed,3,Regional
home,31.25,F,0,43,Thu,21,Long_Distance
misc,35.05,M,0,20,Tue,22,Commute
misc,115.36,F,0,21,Sun,20,Long_Distance
home,144.79,F,0,35,Wed,22,Long_Distance
misc,102.67,M,0,30,Tue,11,Regional
health,75.59,M,0,26,Sat,13,Long_Distance
travel,42.89,M,0,22,Wed,9,Commute
grocery,111.16,F,0,46,Wed,11,Regional
health,65.68,F,0,28,Sun,18,Regional
misc,151.74,M,0,17,Fri,20,Long_Distance
shopping,3.81,F,0,41,Sun,19,Long_Distance
entertainment,3.37,M,0,67,Sun,17,Long_Distance
shopping,1309.21,F,0,49,Thu,21,Long_Distance
travel,67.77,M,0,22,Sat,9,Long_Distance
home,39.1,M,0,30,Sun,19,Long_Distance
health,10.16,F,0,21,Mon,22,Long_Distance
entertainment,107.51,M,0,73,Wed,6,Commute
entertainment,93.18,F,0,50,Mon,14,Regional
misc,6.38,M,0,61,Fri,10,Long_Distance
shopping,7.02,M,0,25,Tue,17,Long_Distance
shopping,31.53,F,0,51,Fri,9,Long_Distance
shopping,135.04,M,0,39,Sun,10,Commute
travel,5.57,M,0,34,Mon,21,Long_Distance
home,23.97,F,0,57,Mon,14,Long_Distance
travel,56.75,M,0,78,Mon,5,Long_Distance
health,17.64,F,0,37,Sat,16,Regional
grocery,18.91,F,0,36,Sat,16,Long_Distance
travel,48.48,M,0,76,Mon,11,Regional
misc,9.96,F,0,37,Tue,12,Long_Distance
personal,69.54,M,0,63,Thu,22,Long_Distance
misc,2.37,F,0,21,Sun,14,Commute
home,1.55,F,0,72,Tue,23,Long_Distance
home,29.26,M,0,60,Sat,13,Long_Distance
shopping,166.02,F,0,43,Thu,23,Commute
health,106.46,F,0,64,Thu,21,Regional
health,5.46,M,0,53,Tue,17,Long_Distance
travel,73.02,M,0,37,Fri,5,Long_Distance
misc,7.14,M,0,57,Sun,8,Regional
travel,81.85,M,0,57,Sat,3,Long_Distance
grocery,118.03,M,0,60,Sat,9,Remote
home,3.03,F,0,24,Mon,13,Commute
shopping,8.48,F,0,31,Sat,17,Regional
misc,29.7,M,0,58,Sun,5,Long_Distance
home,48.48,M,0,26,Sun,23,Long_Distance
health,115.15,F,0,65,Sun,12,Regional
entertainment,80.65,M,0,29,Wed,20,Long_Distance
entertainment,67.88,M,0,33,Mon,19,Commute
travel,62.82,F,0,71,Fri,2,Long_Distance
grocery,8.66,M,0,14,Tue,13,Long_Distance
grocery,120.09,M,0,51,Fri,14,Commute
home,53.02,F,0,25,Sat,20,Local
misc,6.56,M,0,30,Tue,16,Long_Distance
entertainment,4.44,F,0,40,Sat,23,Regional
grocery,46.82,M,0,46,Mon,1,Long_Distance
shopping,181.53,F,0,42,Mon,12,Regional
misc,173.66,F,0,33,Wed,5,Remote
grocery,95.35,F,0,47,Sun,1,Long_Distance
grocery,1.15,F,0,29,Thu,13,Long_Distance
shopping,258.85,F,0,15,Sat,20,Long_Distance
personal,89.7,F,0,43,Sat,23,Long_Distance
grocery,65.72,M,0,40,Wed,12,Long_Distance
shopping,95.72,F,0,32,Fri,16,Commute
shopping,227.09,F,0,45,Mon,12,Regional
home,38.17,F,0,59,Thu,15,Remote
home,37.21,F,0,59,Mon,13,Commute
travel,7.07,M,0,52,Sun,14,Regional
misc,9.89,F,0,35,Thu,7,Commute
travel,70.36,F,0,25,Mon,7,Local
grocery,74.94,M,0,49,Fri,8,Long_Distance
entertainment,21.94,M,0,21,Mon,18,Regional
health,141.69,M,0,66,Mon,14,Regional
home,26.18,F,0,48,Sat,12,Long_Distance
home,94.45,M,0,61,Sun,14,Long_Distance
shopping,33.53,M,0,34,Sun,23,Commute
travel,7.24,F,0,90,Sun,15,Long_Distance
misc,212.88,F,0,36,Fri,1,Long_Distance
shopping,2.49,F,0,47,Mon,23,Remote
personal,31.84,M,0,88,Fri,21,Long_Distance
travel,8.95,F,0,77,Sun,15,Regional
grocery,212.2,F,0,42,Thu,10,Regional
grocery,36.66,F,0,38,Mon,20,Long_Distance
travel,8.22,F,0,21,Sat,15,Long_Distance
home,48.18,M,0,33,Sat,12,Commute
grocery,53.06,M,0,26,Mon,12,Regional
shopping,16.68,F,0,49,Sat,14,Commute
home,88.68,F,0,43,Sun,13,Long_Distance
travel,6.8,F,0,49,Sun,14,Commute
shopping,7.26,M,0,67,Sat,2,Long_Distance
grocery,173.63,F,0,35,Thu,7,Long_Distance
personal,183.62,M,0,91,Sat,22,Regional
travel,98.56,M,0,36,Tue,11,Commute
misc,6.95,F,0,23,Fri,15,Long_Distance
travel,108.02,F,0,29,Sun,8,Long_Distance
home,19.98,M,0,61,Wed,18,Regional
travel,70.97,M,0,76,Fri,2,Remote
entertainment,10.15,F,0,37,Sat,12,Commute
grocery,7.55,F,0,80,Sun,13,Regional
grocery,111.08,F,0,47,Mon,2,Commute
entertainment,7.38,M,0,49,Sat,16,Long_Distance
misc,2.21,F,0,59,Mon,11,Long_Distance
home,81.87,M,0,33,Wed,22,Commute
grocery,20.66,F,0,65,Fri,5,Long_Distance
shopping,2.32,F,0,36,Thu,23,Long_Distance
travel,58.54,M,0,74,Mon,10,Commute
health,34.39,M,0,29,Thu,22,Remote
home,45.77,F,0,66,Wed,12,Commute
grocery,159.37,M,0,59,Wed,5,Commute
home,9.08,M,0,74,Fri,18,Long_Distance
grocery,75.66,M,0,71,Tue,12,Regional
health,30.62,F,0,21,Sat,22,Long_Distance
grocery,63.03,F,0,43,Mon,7,Long_Distance
travel,3.91,F,0,41,Mon,22,Long_Distance
entertainment,13.83,M,0,50,Thu,17,Remote
travel,34.6,F,0,38,Thu,4,Regional
grocery,2.43,F,0,21,Mon,12,Commute
grocery,19.42,F,0,41,Tue,22,Commute
shopping,5.46,F,0,47,Tue,18,Commute
home,40.74,F,0,46,Mon,19,Commute
misc,45.7,M,0,45,Mon,2,Commute
travel,62.57,M,0,65,Mon,4,Long_Distance
shopping,82.63,F,0,31,Sun,21,Long_Distance
travel,72.15,M,0,40,Sun,7,Regional
grocery,10.84,F,0,49,Sun,22,Long_Distance
travel,62.13,M,0,82,Mon,1,Long_Distance
health,80.46,F,0,45,Tue,18,Regional
shopping,1.21,M,0,56,Tue,1,Long_Distance
home,202.22,M,0,69,Sun,16,Regional
shopping,8.1,M,0,79,Mon,9,Commute
travel,68.27,M,0,28,Thu,8,Regional
home,5.4,F,0,36,Sat,21,Commute
misc,7.21,F,0,26,Mon,1,Commute
home,20.02,M,0,51,Thu,23,Long_Distance
entertainment,22.54,F,0,60,Wed,5,Remote
travel,58.95,M,0,48,Mon,7,Regional
entertainment,28.32,F,0,35,Thu,12,Regional
shopping,4.64,F,0,36,Sat,21,Regional
shopping,129.76,M,0,40,Thu,2,Regional
grocery,126.81,F,0,58,Fri,6,Commute
grocery,164.13,M,0,51,Sat,7,Commute
entertainment,255.84,M,0,67,Mon,2,Local
home,6.51,M,0,30,Sun,18,Regional
home,43.42,F,0,66,Sat,13,Regional
personal,3.2,M,0,72,Sat,15,Long_Distance
home,57.95,F,0,49,Mon,14,Commute
misc,75.11,F,0,31,Mon,16,Long_Distance
grocery,183.74,F,0,45,Sun,1,Long_Distance
grocery,5.16,F,0,43,Tue,13,Remote
home,109.91,F,0,61,Tue,19,Long_Distance
grocery,101.24,M,0,27,Tue,4,Remote
home,31.8,F,0,27,Mon,12,Regional
personal,1.65,F,0,37,Sun,19,Long_Distance
grocery,19.02,F,0,46,Sun,10,Long_Distance
shopping,797.95,F,0,25,Sun,16,Commute
personal,84.12,F,0,40,Mon,16,Regional
shopping,44.03,F,0,48,Sun,15,Remote
home,48.07,M,0,38,Sat,14,Long_Distance
home,6.87,M,0,57,Thu,12,Commute
travel,60.14,F,0,35,Mon,4,Commute
travel,52.63,F,0,47,Mon,9,Long_Distance
home,2.73,M,0,46,Wed,14,Commute
entertainment,20.92,M,0,47,Sat,16,Long_Distance
grocery,228.21,F,0,30,Thu,2,Long_Distance
grocery,106.8,F,0,30,Sat,9,Remote
travel,70.11,F,0,67,Sun,11,Long_Distance
travel,5.21,F,0,59,Tue,16,Long_Distance
home,96.17,M,0,49,Sun,13,Long_Distance
shopping,8.54,M,0,20,Tue,19,Long_Distance
personal,99.86,F,0,35,Wed,19,Regional
grocery,91.56,M,0,81,Sun,15,Long_Distance
health,33.56,M,0,63,Mon,20,Long_Distance
misc,4.83,M,0,56,Wed,3,Regional
home,104.64,F,0,43,Mon,14,Long_Distance
travel,14.22,M,0,75,Thu,17,Long_Distance
entertainment,74.69,M,0,48,Tue,23,Long_Distance
travel,107.65,F,0,74,Thu,6,Remote
misc,81.7,F,0,22,Mon,19,Long_Distance
personal,51.88,F,0,49,Sat,16,Long_Distance
home,70.65,F,0,30,Mon,15,Commute
personal,257.01,F,0,72,Sat,23,Remote
shopping,3.57,M,0,52,Sun,2,Commute
home,9.55,F,0,70,Sat,15,Long_Distance
shopping,6.54,F,0,32,Sun,13,Regional
travel,1.46,F,0,66,Sun,13,Commute
grocery,46.64,M,0,44,Sun,8,Long_Distance
shopping,7.34,M,0,34,Mon,17,Regional
misc,658.75,M,0,56,Thu,4,Long_Distance
personal,182.46,F,0,43,Thu,18,Long_Distance
grocery,19.26,M,0,20,Mon,4,Regional
travel,9.79,M,0,52,Sun,17,Local
misc,9.15,M,0,94,Tue,10,Long_Distance
grocery,216.66,F,0,36,Sat,6,Long_Distance
travel,56.85,F,0,48,Sat,0,Regional
grocery,99.45,M,0,76,Wed,23,Long_Distance
shopping,109.26,M,0,20,Sun,21,Commute
grocery,103.27,M,0,29,Tue,7,Commute
shopping,6.95,F,0,27,Sat,16,Long_Distance
personal,6.62,F,0,33,Tue,18,Regional
grocery,69.57,M,0,63,Tue,2,Long_Distance
shopping,120.22,F,0,70,Sun,3,Long_Distance
travel,53.92,F,0,21,Wed,6,Long_Distance
travel,74.74,M,0,54,Sat,5,Long_Distance
personal,64.48,F,0,21,Sun,16,Regional
grocery,79.48,F,0,42,Sun,8,Long_Distance
personal,28.74,F,0,25,Mon,20,Commute
personal,140.93,F,0,47,Sat,12,Long_Distance
shopping,6.57,M,0,58,Wed,10,Long_Distance
grocery,105.17,M,0,29,Wed,18,Regional
grocery,48.73,F,0,34,Sun,1,Regional
misc,2.71,M,0,35,Fri,14,Long_Distance
home,46.52,F,0,58,Fri,15,Long_Distance
home,5.35,F,0,33,Fri,18,Long_Distance
grocery,19.65,M,0,27,Thu,12,Long_Distance
grocery,100.25,F,0,35,Sun,9,Commute
home,42.36,F,0,33,Fri,16,Long_Distance
home,37.23,M,0,52,Fri,17,Long_Distance
shopping,3.37,F,0,49,Thu,23,Long_Distance
home,18.57,M,0,44,Mon,20,Long_Distance
home,81.7,M,0,33,Wed,16,Regional
home,41.65,M,0,27,Tue,15,Long_Distance
home,39.87,F,0,29,Tue,19,Local
home,27.2,M,0,46,Mon,20,Regional
grocery,161.81,F,0,37,Sun,9,Long_Distance
personal,82.25,F,0,29,Fri,19,Long_Distance
entertainment,71.52,M,0,28,Sat,19,Long_Distance
grocery,113.39,M,0,49,Fri,9,Long_Distance
grocery,138.21,F,0,50,Sat,0,Commute
misc,2.86,F,0,35,Mon,18,Long_Distance
shopping,2.62,M,0,47,Fri,18,Long_Distance
shopping,3.24,M,0,68,Sun,4,Commute
home,9.91,M,0,53,Sat,22,Long_Distance
grocery,64.67,M,0,31,Sun,5,Commute
home,79.61,M,0,37,Sat,12,Commute
grocery,114.74,M,0,93,Sat,1,Commute
personal,63.87,F,0,89,Fri,22,Long_Distance
grocery,351.59,F,0,58,Thu,12,Long_Distance
grocery,63.46,F,0,32,Wed,8,Long_Distance
entertainment,75.46,M,0,45,Sat,17,Long_Distance
shopping,418.29,F,0,90,Sun,4,Long_Distance
travel,95.7,M,0,31,Thu,6,Long_Distance
shopping,3.74,F,0,39,Sat,23,Commute
grocery,50.22,M,0,43,Fri,6,Regional
misc,279.3,F,0,69,Mon,5,Long_Distance
grocery,107.61,F,0,29,Tue,0,Long_Distance
misc,4.87,M,0,40,Thu,22,Long_Distance
shopping,642.97,F,0,70,Mon,5,Long_Distance
shopping,52.74,F,0,40,Sat,14,Commute
travel,488.93,M,0,47,Sat,17,Commute
grocery,84.27,F,0,49,Mon,18,Regional
shopping,10.31,M,0,31,Mon,23,Long_Distance
grocery,86.61,M,0,33,Sun,11,Regional
home,18.21,M,0,50,Mon,15,Long_Distance
shopping,4.2,F,0,41,Sun,13,Long_Distance
shopping,1.27,F,0,59,Mon,7,Regional
shopping,3.19,M,0,93,Sun,11,Long_Distance
home,75.95,F,0,36,Sat,16,Long_Distance
shopping,2.48,F,0,31,Thu,16,Regional
travel,73.87,F,0,45,Sun,2,Regional
grocery,50.97,M,0,43,Tue,11,Long_Distance
shopping,4.95,F,0,26,Mon,12,Commute
home,80.38,M,0,29,Fri,16,Commute
travel,1.15,F,0,71,Sat,17,Local
travel,54.16,M,0,40,Sun,5,Remote
shopping,44.83,F,0,43,Sun,21,Long_Distance
personal,77.2,M,0,75,Tue,17,Regional
entertainment,35.06,M,0,63,Mon,12,Long_Distance
misc,16.57,M,0,37,Fri,13,Remote
shopping,3.49,F,0,56,Thu,3,Long_Distance
personal,73.31,F,0,42,Fri,22,Regional
grocery,25.33,F,0,21,Wed,4,Regional
shopping,2.59,F,0,85,Sat,4,Commute
travel,4.37,F,0,49,Sun,19,Regional
grocery,60.22,M,0,32,Tue,2,Remote
travel,68.04,M,0,31,Sun,10,Regional
entertainment,24.89,M,0,29,Tue,16,Commute
grocery,90.62,M,0,65,Tue,9,Regional
grocery,39.72,M,0,40,Tue,11,Long_Distance
travel,77.2,M,0,73,Fri,3,Regional
home,286.79,F,0,71,Mon,21,Commute
shopping,4.77,M,0,63,Tue,2,Commute
grocery,94.37,F,0,86,Sat,9,Commute
home,14.43,M,0,33,Mon,16,Long_Distance
personal,38.74,F,0,35,Fri,12,Commute
health,35.85,F,0,29,Wed,13,Local
personal,30.67,F,0,35,Tue,18,Long_Distance
misc,198.88,F,0,48,Sun,5,Commute
home,28.06,M,0,83,Wed,16,Long_Distance
grocery,130.9,M,0,70,Tue,7,Regional
grocery,87.7,F,0,35,Sun,6,Commute
misc,25.15,F,0,27,Wed,7,Long_Distance
travel,72.94,F,0,22,Mon,8,Long_Distance
travel,33.55,F,0,22,Wed,6,Regional
travel,68.2,F,0,49,Mon,10,Long_Distance
shopping,4.47,M,0,64,Mon,6,Long_Distance
travel,59.96,F,0,78,Mon,10,Long_Distance
grocery,36.65,F,0,53,Thu,11,Regional
health,86.78,M,0,52,Sun,15,Long_Distance
misc,8.42,M,0,79,Thu,11,Regional
grocery,88.31,M,0,52,Wed,5,Long_Distance
misc,2.22,M,0,58,Fri,1,Long_Distance
misc,9.39,M,0,32,Mon,16,Commute
misc,1.3,M,0,61,Sat,11,Commute
shopping,62.95,M,0,52,Mon,6,Commute
entertainment,69.57,M,0,22,Sun,20,Regional
entertainment,37.19,F,0,32,Mon,18,Commute
home,54.28,M,0,63,Tue,15,Long_Distance
home,1.7,F,0,26,Sun,12,Regional
entertainment,22.44,F,0,64,Wed,12,Long_Distance
entertainment,74.49,M,0,35,Tue,15,Long_Distance
grocery,139.18,F,0,73,Tue,5,Long_Distance
grocery,26.39,F,0,47,Mon,13,Long_Distance
home,30.28,M,0,58,Tue,15,Commute
personal,5.39,F,0,35,Tue,13,Long_Distance
home,6.36,F,0,44,Sun,21,Long_Distance
home,80.07,M,0,42,Sat,18,Long_Distance
entertainment,5.0,M,0,62,Wed,21,Long_Distance
travel,79.37,F,0,44,Mon,5,Long_Distance
grocery,82.97,F,0,57,Sat,14,Commute
personal,23.35,F,0,25,Thu,20,Long_Distance
personal,4.37,F,0,43,Sun,22,Commute
misc,2.61,F,0,30,Wed,5,Commute
shopping,4.32,F,0,36,Tue,13,Regional
entertainment,3.1,M,0,49,Thu,16,Regional
home,39.43,F,0,53,Wed,12,Remote
home,43.29,M,0,72,Fri,18,Commute
grocery,76.12,F,0,48,Mon,9,Long_Distance
home,36.91,M,0,91,Mon,20,Long_Distance
travel,43.44,F,0,28,Sun,10,Commute
misc,8.28,M,0,44,Fri,6,Commute
shopping,132.37,M,0,38,Sat,12,Long_Distance
shopping,11.47,F,0,51,Mon,2,Commute
shopping,6.01,F,0,38,Sun,23,Commute
misc,26.01,F,0,65,Sun,8,Remote
grocery,48.53,F,0,57,Sun,21,Long_Distance
home,21.31,F,0,27,Fri,23,Long_Distance
misc,3.78,F,0,49,Mon,3,Long_Distance
health,8.51,F,0,62,Tue,16,Long_Distance
shopping,4.5,M,0,52,Mon,10,Regional
home,55.36,F,0,90,Fri,20,Commute
health,26.01,F,0,34,Fri,17,Commute
personal,21.97,F,0,22,Sat,20,Long_Distance
misc,18.21,F,0,38,Sun,4,Long_Distance
misc,23.14,F,0,59,Tue,7,Long_Distance
health,8.77,F,0,21,Fri,16,Long_Distance
shopping,67.95,F,0,60,Wed,10,Commute
grocery,71.54,M,0,31,Sun,22,Regional
misc,26.81,F,0,42,Sun,5,Regional
travel,59.81,M,0,49,Tue,6,Commute
health,33.36,M,0,53,Fri,13,Regional
grocery,199.6,F,0,42,Mon,1,Regional
misc,7.86,M,0,81,Mon,7,Commute
home,165.94,F,0,39,Fri,19,Regional
health,76.29,M,0,37,Fri,12,Commute
grocery,61.62,M,0,51,Sun,3,Long_Distance
home,21.11,M,0,48,Thu,17,Commute
health,97.8,M,0,58,Sun,19,Long_Distance
personal,45.29,M,0,50,Thu,21,Long_Distance
shopping,6.9,F,0,58,Mon,5,Long_Distance
entertainment,102.56,M,0,60,Tue,17,Commute
grocery,10.69,F,0,19,Wed,15,Commute
travel,7.95,F,0,54,Mon,20,Long_Distance
home,118.53,M,0,67,Mon,15,Remote
shopping,155.53,M,0,32,Tue,12,Long_Distance
shopping,8.17,M,0,74,Sat,2,Long_Distance
grocery,142.33,M,0,75,Sat,2,Commute
shopping,5.78,M,0,43,Sat,14,Regional
shopping,4.29,F,0,47,Thu,13,Commute
shopping,8.09,M,0,61,Mon,4,Commute
shopping,710.5,F,0,48,Thu,16,Commute
grocery,95.12,F,0,29,Wed,11,Long_Distance
health,52.27,M,0,25,Sun,16,Long_Distance
travel,66.65,M,0,68,Sun,4,Regional
misc,3.33,M,0,39,Sat,6,Regional
shopping,4.66,M,0,50,Sun,0,Long_Distance
shopping,6.61,F,0,49,Mon,21,Remote
home,25.69,F,0,35,Tue,23,Long_Distance
health,54.32,F,0,50,Sat,14,Remote
misc,4.62,M,0,57,Wed,5,Regional
grocery,160.25,F,0,38,Wed,7,Commute
shopping,2.92,F,0,35,Mon,17,Commute
grocery,48.29,M,0,45,Mon,7,Commute
home,4.14,F,0,48,Mon,13,Long_Distance
misc,8.21,M,0,54,Tue,11,Regional
home,25.14,F,0,34,Sat,19,Long_Distance
travel,78.78,F,0,78,Sun,11,Long_Distance
health,81.67,M,0,29,Sun,19,Regional
shopping,114.98,F,0,44,Wed,20,Long_Distance
misc,174.37,F,0,22,Mon,17,Long_Distance
home,59.58,F,0,25,Tue,17,Regional
travel,46.4,F,0,55,Tue,1,Commute
travel,5.84,M,0,79,Sun,17,Remote
grocery,32.82,F,0,80,Sat,8,Remote
grocery,99.34,M,0,60,Mon,0,Long_Distance
travel,8.89,M,0,92,Sat,13,Regional
grocery,61.09,F,0,39,Mon,11,Commute
misc,15.33,F,0,27,Thu,5,Long_Distance
shopping,3.44,F,0,36,Fri,16,Commute
misc,7.21,F,0,28,Thu,16,Long_Distance
travel,2.76,M,0,33,Sat,23,Long_Distance
personal,82.05,F,0,51,Wed,15,Long_Distance
misc,20.46,M,0,84,Sun,0,Commute
grocery,46.72,M,0,36,Mon,1,Regional
shopping,2.22,F,0,32,Sat,12,Regional
misc,119.18,F,0,33,Thu,6,Regional
grocery,29.68,M,0,76,Tue,23,Remote
misc,8.25,F,0,39,Thu,23,Regional
home,1.5,F,0,49,Sat,20,Long_Distance
home,51.77,F,0,47,Tue,14,Regional
shopping,4.57,F,0,38,Tue,16,Remote
grocery,44.85,F,0,62,Sun,3,Commute
entertainment,7.56,M,0,35,Sun,18,Commute
grocery,101.63,M,0,76,Mon,11,Commute
travel,60.87,F,0,38,Mon,8,Long_Distance
home,77.46,M,0,42,Mon,19,Long_Distance
grocery,100.03,M,0,44,Wed,4,Regional
home,12.7,F,0,47,Sat,21,Commute
home,59.27,M,0,73,Fri,15,Long_Distance
travel,77.94,F,0,23,Mon,7,Long_Distance
health,36.65,F,0,16,Tue,16,Regional
health,73.88,M,0,47,Thu,23,Remote
entertainment,77.54,M,0,36,Wed,17,Regional
grocery,49.56,F,0,48,Wed,13,Remote
travel,71.27,M,0,26,Tue,9,Long_Distance
misc,47.57,M,0,26,Mon,17,Long_Distance
misc,196.99,F,0,45,Wed,23,Regional
personal,140.4,M,0,52,Mon,22,Long_Distance
misc,1.08,M,0,24,Mon,17,Long_Distance
grocery,142.95,F,0,64,Tue,7,Long_Distance
personal,77.45,M,0,45,Fri,21,Long_Distance
shopping,3.31,F,0,36,Sun,15,Long_Distance
misc,45.04,M,0,76,Mon,2,Commute
grocery,1.57,F,0,15,Tue,23,Long_Distance
home,79.88,M,0,42,Wed,15,Regional
health,67.79,F,0,33,Fri,22,Regional
grocery,36.88,M,0,41,Sat,4,Regional
grocery,87.62,M,0,47,Tue,9,Regional
misc,32.45,M,0,46,Sat,0,Commute
grocery,82.62,M,0,34,Sat,4,Long_Distance
travel,106.22,F,0,54,Tue,3,Regional
travel,8.63,F,0,25,Tue,22,Long_Distance
entertainment,104.85,M,0,59,Tue,17,Regional
shopping,2.56,F,0,53,Thu,1,Regional
home,81.87,M,0,61,Wed,22,Commute
health,73.9,M,0,32,Sat,13,Commute
grocery,19.24,M,0,46,Sun,17,Long_Distance
misc,616.81,M,0,51,Thu,9,Long_Distance
personal,5.6,F,0,42,Sat,13,Commute
grocery,47.79,F,0,31,Sun,14,Commute
home,73.44,F,0,70,Sun,19,Commute
grocery,22.77,M,0,18,Fri,9,Long_Distance
entertainment,82.6,M,0,39,Mon,18,Long_Distance
misc,6.02,F,0,33,Sat,12,Long_Distance
misc,1.51,F,0,53,Sun,10,Remote
shopping,1.31,F,0,34,Sun,23,Commute
shopping,2.81,M,0,45,Tue,21,Long_Distance
personal,21.22,F,0,67,Wed,12,Long_Distance
grocery,87.14,M,0,41,Wed,6,Long_Distance
home,119.81,F,0,50,Sat,15,Long_Distance
personal,85.57,F,0,33,Mon,12,Long_Distance
grocery,169.87,F,0,48,Thu,6,Remote
shopping,5.61,F,0,80,Wed,8,Commute
travel,57.7,F,0,40,Sun,2,Local
grocery,36.87,F,0,70,Mon,16,Long_Distance
entertainment,64.27,M,0,26,Tue,15,Commute
home,83.48,M,0,46,Sun,19,Commute
travel,67.48,F,0,21,Thu,1,Long_Distance
entertainment,60.34,F,0,34,Wed,15,Commute
shopping,8.75,F,0,34,Thu,15,Remote
travel,51.08,F,0,57,Fri,11,Regional
home,58.64,F,0,78,Thu,12,Commute
health,124.9,F,0,48,Fri,22,Long_Distance
home,99.06,M,0,20,Fri,23,Commute
health,17.13,F,0,70,Wed,12,Commute
travel,68.64,F,0,49,Thu,0,Commute
grocery,196.22,F,0,29,Wed,0,Long_Distance
misc,43.12,M,0,57,Tue,7,Regional
grocery,123.88,M,0,27,Sun,10,Commute
travel,451.51,M,0,41,Wed,16,Regional
misc,33.83,F,0,71,Fri,4,Local
grocery,115.02,F,0,56,Fri,0,Remote
grocery,143.1,F,0,77,Thu,10,Long_Distance
travel,71.54,F,0,47,Sun,8,Regional
personal,31.14,F,0,41,Tue,18,Long_Distance
home,88.29,F,0,49,Thu,12,Commute
home,51.72,M,0,24,Sat,15,Commute
travel,2.67,F,0,66,Sat,22,Long_Distance
home,20.25,M,0,16,Sun,19,Commute
home,8.82,F,0,32,Mon,13,Commute
travel,65.89,M,0,56,Sun,4,Long_Distance
personal,67.85,F,0,47,Sun,13,Commute
home,73.38,M,0,42,Tue,13,Commute
shopping,5.32,F,0,42,Sun,17,Regional
entertainment,5.56,F,0,22,Tue,21,Regional
home,24.74,F,0,78,Mon,19,Long_Distance
health,125.64,F,0,36,Fri,16,Local
entertainment,73.2,M,0,28,Sat,18,Commute
travel,69.39,F,0,47,Thu,6,Regional
grocery,91.69,F,0,49,Sun,5,Regional
grocery,69.72,F,0,41,Tue,7,Commute
grocery,151.11,F,0,65,Mon,1,Regional
home,77.66,M,0,45,Sat,20,Local
grocery,65.05,M,0,68,Sun,2,Regional
personal,99.65,F,0,93,Fri,12,Long_Distance
shopping,9.76,M,0,31,Fri,16,Long_Distance
travel,62.93,M,0,39,Thu,8,Long_Distance
entertainment,72.7,M,0,31,Wed,16,Long_Distance
travel,79.39,F,0,66,Sun,4,Commute
travel,39.43,M,0,41,Fri,8,Long_Distance
home,135.07,M,0,27,Sat,18,Long_Distance
misc,252.53,F,0,33,Thu,9,Long_Distance
home,45.09,F,0,52,Thu,19,Long_Distance
home,116.61,M,0,30,Tue,18,Commute
misc,8.31,F,0,54,Tue,5,Regional
health,9.92,F,0,63,Sat,18,Long_Distance
home,283.42,M,0,34,Fri,22,Commute
travel,39.52,F,0,56,Tue,1,Long_Distance
home,79.81,M,0,45,Mon,17,Commute
shopping,1.21,F,0,42,Thu,18,Long_Distance
shopping,7.41,F,0,25,Mon,13,Long_Distance
home,3.25,M,0,25,Sun,14,Regional
misc,3.31,F,0,24,Wed,23,Long_Distance
home,42.3,M,0,28,Sun,20,Regional
shopping,5.16,F,0,32,Mon,15,Long_Distance
grocery,80.55,M,0,70,Sat,1,Commute
grocery,124.54,M,0,50,Sun,2,Commute
shopping,9.1,F,0,34,Wed,23,Regional
health,4.84,F,0,21,Sun,12,Long_Distance
entertainment,154.9,F,0,22,Wed,22,Long_Distance
misc,28.9,F,0,29,Sat,9,Commute
misc,295.71,F,0,60,Wed,3,Regional
shopping,1094.03,M,0,75,Wed,4,Long_Distance
health,78.45,M,0,47,Mon,15,Long_Distance
health,54.69,F,0,41,Sat,20,Long_Distance
shopping,93.18,M,0,28,Wed,5,Commute
entertainment,20.59,F,0,74,Mon,22,Regional
entertainment,65.78,M,0,33,Sun,17,Long_Distance
health,83.57,F,0,50,Sun,18,Commute
misc,4.16,M,0,35,Thu,16,Regional
home,82.61,M,0,42,Tue,18,Long_Distance
travel,57.68,M,0,23,Mon,4,Commute
entertainment,3.63,F,0,61,Wed,20,Long_Distance
grocery,57.26,F,0,32,Wed,5,Long_Distance
misc,2.63,F,0,45,Sun,14,Local
misc,461.49,F,0,58,Wed,7,Remote
misc,4.21,M,0,64,Sun,0,Long_Distance
shopping,162.17,F,0,60,Thu,1,Commute
entertainment,10.67,M,0,54,Mon,3,Commute
misc,161.23,F,0,48,Mon,0,Regional
misc,29.14,F,0,36,Sat,9,Long_Distance
grocery,111.84,M,0,71,Fri,4,Commute
entertainment,55.21,M,0,37,Sun,13,Local
misc,41.56,F,0,37,Thu,11,Long_Distance
home,74.87,F,0,54,Sat,17,Long_Distance
home,45.3,M,0,21,Sun,18,Commute
misc,3.04,F,0,21,Tue,21,Regional
travel,51.5,F,0,58,Wed,2,Regional
shopping,1.15,F,0,46,Sat,22,Commute
misc,70.21,F,0,47,Wed,2,Long_Distance
shopping,1.6,F,0,31,Tue,19,Regional
health,84.17,F,0,85,Tue,14,Remote
home,15.2,F,0,41,Mon,12,Commute
home,18.07,M,0,74,Wed,14,Long_Distance
grocery,6.3,F,0,52,Tue,8,Remote
home,6.27,F,0,27,Tue,14,Commute
misc,189.37,F,0,85,Sun,10,Regional
travel,44.07,M,0,61,Mon,10,Long_Distance
grocery,35.43,M,0,39,Sat,19,Commute
travel,36.27,F,0,52,Thu,6,Long_Distance
health,27.42,F,0,63,Sat,12,Regional
travel,80.02,M,0,32,Wed,10,Commute
shopping,9.68,F,0,35,Sun,13,Long_Distance
home,6.03,F,0,71,Wed,14,Regional
shopping,6.18,M,0,61,Wed,7,Regional
grocery,9.4,F,0,33,Mon,19,Regional
misc,5.55,F,0,53,Sun,4,Long_Distance
grocery,106.98,M,0,47,Tue,1,Regional
home,1.91,M,0,83,Mon,19,Regional
health,72.4,M,0,40,Tue,14,Local
home,87.91,F,0,60,Wed,22,Regional
home,81.35,M,0,29,Sat,15,Long_Distance
home,11.32,F,0,49,Mon,23,Long_Distance
home,102.87,M,0,48,Sun,19,Regional
grocery,31.47,F,0,82,Sat,20,Long_Distance
home,14.65,M,0,93,Thu,13,Commute
shopping,3.24,M,0,27,Mon,16,Long_Distance
grocery,111.52,F,0,55,Tue,1,Regional
misc,94.39,F,0,49,Sun,0,Commute
grocery,63.1,F,0,36,Thu,9,Remote
home,50.23,M,0,36,Mon,12,Long_Distance
health,90.72,F,0,45,Fri,12,Long_Distance
grocery,126.56,M,0,25,Mon,20,Commute
grocery,79.84,F,0,40,Fri,0,Remote
shopping,1.53,F,0,37,Thu,19,Regional
health,37.13,F,0,63,Fri,17,Remote
travel,74.55,M,0,23,Sun,0,Regional
travel,84.27,M,0,62,Tue,5,Long_Distance
travel,60.8,M,0,61,Tue,8,Regional
entertainment,40.71,F,0,59,Sun,21,Long_Distance
home,64.85,M,0,34,Tue,16,Commute
misc,4.77,M,0,36,Wed,18,Commute
travel,54.32,F,0,59,Tue,1,Regional
shopping,2.06,M,0,29,Mon,13,Long_Distance
grocery,199.08,F,0,43,Sun,2,Regional
shopping,6.7,F,0,29,Wed,17,Commute
travel,58.97,F,0,44,Wed,10,Long_Distance
personal,19.39,M,0,66,Sun,14,Remote
entertainment,77.46,M,0,40,Mon,19,Regional
travel,39.88,F,0,71,Mon,2,Long_Distance
shopping,113.38,F,0,20,Mon,21,Commute
travel,75.23,M,0,40,Thu,6,Regional
entertainment,94.14,F,0,91,Thu,15,Commute
entertainment,2.48,M,0,39,Thu,14,Long_Distance
home,136.52,M,0,32,Mon,18,Local
home,36.38,F,0,43,Tue,21,Long_Distance
shopping,3.5,M,0,25,Mon,16,Long_Distance
shopping,46.49,F,0,34,Wed,17,Long_Distance
home,32.79,M,0,48,Thu,14,Commute
shopping,5.14,F,0,70,Mon,11,Long_Distance
shopping,7.22,F,0,87,Wed,7,Regional
shopping,156.64,F,0,16,Wed,13,Commute
home,9.3,M,0,61,Tue,15,Regional
home,72.84,M,0,93,Sun,14,Regional
misc,2.3,F,0,35,Mon,10,Regional
travel,6.99,F,0,24,Thu,16,Commute
home,42.86,M,0,28,Thu,19,Long_Distance
home,28.57,M,0,45,Fri,23,Regional
misc,8.89,F,0,83,Sat,5,Regional
home,80.49,M,0,46,Sat,19,Long_Distance
shopping,2.43,M,0,39,Tue,19,Commute
health,39.47,M,0,43,Wed,13,Long_Distance
health,32.09,M,0,47,Wed,21,Commute
travel,55.92,F,0,36,Mon,8,Regional
shopping,45.88,F,0,27,Mon,21,Long_Distance
misc,452.51,M,0,25,Sat,19,Commute
grocery,110.25,F,0,57,Tue,4,Commute
grocery,51.38,M,0,47,Thu,2,Commute
home,50.75,M,0,51,Mon,17,Long_Distance
grocery,28.34,M,0,52,Mon,21,Commute
travel,60.3,F,0,48,Fri,5,Remote
shopping,176.56,M,0,22,Mon,16,Long_Distance
grocery,65.58,M,0,27,Sun,17,Long_Distance
home,145.2,F,0,56,Wed,16,Commute
misc,1.39,F,0,52,Sun,0,Long_Distance
shopping,93.77,M,0,31,Sun,6,Long_Distance
shopping,3.05,F,0,25,Mon,15,Long_Distance
travel,59.87,M,0,92,Fri,0,Long_Distance
misc,528.14,M,0,53,Sun,4,Commute
home,86.64,M,0,49,Sat,21,Commute
grocery,50.34,F,0,35,Tue,2,Regional
home,57.89,F,0,48,Sun,17,Long_Distance
home,4.84,M,0,46,Wed,20,Commute
personal,81.24,M,0,51,Mon,20,Regional
entertainment,65.9,M,0,32,Sun,18,Long_Distance
misc,135.35,F,0,31,Thu,16,Long_Distance
home,84.46,M,0,30,Thu,17,Regional
home,2.13,M,0,55,Mon,22,Regional
shopping,5.99,F,0,28,Fri,16,Long_Distance
personal,6.45,F,0,63,Sat,21,Regional
grocery,42.93,M,0,40,Fri,10,Long_Distance
grocery,1.39,M,0,44,Mon,23,Commute
misc,4.17,F,0,37,Thu,20,Long_Distance
health,74.83,M,0,44,Tue,20,Regional
shopping,6.58,M,0,45,Sun,15,Regional
home,11.83,F,0,29,Sat,12,Regional
entertainment,20.88,M,0,50,Sun,11,Long_Distance
shopping,9.52,F,0,42,Mon,19,Long_Distance
home,86.38,F,0,55,Wed,19,Regional
misc,9.03,F,0,52,Sun,4,Long_Distance
shopping,2.57,F,0,80,Tue,3,Commute
shopping,1.82,F,0,62,Thu,2,Regional
entertainment,22.86,F,0,52,Sat,2,Long_Distance
entertainment,37.0,F,0,59,Thu,16,Remote
personal,29.95,F,0,59,Mon,18,Commute
shopping,6.69,M,0,40,Sat,19,Commute
health,91.81,M,0,38,Sun,20,Long_Distance
shopping,4.58,F,0,85,Sat,7,Long_Distance
home,71.85,M,0,29,Tue,18,Long_Distance
grocery,109.28,F,0,57,Mon,8,Long_Distance
shopping,157.08,F,0,63,Mon,8,Commute
travel,6.92,F,0,65,Sat,12,Long_Distance
shopping,3.99,M,0,20,Sun,22,Long_Distance
grocery,230.7,F,0,43,Tue,4,Long_Distance
shopping,2.93,F,0,30,Mon,21,Remote
grocery,5.59,F,0,50,Sun,14,Long_Distance
entertainment,9.54,F,0,64,Fri,13,Long_Distance
shopping,86.96,M,0,33,Tue,7,Regional
home,9.46,M,0,64,Sat,20,Commute
misc,5.21,F,0,23,Mon,19,Regional
personal,6.97,M,0,68,Mon,21,Commute
travel,93.22,F,0,60,Thu,11,Regional
travel,8.98,F,0,56,Sat,20,Regional
travel,59.55,M,0,22,Mon,10,Long_Distance
personal,26.93,M,0,94,Tue,16,Long_Distance
grocery,47.42,F,0,15,Mon,21,Commute
grocery,19.46,F,0,34,Thu,17,Commute
shopping,152.99,M,0,39,Tue,11,Regional
travel,69.7,M,0,54,Thu,9,Commute
misc,6.47,F,0,25,Wed,15,Long_Distance
grocery,195.12,F,0,47,Sun,11,Local
shopping,16.22,M,0,27,Fri,19,Long_Distance
home,74.42,M,0,46,Thu,13,Commute
personal,33.36,F,0,90,Wed,16,Regional
grocery,62.43,M,0,36,Tue,17,Commute
misc,18.56,M,0,37,Wed,23,Commute
grocery,115.78,M,0,52,Mon,1,Regional
travel,5.92,M,0,59,Sun,23,Commute
personal,4.74,M,0,22,Sat,22,Long_Distance
shopping,1255.22,M,0,35,Fri,22,Long_Distance
misc,78.91,F,0,34,Mon,9,Commute
entertainment,4.49,F,0,79,Mon,19,Local
home,22.57,M,0,40,Sun,20,Commute
grocery,137.57,F,0,78,Mon,2,Regional
home,18.46,F,0,24,Wed,13,Remote
shopping,1.79,F,0,36,Thu,14,Long_Distance
grocery,24.95,F,0,32,Tue,5,Long_Distance
home,63.53,M,0,42,Thu,22,Long_Distance
travel,62.12,F,0,32,Thu,4,Long_Distance
entertainment,54.36,F,0,90,Tue,10,Commute
grocery,101.65,M,0,59,Sun,3,Long_Distance
grocery,111.06,F,0,33,Mon,3,Commute
grocery,9.56,F,0,66,Sat,15,Long_Distance
shopping,3.1,F,0,94,Sat,6,Commute
grocery,45.14,F,0,29,Mon,22,Regional
health,30.89,F,0,28,Sun,16,Commute
entertainment,24.42,F,0,42,Tue,12,Long_Distance
travel,59.84,F,0,48,Fri,3,Long_Distance
grocery,7.01,M,0,27,Sun,18,Long_Distance
home,91.94,F,0,64,Sun,12,Commute
home,114.67,M,0,34,Sun,16,Remote
home,42.12,M,0,49,Mon,19,Regional
home,51.8,M,0,36,Wed,18,Commute
entertainment,53.65,F,0,26,Fri,18,Commute
shopping,9.25,F,0,63,Wed,4,Long_Distance
travel,84.05,F,0,29,Sat,4,Long_Distance
shopping,1.71,F,0,48,Wed,14,Regional
home,186.42,F,0,31,Sun,23,Regional
home,34.21,M,0,93,Mon,18,Regional
shopping,4.42,M,0,28,Sun,17,Commute
shopping,1.45,F,0,33,Sun,17,Commute
grocery,93.48,M,0,39,Mon,9,Commute
health,60.64,F,0,39,Wed,12,Long_Distance
misc,3.63,M,0,27,Mon,23,Long_Distance
personal,22.97,F,0,32,Sat,21,Commute
home,30.71,F,0,31,Thu,13,Commute
travel,89.18,M,0,27,Sun,11,Long_Distance
travel,71.97,F,0,41,Sun,3,Long_Distance
grocery,107.53,M,0,66,Mon,6,Long_Distance
travel,47.43,M,0,45,Tue,7,Long_Distance
misc,651.85,F,0,68,Sat,3,Long_Distance
entertainment,65.24,F,0,20,Wed,14,Regional
home,91.04,M,0,67,Sun,17,Regional
travel,48.1,M,0,51,Wed,10,Commute
grocery,222.41,F,0,35,Mon,0,Local
home,42.77,M,0,23,Mon,16,Long_Distance
travel,45.29,M,0,64,Fri,0,Local
grocery,57.08,M,0,45,Thu,9,Long_Distance
grocery,3.0,M,0,31,Thu,20,Long_Distance
personal,196.85,F,0,70,Thu,18,Regional
grocery,40.96,F,0,33,Thu,4,Commute
shopping,114.54,F,0,15,Sat,23,Regional
grocery,47.13,F,0,85,Sun,23,Commute
health,111.17,M,0,59,Thu,17,Regional
entertainment,2.42,M,0,76,Thu,20,Regional
grocery,146.63,M,0,76,Fri,10,Commute
entertainment,7.41,F,0,28,Mon,15,Long_Distance
home,97.74,M,0,77,Sun,22,Regional
personal,3.14,M,0,34,Sat,17,Long_Distance
misc,70.54,M,0,29,Sat,18,Regional
home,58.63,M,0,74,Tue,12,Commute
entertainment,12.76,M,0,77,Tue,21,Long_Distance
travel,23.31,M,0,53,Wed,12,Commute
home,56.14,M,0,54,Sat,15,Commute
grocery,6.75,F,0,47,Thu,23,Remote
travel,476.49,M,0,27,Sat,17,Commute
grocery,61.83,F,0,32,Fri,9,Long_Distance
entertainment,4.25,M,0,43,Sun,18,Regional
home,19.07,F,0,35,Tue,14,Long_Distance
shopping,2.4,F,0,21,Tue,14,Long_Distance
personal,25.72,F,0,70,Tue,14,Regional
travel,6.96,F,0,32,Sat,13,Commute
travel,65.51,F,0,36,Wed,9,Regional
health,43.06,M,0,35,Sat,15,Long_Distance
grocery,29.09,F,0,28,Sat,13,Long_Distance
entertainment,215.45,F,0,51,Mon,23,Regional
personal,107.93,F,0,24,Mon,16,Commute
grocery,195.25,F,0,25,Thu,2,Commute
shopping,3.21,F,0,59,Sat,6,Long_Distance
misc,91.6,M,0,30,Sat,2,Long_Distance
misc,34.34,F,0,34,Mon,1,Commute
travel,1.61,F,0,91,Mon,22,Long_Distance
grocery,41.4,M,0,48,Thu,0,Long_Distance
personal,51.76,M,0,29,Thu,20,Commute
grocery,55.25,F,0,31,Fri,6,Regional
shopping,275.13,M,0,20,Wed,20,Long_Distance
health,4.02,F,0,66,Fri,17,Commute
grocery,100.77,M,0,41,Sun,0,Long_Distance
health,17.16,M,0,55,Wed,21,Regional
shopping,2.8,M,0,45,Wed,15,Commute
grocery,124.18,F,0,71,Wed,3,Long_Distance
shopping,33.24,F,0,62,Fri,3,Commute
shopping,3.62,F,0,63,Mon,1,Commute
home,32.92,F,0,42,Fri,23,Long_Distance
travel,79.72,F,0,56,Sun,11,Commute
misc,2.35,M,0,43,Mon,12,Remote
travel,3.61,F,0,68,Thu,12,Long_Distance
shopping,9.77,F,0,58,Tue,8,Long_Distance
shopping,6.13,F,0,40,Sun,22,Commute
home,49.32,M,0,45,Mon,23,Commute
travel,77.18,M,0,76,Sun,6,Commute
grocery,115.08,M,0,48,Mon,18,Long_Distance
shopping,7.67,M,0,23,Sun,20,Remote
personal,3.16,F,0,80,Sat,22,Commute
travel,56.44,M,0,61,Fri,3,Commute
shopping,1.56,F,0,46,Fri,15,Commute
grocery,71.74,F,0,35,Tue,15,Regional
grocery,36.78,M,0,34,Tue,8,Commute
home,97.5,M,0,43,Tue,16,Commute
grocery,38.17,M,0,68,Mon,23,Long_Distance
shopping,43.34,F,0,34,Tue,14,Regional
personal,56.36,F,0,85,Tue,13,Regional
travel,82.49,F,0,22,Wed,0,Long_Distance
grocery,61.16,M,0,63,Thu,1,Long_Distance
misc,7.22,M,0,36,Fri,13,Long_Distance
home,149.19,M,0,49,Mon,13,Commute
shopping,8.65,F,0,40,Sat,23,Local
shopping,4.72,M,0,35,Tue,13,Commute
grocery,156.08,F,0,26,Mon,11,Long_Distance
health,4.05,M,0,27,Mon,17,Long_Distance
health,21.09,M,0,66,Mon,13,Remote
shopping,4.91,F,0,60,Tue,11,Commute
home,10.58,F,0,36,Wed,22,Long_Distance
grocery,71.44,M,0,20,Tue,16,Long_Distance
travel,67.95,M,0,61,Mon,9,Local
travel,40.38,M,0,49,Mon,19,Long_Distance
shopping,250.86,F,0,27,Mon,13,Regional
grocery,32.07,F,0,41,Fri,19,Long_Distance
travel,60.3,F,0,23,Sun,0,Commute
travel,3.71,F,0,94,Mon,17,Long_Distance
home,192.86,M,0,51,Thu,12,Commute
grocery,211.85,F,0,47,Fri,0,Long_Distance
shopping,1406.28,F,0,44,Tue,12,Long_Distance
home,6.05,F,0,26,Thu,21,Long_Distance
misc,48.39,M,0,35,Mon,17,Commute
grocery,6.89,F,0,22,Sun,20,Long_Distance
health,46.43,F,0,46,Mon,14,Long_Distance
shopping,20.68,F,0,45,Thu,14,Regional
misc,27.35,M,0,30,Wed,15,Remote
shopping,5.75,M,0,58,Mon,7,Long_Distance
home,20.2,F,0,46,Sun,14,Commute
travel,3.57,M,0,40,Thu,23,Regional
shopping,2.99,M,0,63,Thu,2,Commute
home,11.92,F,0,53,Thu,17,Regional
home,18.14,F,0,39,Mon,19,Regional
grocery,93.59,F,0,45,Fri,0,Long_Distance
shopping,8.26,F,0,38,Sat,17,Regional
travel,65.96,F,0,87,Tue,8,Long_Distance
home,134.8,M,0,44,Sun,21,Regional
personal,80.9,F,0,50,Thu,12,Long_Distance
misc,311.36,F,0,38,Sun,1,Remote
misc,6.58,F,0,37,Mon,20,Commute
misc,66.37,F,0,60,Fri,6,Regional
travel,72.71,F,0,63,Mon,7,Regional
shopping,74.6,F,0,83,Sun,4,Remote
health,4.84,F,0,63,Thu,12,Commute
shopping,105.0,M,0,38,Mon,3,Long_Distance
shopping,9.08,F,0,52,Thu,1,Long_Distance
travel,57.77,M,0,21,Fri,4,Long_Distance
home,131.49,F,0,40,Thu,15,Regional
travel,25.52,F,0,43,Fri,1,Commute
travel,54.57,F,0,58,Sat,5,Remote
home,26.53,F,0,56,Tue,20,Long_Distance
travel,45.17,F,0,45,Sat,0,Local
travel,45.67,F,0,25,Sat,1,Regional
shopping,7.31,F,0,40,Wed,19,Long_Distance
home,20.01,F,0,24,Fri,12,Long_Distance
grocery,23.09,M,0,36,Sun,11,Commute
home,13.44,F,0,45,Sat,15,Long_Distance
travel,60.16,F,0,33,Sat,3,Long_Distance
misc,1.23,F,0,41,Wed,12,Long_Distance
misc,18.86,M,0,53,Mon,4,Commute
grocery,98.11,F,0,41,Thu,4,Commute
health,73.89,M,0,36,Wed,19,Long_Distance
entertainment,44.64,M,0,73,Mon,20,Commute
home,30.89,F,0,30,Mon,15,Regional
grocery,194.61,F,0,35,Sun,11,Local
home,102.55,F,0,39,Mon,23,Regional
misc,5.53,F,0,47,Mon,15,Commute
shopping,1.51,F,0,90,Sun,8,Long_Distance
shopping,69.9,M,0,38,Fri,8,Long_Distance
misc,175.85,F,0,23,Mon,13,Long_Distance
grocery,83.36,F,0,25,Fri,11,Local
home,31.46,M,0,29,Sat,22,Long_Distance
shopping,2.44,F,0,46,Fri,15,Long_Distance
grocery,53.88,F,0,85,Thu,13,Long_Distance
home,75.37,M,0,29,Sun,14,Commute
health,14.58,M,0,38,Sun,15,Long_Distance
shopping,8.04,F,0,29,Sat,15,Local
grocery,90.2,F,0,50,Sun,8,Long_Distance
home,22.41,F,0,74,Tue,21,Long_Distance
home,67.84,M,0,47,Thu,15,Long_Distance
shopping,152.36,F,0,80,Sun,9,Commute
entertainment,34.26,M,0,61,Mon,20,Long_Distance
grocery,74.48,M,0,71,Wed,11,Long_Distance
home,49.18,M,0,16,Wed,15,Long_Distance
entertainment,43.64,F,0,42,Tue,17,Regional
grocery,61.9,M,0,27,Tue,14,Commute
grocery,79.32,F,0,43,Mon,7,Regional
travel,47.77,M,0,56,Sat,4,Long_Distance
health,45.55,M,0,39,Sat,22,Commute
travel,85.08,F,0,35,Mon,7,Regional
shopping,8.68,F,0,38,Sun,17,Regional
shopping,9.4,M,0,50,Thu,9,Commute
home,184.34,M,0,46,Mon,16,Long_Distance
misc,141.44,M,0,60,Sun,0,Regional
health,146.89,M,0,34,Mon,17,Commute
health,16.52,F,0,63,Sun,23,Commute
travel,3.59,F,0,70,Thu,18,Regional
grocery,182.87,F,0,27,Thu,7,Commute
personal,65.95,M,0,37,Tue,14,Regional
travel,9.28,F,0,74,Mon,12,Long_Distance
travel,5.5,M,0,61,Mon,23,Commute
health,48.94,F,0,45,Mon,16,Long_Distance
misc,6.5,M,0,42,Wed,7,Commute
shopping,131.31,M,0,35,Mon,14,Commute
travel,50.47,F,0,72,Sun,10,Long_Distance
home,12.08,F,0,22,Mon,15,Regional
entertainment,72.97,F,0,60,Thu,6,Long_Distance
shopping,1.51,M,0,45,Sat,17,Regional
grocery,183.31,F,0,35,Thu,11,Regional
health,30.81,M,0,53,Sun,23,Commute
travel,7.31,M,0,64,Sun,16,Commute
shopping,752.8,F,0,37,Tue,17,Regional
grocery,64.31,F,0,81,Sun,1,Long_Distance
home,55.18,F,0,38,Sun,15,Long_Distance
travel,76.76,F,0,48,Sun,3,Commute
shopping,82.48,M,0,33,Wed,2,Commute
shopping,9.87,F,0,42,Sun,12,Long_Distance
grocery,3.08,M,0,48,Thu,16,Regional
entertainment,39.94,M,0,62,Mon,16,Long_Distance
grocery,64.94,F,0,48,Sat,11,Regional
entertainment,88.29,M,0,40,Sun,20,Local
travel,50.1,M,0,64,Sun,10,Remote
grocery,123.36,M,0,65,Tue,22,Commute
grocery,153.14,M,0,64,Wed,18,Commute
home,47.79,M,0,56,Wed,13,Commute
home,28.55,M,0,50,Tue,19,Commute
shopping,6.94,M,0,23,Sun,20,Regional
personal,3.89,M,0,34,Wed,14,Regional
grocery,57.62,M,0,27,Sat,17,Long_Distance
shopping,453.45,F,0,62,Mon,1,Long_Distance
entertainment,9.77,F,0,91,Wed,11,Long_Distance
health,12.54,M,0,29,Wed,12,Commute
travel,50.02,M,0,93,Thu,2,Commute
shopping,6.99,M,0,28,Tue,17,Long_Distance
grocery,119.82,M,0,61,Fri,9,Regional
travel,69.25,F,0,39,Thu,11,Remote
entertainment,2.03,F,0,48,Sat,16,Local
grocery,117.67,M,0,60,Sun,3,Long_Distance
home,12.13,M,0,21,Fri,23,Remote
home,59.55,F,0,54,Tue,14,Long_Distance
entertainment,31.88,F,0,37,Sun,23,Regional
health,79.12,M,0,45,Wed,15,Long_Distance
home,17.95,F,0,42,Sun,21,Local
home,184.98,F,0,55,Sun,12,Commute
home,205.6,F,0,28,Thu,22,Long_Distance
shopping,1.35,F,0,36,Sat,13,Long_Distance
grocery,115.79,F,0,63,Sun,4,Commute
home,47.66,M,0,59,Thu,18,Commute
health,146.97,M,0,91,Wed,19,Long_Distance
grocery,48.43,M,0,27,Tue,14,Regional
home,173.35,F,0,62,Sat,15,Long_Distance
shopping,6.18,M,0,67,Mon,7,Commute
misc,182.92,M,0,48,Sun,13,Long_Distance
shopping,407.72,M,0,38,Sat,13,Commute
home,104.38,F,0,36,Tue,15,Regional
grocery,62.74,F,0,43,Wed,20,Long_Distance
home,5.49,M,0,56,Thu,22,Regional
personal,12.6,F,0,30,Sat,14,Long_Distance
travel,3.16,M,0,36,Sun,19,Long_Distance
shopping,5.9,M,0,74,Mon,7,Regional
home,50.8,F,0,56,Mon,15,Regional
misc,7.83,M,0,42,Tue,23,Long_Distance
personal,21.56,F,0,32,Tue,12,Regional
grocery,83.31,F,0,57,Sun,8,Commute
shopping,364.59,F,0,34,Fri,15,Long_Distance
personal,21.74,F,0,79,Fri,16,Regional
grocery,91.48,F,0,44,Tue,4,Commute
grocery,104.47,M,0,41,Sat,11,Long_Distance
home,41.26,F,0,36,Tue,14,Long_Distance
travel,61.06,M,0,22,Sun,3,Regional
grocery,7.47,F,0,34,Mon,14,Long_Distance
entertainment,75.7,M,0,18,Wed,15,Long_Distance
home,83.09,M,0,41,Thu,18,Commute
grocery,82.52,M,0,24,Tue,11,Remote
grocery,115.31,F,0,66,Tue,5,Long_Distance
shopping,83.15,F,0,32,Sun,23,Long_Distance
misc,35.88,M,0,29,Mon,10,Long_Distance
grocery,104.58,F,0,66,Mon,0,Long_Distance
misc,29.15,M,0,29,Sat,2,Long_Distance
home,24.54,M,0,54,Mon,19,Regional
home,70.56,F,0,70,Thu,22,Regional
shopping,1.23,F,0,29,Mon,20,Regional
health,24.22,M,0,78,Sun,17,Regional
misc,654.49,F,0,38,Wed,17,Remote
grocery,32.07,F,0,49,Sat,19,Long_Distance
health,11.41,F,0,48,Mon,16,Long_Distance
home,33.86,F,0,48,Mon,14,Regional
home,29.06,M,0,83,Tue,21,Commute
shopping,8.2,M,0,61,Mon,1,Commute
shopping,3.63,F,0,35,Wed,19,Regional
shopping,3.53,M,0,50,Sat,5,Local
home,75.59,F,0,72,Mon,12,Regional
home,21.89,F,0,63,Sat,16,Long_Distance
health,75.91,M,0,24,Mon,16,Commute
shopping,4.51,F,0,47,Mon,16,Long_Distance
grocery,92.35,F,0,91,Wed,3,Commute
grocery,17.57,M,0,32,Sun,4,Long_Distance
misc,6.07,M,0,19,Tue,15,Commute
shopping,4.83,M,0,54,Tue,6,Regional
shopping,5.29,M,0,55,Mon,0,Long_Distance
entertainment,116.43,F,0,23,Thu,19,Commute
shopping,1.1,F,0,47,Mon,16,Long_Distance
home,63.87,M,0,35,Sun,18,Commute
shopping,12.76,F,0,73,Fri,10,Regional
personal,25.99,F,0,56,Fri,13,Long_Distance
entertainment,7.51,M,0,48,Sun,18,Long_Distance
grocery,52.69,F,0,41,Wed,4,Commute
home,48.67,M,0,41,Sun,22,Long_Distance
shopping,8.66,F,0,26,Wed,15,Commute
misc,1.65,F,0,35,Thu,4,Local
travel,48.07,F,0,44,Tue,4,Commute
shopping,4.61,F,0,34,Mon,17,Long_Distance
health,95.78,F,0,54,Fri,12,Long_Distance
travel,70.41,M,0,34,Sun,6,Long_Distance
travel,5.04,M,0,29,Thu,15,Long_Distance
home,49.95,F,0,21,Thu,19,Long_Distance
home,11.55,F,0,41,Thu,17,Commute
shopping,1.31,F,0,74,Fri,9,Long_Distance
grocery,102.58,M,0,32,Thu,3,Long_Distance
shopping,31.33,F,0,36,Mon,19,Commute
grocery,63.86,M,0,59,Sun,9,Commute
travel,60.0,M,0,37,Mon,10,Long_Distance
shopping,2.28,F,0,20,Sun,17,Commute
shopping,11.26,F,0,44,Mon,20,Regional
grocery,90.61,F,0,35,Sat,1,Regional
health,83.76,F,0,24,Wed,15,Commute
health,124.58,F,0,65,Sun,18,Regional
shopping,5.75,F,0,33,Sat,15,Commute
travel,59.51,F,0,68,Thu,2,Commute
travel,59.79,F,0,37,Sat,11,Long_Distance
grocery,59.87,M,0,35,Fri,0,Commute
home,67.05,F,0,51,Tue,21,Commute
home,75.77,M,0,51,Mon,19,Regional
health,14.52,M,0,54,Tue,15,Commute
personal,38.09,F,0,48,Wed,19,Commute
health,14.02,F,0,60,Mon,17,Commute
travel,63.98,M,0,48,Sun,5,Long_Distance
grocery,205.34,F,0,38,Sat,9,Commute
grocery,4.14,M,0,23,Sat,19,Commute
misc,35.3,F,0,87,Wed,6,Regional
grocery,113.44,M,0,67,Mon,11,Commute
home,5.55,F,0,31,Mon,20,Long_Distance
shopping,2.9,M,0,71,Thu,6,Commute
travel,1.26,M,0,36,Sat,16,Long_Distance
misc,24.73,F,0,44,Tue,16,Commute
misc,7.1,M,0,34,Tue,13,Local
travel,8.34,M,0,61,Sat,19,Regional
shopping,90.74,M,0,45,Wed,3,Long_Distance
personal,34.16,F,0,44,Tue,16,Long_Distance
travel,71.42,F,0,48,Sun,0,Regional
entertainment,9.0,M,0,80,Wed,2,Commute
misc,22.9,M,0,20,Sun,18,Regional
grocery,52.39,F,0,28,Tue,11,Regional
entertainment,29.25,F,0,59,Sat,5,Remote
personal,253.51,F,0,35,Sun,13,Regional
home,93.85,M,0,71,Tue,23,Long_Distance
personal,113.25,M,0,52,Tue,22,Long_Distance
home,16.88,M,0,34,Thu,13,Long_Distance
misc,2.65,F,0,43,Tue,1,Commute
travel,75.07,F,0,31,Sun,2,Long_Distance
home,313.01,M,0,51,Sat,18,Regional
grocery,44.1,M,0,35,Mon,9,Long_Distance
entertainment,275.28,F,0,69,Mon,13,Long_Distance
home,11.88,F,0,65,Sun,12,Commute
grocery,43.3,F,0,58,Sun,14,Remote
health,28.93,M,0,27,Tue,16,Regional
misc,9.05,F,0,54,Tue,9,Regional
misc,2.62,F,0,90,Mon,6,Long_Distance
shopping,401.04,F,0,42,Thu,17,Regional
grocery,69.62,F,0,64,Fri,19,Long_Distance
travel,8.78,F,0,53,Sun,13,Commute
home,17.86,M,0,41,Thu,18,Regional
travel,38.21,F,0,24,Tue,0,Commute
misc,240.77,F,0,84,Mon,1,Long_Distance
grocery,94.31,F,0,37,Mon,1,Commute
health,14.35,F,0,20,Mon,15,Commute
travel,92.89,F,0,32,Mon,2,Commute
misc,13.0,M,0,16,Mon,14,Regional
grocery,43.2,F,0,19,Mon,2,Local
grocery,185.94,F,0,41,Sun,10,Remote
travel,66.17,F,0,34,Mon,4,Remote
travel,1.96,M,0,53,Tue,16,Local
shopping,7.54,M,0,62,Mon,2,Commute
home,46.01,F,0,23,Tue,14,Regional
shopping,43.02,F,0,36,Tue,23,Commute
misc,37.82,M,0,47,Mon,2,Remote
entertainment,6.25,F,0,64,Wed,3,Commute
shopping,3.91,F,0,24,Mon,23,Commute
shopping,10.06,F,0,65,Thu,4,Long_Distance
misc,33.23,F,0,47,Mon,1,Commute
grocery,105.58,M,0,34,Sat,9,Commute
shopping,4.47,M,0,41,Thu,18,Long_Distance
personal,195.66,M,0,74,Wed,14,Long_Distance
home,33.81,F,0,44,Tue,13,Long_Distance
entertainment,8.1,M,0,60,Mon,20,Regional
shopping,3.88,M,0,41,Tue,20,Regional
personal,4.31,F,0,24,Mon,20,Commute
grocery,61.09,M,0,63,Sun,22,Long_Distance
health,46.31,M,0,40,Thu,21,Commute
grocery,12.15,F,0,35,Wed,15,Remote
grocery,59.37,F,0,32,Fri,4,Commute
home,95.44,M,0,40,Sun,21,Long_Distance
grocery,62.5,F,0,33,Thu,12,Long_Distance
home,14.31,F,0,44,Mon,15,Commute
personal,68.69,F,0,33,Sat,22,Long_Distance
misc,4.9,M,0,93,Fri,2,Long_Distance
health,78.31,M,0,25,Thu,12,Long_Distance
grocery,11.8,F,0,47,Sat,16,Regional
grocery,115.15,M,0,51,Tue,15,Commute
shopping,1.1,M,0,24,Mon,15,Long_Distance
grocery,138.85,F,0,48,Sat,9,Regional
travel,88.72,F,0,40,Mon,7,Commute
personal,1.08,M,0,51,Wed,15,Long_Distance
grocery,110.8,M,0,74,Sat,4,Long_Distance
entertainment,75.04,F,0,22,Thu,22,Long_Distance
health,7.0,F,0,47,Tue,17,Local
health,39.55,F,0,74,Sun,14,Commute
grocery,46.17,M,0,46,Wed,8,Regional
travel,2.6,M,0,17,Sat,23,Commute
home,67.25,F,0,44,Sun,19,Regional
entertainment,57.8,M,0,52,Thu,22,Long_Distance
entertainment,42.67,F,0,42,Tue,12,Long_Distance
personal,27.76,M,0,46,Sun,12,Long_Distance
grocery,9.64,F,0,63,Sun,16,Long_Distance
shopping,5.2,F,0,57,Sun,7,Commute
misc,13.73,F,0,26,Tue,13,Commute
personal,56.8,M,0,66,Fri,23,Commute
shopping,9.51,F,0,25,Tue,14,Long_Distance
shopping,8.42,F,0,44,Sun,15,Commute
travel,75.12,M,0,33,Fri,4,Long_Distance
grocery,61.1,M,0,32,Sun,8,Regional
travel,72.99,M,0,36,Sat,10,Long_Distance
grocery,109.17,M,0,32,Mon,1,Commute
shopping,1.4,F,0,28,Sat,13,Commute
entertainment,18.23,F,0,25,Sat,12,Regional
personal,14.22,M,0,26,Fri,17,Regional
home,77.18,M,0,42,Tue,16,Regional
travel,57.2,F,0,34,Sat,11,Long_Distance
shopping,6.01,M,0,27,Fri,14,Commute
personal,21.45,M,0,59,Sun,13,Local
health,70.6,M,0,28,Wed,13,Commute
entertainment,55.31,M,0,25,Fri,19,Commute
travel,80.45,M,0,57,Tue,0,Regional
grocery,213.62,F,0,42,Sat,9,Commute
personal,84.04,M,0,30,Thu,12,Commute
shopping,5.76,F,0,50,Tue,15,Long_Distance
shopping,56.88,M,0,51,Wed,11,Regional
misc,207.51,M,0,52,Thu,6,Commute
travel,41.35,F,0,57,Wed,5,Commute
misc,129.89,F,0,22,Sat,23,Long_Distance
shopping,7.65,M,0,49,Sat,0,Regional
travel,71.32,M,0,74,Mon,6,Commute
shopping,146.43,M,0,36,Tue,1,Regional
shopping,46.34,F,0,44,Tue,20,Long_Distance
shopping,136.84,M,0,45,Sat,1,Regional
shopping,1.56,F,0,42,Mon,20,Long_Distance
health,75.06,M,0,34,Wed,19,Commute
home,129.5,M,0,80,Sat,13,Commute
grocery,189.01,F,0,33,Fri,8,Long_Distance
grocery,30.42,F,0,28,Wed,20,Regional
misc,9.88,F,0,55,Fri,7,Commute
entertainment,90.36,F,0,49,Sat,7,Commute
grocery,9.28,F,0,60,Sat,11,Remote
home,74.71,F,0,47,Fri,21,Long_Distance
home,10.93,M,0,31,Thu,13,Commute
grocery,1.97,F,0,42,Thu,18,Commute
misc,4.7,M,0,34,Mon,16,Long_Distance
shopping,141.1,M,0,42,Sat,22,Long_Distance
travel,82.33,F,0,43,Sun,11,Long_Distance
grocery,14.04,F,0,23,Fri,6,Regional
home,22.88,F,0,54,Mon,15,Long_Distance
shopping,13.29,F,0,38,Wed,18,Long_Distance
misc,3.39,F,0,57,Sat,5,Commute
misc,1.69,F,0,56,Sat,3,Long_Distance
grocery,67.38,M,0,20,Sun,3,Long_Distance
entertainment,133.8,F,0,19,Fri,18,Long_Distance
personal,73.3,M,0,34,Sun,15,Regional
home,97.16,F,0,56,Mon,23,Regional
grocery,54.2,F,0,37,Wed,10,Regional
grocery,23.95,M,0,26,Sun,11,Commute
home,44.83,M,0,35,Thu,23,Regional
entertainment,1.43,F,0,90,Sat,14,Commute
home,115.94,F,0,84,Wed,21,Long_Distance
home,82.81,F,0,36,Tue,22,Commute
entertainment,84.94,M,0,27,Mon,23,Regional
misc,7.36,F,0,43,Mon,20,Regional
travel,4.78,F,0,43,Fri,19,Long_Distance
shopping,5.12,M,0,39,Tue,23,Long_Distance
grocery,96.85,M,0,46,Wed,5,Commute
grocery,187.58,F,0,47,Fri,4,Long_Distance
grocery,57.04,M,0,38,Thu,23,Long_Distance
home,52.32,M,0,60,Sat,17,Local
home,18.53,F,0,38,Sun,15,Regional
grocery,96.77,F,0,93,Sun,17,Long_Distance
misc,4.76,M,0,60,Thu,4,Commute
travel,69.67,F,0,70,Mon,6,Long_Distance
home,36.87,F,0,51,Mon,14,Local
grocery,43.27,F,0,26,Sun,9,Commute
grocery,58.16,M,0,47,Mon,1,Long_Distance
travel,56.1,F,0,48,Fri,2,Long_Distance
misc,315.94,F,0,69,Fri,8,Regional
home,75.29,F,0,84,Sat,12,Regional
personal,25.76,F,0,58,Mon,20,Regional
home,16.24,M,0,38,Sat,23,Long_Distance
misc,15.77,F,0,79,Mon,10,Regional
home,15.18,F,0,63,Thu,17,Regional
misc,17.05,F,0,32,Sun,7,Commute
shopping,1.97,M,0,17,Mon,12,Regional
shopping,8.15,M,0,45,Wed,18,Regional
shopping,31.81,M,0,51,Sat,6,Long_Distance
home,47.38,F,0,59,Sat,15,Regional
grocery,43.59,F,0,25,Mon,3,Regional
home,82.67,M,0,51,Tue,17,Regional
grocery,7.51,M,0,21,Tue,21,Commute
home,21.3,M,0,47,Tue,18,Long_Distance
grocery,110.75,M,0,30,Thu,4,Regional
shopping,7.76,F,0,79,Thu,7,Long_Distance
misc,146.83,F,0,34,Sun,0,Long_Distance
entertainment,4.35,F,0,61,Sat,2,Regional
shopping,7.94,M,0,21,Fri,21,Commute
home,3.99,M,0,32,Fri,18,Regional
misc,2.76,F,0,25,Tue,9,Commute
misc,5.41,M,0,68,Fri,6,Regional
entertainment,130.51,F,0,54,Mon,17,Commute
shopping,44.98,F,0,52,Wed,4,Long_Distance
shopping,8.25,M,0,54,Sat,1,Remote
entertainment,29.78,M,0,33,Sun,23,Regional
shopping,6.73,F,0,47,Mon,20,Long_Distance
health,73.14,F,0,35,Sun,17,Commute
travel,74.92,M,0,30,Sat,11,Long_Distance
grocery,54.44,F,0,61,Sat,15,Commute
grocery,50.36,M,0,63,Fri,12,Regional
entertainment,71.1,M,0,29,Mon,19,Commute
grocery,51.19,M,0,25,Thu,7,Commute
grocery,107.84,F,0,35,Mon,0,Long_Distance
grocery,64.69,M,0,34,Sun,3,Local
shopping,136.78,M,0,31,Wed,18,Local
misc,67.79,F,0,48,Mon,4,Commute
travel,4.72,M,0,64,Mon,15,Commute
home,77.42,M,0,45,Tue,23,Commute
travel,75.98,F,0,50,Sun,0,Commute
grocery,44.28,F,0,36,Sun,10,Commute
home,54.3,F,0,59,Sun,20,Commute
home,38.44,F,0,73,Wed,21,Remote
misc,9.47,F,0,34,Tue,13,Regional
health,19.07,F,0,33,Sun,14,Long_Distance
travel,39.78,F,0,74,Sat,5,Regional
grocery,1.59,F,0,60,Tue,12,Commute
shopping,26.52,F,0,32,Thu,13,Commute
grocery,7.06,F,0,32,Tue,23,Long_Distance
misc,1.04,F,0,34,Mon,11,Commute
home,71.9,F,0,23,Mon,12,Regional
shopping,43.12,M,0,65,Mon,0,Regional
shopping,125.88,M,0,41,Thu,1,Commute
grocery,68.21,F,0,55,Mon,11,Commute
home,117.96,M,0,50,Sat,14,Long_Distance
travel,100.36,M,0,24,Sat,1,Regional
shopping,3.16,F,0,47,Thu,17,Long_Distance
shopping,2.13,F,0,46,Tue,19,Long_Distance
shopping,7.43,F,0,51,Wed,8,Regional
misc,55.08,F,0,35,Thu,13,Commute
misc,97.25,F,0,49,Thu,1,Commute
grocery,114.49,F,0,48,Fri,0,Long_Distance
personal,65.35,F,0,31,Mon,18,Regional
shopping,1.23,F,0,49,Fri,21,Long_Distance
misc,25.74,M,0,50,Mon,6,Remote
entertainment,11.02,F,0,34,Mon,16,Long_Distance
travel,71.73,M,0,34,Mon,0,Commute
personal,118.33,F,0,27,Thu,17,Long_Distance
shopping,7.9,M,0,35,Mon,18,Long_Distance
shopping,1.82,M,0,65,Thu,8,Long_Distance
shopping,7.6,M,0,56,Mon,8,Local
grocery,77.0,F,0,42,Sun,3,Regional
shopping,11.39,F,0,23,Thu,14,Commute
home,9.32,M,0,82,Mon,12,Long_Distance
grocery,34.06,M,0,47,Tue,4,Local
home,85.39,M,0,38,Sat,22,Long_Distance
home,77.89,M,0,41,Wed,21,Regional
grocery,112.48,M,0,51,Thu,9,Commute
travel,8.13,M,0,58,Wed,22,Long_Distance
travel,8.93,F,0,60,Thu,15,Commute
grocery,77.79,M,0,31,Thu,3,Regional
home,27.21,M,0,69,Fri,21,Long_Distance
grocery,11.47,F,0,53,Thu,23,Long_Distance
home,52.39,F,0,93,Sun,16,Commute
home,13.23,F,0,42,Thu,15,Long_Distance
shopping,8.93,M,0,38,Wed,18,Long_Distance
shopping,19.96,F,0,50,Sun,0,Long_Distance
shopping,1.82,M,0,62,Tue,4,Long_Distance
misc,8.61,M,0,27,Wed,1,Long_Distance
travel,62.26,F,0,58,Fri,11,Commute
misc,1.29,F,0,45,Sat,23,Long_Distance
home,62.0,M,0,88,Mon,15,Long_Distance
misc,85.78,M,0,66,Mon,3,Regional
personal,28.24,F,0,29,Tue,14,Commute
grocery,47.9,M,0,31,Fri,3,Long_Distance
travel,41.01,M,0,54,Mon,1,Long_Distance
shopping,133.07,F,0,69,Tue,8,Regional
grocery,119.1,F,0,48,Sun,3,Regional
travel,45.32,F,0,48,Mon,2,Commute
travel,51.92,M,0,63,Wed,2,Commute
misc,59.65,F,0,49,Sat,11,Regional
grocery,102.87,F,0,35,Sun,23,Commute
misc,12.59,M,0,27,Sat,14,Regional
personal,3.16,F,0,46,Fri,22,Long_Distance
grocery,105.9,F,0,47,Sun,9,Regional
grocery,55.41,M,0,33,Tue,10,Local
misc,29.23,F,0,48,Fri,4,Long_Distance
grocery,103.23,M,0,25,Mon,3,Long_Distance
home,32.78,F,0,44,Fri,14,Commute
grocery,51.4,M,0,65,Thu,5,Long_Distance
home,5.33,F,0,62,Sat,15,Regional
shopping,2.78,F,0,86,Sat,3,Regional
entertainment,49.64,M,0,52,Mon,17,Long_Distance
grocery,79.75,M,0,50,Tue,12,Commute
home,35.2,F,0,41,Fri,23,Long_Distance
grocery,68.92,F,0,69,Fri,0,Commute
travel,88.36,M,0,25,Wed,5,Long_Distance
grocery,2.27,F,0,47,Wed,13,Long_Distance
grocery,105.16,F,0,46,Fri,0,Commute
grocery,81.28,M,0,51,Mon,3,Commute
grocery,6.25,F,0,36,Sat,20,Regional
travel,81.5,F,0,70,Thu,1,Long_Distance
travel,68.55,M,0,61,Mon,9,Long_Distance
travel,1.73,F,0,23,Tue,22,Local
grocery,122.28,F,0,69,Sun,6,Long_Distance
health,75.07,F,0,32,Mon,14,Long_Distance
shopping,2.5,F,0,48,Thu,16,Long_Distance
grocery,147.97,M,0,69,Sun,10,Long_Distance
health,5.51,F,0,54,Tue,20,Long_Distance
grocery,148.25,M,0,32,Mon,16,Local
personal,57.65,M,0,59,Wed,23,Regional
home,24.38,M,0,45,Mon,18,Long_Distance
shopping,9.46,M,0,35,Fri,18,Regional
personal,18.71,M,0,44,Thu,17,Commute
entertainment,11.87,M,0,82,Wed,10,Long_Distance
personal,59.09,F,0,45,Thu,17,Long_Distance
health,67.59,M,0,44,Sun,13,Regional
travel,8.33,F,0,85,Mon,18,Local
health,14.22,M,0,26,Sat,12,Long_Distance
health,51.41,F,0,65,Wed,18,Commute
grocery,96.89,M,0,24,Sun,9,Regional
shopping,2.38,F,0,53,Wed,5,Remote
shopping,8.46,F,0,23,Sun,20,Commute
grocery,100.57,M,0,37,Mon,2,Commute
grocery,36.08,M,0,77,Sun,9,Regional
home,57.88,F,0,56,Fri,23,Regional
travel,86.72,M,0,77,Wed,11,Local
health,2.18,F,0,69,Sat,12,Commute
misc,2.8,M,0,21,Thu,20,Regional
shopping,3.25,F,0,38,Tue,23,Regional
personal,4.3,F,0,28,Mon,17,Commute
grocery,59.17,F,0,30,Sat,11,Local
grocery,13.4,F,0,27,Fri,21,Commute
shopping,8.3,F,0,80,Mon,7,Commute
shopping,1.81,F,0,46,Sun,18,Long_Distance
shopping,6.07,F,0,42,Sun,20,Long_Distance
travel,58.97,F,0,26,Mon,3,Commute
home,4.12,M,0,66,Mon,23,Long_Distance
personal,78.62,F,0,40,Mon,14,Remote
travel,9.08,M,0,49,Thu,14,Long_Distance
misc,1.46,M,0,62,Mon,4,Long_Distance
home,19.35,M,0,62,Sat,13,Long_Distance
travel,77.19,F,0,65,Thu,8,Commute
personal,8.41,M,0,50,Thu,16,Long_Distance
home,6.41,F,0,66,Mon,17,Commute
shopping,90.02,M,0,32,Fri,4,Long_Distance
misc,261.71,F,0,45,Fri,0,Regional
grocery,119.28,M,0,49,Mon,3,Regional
grocery,49.28,M,0,68,Tue,6,Local
misc,5.38,F,0,28,Wed,23,Long_Distance
travel,469.91,M,0,42,Thu,13,Regional
home,9.52,F,0,31,Sat,12,Long_Distance
misc,5.76,F,0,37,Thu,20,Commute
entertainment,20.41,M,0,22,Sat,18,Long_Distance
health,41.5,F,0,49,Tue,17,Commute
shopping,1223.85,F,0,26,Sat,14,Long_Distance
misc,2.75,M,0,31,Mon,17,Long_Distance
personal,6.85,F,0,35,Sun,19,Regional
grocery,282.32,F,0,45,Thu,21,Regional
travel,64.05,F,0,48,Sat,0,Regional
shopping,8.11,F,0,56,Sun,10,Long_Distance
travel,78.7,F,0,79,Tue,4,Regional
personal,33.57,F,0,43,Tue,18,Long_Distance
grocery,55.98,M,0,31,Thu,11,Commute
home,101.02,F,0,58,Sun,19,Long_Distance
home,55.89,F,0,33,Mon,13,Regional
home,193.34,M,0,21,Thu,12,Long_Distance
entertainment,96.63,F,0,33,Sun,17,Long_Distance
entertainment,14.93,F,0,50,Wed,11,Long_Distance
grocery,106.08,M,0,40,Tue,4,Long_Distance
home,25.32,F,0,61,Sat,18,Regional
entertainment,10.89,F,0,60,Thu,6,Regional
health,84.34,M,0,50,Sat,14,Long_Distance
misc,9.4,F,0,28,Tue,12,Commute
health,37.69,F,0,55,Sun,17,Long_Distance
grocery,4.85,M,0,23,Sun,14,Long_Distance
grocery,10.68,M,0,49,Mon,22,Commute
grocery,66.19,F,0,32,Fri,8,Commute
entertainment,6.84,M,0,41,Fri,18,Long_Distance
travel,75.71,F,0,65,Sun,4,Long_Distance
grocery,118.04,F,0,73,Mon,2,Commute
grocery,18.08,F,0,25,Thu,23,Commute
shopping,3.19,M,0,35,Sun,17,Regional
grocery,74.19,M,0,33,Thu,12,Long_Distance
travel,5.06,M,0,58,Tue,21,Long_Distance
grocery,75.65,F,0,33,Wed,1,Regional
entertainment,20.98,F,0,39,Sat,16,Long_Distance
grocery,95.53,F,0,59,Mon,0,Long_Distance
travel,52.6,F,0,45,Sat,7,Long_Distance
home,141.06,F,0,52,Sun,14,Commute
travel,65.67,M,0,81,Sun,4,Commute
home,20.57,M,0,55,Sun,13,Commute
grocery,67.31,M,0,32,Sun,10,Long_Distance
grocery,116.15,M,0,38,Thu,5,Long_Distance
shopping,8.5,M,0,21,Sun,15,Long_Distance
shopping,168.72,M,0,23,Sat,22,Long_Distance
travel,52.42,F,0,30,Thu,10,Commute
misc,2.66,M,0,33,Tue,17,Regional
entertainment,4.25,M,0,57,Mon,0,Regional
home,40.44,F,0,38,Wed,23,Regional
shopping,89.89,M,0,33,Sun,9,Commute
home,66.58,M,0,38,Sat,21,Long_Distance
home,70.32,M,0,41,Tue,12,Regional
grocery,54.53,M,0,45,Sun,12,Regional
health,59.1,M,0,79,Thu,12,Long_Distance
grocery,2.7,F,0,47,Fri,19,Long_Distance
grocery,59.68,M,0,44,Mon,16,Regional
health,75.18,M,0,42,Sun,22,Long_Distance
entertainment,56.34,M,0,23,Tue,12,Long_Distance
home,58.55,F,0,53,Fri,23,Commute
entertainment,12.66,F,0,22,Sun,21,Long_Distance
misc,24.11,M,0,38,Sat,8,Long_Distance
grocery,100.29,F,0,88,Thu,10,Long_Distance
misc,33.15,M,0,30,Thu,9,Regional
personal,190.17,M,0,53,Mon,16,Commute
travel,35.73,F,0,23,Mon,9,Long_Distance
shopping,5.75,F,0,31,Fri,20,Long_Distance
home,8.05,F,0,32,Mon,22,Regional
entertainment,132.31,F,0,48,Sun,19,Long_Distance
grocery,108.3,M,0,26,Sun,4,Long_Distance
personal,6.85,M,0,36,Tue,12,Long_Distance
home,47.63,F,0,22,Thu,19,Commute
shopping,7.63,F,0,47,Sat,20,Commute
home,26.08,M,0,45,Thu,15,Remote
personal,37.7,F,0,33,Sun,22,Long_Distance
shopping,9.24,M,0,34,Sun,19,Commute
shopping,4.38,F,0,65,Sun,8,Commute
health,63.21,M,0,49,Wed,19,Commute
home,95.37,M,0,45,Sat,21,Commute
grocery,61.19,M,0,49,Fri,23,Long_Distance
entertainment,21.71,M,0,58,Mon,0,Long_Distance
travel,2.54,M,0,50,Tue,22,Regional
travel,67.62,F,0,34,Fri,9,Long_Distance
home,58.26,F,0,56,Mon,17,Long_Distance
home,25.8,M,0,25,Sun,15,Regional
misc,105.02,F,0,29,Sun,9,Long_Distance
home,21.45,F,0,21,Sun,18,Regional
entertainment,106.39,F,0,38,Mon,18,Regional
shopping,1.69,F,0,51,Sun,1,Long_Distance
travel,9.45,F,0,44,Sun,14,Long_Distance
health,96.76,F,0,48,Sun,22,Commute
misc,6.74,F,0,32,Fri,19,Local
personal,3.58,F,0,34,Wed,19,Commute
shopping,4.03,F,0,67,Wed,10,Local
misc,10.56,M,0,50,Sat,7,Regional
entertainment,84.15,F,0,25,Mon,14,Long_Distance
misc,34.92,F,0,60,Fri,2,Long_Distance
grocery,123.07,M,0,65,Fri,9,Long_Distance
home,17.17,F,0,53,Tue,15,Commute
shopping,53.97,F,0,41,Thu,14,Long_Distance
shopping,62.11,F,0,29,Mon,23,Long_Distance
travel,67.19,F,0,77,Sun,8,Regional
shopping,7.67,F,0,42,Sun,15,Long_Distance
health,16.09,F,0,59,Fri,21,Long_Distance
shopping,162.76,M,0,34,Wed,23,Remote
grocery,114.24,M,0,46,Mon,9,Long_Distance
grocery,118.61,F,0,46,Mon,3,Commute
grocery,97.79,F,0,48,Tue,7,Commute
grocery,124.7,F,0,62,Thu,5,Long_Distance
shopping,2.14,F,0,57,Mon,9,Local
shopping,102.3,F,0,77,Sun,5,Long_Distance
personal,40.57,M,0,23,Tue,22,Regional
entertainment,268.85,F,0,90,Mon,4,Regional
misc,146.97,M,0,34,Wed,13,Long_Distance
grocery,227.19,F,0,27,Tue,10,Commute
travel,90.5,M,0,34,Wed,1,Commute
shopping,9.25,F,0,90,Sat,10,Long_Distance
home,56.03,M,0,51,Mon,21,Commute
personal,89.81,F,0,79,Thu,15,Long_Distance
entertainment,139.79,F,0,68,Tue,14,Long_Distance
shopping,6.56,F,0,47,Thu,23,Commute
grocery,34.28,M,0,29,Sun,9,Local
home,3.64,F,0,68,Tue,17,Remote
grocery,44.44,M,0,43,Wed,4,Commute
shopping,2.08,F,0,25,Sat,21,Local
misc,10.66,M,0,57,Tue,10,Long_Distance
travel,64.5,F,0,60,Tue,5,Commute
entertainment,4.14,F,0,55,Fri,3,Long_Distance
travel,59.23,F,0,69,Sun,10,Remote
misc,6.39,F,0,57,Fri,10,Long_Distance
travel,59.08,F,0,90,Sun,9,Commute
grocery,7.75,M,0,59,Sat,16,Regional
shopping,479.8,F,0,28,Thu,12,Regional
grocery,80.87,F,0,62,Mon,9,Long_Distance
travel,9.51,F,0,53,Tue,12,Regional
misc,7.92,F,0,40,Tue,17,Commute
shopping,8.54,M,0,24,Tue,21,Commute
misc,9.53,F,0,80,Wed,2,Long_Distance
shopping,4.69,M,0,20,Tue,17,Long_Distance
home,9.79,M,0,21,Sun,22,Long_Distance
shopping,3.19,M,0,15,Fri,16,Commute
grocery,83.46,M,0,30,Thu,5,Long_Distance
personal,79.38,M,0,58,Fri,18,Regional
personal,51.54,F,0,33,Tue,18,Remote
misc,8.94,F,0,30,Tue,8,Long_Distance
health,2.34,M,0,50,Thu,23,Long_Distance
misc,6.27,M,0,64,Fri,8,Regional
travel,66.1,M,0,54,Fri,11,Regional
misc,79.58,F,0,41,Wed,9,Long_Distance
grocery,46.0,M,0,35,Thu,1,Long_Distance
travel,76.52,F,0,80,Tue,8,Remote
shopping,6.54,M,0,75,Thu,3,Commute
grocery,46.76,M,0,26,Sun,7,Long_Distance
grocery,140.08,F,0,66,Sun,2,Commute
shopping,3.75,M,0,23,Wed,15,Commute
home,92.54,F,0,84,Fri,18,Regional
entertainment,87.46,M,0,62,Fri,16,Long_Distance
grocery,107.32,F,0,33,Fri,6,Long_Distance
home,61.42,F,0,48,Sun,22,Long_Distance
home,49.42,F,0,70,Tue,20,Commute
shopping,4.96,F,0,43,Tue,20,Regional
travel,76.83,F,0,77,Tue,7,Long_Distance
shopping,7.17,F,0,35,Tue,13,Commute
entertainment,62.81,M,0,31,Sun,12,Regional
grocery,73.35,M,0,20,Sat,3,Regional
travel,70.29,F,0,54,Sun,0,Regional
personal,76.91,F,0,48,Mon,20,Regional
travel,27.13,F,0,48,Thu,15,Commute
shopping,414.14,M,0,58,Mon,2,Long_Distance
personal,1.37,M,0,35,Sat,21,Regional
home,57.03,M,0,27,Tue,13,Regional
grocery,30.75,F,0,48,Fri,14,Long_Distance
misc,49.72,F,0,22,Mon,15,Long_Distance
misc,4.96,F,0,29,Mon,7,Long_Distance
home,109.17,F,0,65,Mon,18,Commute
travel,50.95,M,0,40,Sun,9,Long_Distance
travel,2.44,F,0,94,Wed,13,Commute
grocery,146.62,M,0,67,Sat,2,Long_Distance
grocery,226.7,F,0,35,Sun,3,Commute
grocery,67.86,M,0,39,Mon,21,Commute
home,122.86,F,0,39,Wed,15,Long_Distance
travel,50.12,M,0,20,Sun,7,Regional
shopping,7.44,F,0,28,Tue,17,Long_Distance
shopping,6.03,M,0,58,Sat,2,Commute
health,44.08,M,0,92,Sat,22,Regional
grocery,37.86,F,0,34,Fri,4,Commute
personal,58.17,M,0,73,Mon,16,Long_Distance
travel,89.09,F,0,36,Sat,3,Long_Distance
travel,65.36,M,0,26,Mon,8,Long_Distance
misc,96.43,M,0,55,Mon,4,Commute
travel,58.83,F,0,36,Sun,5,Commute
grocery,152.57,M,0,52,Mon,7,Commute
misc,33.34,F,0,45,Thu,1,Regional
misc,168.52,F,0,34,Sat,7,Regional
personal,68.58,M,0,33,Sun,23,Regional
misc,1.03,M,0,21,Sun,22,Commute
grocery,224.31,F,0,35,Tue,2,Commute
home,103.13,M,0,68,Wed,14,Long_Distance
personal,18.0,F,0,55,Mon,23,Regional
home,79.09,F,0,57,Tue,12,Regional
home,86.89,M,0,41,Mon,23,Regional
personal,1.09,F,0,41,Thu,15,Long_Distance
home,107.26,M,0,16,Thu,13,Commute
home,83.88,F,0,42,Fri,12,Long_Distance
grocery,109.78,M,0,63,Sat,22,Long_Distance
home,9.24,F,0,35,Wed,19,Long_Distance
home,30.15,F,0,43,Tue,12,Commute
travel,83.32,F,0,42,Fri,14,Commute
grocery,81.65,M,0,53,Mon,1,Commute
entertainment,11.24,F,0,64,Sun,13,Long_Distance
home,44.54,F,0,35,Mon,16,Long_Distance
grocery,49.74,F,0,50,Tue,5,Remote
grocery,10.42,F,0,50,Mon,13,Regional
entertainment,23.66,F,0,32,Thu,16,Long_Distance
health,7.35,M,0,53,Fri,17,Regional
personal,25.7,F,0,32,Sat,23,Commute
grocery,192.48,F,0,32,Tue,10,Commute
personal,67.19,F,0,31,Sat,14,Remote
grocery,143.04,F,0,55,Tue,8,Commute
grocery,137.39,F,0,77,Mon,19,Commute
shopping,4.65,F,0,36,Thu,13,Long_Distance
grocery,85.22,M,0,45,Fri,2,Commute
health,53.72,F,0,36,Fri,15,Regional
home,98.79,M,0,68,Sun,12,Long_Distance
personal,1.97,F,0,74,Thu,12,Long_Distance
personal,7.66,M,0,37,Sun,17,Regional
grocery,4.68,M,0,47,Mon,18,Regional
health,10.76,F,0,44,Mon,19,Long_Distance
home,66.02,F,0,66,Sat,20,Long_Distance
shopping,8.57,F,0,46,Wed,18,Commute
shopping,17.16,M,0,22,Fri,13,Long_Distance
entertainment,37.17,F,0,39,Thu,12,Regional
home,10.11,F,0,74,Tue,23,Commute
shopping,7.57,F,0,37,Mon,14,Regional
grocery,113.26,M,0,53,Tue,10,Long_Distance
misc,7.39,F,0,32,Tue,8,Long_Distance
travel,60.97,F,0,69,Sat,11,Regional
home,85.4,M,0,43,Tue,16,Remote
shopping,1.18,M,0,81,Tue,11,Commute
shopping,8.0,F,0,54,Fri,2,Commute
health,81.59,F,0,64,Sun,12,Regional
misc,28.23,M,0,30,Sat,2,Local
home,129.93,F,0,51,Fri,23,Regional
misc,1.98,F,0,47,Sun,9,Long_Distance
shopping,6.76,M,0,27,Thu,23,Commute
personal,56.14,F,0,53,Sun,21,Long_Distance
shopping,106.47,F,0,23,Sun,19,Long_Distance
personal,1.11,F,0,49,Wed,15,Long_Distance
home,16.09,F,0,37,Thu,16,Long_Distance
grocery,31.48,M,0,40,Tue,2,Long_Distance
home,65.04,M,0,37,Sat,14,Commute
misc,1.29,M,0,18,Sat,23,Commute
personal,58.75,F,0,30,Sun,13,Regional
shopping,64.51,F,0,50,Sun,9,Long_Distance
entertainment,17.93,F,0,80,Thu,3,Local
grocery,6.87,F,0,21,Sun,18,Commute
shopping,293.45,F,0,28,Sat,16,Regional
grocery,107.17,F,0,33,Thu,4,Local
shopping,92.12,M,0,33,Tue,6,Commute
shopping,2.48,M,0,75,Fri,9,Regional
misc,5.45,M,0,38,Tue,21,Regional
home,28.33,F,0,40,Thu,16,Long_Distance
home,12.96,M,0,49,Sat,23,Local
personal,1.2,F,0,47,Sun,20,Regional
grocery,91.07,F,0,35,Sun,6,Long_Distance
shopping,9.77,F,0,33,Thu,15,Long_Distance
shopping,7.93,F,0,49,Thu,20,Regional
grocery,63.52,F,0,47,Thu,19,Remote
home,70.51,M,0,34,Mon,14,Long_Distance
shopping,3.34,M,0,76,Mon,2,Commute
personal,6.8,M,0,58,Tue,23,Local
entertainment,107.13,F,0,35,Thu,14,Long_Distance
travel,77.14,M,0,42,Sat,6,Long_Distance
health,23.02,F,0,49,Sun,18,Remote
grocery,120.92,M,0,67,Fri,0,Commute
home,2.86,F,0,48,Sat,13,Regional
travel,3.61,M,0,83,Tue,19,Commute
personal,42.93,M,0,16,Sat,16,Regional
home,13.54,F,0,61,Fri,14,Commute
travel,56.29,F,0,58,Mon,6,Commute
personal,29.45,M,0,56,Tue,13,Long_Distance
shopping,2.65,F,0,32,Sat,16,Commute
travel,487.01,M,0,37,Mon,15,Commute
grocery,40.08,F,0,22,Fri,18,Long_Distance
home,1.89,F,0,47,Fri,21,Long_Distance
shopping,73.29,F,0,45,Fri,23,Long_Distance
personal,28.43,M,0,65,Sun,17,Commute
home,65.09,M,0,40,Thu,14,Long_Distance
shopping,8.0,F,0,29,Thu,16,Regional
shopping,416.49,F,0,38,Tue,19,Long_Distance
shopping,4.32,F,0,22,Mon,23,Long_Distance
travel,70.21,F,0,34,Sat,8,Local
home,92.77,M,0,43,Thu,17,Regional
home,33.08,M,0,79,Mon,20,Regional
health,2.91,M,0,53,Fri,18,Long_Distance
personal,24.52,F,0,69,Tue,14,Long_Distance
home,29.19,F,0,37,Tue,22,Long_Distance
misc,3.27,F,0,29,Sat,23,Long_Distance
travel,58.65,M,0,54,Mon,10,Commute
misc,35.34,M,0,28,Fri,11,Long_Distance
travel,74.57,F,0,37,Mon,6,Long_Distance
travel,65.48,F,0,20,Fri,9,Long_Distance
travel,60.75,M,0,48,Fri,6,Long_Distance
grocery,48.83,F,0,56,Tue,11,Regional
shopping,6.64,M,0,74,Sat,2,Commute
grocery,110.01,M,0,42,Tue,1,Commute
grocery,102.04,F,0,35,Thu,5,Regional
travel,75.5,M,0,50,Sun,10,Long_Distance
home,86.66,M,0,32,Sun,14,Commute
misc,3.02,F,0,37,Tue,10,Commute
home,22.57,F,0,31,Thu,19,Commute
home,64.78,F,0,58,Fri,15,Remote
shopping,9.56,M,0,34,Sat,16,Commute
misc,7.03,M,0,55,Sat,11,Long_Distance
misc,3.07,M,0,81,Thu,7,Regional
misc,36.29,M,0,37,Mon,2,Regional
grocery,94.2,F,0,50,Tue,17,Long_Distance
shopping,48.09,M,0,56,Sun,7,Regional
entertainment,79.83,M,0,37,Mon,17,Long_Distance
grocery,179.93,F,0,54,Sat,2,Long_Distance
shopping,6.98,M,0,74,Fri,11,Commute
misc,4.55,M,0,77,Fri,5,Regional
health,11.92,F,0,51,Fri,16,Commute
travel,7.19,F,0,47,Wed,18,Long_Distance
health,10.1,F,0,24,Mon,17,Long_Distance
health,15.22,F,0,48,Mon,14,Long_Distance
home,85.51,M,0,39,Tue,21,Long_Distance
misc,119.47,F,0,44,Sun,10,Regional
travel,87.32,M,0,31,Wed,2,Long_Distance
grocery,107.96,F,0,22,Sat,15,Commute
travel,95.49,F,0,49,Tue,9,Commute
misc,2.15,F,0,33,Sun,4,Remote
travel,52.74,F,0,25,Fri,10,Regional
grocery,51.16,M,0,30,Sat,10,Long_Distance
travel,450.85,M,0,45,Mon,15,Remote
travel,9.42,M,0,23,Sun,19,Long_Distance
health,73.69,M,0,31,Mon,16,Regional
grocery,86.25,F,0,53,Tue,8,Long_Distance
grocery,36.95,F,0,34,Mon,5,Remote
home,17.98,F,0,45,Fri,19,Commute
health,73.11,M,0,78,Mon,16,Commute
health,35.75,F,0,48,Mon,19,Commute
travel,25.77,F,0,53,Sat,14,Local
grocery,60.23,M,0,30,Wed,20,Commute
shopping,1.05,M,0,55,Wed,8,Long_Distance
health,15.59,F,0,36,Tue,20,Commute
shopping,8.98,F,0,69,Mon,6,Long_Distance
shopping,23.37,F,0,49,Mon,19,Long_Distance
grocery,212.12,F,0,93,Fri,10,Regional
misc,94.72,F,0,33,Thu,18,Long_Distance
grocery,9.98,M,0,34,Fri,16,Commute
personal,64.12,M,0,44,Sun,15,Long_Distance
home,47.54,F,0,49,Sun,23,Long_Distance
misc,1.79,F,0,67,Sat,5,Commute
travel,55.41,M,0,65,Thu,9,Regional
grocery,71.54,M,0,59,Mon,9,Commute
grocery,116.02,F,0,67,Wed,5,Regional
grocery,91.28,M,0,38,Sun,11,Regional
entertainment,156.88,M,0,52,Mon,23,Long_Distance
travel,5.33,F,0,41,Thu,14,Regional
home,1.5,F,0,45,Sat,21,Commute
entertainment,92.58,F,0,29,Sat,19,Regional
travel,69.0,M,0,25,Tue,6,Long_Distance
home,105.03,F,0,24,Sat,18,Long_Distance
misc,25.74,M,0,46,Fri,3,Long_Distance
shopping,9.8,F,0,30,Sun,17,Commute
shopping,50.7,F,0,36,Sat,17,Regional
shopping,2.2,M,0,77,Mon,0,Remote
travel,49.92,M,0,58,Thu,10,Remote
entertainment,33.5,M,0,65,Fri,14,Remote
shopping,9.11,F,0,35,Wed,17,Long_Distance
grocery,74.94,F,0,47,Mon,9,Regional
shopping,5.84,F,0,31,Sat,17,Long_Distance
misc,2.08,F,0,55,Sat,11,Regional
shopping,6.81,M,0,33,Wed,20,Long_Distance
home,5.38,F,0,30,Sun,21,Remote
personal,54.87,M,0,93,Tue,20,Commute
shopping,7.91,F,0,51,Tue,0,Long_Distance
grocery,7.13,M,0,63,Wed,23,Long_Distance
travel,58.29,M,0,16,Sun,8,Regional
shopping,135.32,M,0,25,Thu,13,Regional
shopping,672.84,F,0,22,Sun,21,Long_Distance
shopping,5.2,F,0,46,Tue,14,Long_Distance
shopping,89.25,M,0,45,Mon,11,Commute
health,62.2,M,0,41,Sun,20,Commute
entertainment,51.94,M,0,25,Tue,21,Commute
travel,66.72,F,0,35,Sat,7,Long_Distance
shopping,7.43,F,0,64,Thu,8,Long_Distance
grocery,19.96,M,0,14,Tue,4,Local
misc,7.66,M,0,25,Fri,9,Local
misc,196.64,F,0,68,Sun,5,Long_Distance
home,46.91,F,0,53,Tue,18,Commute
home,22.27,F,0,51,Sat,23,Long_Distance
travel,47.14,F,0,23,Sun,2,Long_Distance
shopping,3.94,M,0,26,Wed,19,Commute
travel,87.83,M,0,67,Tue,11,Long_Distance
misc,34.29,M,0,35,Wed,9,Local
misc,28.69,M,0,38,Tue,0,Commute
home,24.8,F,0,35,Sun,18,Local
travel,69.58,F,0,57,Sun,11,Commute
travel,51.9,M,0,40,Mon,11,Regional
shopping,65.72,M,0,56,Thu,8,Local
travel,40.4,F,0,22,Mon,9,Regional
shopping,80.05,F,0,56,Mon,2,Commute
health,134.1,F,0,54,Tue,22,Regional
entertainment,30.24,F,0,25,Fri,18,Commute
grocery,44.53,F,0,39,Tue,7,Long_Distance
home,12.45,F,0,46,Sun,20,Commute
shopping,81.63,M,0,36,Sun,11,Long_Distance
shopping,135.42,M,0,29,Mon,11,Long_Distance
shopping,1.26,F,0,30,Tue,22,Commute
home,36.11,M,0,52,Mon,22,Commute
grocery,129.13,F,0,52,Sat,10,Commute
personal,68.0,M,0,68,Tue,13,Commute
home,90.17,F,0,70,Tue,22,Long_Distance
personal,42.71,M,0,84,Thu,18,Long_Distance
travel,66.84,M,0,47,Mon,2,Long_Distance
home,77.58,M,0,28,Sun,14,Remote
shopping,6.36,M,0,21,Sat,18,Long_Distance
home,81.84,M,0,30,Tue,23,Commute
personal,47.74,F,0,43,Fri,19,Long_Distance
grocery,40.13,M,0,51,Wed,2,Long_Distance
home,13.13,F,0,52,Mon,17,Long_Distance
misc,6.46,M,0,74,Sun,1,Remote
travel,73.49,F,0,34,Mon,3,Long_Distance
travel,98.15,F,0,32,Wed,5,Remote
home,12.59,F,0,55,Sun,22,Long_Distance
grocery,21.06,M,0,33,Fri,11,Remote
home,34.49,F,0,67,Sat,17,Commute
grocery,1.37,F,0,30,Mon,18,Long_Distance
home,3.06,M,0,64,Sun,19,Long_Distance
travel,34.21,F,0,47,Wed,2,Remote
personal,1.41,M,0,44,Mon,21,Commute
shopping,135.71,M,0,48,Sun,6,Commute
entertainment,110.52,F,0,27,Tue,21,Regional
travel,66.8,M,0,40,Tue,4,Long_Distance
health,9.69,F,0,52,Sun,23,Long_Distance
personal,34.36,F,0,48,Sat,17,Long_Distance
health,17.62,F,0,44,Tue,16,Remote
shopping,6.51,F,0,70,Mon,4,Long_Distance
shopping,1.41,M,0,33,Sat,17,Long_Distance
home,31.55,M,0,58,Sat,22,Regional
shopping,2.64,F,0,26,Sat,20,Regional
shopping,6.04,M,0,39,Wed,18,Commute
travel,87.5,M,0,50,Sat,10,Long_Distance
grocery,74.5,M,0,59,Mon,4,Long_Distance
grocery,114.66,M,0,54,Wed,7,Long_Distance
shopping,2.62,F,0,58,Sun,5,Long_Distance
home,17.33,F,0,54,Tue,14,Commute
shopping,5.78,F,0,75,Sun,10,Remote
travel,2.52,M,0,40,Fri,14,Long_Distance
entertainment,79.2,M,0,44,Wed,14,Long_Distance
shopping,1.44,M,0,57,Thu,8,Commute
travel,7.22,F,0,66,Thu,16,Commute
shopping,6.34,F,0,36,Wed,21,Commute
grocery,118.48,M,0,77,Mon,9,Commute
grocery,65.4,M,0,35,Fri,13,Commute
grocery,80.44,F,0,69,Sun,8,Long_Distance
health,25.59,F,0,45,Sat,23,Long_Distance
health,75.44,M,0,37,Mon,14,Long_Distance
health,43.74,F,0,21,Sun,13,Long_Distance
grocery,62.28,F,0,39,Thu,11,Commute
home,14.47,M,0,53,Tue,18,Commute
grocery,216.78,F,0,49,Mon,10,Local
travel,5.35,F,0,36,Sun,21,Remote
grocery,196.29,F,0,34,Wed,9,Regional
travel,68.4,M,0,52,Sun,6,Remote
personal,148.66,F,0,49,Sun,16,Regional
travel,68.79,F,0,29,Fri,9,Long_Distance
health,104.66,M,0,45,Fri,16,Regional
shopping,69.16,F,0,69,Sun,3,Regional
misc,31.8,M,0,44,Sat,2,Long_Distance
travel,63.51,F,0,60,Sun,2,Commute
health,43.34,F,0,53,Sun,14,Remote
personal,71.83,M,0,50,Thu,21,Commute
misc,200.35,M,0,62,Mon,5,Regional
home,82.06,M,0,26,Sun,16,Commute
personal,7.39,F,0,48,Thu,22,Commute
shopping,8.23,F,0,34,Fri,13,Commute
home,142.51,F,0,34,Thu,13,Long_Distance
grocery,144.83,M,0,77,Tue,5,Long_Distance
travel,53.71,F,0,78,Sun,9,Commute
shopping,3.8,M,0,93,Thu,2,Long_Distance
home,10.9,M,0,53,Thu,15,Regional
home,47.78,F,0,64,Fri,12,Long_Distance
misc,5.52,M,0,49,Fri,4,Commute
grocery,191.73,F,0,28,Tue,10,Long_Distance
entertainment,19.69,F,0,66,Sun,23,Long_Distance
misc,4.8,M,0,83,Sun,3,Long_Distance
shopping,7.74,F,0,53,Mon,4,Long_Distance
misc,5.88,M,0,30,Sun,18,Long_Distance
misc,4.97,M,0,63,Thu,5,Commute
shopping,6.71,F,0,22,Sun,22,Commute
home,94.22,F,0,36,Tue,20,Long_Distance
entertainment,18.9,M,0,64,Thu,18,Long_Distance
travel,48.9,F,0,42,Tue,5,Long_Distance
grocery,7.77,F,0,16,Sun,23,Long_Distance
misc,3.57,M,0,25,Thu,12,Regional
entertainment,33.39,M,0,39,Tue,15,Long_Distance
health,16.03,F,0,74,Mon,14,Commute
grocery,90.72,M,0,29,Wed,0,Long_Distance
shopping,9.05,M,0,32,Mon,15,Commute
travel,9.97,M,0,92,Sun,15,Long_Distance
home,8.66,F,0,75,Wed,13,Regional
entertainment,45.9,F,0,28,Sun,22,Commute
shopping,63.6,M,0,59,Wed,0,Regional
grocery,116.5,F,0,34,Mon,7,Regional
home,60.95,M,0,56,Wed,14,Commute
grocery,62.44,M,0,55,Fri,8,Regional
shopping,91.85,M,0,33,Tue,4,Long_Distance
home,21.94,F,0,66,Fri,14,Regional
home,18.69,F,0,42,Fri,16,Long_Distance
home,76.67,F,0,36,Sat,16,Long_Distance
grocery,130.47,F,0,59,Sat,0,Long_Distance
home,124.17,M,0,60,Tue,14,Commute
grocery,53.0,M,0,47,Sun,4,Commute
travel,64.3,M,0,76,Thu,6,Long_Distance
grocery,32.25,F,0,86,Mon,3,Regional
personal,54.18,M,0,45,Fri,12,Regional
misc,13.29,F,0,47,Thu,3,Remote
misc,1.04,M,0,56,Thu,10,Commute
health,68.53,M,0,39,Tue,17,Regional
misc,37.52,F,0,35,Sat,9,Long_Distance
shopping,7.84,F,0,57,Thu,11,Long_Distance
misc,129.18,F,0,46,Fri,11,Long_Distance
travel,2.66,F,0,65,Sun,19,Commute
entertainment,26.81,M,0,44,Sun,18,Commute
travel,62.66,F,0,24,Tue,0,Long_Distance
home,76.41,M,0,85,Thu,21,Long_Distance
health,18.12,F,0,36,Sun,20,Regional
entertainment,17.95,M,0,63,Tue,1,Commute
grocery,114.11,F,0,49,Fri,8,Commute
home,73.35,M,0,37,Sun,22,Long_Distance
grocery,90.49,F,0,91,Sat,5,Long_Distance
shopping,3.31,M,0,62,Wed,8,Remote
home,114.92,F,0,70,Mon,23,Regional
grocery,13.25,F,0,32,Mon,15,Regional
entertainment,6.58,M,0,72,Mon,3,Regional
travel,65.39,M,0,61,Mon,5,Regional
travel,30.5,F,0,39,Thu,3,Regional
personal,24.03,F,0,62,Tue,13,Long_Distance
shopping,9.84,M,0,53,Sun,1,Long_Distance
shopping,10.87,F,0,55,Sun,6,Regional
grocery,22.56,F,0,78,Sun,14,Long_Distance
travel,52.71,M,0,45,Sun,6,Long_Distance
misc,8.02,F,0,45,Sat,4,Commute
home,171.78,F,0,32,Sat,20,Remote
personal,28.84,F,0,47,Mon,13,Long_Distance
travel,52.41,M,0,52,Mon,5,Long_Distance
grocery,104.09,F,0,57,Sun,3,Commute
home,27.56,F,0,49,Mon,16,Commute
health,71.09,M,0,57,Wed,13,Long_Distance
home,97.29,F,0,27,Sun,15,Commute
travel,82.46,M,0,90,Sun,3,Long_Distance
personal,23.99,F,0,39,Mon,13,Long_Distance
shopping,5.97,M,0,55,Sun,1,Remote
travel,55.19,F,0,23,Mon,7,Long_Distance
entertainment,82.03,M,0,30,Sun,20,Regional
shopping,5.23,F,0,29,Sat,12,Regional
shopping,1.54,M,0,89,Sat,3,Long_Distance
home,8.58,M,0,59,Fri,23,Commute
grocery,51.6,F,0,47,Wed,6,Long_Distance
health,75.43,M,0,41,Thu,20,Regional
grocery,60.47,F,0,55,Mon,3,Long_Distance
shopping,2.93,F,0,62,Wed,0,Regional
entertainment,115.2,M,0,88,Mon,23,Long_Distance
health,2.55,M,0,70,Sun,21,Commute
grocery,49.88,F,0,19,Fri,10,Regional
grocery,101.72,F,0,52,Sun,2,Regional
travel,64.51,F,0,46,Fri,9,Long_Distance
misc,32.13,F,0,50,Sat,9,Long_Distance
grocery,223.98,F,0,41,Thu,9,Commute
grocery,11.41,M,0,70,Tue,18,Commute
travel,4.59,F,0,63,Wed,19,Local
entertainment,18.86,F,0,31,Fri,20,Long_Distance
entertainment,61.47,F,0,33,Mon,20,Regional
shopping,8.64,F,0,32,Sun,22,Commute
personal,41.1,F,0,34,Fri,12,Commute
shopping,90.37,M,0,27,Sun,11,Regional
travel,7.3,M,0,43,Tue,16,Regional
grocery,167.93,F,0,39,Fri,9,Regional
misc,23.35,M,0,50,Tue,3,Long_Distance
home,10.17,M,0,91,Mon,18,Commute
entertainment,97.53,F,0,26,Thu,19,Long_Distance
health,82.5,M,0,59,Sat,19,Regional
grocery,16.02,F,0,25,Tue,17,Commute
home,30.7,F,0,30,Mon,16,Commute
personal,3.92,F,0,36,Sun,20,Regional
health,34.33,F,0,60,Tue,18,Regional
grocery,49.57,M,0,33,Sat,10,Long_Distance
shopping,172.41,F,0,34,Tue,22,Long_Distance
shopping,1.99,F,0,58,Mon,10,Regional
grocery,36.4,F,0,84,Tue,17,Regional
grocery,78.06,M,0,34,Wed,4,Long_Distance
health,18.77,F,0,46,Thu,19,Long_Distance
travel,44.6,M,0,34,Mon,1,Commute
health,26.82,F,0,24,Wed,13,Commute
personal,5.08,F,0,40,Mon,13,Regional
home,96.5,M,0,37,Tue,13,Commute
entertainment,147.42,F,0,24,Mon,14,Long_Distance
home,17.97,F,0,43,Fri,15,Remote
shopping,6.73,F,0,28,Sat,20,Commute
shopping,1.4,F,0,39,Sun,22,Commute
home,40.48,M,0,24,Sun,20,Long_Distance
misc,89.84,F,0,23,Mon,17,Commute
grocery,86.73,M,0,27,Tue,6,Regional
shopping,136.86,M,0,27,Fri,10,Regional
shopping,2.81,F,0,57,Sun,5,Commute
personal,30.56,F,0,49,Mon,13,Commute
shopping,2.46,M,0,74,Tue,11,Long_Distance
entertainment,13.82,F,0,25,Wed,14,Long_Distance
shopping,32.37,F,0,24,Wed,22,Long_Distance
shopping,7.52,F,0,53,Sat,10,Local
home,21.14,M,0,59,Sun,16,Long_Distance
shopping,5.3,M,0,49,Mon,21,Local
entertainment,129.2,M,0,42,Thu,21,Long_Distance
grocery,44.75,F,0,22,Tue,9,Local
travel,75.62,F,0,49,Mon,6,Commute
travel,81.45,M,0,81,Mon,2,Long_Distance
misc,40.9,M,0,36,Mon,13,Regional
grocery,95.71,M,0,42,Thu,18,Long_Distance
misc,4.01,M,0,89,Thu,0,Commute
personal,19.58,F,0,40,Sat,14,Commute
shopping,7.42,F,0,44,Thu,16,Regional
home,24.55,F,0,42,Tue,20,Regional
home,104.69,F,0,80,Wed,21,Long_Distance
health,7.14,M,0,34,Fri,12,Regional
shopping,26.03,M,0,77,Tue,9,Long_Distance
entertainment,13.66,F,0,86,Sun,5,Regional
travel,8.86,M,0,74,Sat,18,Commute
home,36.95,M,0,58,Sat,16,Commute
grocery,61.6,M,0,42,Thu,2,Long_Distance
shopping,2.98,F,0,45,Wed,13,Commute
shopping,5.18,M,0,52,Fri,2,Long_Distance
entertainment,21.11,F,0,49,Mon,23,Long_Distance
grocery,51.37,M,0,45,Fri,2,Long_Distance
shopping,427.64,F,0,48,Mon,13,Long_Distance
shopping,3.02,F,0,42,Mon,19,Long_Distance
shopping,9.36,F,0,25,Tue,22,Commute
home,130.86,M,0,64,Tue,21,Long_Distance
shopping,94.92,M,0,29,Fri,2,Commute
misc,5.62,M,0,46,Sun,11,Regional
personal,104.93,F,0,29,Fri,12,Regional
home,28.05,F,0,25,Mon,14,Long_Distance
shopping,86.67,F,0,20,Sun,16,Commute
shopping,28.76,F,0,72,Sun,6,Regional
home,47.32,F,0,82,Sat,17,Commute
travel,67.49,M,0,89,Sun,0,Long_Distance
shopping,123.97,M,0,74,Sun,6,Long_Distance
misc,1.27,M,0,35,Thu,9,Regional
misc,4.81,F,0,67,Fri,0,Commute
travel,97.32,M,0,46,Sat,0,Long_Distance
personal,32.8,M,0,32,Mon,16,Regional
grocery,69.32,F,0,44,Tue,13,Regional
travel,69.13,M,0,81,Fri,4,Long_Distance
home,7.3,F,0,60,Fri,18,Regional
health,215.3,M,0,31,Mon,22,Remote
travel,71.84,F,0,23,Fri,3,Local
misc,35.28,M,0,33,Tue,23,Commute
shopping,1.77,F,0,40,Tue,17,Commute
home,38.32,F,0,78,Fri,22,Remote
home,107.19,F,0,60,Fri,15,Commute
misc,94.99,F,0,40,Tue,10,Long_Distance
personal,34.02,F,0,36,Sun,20,Long_Distance
home,148.72,F,0,25,Wed,22,Commute
personal,5.7,M,0,78,Mon,23,Remote
entertainment,5.31,F,0,45,Mon,15,Regional
entertainment,17.51,F,0,69,Mon,20,Long_Distance
misc,116.36,M,0,44,Fri,4,Long_Distance
personal,35.98,M,0,72,Mon,23,Commute
travel,50.34,F,0,49,Wed,11,Long_Distance
misc,2.61,M,0,72,Tue,3,Commute
travel,6.07,M,0,50,Sat,17,Long_Distance
travel,63.78,F,0,40,Thu,8,Regional
home,42.25,M,0,43,Wed,16,Long_Distance
grocery,1.99,M,0,78,Mon,14,Local
health,12.85,F,0,45,Sun,19,Commute
shopping,3.53,F,0,40,Thu,12,Regional
home,6.14,F,0,52,Thu,22,Long_Distance
travel,9.17,F,0,49,Sat,12,Commute
home,35.54,M,0,42,Sat,17,Remote
travel,64.82,F,0,37,Mon,11,Regional
grocery,32.49,F,0,41,Wed,5,Regional
health,103.01,F,0,61,Fri,17,Commute
home,33.15,M,0,56,Sat,14,Commute
grocery,2.99,F,0,24,Mon,15,Long_Distance
grocery,40.41,M,0,26,Tue,16,Remote
grocery,45.16,F,0,52,Sat,8,Commute
entertainment,13.42,M,0,33,Mon,20,Long_Distance
travel,63.73,F,0,47,Tue,8,Commute
misc,134.78,F,0,20,Tue,20,Long_Distance
shopping,7.67,M,0,54,Mon,4,Regional
shopping,105.52,M,0,60,Sat,7,Long_Distance
travel,6.91,M,0,30,Fri,18,Long_Distance
grocery,3.41,F,0,45,Sat,13,Long_Distance
grocery,11.53,F,0,69,Tue,13,Long_Distance
health,50.4,M,0,65,Thu,22,Commute
travel,61.57,M,0,64,Mon,10,Commute
travel,75.17,M,0,58,Mon,8,Regional
travel,64.69,M,0,60,Sat,6,Regional
home,21.85,F,0,53,Thu,16,Regional
home,120.85,M,0,23,Tue,15,Long_Distance
personal,36.11,M,0,71,Fri,21,Long_Distance
entertainment,19.04,M,0,77,Sun,15,Regional
grocery,96.72,F,0,30,Sat,4,Regional
travel,91.49,M,0,61,Wed,9,Regional
travel,52.71,M,0,24,Sun,2,Long_Distance
grocery,88.8,M,0,42,Mon,22,Commute
health,112.98,F,0,22,Sun,23,Long_Distance
health,52.63,F,0,48,Fri,15,Commute
entertainment,35.93,F,0,51,Sat,20,Long_Distance
health,73.38,F,0,71,Tue,23,Commute
health,50.32,F,0,47,Wed,17,Long_Distance
misc,8.44,F,0,54,Sun,11,Remote
health,142.21,F,0,42,Mon,21,Long_Distance
shopping,42.9,F,0,28,Fri,14,Long_Distance
travel,27.04,F,0,29,Sat,6,Commute
shopping,126.56,M,0,41,Sun,5,Remote
grocery,159.99,M,0,53,Mon,6,Long_Distance
home,46.56,M,0,44,Tue,22,Regional
entertainment,102.07,F,0,39,Wed,23,Long_Distance
grocery,101.02,M,0,42,Mon,9,Remote
misc,53.06,F,0,33,Mon,2,Long_Distance
home,85.24,M,0,33,Sun,18,Long_Distance
home,53.3,F,0,29,Sat,16,Long_Distance
shopping,65.73,F,0,49,Sat,21,Long_Distance
grocery,10.76,F,0,33,Sun,22,Regional
travel,47.31,M,0,64,Sun,8,Long_Distance
grocery,44.44,M,0,41,Fri,5,Long_Distance
home,23.62,M,0,21,Sat,13,Long_Distance
entertainment,51.11,M,0,38,Fri,23,Regional
home,24.95,F,0,40,Fri,20,Regional
travel,4.34,M,0,61,Thu,20,Commute
grocery,61.81,M,0,62,Sun,9,Commute
shopping,3.64,F,0,66,Mon,8,Long_Distance
misc,3.4,F,0,54,Mon,2,Local
travel,487.83,M,0,31,Tue,19,Regional
personal,100.8,F,0,46,Tue,17,Commute
grocery,31.82,F,0,65,Thu,12,Long_Distance
misc,5.68,M,0,47,Mon,23,Commute
misc,345.39,F,0,25,Thu,2,Commute
health,56.66,F,0,29,Fri,16,Long_Distance
misc,465.05,F,0,44,Sat,4,Regional
travel,47.78,M,0,61,Wed,2,Commute
misc,1104.34,M,0,70,Sat,11,Regional
shopping,213.56,F,0,36,Tue,20,Commute
home,11.14,F,0,58,Sun,18,Commute
grocery,67.16,M,0,45,Sat,1,Long_Distance
health,10.51,F,0,81,Tue,23,Regional
shopping,12.34,F,0,25,Mon,13,Commute
entertainment,21.42,F,0,50,Mon,9,Regional
misc,140.68,F,0,22,Sun,17,Long_Distance
home,32.88,M,0,41,Thu,14,Long_Distance
personal,6.53,F,0,44,Fri,20,Long_Distance
shopping,1.47,F,0,32,Fri,18,Commute
shopping,9.72,F,0,92,Thu,6,Commute
shopping,1.9,F,0,46,Thu,12,Commute
entertainment,28.56,M,0,75,Tue,20,Long_Distance
personal,26.66,F,0,32,Sun,23,Commute
grocery,112.23,F,0,43,Wed,6,Long_Distance
personal,58.48,F,0,47,Fri,17,Long_Distance
home,19.05,F,0,34,Sun,16,Commute
grocery,93.1,F,0,69,Sun,8,Regional
travel,58.39,F,0,49,Wed,5,Commute
grocery,90.69,M,0,55,Sun,0,Commute
travel,48.35,F,0,43,Tue,11,Long_Distance
health,77.93,M,0,35,Sun,21,Long_Distance
personal,43.45,F,0,33,Sat,18,Regional
travel,67.57,F,0,45,Thu,8,Regional
misc,66.61,F,0,62,Tue,0,Long_Distance
home,19.46,F,0,52,Thu,15,Regional
personal,6.53,F,0,61,Mon,15,Commute
grocery,118.68,M,0,58,Thu,3,Long_Distance
health,1.9,M,0,84,Mon,12,Commute
shopping,43.74,F,0,65,Sat,0,Regional
grocery,2.95,F,0,21,Tue,15,Long_Distance
grocery,73.27,F,0,22,Tue,9,Local
personal,145.58,M,0,51,Mon,18,Long_Distance
grocery,141.52,F,0,55,Tue,6,Long_Distance
grocery,52.48,M,0,45,Wed,13,Long_Distance
grocery,56.32,M,0,30,Thu,4,Long_Distance
shopping,131.33,M,0,38,Sun,17,Regional
entertainment,83.61,M,0,31,Sun,21,Commute
shopping,4.22,M,0,66,Thu,0,Commute
travel,82.29,F,0,54,Mon,2,Long_Distance
shopping,111.15,F,0,47,Sun,19,Regional
shopping,2.77,M,0,59,Mon,6,Commute
travel,41.35,M,0,52,Sat,8,Long_Distance
travel,57.87,F,0,45,Sat,7,Commute
travel,85.87,M,0,29,Sun,3,Long_Distance
home,50.94,M,0,74,Mon,13,Long_Distance
misc,37.35,M,0,40,Sun,15,Long_Distance
misc,12.19,F,0,29,Wed,21,Long_Distance
shopping,8.81,F,0,76,Mon,1,Regional
misc,4.78,F,0,44,Sun,19,Regional
grocery,81.89,M,0,70,Fri,0,Long_Distance
travel,40.43,F,0,90,Sat,3,Commute
travel,64.37,F,0,37,Tue,11,Regional
grocery,38.63,F,0,44,Tue,17,Commute
misc,2.19,F,0,39,Fri,0,Regional
grocery,105.72,M,0,50,Thu,0,Long_Distance
health,85.04,M,0,31,Sun,22,Local
entertainment,55.67,M,0,22,Thu,22,Long_Distance
home,87.73,M,0,29,Tue,21,Long_Distance
misc,8.34,M,0,44,Mon,15,Long_Distance
misc,1.14,M,0,25,Sat,13,Commute
grocery,94.45,M,0,37,Fri,8,Commute
grocery,195.04,F,0,42,Sat,4,Long_Distance
travel,48.22,M,0,64,Thu,10,Long_Distance
grocery,155.32,F,0,51,Mon,9,Long_Distance
home,84.89,F,0,46,Sat,13,Commute
health,24.16,F,0,49,Sun,12,Commute
grocery,68.07,M,0,78,Fri,10,Remote
entertainment,168.38,M,0,40,Fri,15,Commute
home,20.8,M,0,57,Mon,20,Long_Distance
home,56.54,M,0,58,Tue,14,Long_Distance
home,122.26,M,0,47,Sun,20,Regional
home,60.1,F,0,29,Sun,20,Local
shopping,549.91,M,0,27,Thu,13,Long_Distance
grocery,33.39,F,0,29,Sat,2,Commute
shopping,177.04,M,0,19,Tue,22,Long_Distance
health,4.91,F,0,25,Mon,12,Long_Distance
home,67.97,M,0,38,Sat,21,Long_Distance
travel,47.49,F,0,86,Tue,8,Remote
travel,6.87,M,0,48,Mon,15,Regional
shopping,83.56,F,0,43,Thu,20,Long_Distance
home,6.54,M,0,39,Tue,13,Regional
grocery,24.04,F,0,20,Sat,3,Long_Distance
personal,36.13,F,0,45,Mon,14,Regional
misc,35.04,M,0,36,Wed,9,Regional
personal,81.69,F,0,35,Wed,14,Long_Distance
home,49.27,M,0,84,Fri,21,Commute
home,72.26,M,0,34,Tue,23,Commute
shopping,304.53,F,0,71,Wed,3,Long_Distance
home,60.31,M,0,34,Sun,16,Long_Distance
shopping,8.03,M,0,36,Wed,17,Regional
home,48.23,F,0,94,Mon,18,Commute
grocery,214.79,F,0,32,Fri,2,Regional
home,40.89,F,0,50,Sat,21,Long_Distance
home,93.82,M,0,46,Sun,15,Long_Distance
misc,99.24,F,0,43,Tue,13,Commute
grocery,49.13,M,0,38,Sat,6,Long_Distance
shopping,6.71,F,0,47,Sun,12,Commute
shopping,2.17,F,0,24,Thu,19,Long_Distance
grocery,11.45,F,0,25,Sun,14,Long_Distance
personal,49.72,M,0,25,Fri,12,Regional
grocery,71.73,M,0,46,Tue,18,Regional
health,55.17,M,0,57,Sat,17,Long_Distance
health,36.12,M,0,32,Tue,18,Long_Distance
health,201.74,F,0,65,Mon,22,Long_Distance
travel,7.02,M,0,34,Sat,14,Long_Distance
grocery,134.81,M,0,65,Fri,8,Long_Distance
shopping,8.6,F,0,22,Thu,15,Long_Distance
travel,67.46,F,0,53,Sun,10,Long_Distance
travel,4.2,M,0,75,Wed,21,Long_Distance
shopping,1.02,F,0,46,Sun,16,Long_Distance
personal,47.28,F,0,32,Mon,12,Long_Distance
entertainment,47.64,M,0,53,Sun,15,Long_Distance
grocery,53.7,M,0,31,Sun,16,Long_Distance
health,205.69,F,0,40,Sat,16,Long_Distance
entertainment,27.95,M,0,53,Tue,16,Long_Distance
grocery,46.54,F,0,55,Fri,0,Commute
entertainment,60.57,M,0,36,Fri,17,Regional
grocery,103.81,M,0,44,Thu,2,Long_Distance
health,31.56,F,0,32,Sun,19,Commute
travel,86.88,M,0,46,Mon,6,Commute
shopping,5.88,F,0,29,Thu,22,Regional
entertainment,62.92,M,0,51,Mon,1,Long_Distance
grocery,99.12,M,0,55,Sat,7,Regional
shopping,220.35,F,0,47,Sat,23,Commute
travel,68.89,F,0,21,Mon,2,Long_Distance
travel,64.16,F,0,27,Sun,1,Regional
home,25.51,F,0,24,Tue,22,Commute
personal,45.95,M,0,52,Sun,22,Regional
entertainment,18.23,F,0,50,Fri,19,Regional
shopping,4.82,M,0,53,Tue,4,Long_Distance
home,209.8,F,0,27,Tue,22,Regional
grocery,52.92,M,0,46,Thu,1,Long_Distance
grocery,40.0,M,0,42,Tue,10,Commute
travel,47.1,M,0,52,Thu,9,Long_Distance
shopping,9.42,F,0,25,Mon,13,Long_Distance
grocery,117.25,M,0,50,Mon,7,Long_Distance
grocery,113.11,M,0,35,Mon,7,Long_Distance
grocery,228.41,F,0,40,Sun,6,Remote
entertainment,6.4,F,0,25,Sat,15,Regional
personal,9.7,F,0,27,Sat,13,Regional
travel,54.14,F,0,44,Mon,10,Commute
shopping,4.9,F,0,42,Mon,13,Long_Distance
grocery,106.71,F,0,53,Tue,1,Long_Distance
health,245.78,F,0,62,Wed,18,Commute
travel,63.95,F,0,21,Sat,11,Long_Distance
grocery,192.9,F,0,46,Fri,1,Regional
entertainment,59.97,M,0,75,Sun,18,Regional
grocery,189.94,F,0,33,Thu,9,Commute
entertainment,92.63,M,0,33,Fri,23,Regional
health,55.27,F,0,62,Sat,23,Long_Distance
shopping,8.28,M,0,48,Sun,21,Long_Distance
shopping,2.37,F,0,26,Thu,19,Commute
grocery,143.24,F,0,68,Tue,3,Long_Distance
shopping,9.8,M,0,75,Sat,5,Commute
shopping,69.52,F,0,83,Sat,2,Long_Distance
entertainment,69.43,M,0,37,Mon,22,Long_Distance
shopping,147.89,M,0,50,Thu,9,Long_Distance
travel,58.35,M,0,35,Mon,3,Long_Distance
home,16.32,M,0,78,Sat,20,Commute
travel,112.33,M,0,41,Tue,4,Long_Distance
grocery,86.76,M,0,31,Fri,10,Long_Distance
grocery,67.42,F,0,43,Sun,16,Remote
grocery,125.39,F,0,61,Mon,3,Long_Distance
grocery,20.24,M,0,22,Sun,16,Commute
home,13.49,M,0,30,Fri,22,Regional
health,113.91,M,0,33,Tue,15,Regional
home,50.43,M,0,73,Wed,16,Commute
entertainment,6.36,M,0,46,Sun,17,Long_Distance
shopping,6.52,M,0,66,Fri,5,Long_Distance
travel,56.65,M,0,65,Thu,10,Long_Distance
misc,7.23,M,0,42,Sun,5,Commute
misc,20.7,F,0,66,Wed,6,Long_Distance
entertainment,16.91,M,0,31,Fri,15,Long_Distance
grocery,139.6,F,0,48,Mon,2,Remote
grocery,55.29,F,0,30,Thu,1,Long_Distance
travel,7.98,F,0,71,Mon,17,Long_Distance
grocery,59.97,M,0,37,Wed,19,Commute
misc,6.52,F,0,49,Tue,4,Local
home,16.19,M,0,51,Sun,19,Long_Distance
misc,42.47,F,0,48,Mon,18,Regional
grocery,98.48,M,0,27,Sun,0,Long_Distance
travel,59.75,F,0,48,Mon,5,Commute
travel,53.86,F,0,48,Tue,11,Commute
health,11.2,M,0,59,Mon,23,Long_Distance
misc,405.94,F,0,31,Sun,16,Regional
misc,1.56,F,0,24,Fri,20,Commute
home,101.35,M,0,49,Mon,16,Long_Distance
travel,57.8,F,0,72,Fri,3,Long_Distance
grocery,19.48,M,0,93,Mon,23,Commute
travel,71.98,F,0,47,Mon,4,Commute
personal,32.94,F,0,33,Fri,17,Long_Distance
misc,6.58,M,0,43,Mon,11,Long_Distance
misc,463.54,M,0,26,Fri,2,Long_Distance
grocery,105.17,F,0,41,Sat,8,Commute
grocery,51.97,F,0,78,Mon,21,Long_Distance
grocery,101.15,M,0,38,Wed,1,Long_Distance
grocery,83.79,F,0,69,Mon,10,Commute
misc,6.33,M,0,74,Wed,9,Commute
personal,24.69,F,0,48,Tue,16,Local
home,4.49,F,0,31,Thu,20,Long_Distance
home,104.01,M,0,42,Sun,20,Long_Distance
shopping,8.78,F,0,48,Mon,12,Long_Distance
travel,71.9,M,0,39,Sun,6,Regional
misc,37.32,M,0,65,Mon,2,Local
travel,63.49,F,0,57,Thu,7,Commute
grocery,79.14,F,0,80,Wed,23,Regional
health,79.34,F,0,44,Sun,22,Regional
shopping,83.34,M,0,34,Fri,4,Long_Distance
home,51.58,F,0,69,Sun,19,Long_Distance
misc,347.92,F,0,36,Mon,15,Commute
misc,1405.33,M,0,54,Sat,9,Regional
travel,50.74,M,0,46,Tue,9,Commute
entertainment,68.21,M,0,25,Tue,22,Long_Distance
grocery,12.35,M,0,25,Wed,19,Commute
grocery,86.54,M,0,50,Thu,17,Commute
shopping,1.23,F,0,46,Sun,17,Long_Distance
misc,8.69,M,0,85,Tue,10,Long_Distance
shopping,8.96,F,0,26,Thu,21,Long_Distance
home,14.59,F,0,71,Sun,18,Remote
health,141.51,F,0,28,Mon,13,Long_Distance
home,47.24,F,0,46,Tue,19,Long_Distance
shopping,92.82,M,0,28,Fri,2,Long_Distance
misc,1.93,F,0,66,Tue,2,Long_Distance
health,134.22,M,0,64,Thu,17,Commute
entertainment,135.62,F,0,44,Mon,18,Local
entertainment,47.47,M,0,18,Mon,19,Commute
personal,8.67,F,0,70,Wed,19,Remote
entertainment,4.48,F,0,51,Tue,3,Commute
entertainment,15.25,M,0,73,Wed,14,Long_Distance
personal,1.8,F,0,22,Sat,21,Commute
home,16.28,F,0,70,Wed,23,Long_Distance
shopping,33.05,F,0,22,Fri,22,Commute
travel,72.8,M,0,53,Sat,9,Long_Distance
grocery,56.87,M,0,41,Thu,20,Regional
home,245.09,F,0,46,Thu,14,Long_Distance
health,9.29,M,0,40,Thu,18,Remote
shopping,7.55,F,0,22,Tue,12,Long_Distance
grocery,73.64,M,0,77,Tue,8,Remote
misc,25.54,F,0,47,Sun,17,Remote
personal,1.52,F,0,24,Thu,20,Commute
shopping,9.57,F,0,48,Sun,20,Commute
entertainment,8.77,F,0,55,Thu,3,Long_Distance
shopping,6.08,M,0,37,Sat,17,Long_Distance
shopping,29.48,F,0,93,Mon,9,Long_Distance
travel,80.25,F,0,47,Mon,8,Remote
shopping,2.35,M,0,26,Sat,13,Long_Distance
home,89.06,M,0,43,Fri,18,Long_Distance
home,129.92,M,0,33,Mon,12,Regional
home,24.17,F,0,29,Sat,19,Regional
home,78.9,M,0,28,Tue,17,Commute
entertainment,32.23,M,0,40,Sun,12,Commute
grocery,53.41,F,0,65,Tue,12,Regional
grocery,2.34,F,0,20,Sat,22,Remote
travel,70.24,F,0,75,Tue,0,Regional
entertainment,99.83,F,0,70,Tue,14,Regional
travel,48.51,F,0,69,Mon,0,Regional
personal,5.79,F,0,30,Sun,23,Long_Distance
grocery,65.06,M,0,54,Sun,22,Regional
grocery,75.72,F,0,88,Fri,2,Long_Distance
grocery,64.32,M,0,30,Tue,13,Commute
health,17.98,M,0,71,Sun,19,Commute
travel,55.32,F,0,79,Mon,9,Regional
shopping,2.53,F,0,33,Mon,14,Remote
shopping,5.79,F,0,48,Sat,21,Commute
grocery,44.41,M,0,36,Sat,2,Commute
grocery,56.53,M,0,47,Sat,20,Regional
travel,39.68,F,0,62,Sat,3,Long_Distance
home,43.53,M,0,41,Thu,20,Long_Distance
travel,56.01,F,0,47,Fri,8,Regional
travel,71.4,F,0,63,Mon,10,Regional
health,78.13,M,0,37,Thu,21,Remote
misc,1.11,F,0,81,Fri,11,Regional
misc,87.56,F,0,60,Tue,10,Regional
travel,9.46,F,0,74,Mon,13,Long_Distance
health,96.44,M,0,31,Tue,13,Commute
grocery,39.45,F,0,34,Fri,20,Local
misc,6.15,M,0,33,Wed,21,Long_Distance
home,39.07,F,0,29,Mon,22,Long_Distance
home,54.96,M,0,34,Sat,19,Commute
grocery,5.27,F,0,57,Fri,15,Long_Distance
travel,63.75,M,0,49,Sun,9,Long_Distance
shopping,14.62,F,0,27,Wed,12,Regional
shopping,120.53,F,0,20,Fri,17,Long_Distance
misc,28.07,F,0,48,Sat,18,Commute
personal,15.82,F,0,45,Mon,15,Commute
grocery,44.37,M,0,38,Mon,1,Regional
home,31.09,M,0,59,Tue,16,Regional
travel,2.68,F,0,39,Sat,14,Commute
grocery,66.32,F,0,43,Sun,5,Commute
grocery,60.56,F,0,35,Mon,19,Long_Distance
grocery,81.19,M,0,42,Sat,3,Commute
home,57.87,M,0,68,Fri,17,Regional
home,48.73,F,0,51,Sun,17,Commute
misc,35.23,M,0,46,Tue,10,Regional
home,173.53,M,0,27,Sun,13,Local
home,111.55,F,0,71,Sun,15,Long_Distance
personal,96.07,M,0,55,Tue,19,Long_Distance
grocery,205.3,F,0,37,Wed,11,Local
travel,55.57,F,0,59,Sat,0,Commute
travel,49.7,F,0,44,Mon,6,Long_Distance
travel,55.96,F,0,28,Mon,10,Long_Distance
personal,55.3,F,0,39,Mon,15,Long_Distance
travel,70.39,F,0,23,Mon,1,Long_Distance
misc,141.74,M,0,38,Mon,20,Long_Distance
health,118.25,F,0,65,Fri,12,Commute
misc,6.0,M,0,16,Thu,13,Commute
shopping,2.98,M,0,46,Thu,20,Commute
grocery,58.4,F,0,32,Mon,2,Regional
health,27.88,F,0,42,Tue,21,Commute
home,21.84,M,0,33,Wed,12,Commute
home,4.9,M,0,43,Sun,16,Commute
shopping,13.39,F,0,23,Tue,17,Local
shopping,7.67,F,0,41,Fri,21,Long_Distance
home,73.95,F,0,21,Sun,15,Commute
misc,9.96,F,0,64,Sun,5,Commute
home,33.51,M,0,31,Sat,20,Regional
misc,3.2,F,0,24,Sat,21,Long_Distance
personal,1.11,M,0,40,Fri,21,Commute
personal,13.97,F,0,35,Wed,20,Long_Distance
travel,66.59,F,0,32,Wed,8,Commute
entertainment,18.25,F,0,61,Sat,4,Regional
grocery,180.46,F,0,26,Thu,7,Long_Distance
shopping,429.34,F,0,37,Sat,18,Long_Distance
grocery,114.27,M,0,59,Mon,1,Commute
misc,3.22,F,0,32,Sun,14,Regional
travel,101.62,M,0,68,Sat,1,Regional
shopping,5.41,F,0,31,Mon,14,Long_Distance
shopping,3.13,F,0,66,Sun,8,Regional
home,95.73,M,0,40,Mon,13,Long_Distance
misc,1.53,F,0,31,Tue,6,Long_Distance
home,69.55,M,0,42,Mon,15,Long_Distance
grocery,196.57,F,0,48,Tue,2,Remote
grocery,96.4,F,0,79,Sun,8,Long_Distance
personal,9.0,F,0,81,Wed,16,Long_Distance
grocery,46.44,F,0,52,Wed,11,Long_Distance
shopping,90.11,M,0,30,Sat,8,Local
entertainment,71.8,F,0,27,Sun,15,Regional
entertainment,12.57,M,0,55,Thu,19,Long_Distance
travel,48.11,M,0,78,Sun,5,Long_Distance
travel,514.04,M,0,41,Mon,19,Commute
grocery,71.24,F,0,39,Thu,3,Long_Distance
misc,9.06,M,0,67,Fri,5,Remote
travel,59.26,F,0,56,Sat,1,Commute
grocery,92.54,F,0,42,Thu,23,Regional
misc,213.32,F,0,15,Wed,12,Regional
shopping,6.05,F,0,47,Sun,15,Commute
entertainment,55.86,M,0,57,Thu,7,Local
grocery,6.9,F,0,20,Thu,0,Regional
personal,14.95,F,0,69,Thu,21,Regional
home,57.87,F,0,42,Sun,12,Remote
travel,6.57,F,0,90,Sun,19,Long_Distance
misc,28.73,F,0,71,Sun,10,Regional
home,87.57,F,0,43,Sun,13,Regional
travel,35.55,F,0,60,Sun,5,Long_Distance
travel,46.91,F,0,40,Sat,9,Long_Distance
personal,79.93,M,0,38,Tue,14,Commute
entertainment,5.89,F,0,47,Mon,19,Regional
grocery,65.71,M,0,48,Sun,14,Long_Distance
misc,4.79,M,0,31,Tue,10,Commute
travel,94.04,F,0,77,Fri,8,Regional
misc,146.98,F,0,84,Tue,10,Long_Distance
misc,6.97,F,0,36,Sun,11,Regional
travel,528.32,M,0,27,Sun,14,Commute
home,7.33,F,0,32,Thu,20,Long_Distance
home,63.63,F,0,69,Sun,13,Regional
shopping,6.75,F,0,24,Thu,21,Commute
entertainment,12.98,M,0,55,Sat,15,Long_Distance
travel,9.34,F,0,58,Mon,21,Local
travel,85.7,M,0,20,Sat,2,Regional
travel,60.83,M,0,92,Thu,4,Remote
shopping,2.33,F,0,32,Sat,19,Long_Distance
shopping,9.28,M,0,34,Mon,14,Long_Distance
shopping,3.25,F,0,60,Sun,11,Commute
shopping,69.86,M,0,47,Fri,4,Commute
travel,48.5,M,0,54,Sat,6,Commute
home,41.56,F,0,44,Sat,19,Long_Distance
entertainment,4.21,F,0,52,Sun,6,Commute
grocery,31.01,F,0,33,Wed,6,Long_Distance
home,42.0,M,0,35,Sun,18,Regional
misc,2.61,M,0,75,Sun,11,Remote
home,16.27,M,0,68,Mon,22,Long_Distance
travel,46.88,M,0,66,Sun,0,Long_Distance
personal,110.75,M,0,34,Sat,15,Commute
health,80.38,F,0,35,Wed,19,Long_Distance
travel,55.52,F,0,32,Tue,1,Long_Distance
home,14.7,F,0,57,Sun,23,Local
home,13.07,F,0,72,Mon,23,Commute
entertainment,44.88,M,0,25,Fri,16,Regional
grocery,85.16,F,0,49,Mon,8,Long_Distance
personal,73.9,M,0,31,Tue,21,Long_Distance
shopping,8.52,F,0,41,Thu,23,Regional
home,129.77,M,0,64,Tue,15,Long_Distance
home,2.52,F,0,32,Sun,20,Long_Distance
misc,135.17,F,0,42,Sun,9,Regional
misc,28.8,M,0,39,Mon,2,Remote
personal,59.67,F,0,29,Sun,22,Long_Distance
misc,3.05,M,0,35,Mon,17,Long_Distance
personal,5.46,M,0,47,Sun,16,Long_Distance
entertainment,102.65,F,0,24,Sun,19,Regional
grocery,88.69,F,0,31,Tue,12,Regional
shopping,8.6,M,0,47,Tue,20,Long_Distance
personal,34.68,M,0,59,Tue,20,Long_Distance
home,91.84,M,0,36,Sat,14,Commute
entertainment,115.1,F,0,49,Sun,18,Commute
travel,83.24,M,0,48,Tue,0,Long_Distance
grocery,2.67,M,0,27,Mon,12,Long_Distance
shopping,6.05,F,0,44,Thu,15,Commute
grocery,8.75,M,0,21,Sat,20,Commute
health,5.49,M,0,53,Tue,18,Long_Distance
home,34.45,F,0,70,Mon,14,Commute
travel,4.97,F,0,30,Mon,14,Long_Distance
misc,130.05,M,0,31,Sun,3,Commute
travel,46.89,F,0,84,Fri,6,Remote
personal,49.88,F,0,33,Thu,18,Local
home,57.96,M,0,38,Thu,23,Long_Distance
personal,16.15,F,0,35,Mon,17,Long_Distance
travel,64.58,F,0,46,Mon,3,Long_Distance
home,34.98,F,0,37,Wed,21,Long_Distance
shopping,9.52,F,0,23,Mon,16,Long_Distance
misc,3.53,F,0,24,Sun,14,Long_Distance
personal,204.31,F,0,35,Mon,15,Regional
entertainment,99.52,F,0,91,Tue,11,Long_Distance
travel,63.1,M,0,38,Wed,6,Long_Distance
travel,60.12,F,0,49,Thu,4,Regional
grocery,205.0,F,0,36,Mon,8,Remote
travel,531.85,M,0,29,Wed,15,Local
shopping,2.81,M,0,42,Sun,19,Commute
travel,50.64,F,0,66,Thu,7,Commute
personal,7.71,F,0,58,Tue,13,Long_Distance
home,4.69,M,0,66,Wed,22,Commute
personal,1.29,M,0,34,Thu,12,Long_Distance
shopping,1.21,F,0,40,Sun,19,Long_Distance
misc,34.32,F,0,27,Sun,17,Commute
home,81.82,M,0,31,Fri,19,Regional
shopping,2.99,M,0,45,Tue,15,Long_Distance
travel,7.02,F,0,36,Wed,15,Regional
personal,28.12,F,0,67,Fri,12,Long_Distance
home,12.0,F,0,34,Sat,19,Long_Distance
grocery,92.18,M,0,59,Sat,21,Long_Distance
home,22.23,F,0,42,Fri,12,Regional
personal,100.11,M,0,92,Sun,12,Commute
grocery,58.42,M,0,45,Sat,21,Long_Distance
misc,9.22,F,0,57,Mon,1,Local
entertainment,1.62,F,0,37,Tue,23,Long_Distance
home,216.88,M,0,83,Mon,16,Long_Distance
home,17.9,F,0,50,Thu,15,Long_Distance
misc,49.57,M,0,59,Wed,8,Long_Distance
home,19.2,F,0,35,Tue,22,Long_Distance
health,63.37,F,0,42,Mon,23,Long_Distance
home,4.16,F,0,16,Tue,12,Long_Distance
grocery,111.66,M,0,33,Sat,0,Long_Distance
misc,4.77,F,0,47,Mon,13,Long_Distance
travel,39.23,F,0,55,Mon,2,Regional
entertainment,19.93,M,0,39,Mon,23,Commute
misc,5.72,M,0,63,Sun,9,Commute
misc,12.69,F,0,44,Wed,5,Commute
entertainment,200.28,F,0,40,Wed,21,Long_Distance
misc,4.54,F,0,45,Tue,5,Long_Distance
entertainment,64.39,F,0,21,Tue,23,Long_Distance
shopping,445.81,F,0,44,Fri,12,Commute
entertainment,99.61,F,0,45,Mon,16,Local
travel,48.12,M,0,41,Sun,1,Long_Distance
misc,9.29,M,0,52,Thu,5,Long_Distance
misc,7.07,M,0,64,Sat,10,Commute
home,69.17,M,0,87,Wed,21,Long_Distance
home,25.83,F,0,56,Sat,15,Commute
home,63.49,M,0,27,Thu,18,Long_Distance
home,76.6,M,0,34,Mon,13,Long_Distance
shopping,125.08,M,0,40,Fri,7,Remote
shopping,189.06,F,0,35,Wed,18,Commute
health,71.52,M,0,26,Wed,13,Local
travel,69.46,M,0,63,Thu,2,Long_Distance
grocery,103.5,M,0,44,Thu,3,Long_Distance
home,38.4,M,0,45,Tue,23,Long_Distance
shopping,106.83,F,0,27,Sat,13,Long_Distance
shopping,18.46,F,0,55,Tue,4,Long_Distance
travel,73.17,F,0,59,Mon,3,Long_Distance
home,82.9,M,0,26,Sun,16,Long_Distance
personal,34.0,M,0,46,Tue,14,Local
misc,45.93,M,0,57,Fri,5,Commute
home,97.87,F,0,38,Wed,16,Commute
shopping,2.5,F,0,78,Sat,2,Commute
entertainment,83.27,M,0,45,Mon,13,Long_Distance
entertainment,124.47,F,0,20,Sun,20,Regional
travel,69.59,F,0,23,Sun,11,Commute
entertainment,33.8,F,0,54,Mon,14,Commute
travel,433.16,M,0,46,Sat,14,Remote
misc,1.2,F,0,79,Sun,2,Long_Distance
health,40.22,F,0,90,Sun,23,Long_Distance
personal,40.77,F,0,45,Mon,20,Commute
home,3.84,F,0,78,Wed,16,Long_Distance
travel,55.89,F,0,40,Sun,2,Long_Distance
misc,8.39,M,0,23,Tue,12,Long_Distance
misc,41.73,M,0,17,Thu,17,Commute
misc,4.43,F,0,29,Mon,11,Long_Distance
shopping,6.13,F,0,47,Tue,17,Regional
health,26.16,M,0,53,Fri,15,Long_Distance
health,12.3,F,0,37,Sun,21,Regional
travel,41.41,F,0,70,Tue,2,Long_Distance
home,23.8,F,0,56,Tue,13,Commute
health,70.08,F,0,36,Fri,14,Long_Distance
personal,119.15,F,0,28,Tue,20,Long_Distance
travel,66.65,M,0,72,Tue,8,Remote
home,38.13,F,0,56,Mon,17,Local
home,86.14,M,0,33,Mon,19,Regional
grocery,41.41,M,0,22,Tue,21,Regional
home,52.64,M,0,34,Fri,15,Local
travel,7.63,M,0,48,Wed,19,Commute
personal,7.67,F,0,34,Mon,21,Regional
home,26.7,F,0,20,Thu,20,Long_Distance
home,1.27,M,0,72,Fri,20,Long_Distance
home,51.44,M,0,43,Sun,17,Long_Distance
misc,2.3,M,0,91,Mon,10,Regional
shopping,104.61,M,0,40,Sun,6,Remote
personal,21.03,F,0,35,Fri,21,Long_Distance
misc,176.43,F,0,37,Tue,18,Long_Distance
travel,33.25,F,0,63,Tue,3,Regional
shopping,9.89,M,0,18,Wed,13,Regional
misc,27.37,F,0,32,Mon,13,Long_Distance
home,134.57,M,0,78,Thu,22,Regional
shopping,4.78,M,0,39,Wed,13,Regional
entertainment,40.64,F,0,20,Thu,20,Commute
shopping,2.69,F,0,63,Fri,8,Commute
travel,29.59,F,0,23,Sun,9,Regional
grocery,5.96,M,0,20,Mon,19,Regional
misc,9.05,F,0,48,Sun,17,Commute
misc,1.04,M,0,23,Tue,16,Long_Distance
home,11.55,F,0,53,Sun,12,Regional
home,93.38,M,0,76,Mon,20,Long_Distance
grocery,93.58,F,0,25,Tue,1,Long_Distance
travel,53.63,M,0,74,Tue,3,Long_Distance
grocery,91.34,F,0,55,Sun,11,Long_Distance
entertainment,282.16,M,0,52,Fri,11,Commute
travel,1.85,M,0,45,Tue,21,Remote
home,47.57,F,0,20,Mon,20,Regional
travel,100.1,F,0,30,Sun,4,Long_Distance
home,21.39,M,0,32,Sun,16,Commute
home,18.29,M,0,52,Sun,14,Regional
health,15.7,F,0,34,Tue,16,Commute
grocery,94.34,M,0,56,Sun,7,Regional
grocery,138.75,M,0,74,Tue,11,Regional
travel,66.28,F,0,89,Tue,5,Regional
home,148.76,M,0,23,Mon,22,Local
home,14.95,M,0,48,Fri,15,Regional
travel,51.03,M,0,78,Sat,2,Commute
grocery,99.74,M,0,48,Mon,8,Regional
grocery,97.29,M,0,33,Fri,2,Regional
shopping,134.37,M,0,58,Tue,5,Commute
home,86.76,M,0,48,Sun,21,Long_Distance
home,16.08,F,0,48,Fri,13,Long_Distance
home,5.31,F,0,66,Mon,13,Long_Distance
misc,36.15,M,0,43,Mon,1,Regional
misc,4.22,M,0,55,Thu,5,Remote
personal,52.6,M,0,53,Fri,15,Regional
shopping,86.98,M,0,45,Mon,10,Commute
shopping,4.42,F,0,38,Sat,15,Regional
misc,34.13,M,0,38,Tue,4,Long_Distance
home,3.3,F,0,57,Mon,13,Long_Distance
grocery,154.46,F,0,64,Tue,5,Commute
misc,3.1,M,0,49,Sun,3,Long_Distance
grocery,88.34,F,0,34,Sat,21,Long_Distance
home,63.54,F,0,85,Sun,18,Long_Distance
shopping,3.01,F,0,90,Wed,1,Commute
grocery,28.29,M,0,63,Sun,18,Commute
health,7.83,F,0,35,Tue,22,Long_Distance
grocery,92.8,F,0,43,Sun,5,Long_Distance
shopping,7.97,F,0,26,Sun,22,Regional
home,12.85,F,0,25,Mon,16,Long_Distance
travel,46.04,M,0,25,Wed,11,Commute
grocery,34.2,M,0,58,Thu,15,Regional
travel,56.37,F,0,70,Tue,6,Long_Distance
travel,71.91,F,0,49,Sun,5,Regional
shopping,2.76,F,0,68,Sun,11,Long_Distance
home,30.68,M,0,48,Tue,14,Commute
travel,62.81,F,0,48,Sun,5,Regional
grocery,70.54,M,0,47,Mon,0,Remote
home,26.74,M,0,30,Mon,12,Long_Distance
misc,8.67,F,0,43,Thu,18,Regional
shopping,95.13,M,0,29,Thu,8,Long_Distance
travel,72.64,F,0,75,Tue,3,Commute
grocery,126.46,F,0,62,Sat,7,Local
misc,31.6,M,0,67,Sun,4,Long_Distance
grocery,42.54,F,0,20,Wed,12,Commute
shopping,3.25,M,0,39,Sun,12,Commute
shopping,5.95,F,0,32,Thu,13,Commute
shopping,5.67,F,0,44,Tue,20,Long_Distance
shopping,124.36,M,0,28,Thu,6,Long_Distance
personal,29.8,M,0,52,Wed,15,Long_Distance
travel,70.71,F,0,80,Mon,1,Regional
home,91.52,F,0,49,Wed,17,Long_Distance
health,71.85,M,0,27,Sun,12,Long_Distance
shopping,609.51,M,0,59,Sun,0,Long_Distance
grocery,36.68,M,0,36,Mon,1,Regional
entertainment,15.41,F,0,22,Sat,18,Long_Distance
travel,3.38,F,0,65,Thu,19,Regional
home,56.95,F,0,36,Fri,21,Long_Distance
travel,81.17,F,0,19,Sat,6,Remote
grocery,110.38,F,0,35,Mon,12,Long_Distance
misc,378.57,M,0,26,Sat,11,Long_Distance
travel,46.39,F,0,29,Sun,4,Regional
health,76.51,M,0,51,Mon,17,Regional
travel,4.6,F,0,50,Wed,15,Commute
travel,8.42,F,0,75,Thu,14,Long_Distance
grocery,35.4,F,0,29,Sun,5,Commute
shopping,12.63,F,0,65,Fri,8,Long_Distance
travel,64.22,M,0,81,Fri,9,Commute
grocery,46.93,M,0,46,Sun,10,Commute
misc,8.35,F,0,65,Fri,1,Commute
travel,61.65,F,0,75,Mon,0,Commute
grocery,35.87,M,0,42,Mon,7,Long_Distance
travel,60.85,M,0,61,Sat,3,Regional
travel,63.37,M,0,69,Fri,11,Commute
entertainment,91.52,M,0,53,Sun,9,Commute
travel,486.79,M,0,36,Sun,15,Commute
health,22.87,F,0,65,Fri,18,Long_Distance
travel,46.91,F,0,84,Mon,5,Commute
shopping,2.53,F,0,60,Mon,3,Remote
travel,38.71,F,0,46,Thu,2,Regional
home,15.5,M,0,76,Tue,14,Commute
entertainment,37.61,M,0,58,Mon,23,Long_Distance
shopping,21.82,F,0,49,Sat,13,Regional
grocery,3.19,F,0,47,Tue,16,Commute
home,53.16,F,0,35,Mon,17,Long_Distance
home,67.29,M,0,52,Tue,12,Regional
entertainment,7.06,M,0,26,Thu,14,Commute
shopping,5.72,F,0,39,Sun,13,Long_Distance
home,46.2,F,0,32,Sat,21,Regional
grocery,4.65,M,0,59,Fri,13,Long_Distance
shopping,2.06,F,0,36,Thu,23,Long_Distance
personal,83.56,M,0,39,Sun,20,Long_Distance
entertainment,131.5,M,0,43,Sun,12,Commute
grocery,14.76,F,0,62,Mon,12,Regional
shopping,6.78,F,0,48,Wed,12,Commute
grocery,90.97,M,0,65,Sun,4,Regional
travel,49.53,M,0,39,Mon,1,Local
personal,3.98,F,0,29,Sat,12,Commute
shopping,1494.03,F,0,40,Sat,20,Long_Distance
home,126.54,F,0,42,Tue,20,Regional
home,108.28,F,0,60,Thu,17,Long_Distance
shopping,12.53,M,0,51,Sat,9,Long_Distance
travel,85.34,F,0,62,Sat,10,Commute
entertainment,82.4,M,0,34,Mon,12,Long_Distance
grocery,13.52,F,0,59,Tue,20,Long_Distance
shopping,3.48,M,0,77,Sun,9,Commute
shopping,18.89,M,0,33,Tue,23,Regional
shopping,8.05,M,0,47,Wed,18,Long_Distance
entertainment,97.02,M,0,34,Sun,22,Commute
health,68.02,M,0,38,Sat,15,Regional
shopping,3.51,F,0,53,Sun,1,Commute
personal,2.98,F,0,69,Thu,19,Commute
grocery,119.45,M,0,73,Mon,3,Long_Distance
grocery,95.44,M,0,26,Mon,6,Regional
personal,22.15,F,0,88,Sun,17,Long_Distance
misc,144.88,F,0,41,Sat,8,Commute
misc,1.38,F,0,35,Mon,9,Long_Distance
home,49.24,M,0,25,Mon,22,Long_Distance
health,2.76,F,0,44,Thu,23,Remote
home,170.33,M,0,62,Mon,12,Commute
grocery,32.01,F,0,48,Fri,17,Commute
grocery,18.87,M,0,33,Fri,14,Commute
shopping,2.14,M,0,65,Mon,6,Long_Distance
travel,9.86,F,0,50,Wed,23,Long_Distance
grocery,7.78,M,0,44,Mon,16,Regional
misc,227.67,F,0,29,Thu,14,Long_Distance
health,126.4,M,0,34,Fri,12,Long_Distance
home,124.39,F,0,75,Sun,16,Commute
shopping,10.85,M,0,22,Sun,17,Long_Distance
travel,9.01,F,0,23,Tue,18,Commute
home,6.94,F,0,34,Sat,16,Long_Distance
home,42.47,M,0,32,Sun,13,Regional
shopping,7.75,M,0,41,Sun,12,Long_Distance
personal,15.9,F,0,70,Thu,15,Long_Distance
health,3.36,F,0,44,Fri,21,Long_Distance
misc,10.19,M,0,31,Fri,20,Commute
personal,30.82,M,0,78,Sun,20,Long_Distance
personal,93.52,M,0,86,Sat,15,Long_Distance
shopping,8.6,F,0,24,Sun,12,Regional
health,10.93,F,0,41,Mon,15,Regional
personal,7.45,F,0,21,Mon,15,Commute
grocery,94.9,M,0,72,Wed,5,Long_Distance
grocery,2.74,F,0,45,Tue,19,Regional
misc,8.3,F,0,20,Sun,13,Long_Distance
grocery,72.5,F,0,36,Thu,17,Remote
travel,46.1,F,0,62,Tue,5,Local
grocery,24.15,F,0,25,Sat,15,Regional
home,133.58,F,0,50,Mon,20,Long_Distance
home,12.92,M,0,55,Sun,15,Local
personal,88.73,F,0,39,Mon,21,Regional
grocery,128.16,F,0,52,Fri,11,Long_Distance
travel,44.76,M,0,51,Sun,3,Long_Distance
misc,132.0,F,0,66,Mon,6,Long_Distance
grocery,110.96,M,0,53,Sun,8,Regional
home,6.04,M,0,74,Thu,13,Regional
travel,99.79,M,0,72,Thu,2,Regional
grocery,100.05,M,0,50,Mon,7,Commute
shopping,128.62,M,0,42,Fri,3,Regional
health,38.05,M,0,18,Sun,16,Long_Distance
grocery,70.28,F,0,66,Thu,13,Long_Distance
entertainment,26.58,F,0,29,Wed,18,Regional
grocery,132.29,M,0,64,Tue,9,Long_Distance
misc,32.59,M,0,48,Fri,12,Commute
misc,2.64,F,0,65,Sun,4,Regional
shopping,7.0,F,0,69,Sun,1,Regional
misc,9.82,M,0,61,Mon,4,Remote
home,10.07,F,0,34,Mon,20,Long_Distance
home,8.74,F,0,85,Sun,15,Long_Distance
shopping,9.45,F,0,69,Tue,8,Long_Distance
travel,9.72,F,0,74,Mon,22,Remote
grocery,64.14,F,0,35,Tue,18,Remote
travel,6.85,F,0,64,Wed,21,Commute
grocery,175.38,F,0,36,Thu,6,Commute
shopping,7.66,M,0,36,Wed,23,Local
home,38.66,M,0,50,Sun,16,Long_Distance
shopping,1.57,F,0,70,Thu,5,Long_Distance
home,74.19,F,0,38,Sun,23,Long_Distance
travel,60.42,M,0,46,Mon,11,Commute
travel,62.45,F,0,31,Sun,10,Long_Distance
entertainment,27.58,F,0,34,Sun,15,Commute
shopping,1.79,F,0,34,Sat,12,Long_Distance
health,26.36,M,0,20,Sun,15,Long_Distance
home,179.86,F,0,35,Mon,18,Regional
shopping,2.28,F,0,32,Tue,15,Regional
shopping,7.89,M,0,34,Wed,21,Commute
shopping,9.28,F,0,34,Wed,14,Long_Distance
personal,47.2,M,0,39,Sun,22,Commute
home,7.12,F,0,74,Wed,22,Commute
home,4.14,M,0,26,Sun,13,Commute
travel,73.91,M,0,62,Fri,4,Long_Distance
shopping,9.43,F,0,36,Sat,17,Commute
grocery,93.92,M,0,30,Sat,6,Commute
misc,109.69,M,0,27,Fri,11,Remote
home,3.27,F,0,43,Sat,14,Long_Distance
grocery,23.29,F,0,23,Mon,13,Commute
shopping,20.41,M,0,38,Fri,14,Regional
personal,187.37,F,0,83,Sat,13,Long_Distance
misc,6.02,M,0,32,Fri,3,Long_Distance
grocery,113.42,F,0,66,Sun,7,Commute
grocery,87.66,M,0,29,Thu,3,Long_Distance
home,75.29,M,0,40,Thu,20,Regional
entertainment,90.7,M,0,53,Sun,8,Commute
shopping,172.33,F,0,32,Fri,21,Long_Distance
personal,12.41,F,0,47,Mon,17,Commute
shopping,4.69,F,0,28,Tue,18,Regional
home,23.56,M,0,43,Tue,18,Regional
grocery,25.86,F,0,59,Wed,12,Regional
shopping,49.26,F,0,34,Sat,12,Commute
travel,113.38,M,0,55,Tue,1,Regional
travel,6.68,F,0,20,Mon,12,Long_Distance
grocery,18.97,F,0,22,Wed,9,Long_Distance
shopping,1.82,M,0,64,Mon,7,Long_Distance
shopping,5.83,F,0,69,Wed,3,Remote
home,175.94,M,0,42,Sun,13,Commute
personal,142.71,M,0,52,Mon,21,Regional
misc,407.69,F,0,51,Mon,5,Commute
travel,7.27,F,0,27,Fri,15,Regional
shopping,1.03,F,0,65,Mon,8,Long_Distance
travel,38.24,M,0,64,Fri,8,Long_Distance
entertainment,14.71,F,0,36,Fri,17,Long_Distance
home,32.62,F,0,63,Fri,17,Regional
home,19.03,F,0,25,Wed,18,Regional
misc,3.38,M,0,38,Tue,18,Commute
travel,52.51,M,0,69,Sun,6,Regional
shopping,193.21,M,0,60,Fri,1,Long_Distance
misc,39.29,F,0,78,Tue,9,Regional
shopping,89.56,M,0,29,Fri,3,Commute
grocery,22.32,M,0,45,Sat,11,Commute
shopping,1.5,M,0,72,Thu,5,Long_Distance
personal,8.28,M,0,23,Sun,17,Commute
shopping,3.05,F,0,31,Wed,18,Regional
grocery,79.27,F,0,49,Sun,14,Commute
home,9.32,F,0,36,Mon,23,Regional
grocery,131.42,F,0,48,Sat,4,Regional
misc,5.3,F,0,69,Thu,6,Remote
grocery,4.44,M,0,19,Mon,12,Long_Distance
shopping,1.06,F,0,30,Mon,16,Commute
home,36.2,M,0,42,Mon,19,Long_Distance
entertainment,135.09,F,0,65,Sun,12,Long_Distance
home,120.18,F,0,65,Fri,17,Commute
personal,86.02,F,0,15,Wed,19,Commute
grocery,11.8,F,0,51,Mon,18,Long_Distance
health,2.32,M,0,71,Thu,22,Regional
home,142.18,M,0,41,Sat,23,Regional
shopping,7.5,F,0,32,Sat,12,Commute
grocery,16.79,F,0,35,Sat,15,Regional
misc,30.76,F,0,25,Mon,1,Long_Distance
personal,49.4,F,0,57,Sat,13,Commute
travel,82.94,F,0,43,Sat,1,Commute
grocery,81.53,M,0,54,Mon,20,Long_Distance
home,82.57,M,0,46,Thu,20,Commute
shopping,9.91,F,0,38,Tue,21,Long_Distance
shopping,35.97,F,0,35,Thu,13,Regional
health,72.71,F,0,63,Sat,15,Local
grocery,57.69,M,0,29,Sun,18,Long_Distance
home,95.11,F,0,63,Fri,16,Regional
grocery,104.54,M,0,58,Sat,8,Local
grocery,96.09,M,0,57,Thu,7,Long_Distance
shopping,31.05,F,0,49,Sat,16,Long_Distance
grocery,98.42,M,0,72,Mon,8,Long_Distance
health,62.84,F,0,46,Wed,21,Long_Distance
misc,1.85,M,0,43,Sat,6,Long_Distance
home,8.04,F,0,56,Sun,19,Regional
home,34.73,F,0,35,Mon,21,Long_Distance
shopping,7.16,M,0,56,Mon,2,Commute
home,80.75,M,0,30,Mon,16,Long_Distance
misc,5.88,F,0,70,Tue,7,Regional
shopping,346.55,M,0,49,Fri,2,Long_Distance
shopping,3.66,M,0,75,Mon,8,Regional
travel,434.22,M,0,54,Sun,23,Regional
personal,28.37,F,0,58,Mon,21,Commute
personal,1.48,F,0,25,Tue,21,Commute
shopping,9.92,M,0,77,Sun,8,Long_Distance
shopping,4.86,F,0,20,Wed,14,Long_Distance
travel,50.26,F,0,30,Mon,0,Regional
misc,9.96,M,0,71,Tue,4,Local
shopping,46.49,M,0,49,Wed,0,Long_Distance
grocery,75.7,M,0,33,Fri,3,Commute
misc,7.97,F,0,46,Tue,20,Long_Distance
entertainment,32.53,M,0,61,Sun,21,Regional
grocery,100.58,F,0,48,Tue,10,Regional
personal,2.0,F,0,48,Tue,18,Long_Distance
entertainment,52.98,F,0,85,Wed,7,Commute
entertainment,64.77,M,0,39,Mon,20,Commute
grocery,33.08,F,0,24,Sun,7,Commute
entertainment,21.96,F,0,48,Sat,16,Commute
grocery,46.57,F,0,36,Sun,3,Remote
entertainment,6.66,M,0,91,Tue,4,Regional
health,119.66,M,0,69,Wed,18,Commute
home,76.82,M,0,63,Wed,20,Long_Distance
misc,40.3,F,0,25,Mon,1,Long_Distance
grocery,90.54,M,0,33,Sat,11,Long_Distance
misc,79.22,F,0,27,Tue,0,Remote
entertainment,66.74,F,0,50,Mon,21,Long_Distance
shopping,8.81,M,0,61,Sun,5,Regional
entertainment,111.74,M,0,19,Mon,17,Commute
shopping,8.75,F,0,48,Mon,14,Long_Distance
shopping,7.95,M,0,64,Wed,9,Commute
travel,49.09,F,0,84,Sat,10,Long_Distance
entertainment,55.19,F,0,31,Sun,19,Regional
shopping,30.37,F,0,42,Tue,14,Commute
shopping,8.97,F,0,27,Fri,22,Regional
travel,2.65,M,0,71,Mon,22,Long_Distance
shopping,8.61,F,0,35,Sat,12,Regional
home,29.06,M,0,20,Sat,23,Long_Distance
home,20.41,F,0,36,Fri,17,Long_Distance
health,11.3,F,0,59,Mon,17,Long_Distance
grocery,21.11,F,0,80,Sat,16,Long_Distance
grocery,88.43,F,0,44,Sun,9,Long_Distance
travel,91.84,F,0,18,Sat,2,Long_Distance
shopping,4.51,F,0,62,Mon,11,Remote
grocery,17.89,F,0,25,Tue,6,Regional
grocery,98.18,F,0,86,Wed,3,Long_Distance
shopping,4.16,F,0,53,Thu,6,Commute
home,34.15,F,0,48,Sun,22,Commute
home,61.36,M,0,59,Tue,16,Long_Distance
grocery,52.5,F,0,81,Mon,5,Long_Distance
shopping,2.74,F,0,66,Sat,6,Regional
entertainment,41.73,F,0,27,Thu,12,Commute
entertainment,53.65,F,0,80,Thu,11,Regional
home,18.47,F,0,74,Fri,18,Regional
shopping,16.7,M,0,61,Thu,6,Regional
home,53.17,M,0,35,Sun,22,Commute
travel,3.39,M,0,60,Sun,13,Long_Distance
shopping,85.45,M,0,31,Mon,1,Commute
entertainment,65.02,F,0,48,Mon,21,Long_Distance
misc,46.98,M,0,45,Sun,9,Long_Distance
personal,22.31,F,0,65,Mon,15,Long_Distance
home,76.64,M,0,41,Sun,17,Long_Distance
travel,68.91,M,0,71,Wed,10,Long_Distance
misc,8.27,M,0,51,Thu,11,Regional
home,65.12,F,0,23,Mon,19,Long_Distance
misc,3.34,M,0,20,Fri,13,Commute
shopping,3.93,M,0,51,Sat,11,Commute
personal,3.97,F,0,32,Sat,19,Long_Distance
travel,60.97,F,0,64,Wed,0,Long_Distance
grocery,79.17,M,0,27,Fri,12,Long_Distance
travel,26.1,M,0,65,Fri,23,Commute
home,56.99,F,0,51,Fri,18,Long_Distance
grocery,74.66,M,0,35,Sat,0,Commute
entertainment,138.14,F,0,56,Fri,1,Long_Distance
grocery,107.14,F,0,33,Mon,8,Long_Distance
home,72.93,F,0,32,Sun,19,Long_Distance
travel,102.6,F,0,36,Fri,5,Long_Distance
personal,11.43,F,0,26,Fri,16,Long_Distance
entertainment,60.45,M,0,20,Wed,21,Remote
personal,18.06,F,0,26,Fri,16,Commute
grocery,13.79,M,0,67,Sat,19,Regional
entertainment,61.44,M,0,59,Mon,15,Long_Distance
misc,2.13,F,0,42,Sat,2,Commute
travel,5.8,M,0,63,Sun,21,Long_Distance
misc,25.55,F,0,32,Mon,19,Regional
grocery,26.48,M,0,30,Sun,2,Long_Distance
misc,3.75,M,0,26,Wed,16,Commute
misc,2.55,F,0,49,Tue,21,Remote
travel,55.98,F,0,53,Fri,4,Regional
personal,29.89,F,0,36,Sat,15,Commute
travel,61.31,F,0,39,Fri,4,Regional
grocery,114.4,M,0,75,Sun,2,Long_Distance
shopping,6.1,F,0,26,Mon,18,Long_Distance
home,8.92,F,0,66,Mon,12,Commute
grocery,88.59,F,0,37,Mon,23,Long_Distance
misc,19.02,M,0,44,Tue,16,Commute
shopping,7.96,M,0,53,Thu,5,Long_Distance
misc,53.52,M,0,54,Sun,9,Long_Distance
grocery,204.92,M,0,20,Fri,17,Regional
health,8.77,F,0,20,Tue,15,Remote
health,23.95,F,0,26,Tue,14,Commute
home,16.79,F,0,43,Wed,12,Commute
shopping,1.24,M,0,46,Mon,17,Commute
grocery,92.32,M,0,50,Sat,8,Regional
misc,5.49,F,0,48,Sun,1,Long_Distance
misc,1.53,F,0,24,Fri,8,Long_Distance
grocery,62.19,M,0,79,Thu,0,Long_Distance
shopping,363.68,F,0,60,Mon,4,Long_Distance
travel,57.96,F,0,36,Tue,4,Long_Distance
shopping,83.92,M,0,37,Thu,2,Long_Distance
home,41.21,M,0,55,Sat,19,Long_Distance
shopping,90.01,M,0,46,Tue,1,Long_Distance
grocery,77.18,F,0,47,Fri,1,Long_Distance
home,16.45,F,0,47,Sun,18,Long_Distance
entertainment,131.98,F,0,39,Thu,15,Commute
entertainment,49.48,F,0,85,Mon,2,Long_Distance
grocery,51.85,M,0,51,Fri,22,Long_Distance
misc,41.09,M,0,35,Sun,10,Commute
travel,147.25,F,0,54,Sat,23,Commute
misc,325.15,F,0,30,Sun,22,Commute
grocery,71.51,M,0,25,Mon,4,Regional
personal,28.25,F,0,41,Tue,13,Long_Distance
shopping,6.21,M,0,51,Mon,10,Long_Distance
shopping,106.08,M,0,27,Sat,1,Regional
personal,189.1,F,0,46,Mon,19,Regional
home,61.0,F,0,35,Tue,16,Commute
shopping,51.8,F,0,63,Fri,10,Regional
grocery,40.43,M,0,46,Sat,4,Regional
grocery,66.5,F,0,24,Mon,4,Regional
travel,50.92,M,0,52,Fri,10,Regional
home,151.42,F,0,89,Thu,17,Regional
shopping,150.38,M,0,44,Thu,0,Long_Distance
travel,40.16,F,0,33,Mon,0,Long_Distance
health,248.96,F,0,48,Wed,20,Commute
shopping,4.48,M,0,37,Fri,17,Commute
travel,74.79,F,0,35,Sun,11,Regional
shopping,9.78,M,0,20,Sat,21,Regional
home,61.09,F,0,31,Mon,20,Long_Distance
entertainment,3.99,M,0,23,Mon,21,Long_Distance
home,56.6,M,0,43,Sun,21,Commute
grocery,52.56,M,0,57,Fri,20,Long_Distance
grocery,36.98,F,0,21,Sat,7,Long_Distance
home,85.42,M,0,31,Thu,22,Long_Distance
misc,9.63,F,0,19,Sat,13,Commute
grocery,155.77,F,0,57,Sun,0,Long_Distance
home,53.79,M,0,41,Tue,22,Commute
home,32.96,F,0,64,Sun,18,Commute
health,35.95,F,0,21,Sat,15,Commute
shopping,149.33,M,0,50,Thu,9,Regional
entertainment,93.54,M,0,44,Tue,19,Long_Distance
grocery,78.16,F,0,32,Sat,0,Regional
misc,101.49,F,0,44,Fri,21,Long_Distance
grocery,59.6,F,0,57,Thu,8,Regional
entertainment,6.21,M,0,61,Mon,21,Long_Distance
travel,59.62,F,0,22,Sun,6,Commute
misc,5.76,F,0,27,Sat,4,Long_Distance
misc,1.89,F,0,64,Tue,2,Regional
shopping,28.07,F,0,37,Fri,12,Commute
home,73.92,F,0,48,Fri,14,Long_Distance
health,120.67,F,0,22,Tue,13,Regional
entertainment,33.75,M,0,92,Sat,14,Long_Distance
travel,68.94,F,0,45,Sun,11,Long_Distance
travel,77.69,F,0,62,Sat,4,Long_Distance
entertainment,296.29,F,0,68,Wed,10,Long_Distance
travel,76.65,F,0,15,Mon,3,Long_Distance
travel,1.45,F,0,25,Wed,20,Long_Distance
grocery,29.22,M,0,24,Sat,7,Local
misc,89.13,F,0,22,Tue,20,Long_Distance
home,62.67,M,0,67,Fri,19,Regional
home,26.44,F,0,30,Sat,16,Long_Distance
shopping,1.88,F,0,39,Mon,19,Long_Distance
misc,49.37,M,0,17,Fri,14,Regional
grocery,90.21,M,0,66,Sat,5,Remote
shopping,4.45,F,0,48,Thu,15,Commute
shopping,2.38,M,0,50,Fri,6,Long_Distance
entertainment,35.74,M,0,66,Thu,21,Commute
home,39.39,M,0,79,Sun,18,Commute
grocery,120.78,F,0,66,Mon,1,Regional
entertainment,51.68,F,0,61,Sun,12,Long_Distance
home,41.15,M,0,35,Sun,13,Long_Distance
home,140.53,M,0,51,Mon,23,Local
travel,5.22,F,0,70,Mon,14,Remote
home,10.03,M,0,59,Tue,19,Long_Distance
home,24.81,F,0,22,Tue,23,Long_Distance
home,15.67,F,0,89,Sun,15,Regional
health,9.68,M,0,22,Fri,22,Long_Distance
misc,5.3,M,0,54,Mon,7,Long_Distance
misc,141.62,F,0,29,Sun,17,Remote
home,14.41,F,0,35,Mon,20,Commute
grocery,111.52,M,0,35,Mon,3,Long_Distance
grocery,60.51,M,0,26,Fri,1,Regional
shopping,8.18,M,0,71,Wed,4,Long_Distance
home,77.23,F,0,60,Tue,19,Long_Distance
home,28.18,F,0,72,Mon,20,Commute
home,110.29,F,0,31,Mon,20,Long_Distance
personal,75.09,F,0,93,Tue,13,Remote
misc,6.77,M,0,50,Sat,10,Regional
shopping,8.61,F,0,64,Sun,5,Long_Distance
grocery,26.61,M,0,68,Sat,17,Local
health,2.28,M,0,65,Mon,20,Regional
shopping,9.49,M,0,38,Mon,16,Long_Distance
travel,38.35,F,0,44,Wed,8,Remote
travel,2.09,F,0,33,Thu,20,Regional
travel,78.63,M,0,31,Sun,2,Commute
grocery,4.99,M,0,21,Wed,21,Remote
grocery,121.13,F,0,59,Sat,6,Commute
shopping,2.25,M,0,59,Mon,6,Long_Distance
shopping,3.29,M,0,75,Tue,9,Long_Distance
shopping,7.1,F,0,32,Mon,14,Regional
shopping,64.34,F,0,35,Mon,13,Long_Distance
travel,57.29,F,0,55,Mon,8,Long_Distance
misc,141.14,F,0,67,Thu,1,Regional
shopping,94.85,M,0,40,Mon,7,Commute
grocery,55.51,M,0,48,Sat,15,Commute
grocery,92.4,M,0,50,Sat,9,Remote
grocery,76.5,F,0,20,Tue,0,Long_Distance
shopping,7.16,F,0,65,Mon,11,Long_Distance
health,23.83,M,0,27,Sat,18,Regional
home,9.05,F,0,42,Fri,23,Regional
misc,1.6,M,0,53,Tue,10,Regional
travel,94.39,F,0,31,Tue,7,Long_Distance
home,24.65,M,0,50,Tue,16,Long_Distance
personal,43.41,F,0,61,Sat,21,Commute
grocery,126.92,M,0,72,Mon,6,Long_Distance
travel,50.23,M,0,68,Sat,8,Long_Distance
home,11.99,F,0,33,Mon,23,Long_Distance
shopping,18.64,F,0,36,Sat,14,Regional
misc,81.43,M,0,57,Sat,2,Local
grocery,106.99,F,0,57,Wed,11,Long_Distance
home,3.97,M,0,48,Mon,19,Long_Distance
shopping,13.76,F,0,89,Sun,5,Long_Distance
travel,54.53,M,0,44,Wed,0,Commute
home,44.28,F,0,56,Fri,20,Commute
grocery,104.93,F,0,56,Sat,11,Regional
misc,2.71,F,0,46,Fri,11,Regional
misc,9.78,F,0,57,Mon,6,Long_Distance
misc,12.52,M,0,39,Sun,23,Long_Distance
misc,2.32,F,0,70,Mon,4,Remote
personal,10.33,M,0,50,Sun,23,Regional
personal,131.91,F,0,48,Mon,15,Commute
grocery,79.14,M,0,31,Tue,19,Local
health,12.47,M,0,57,Sat,17,Local
health,38.49,F,0,40,Mon,22,Local
entertainment,178.08,M,0,35,Wed,23,Long_Distance
grocery,96.86,F,0,37,Thu,10,Commute
personal,77.48,M,0,46,Tue,19,Long_Distance
travel,68.78,F,0,49,Fri,9,Long_Distance
entertainment,2.45,M,0,35,Sun,18,Regional
home,66.93,F,0,93,Tue,14,Long_Distance
home,79.71,M,0,38,Sat,17,Long_Distance
grocery,138.75,F,0,49,Tue,11,Commute
home,26.12,F,0,59,Tue,15,Regional
health,30.83,M,0,55,Fri,16,Long_Distance
health,30.73,M,0,29,Sun,12,Commute
grocery,96.13,M,0,57,Fri,11,Commute
grocery,1.4,F,0,41,Sun,18,Long_Distance
grocery,2.51,F,0,23,Mon,17,Regional
travel,55.3,M,0,59,Sat,1,Commute
travel,9.68,F,0,47,Sat,19,Long_Distance
health,63.7,F,0,45,Sun,13,Commute
grocery,92.97,F,0,39,Fri,8,Commute
misc,4.98,M,0,64,Sun,4,Long_Distance
home,32.71,F,0,49,Sat,13,Regional
entertainment,2.3,F,0,90,Sun,5,Long_Distance
health,47.55,F,0,44,Tue,12,Commute
home,34.91,F,0,21,Tue,12,Local
home,36.03,F,0,37,Sun,16,Remote
home,18.92,F,0,46,Mon,14,Commute
shopping,4.46,F,0,80,Sat,4,Remote
personal,9.72,F,0,44,Fri,14,Regional
personal,3.58,F,0,48,Fri,12,Remote
misc,88.22,F,0,24,Thu,15,Long_Distance
grocery,61.35,M,0,47,Sat,7,Long_Distance
travel,1.6,F,0,36,Sun,20,Commute
travel,64.2,F,0,45,Fri,11,Long_Distance
travel,45.32,F,0,52,Mon,0,Long_Distance
grocery,3.21,F,0,23,Fri,19,Commute
home,6.07,F,0,65,Sun,13,Long_Distance
misc,7.87,F,0,55,Mon,10,Commute
grocery,81.77,F,0,50,Sat,7,Long_Distance
shopping,88.2,M,0,46,Fri,11,Local
home,56.35,F,0,31,Fri,15,Long_Distance
home,7.08,M,0,35,Mon,16,Remote
personal,2.51,F,0,51,Fri,15,Commute
home,37.98,F,0,35,Mon,12,Regional
home,5.04,F,0,30,Mon,17,Long_Distance
misc,12.45,F,0,44,Mon,3,Regional
misc,5.65,F,0,47,Mon,3,Commute
travel,50.72,M,0,48,Sat,3,Remote
health,74.01,M,0,27,Thu,16,Long_Distance
misc,134.18,M,0,51,Tue,7,Regional
home,36.43,M,0,53,Sat,20,Long_Distance
home,94.65,M,0,18,Sun,21,Commute
home,11.54,M,0,41,Sat,20,Long_Distance
home,9.7,F,0,20,Fri,18,Regional
home,47.6,M,0,62,Thu,13,Long_Distance
misc,58.99,F,0,36,Tue,6,Long_Distance
home,24.9,F,0,55,Mon,14,Long_Distance
grocery,162.23,F,0,61,Sun,0,Local
health,53.31,M,0,65,Sat,12,Regional
personal,21.77,F,0,50,Tue,13,Long_Distance
grocery,93.94,M,0,82,Sat,2,Long_Distance
entertainment,22.38,M,0,78,Tue,10,Long_Distance
home,62.77,M,0,58,Wed,13,Commute
home,29.66,F,0,50,Sat,18,Regional
shopping,2.83,F,0,35,Mon,13,Long_Distance
misc,1.07,M,0,33,Sun,3,Long_Distance
shopping,6.85,F,0,35,Mon,18,Long_Distance
grocery,198.9,F,0,42,Sun,3,Commute
grocery,77.66,M,0,65,Tue,2,Long_Distance
misc,3.1,M,0,22,Sun,19,Long_Distance
shopping,8.14,F,0,67,Sun,7,Long_Distance
travel,46.82,F,0,39,Mon,5,Commute
grocery,122.32,F,0,77,Fri,3,Long_Distance
grocery,44.41,F,0,34,Mon,9,Commute
travel,33.26,F,0,61,Sun,10,Local
home,11.48,F,0,73,Wed,22,Regional
grocery,21.22,F,0,24,Fri,2,Long_Distance
travel,2.2,F,0,71,Thu,21,Long_Distance
travel,85.09,M,0,64,Sun,2,Commute
health,78.23,M,0,47,Mon,17,Commute
home,141.34,F,0,30,Thu,16,Long_Distance
grocery,146.85,M,0,64,Sat,3,Regional
misc,35.28,M,0,38,Wed,8,Commute
misc,36.06,M,0,45,Fri,11,Long_Distance
grocery,95.63,M,0,29,Mon,0,Regional
personal,77.06,M,0,41,Fri,13,Long_Distance
shopping,3.51,M,0,50,Mon,0,Long_Distance
misc,2.23,M,0,44,Tue,17,Commute
grocery,24.3,M,0,39,Tue,6,Long_Distance
grocery,113.07,M,0,27,Tue,3,Regional
misc,4.45,M,0,18,Sun,21,Remote
travel,1.86,F,0,59,Sat,16,Long_Distance
grocery,50.46,F,0,41,Mon,1,Local
health,3.19,F,0,57,Tue,17,Regional
entertainment,84.25,F,0,29,Fri,20,Regional
home,14.22,F,0,45,Mon,21,Commute
home,2.51,M,0,49,Tue,12,Long_Distance
home,7.14,F,0,33,Wed,23,Regional
entertainment,95.8,F,0,58,Thu,3,Commute
home,90.83,M,0,51,Thu,20,Long_Distance
shopping,8.55,F,0,35,Tue,23,Regional
travel,9.98,F,0,66,Mon,16,Long_Distance
misc,2.14,F,0,36,Sun,19,Regional
grocery,78.84,F,0,35,Sun,1,Commute
travel,42.91,F,0,33,Mon,5,Long_Distance
grocery,12.07,F,0,42,Sun,19,Long_Distance
travel,5.77,F,0,87,Thu,19,Local
home,68.23,F,0,31,Thu,13,Long_Distance
shopping,6.22,M,0,54,Sun,2,Long_Distance
misc,75.5,M,0,50,Thu,0,Regional
travel,3.0,F,0,53,Wed,23,Commute
shopping,116.46,M,0,45,Mon,13,Long_Distance
misc,9.32,F,0,38,Thu,21,Long_Distance
grocery,94.48,F,0,24,Wed,4,Commute
home,57.62,M,0,60,Sun,16,Regional
misc,5.49,F,0,44,Mon,6,Commute
shopping,7.58,F,0,48,Sun,18,Long_Distance
grocery,120.63,F,0,29,Wed,11,Commute
home,94.72,F,0,64,Mon,13,Commute
travel,70.56,M,0,37,Tue,7,Long_Distance
shopping,9.86,F,0,43,Thu,21,Commute
grocery,108.91,M,0,75,Sun,2,Regional
misc,33.95,M,0,35,Fri,9,Long_Distance
home,70.14,F,0,86,Mon,22,Regional
personal,29.26,F,0,49,Tue,14,Remote
personal,5.4,F,0,46,Fri,14,Long_Distance
misc,22.3,M,0,92,Mon,3,Long_Distance
personal,45.25,F,0,61,Fri,20,Long_Distance
shopping,1.04,F,0,79,Wed,6,Long_Distance
grocery,126.78,F,0,68,Sun,4,Regional
grocery,64.7,F,0,26,Thu,7,Regional
travel,72.83,F,0,32,Sat,9,Commute
home,41.6,F,0,31,Sat,21,Long_Distance
health,14.04,M,0,32,Fri,19,Long_Distance
travel,1.05,F,0,45,Sun,16,Commute
travel,51.65,F,0,42,Wed,0,Long_Distance
shopping,4.98,F,0,44,Tue,20,Commute
home,170.39,M,0,64,Wed,12,Local
misc,53.09,M,0,37,Sun,17,Commute
misc,201.46,F,0,23,Sat,22,Long_Distance
health,36.71,M,0,38,Mon,22,Long_Distance
personal,53.89,F,0,19,Sat,20,Long_Distance
shopping,12.47,M,0,68,Wed,3,Regional
shopping,93.22,M,0,40,Sun,5,Commute
shopping,1.03,M,0,66,Thu,3,Commute
personal,28.92,M,0,57,Sun,23,Commute
travel,478.99,M,0,27,Tue,22,Commute
shopping,4.39,F,0,34,Sat,19,Regional
grocery,138.69,M,0,50,Mon,7,Commute
grocery,8.75,M,0,45,Sun,15,Long_Distance
misc,84.45,F,0,48,Fri,18,Long_Distance
grocery,36.97,M,0,41,Tue,4,Long_Distance
grocery,54.32,M,0,38,Thu,3,Commute
home,118.91,F,0,59,Tue,12,Commute
home,14.24,M,0,50,Sat,14,Regional
misc,7.94,F,0,62,Sun,7,Remote
travel,79.11,F,0,30,Tue,0,Commute
shopping,5.0,M,0,22,Thu,17,Long_Distance
grocery,163.7,F,0,26,Mon,5,Long_Distance
personal,45.64,F,0,27,Sun,13,Commute
misc,19.8,M,0,40,Wed,15,Long_Distance
shopping,1.29,F,0,65,Mon,4,Regional
grocery,171.02,F,0,35,Thu,11,Regional
grocery,57.4,F,0,30,Sat,9,Commute
shopping,1.92,F,0,49,Mon,16,Regional
misc,38.7,M,0,54,Sat,4,Long_Distance
grocery,12.2,M,0,84,Tue,21,Long_Distance
home,19.9,M,0,58,Mon,16,Commute
travel,38.82,F,0,21,Sun,1,Commute
grocery,55.33,F,0,22,Sat,15,Regional
misc,83.22,M,0,21,Sat,14,Long_Distance
shopping,88.4,M,0,15,Sun,14,Regional
travel,9.75,M,0,25,Sun,13,Long_Distance
travel,86.0,M,0,30,Sun,7,Long_Distance
health,4.85,F,0,35,Wed,23,Regional
travel,68.66,M,0,27,Thu,11,Long_Distance
travel,7.68,F,0,22,Mon,13,Commute
home,99.53,F,0,39,Sun,16,Long_Distance
travel,8.84,M,0,38,Tue,22,Regional
home,12.57,M,0,57,Tue,17,Regional
travel,68.91,M,0,26,Sun,1,Long_Distance
misc,31.24,M,0,30,Mon,7,Regional
shopping,87.33,M,0,37,Mon,8,Regional
travel,79.22,F,0,23,Mon,10,Commute
grocery,78.32,M,0,32,Sun,9,Regional
grocery,14.89,F,0,65,Fri,3,Long_Distance
home,48.52,M,0,46,Thu,15,Long_Distance
misc,298.88,F,0,43,Sun,9,Remote
home,92.88,F,0,46,Sat,17,Long_Distance
home,16.49,F,0,30,Sat,12,Long_Distance
misc,80.81,F,0,33,Sat,10,Long_Distance
health,128.6,F,0,65,Sat,19,Commute
grocery,37.16,F,0,57,Wed,8,Regional
personal,72.34,M,0,27,Mon,17,Commute
shopping,66.39,F,0,33,Sun,18,Long_Distance
shopping,1.6,F,0,64,Mon,10,Regional
grocery,73.74,M,0,73,Mon,8,Regional
shopping,99.78,M,0,42,Thu,0,Long_Distance
misc,8.18,F,0,29,Fri,21,Commute
grocery,186.57,F,0,38,Mon,6,Long_Distance
home,89.54,M,0,81,Wed,17,Long_Distance
travel,58.59,F,0,27,Sat,8,Long_Distance
personal,198.54,M,0,88,Wed,21,Long_Distance
home,58.15,M,0,41,Mon,20,Regional
home,10.86,F,0,32,Tue,23,Regional
grocery,59.19,F,0,24,Fri,12,Long_Distance
grocery,4.96,F,0,36,Wed,21,Remote
home,4.13,F,0,90,Sat,21,Regional
shopping,98.06,M,0,31,Mon,4,Commute
health,99.55,M,0,52,Sun,12,Remote
shopping,26.39,M,0,77,Mon,11,Long_Distance
travel,67.36,M,0,50,Mon,9,Regional
home,24.81,F,0,27,Sun,23,Long_Distance
grocery,39.51,F,0,21,Mon,14,Regional
shopping,221.1,F,0,27,Mon,16,Remote
misc,66.75,F,0,42,Sun,9,Remote
travel,1.4,F,0,29,Tue,22,Remote
travel,59.23,M,0,66,Sat,10,Commute
home,29.57,F,0,55,Thu,17,Regional
travel,67.89,F,0,29,Wed,10,Commute
shopping,9.95,F,0,70,Mon,0,Long_Distance
misc,23.53,F,0,46,Thu,13,Commute
shopping,97.64,M,0,38,Sun,10,Long_Distance
home,52.93,M,0,35,Mon,23,Regional
shopping,1.47,M,0,58,Wed,3,Commute
shopping,138.02,M,0,33,Tue,10,Commute
grocery,25.83,M,0,78,Tue,14,Remote
entertainment,18.4,M,0,39,Sat,22,Commute
personal,101.59,F,0,66,Thu,23,Commute
personal,40.06,F,0,49,Mon,16,Commute
shopping,23.87,M,0,27,Fri,14,Long_Distance
grocery,102.76,M,0,27,Tue,8,Commute
home,78.86,M,0,26,Mon,14,Regional
misc,2.42,M,0,54,Sat,10,Commute
misc,81.15,M,0,46,Wed,6,Long_Distance
travel,66.85,M,0,46,Sun,10,Commute
travel,37.93,M,0,92,Sat,5,Long_Distance
misc,15.1,M,0,50,Fri,9,Long_Distance
entertainment,53.43,F,0,23,Sun,22,Regional
personal,5.14,F,0,22,Sun,21,Commute
health,72.19,M,0,45,Fri,13,Long_Distance
entertainment,116.93,F,0,44,Sat,16,Long_Distance
travel,60.08,F,0,21,Wed,4,Regional
shopping,1.85,M,0,47,Mon,18,Long_Distance
grocery,181.24,F,0,43,Mon,10,Long_Distance
entertainment,61.2,F,0,39,Sun,20,Commute
health,10.42,M,0,83,Tue,23,Long_Distance
health,78.36,F,0,26,Sat,17,Commute
shopping,2.86,F,0,35,Sun,14,Regional
misc,6.11,M,0,68,Mon,4,Commute
home,20.56,M,0,54,Sun,17,Regional
travel,476.18,M,0,26,Thu,21,Long_Distance
shopping,2.32,M,0,33,Mon,15,Commute
shopping,868.94,M,0,53,Sun,11,Commute
health,30.38,M,0,46,Sun,20,Long_Distance
personal,77.27,M,0,33,Fri,14,Long_Distance
health,100.17,M,0,54,Sun,15,Long_Distance
shopping,39.02,F,0,44,Fri,23,Commute
grocery,71.39,F,0,30,Sat,2,Long_Distance
grocery,28.02,M,0,37,Sun,15,Long_Distance
entertainment,172.97,M,0,85,Sun,9,Remote
grocery,168.21,F,0,37,Fri,4,Long_Distance
home,4.3,M,0,33,Tue,16,Long_Distance
personal,42.19,M,0,54,Tue,21,Regional
shopping,4.6,F,0,32,Tue,13,Regional
home,47.87,M,0,38,Fri,12,Commute
grocery,17.05,F,0,61,Sat,13,Local
health,23.94,M,0,45,Sun,22,Commute
personal,1.2,F,0,34,Sat,19,Long_Distance
entertainment,73.29,F,0,36,Wed,14,Regional
grocery,86.69,F,0,47,Wed,8,Regional
home,136.8,M,0,53,Fri,14,Commute
personal,65.59,M,0,27,Tue,16,Long_Distance
personal,54.6,F,0,64,Sun,22,Regional
travel,76.78,M,0,52,Wed,1,Regional
health,136.82,M,0,20,Wed,12,Regional
travel,51.78,F,0,77,Wed,6,Long_Distance
grocery,28.24,M,0,42,Fri,23,Commute
home,234.97,M,0,85,Sun,18,Long_Distance
grocery,53.84,M,0,42,Mon,23,Regional
entertainment,69.23,M,0,31,Wed,23,Commute
misc,83.37,M,0,36,Mon,5,Long_Distance
home,82.62,M,0,34,Sat,12,Commute
travel,63.12,F,0,44,Mon,2,Commute
misc,265.85,F,0,39,Mon,1,Commute
entertainment,49.85,F,0,41,Thu,16,Regional
entertainment,71.13,M,0,37,Sun,20,Regional
home,73.5,M,0,47,Wed,12,Commute
shopping,67.24,M,0,20,Sat,15,Long_Distance
misc,226.55,F,0,15,Sun,14,Commute
health,9.31,M,0,21,Sun,15,Long_Distance
home,134.22,F,0,67,Thu,14,Long_Distance
personal,70.1,M,0,36,Wed,23,Regional
shopping,3.08,M,0,45,Sun,17,Commute
misc,8.56,F,0,37,Sun,3,Long_Distance
travel,68.8,F,0,37,Tue,8,Long_Distance
grocery,204.01,F,0,33,Sat,7,Commute
misc,25.4,M,0,37,Mon,1,Commute
home,68.88,M,0,21,Mon,20,Long_Distance
home,52.82,M,0,59,Fri,12,Regional
shopping,300.89,F,0,57,Tue,9,Commute
health,27.0,F,0,54,Fri,13,Long_Distance
health,26.26,F,0,48,Tue,13,Long_Distance
travel,69.56,F,0,29,Fri,4,Long_Distance
travel,49.85,F,0,23,Sun,3,Commute
travel,43.85,F,0,47,Thu,3,Long_Distance
home,29.27,M,0,45,Wed,20,Long_Distance
entertainment,34.0,F,0,44,Fri,13,Long_Distance
shopping,1.93,M,0,77,Sun,4,Regional
grocery,227.72,F,0,39,Mon,8,Regional
misc,2.41,F,0,45,Tue,16,Long_Distance
travel,75.01,M,0,32,Tue,6,Long_Distance
shopping,4.82,F,0,44,Sat,13,Long_Distance
travel,61.59,F,0,42,Tue,6,Commute
misc,9.84,M,0,56,Wed,1,Regional
personal,299.6,F,0,24,Mon,23,Regional
home,18.83,M,0,43,Thu,13,Long_Distance
grocery,277.02,F,0,83,Sat,15,Long_Distance
shopping,4.07,F,0,65,Sun,9,Long_Distance
shopping,38.75,F,0,15,Sat,15,Regional
personal,228.2,F,0,64,Sun,18,Commute
misc,75.41,F,0,66,Tue,9,Long_Distance
grocery,123.26,F,0,43,Sun,0,Long_Distance
misc,8.33,F,0,94,Tue,8,Regional
shopping,133.23,M,0,45,Mon,0,Long_Distance
personal,96.9,F,0,59,Mon,14,Local
grocery,67.62,M,0,84,Mon,1,Long_Distance
shopping,4.17,M,0,84,Fri,7,Regional
shopping,111.42,F,0,66,Sat,0,Long_Distance
misc,338.86,F,0,64,Thu,4,Commute
health,42.12,M,0,78,Fri,22,Regional
shopping,8.45,F,0,47,Sun,22,Long_Distance
misc,3.35,M,0,22,Sun,19,Long_Distance
misc,1.5,M,0,57,Tue,0,Long_Distance
personal,23.47,M,0,23,Fri,18,Long_Distance
personal,23.4,F,0,66,Mon,17,Regional
misc,2.38,F,0,53,Sat,4,Regional
shopping,42.51,M,0,72,Thu,7,Regional
travel,60.38,M,0,61,Tue,5,Regional
home,102.24,M,0,23,Thu,18,Regional
shopping,1.01,F,0,60,Mon,4,Long_Distance
misc,2.27,F,0,69,Wed,9,Commute
misc,4.22,F,0,22,Thu,17,Long_Distance
personal,63.12,M,0,33,Mon,16,Long_Distance
grocery,170.29,F,0,53,Sat,10,Long_Distance
home,56.37,F,0,94,Fri,13,Commute
entertainment,103.84,F,0,22,Sat,12,Regional
travel,65.15,F,0,79,Mon,5,Remote
health,37.44,F,0,80,Sun,19,Long_Distance
home,19.16,M,0,58,Sun,18,Regional
home,235.09,F,0,43,Sun,19,Regional
home,2.42,F,0,70,Tue,12,Long_Distance
health,50.99,M,0,68,Sun,22,Long_Distance
home,14.47,F,0,30,Tue,19,Regional
personal,13.48,F,0,65,Sat,12,Local
health,9.35,F,0,46,Mon,18,Regional
misc,4.05,F,0,32,Sun,7,Regional
grocery,102.22,F,0,54,Sat,4,Long_Distance
home,79.93,M,0,32,Sat,19,Regional
home,50.41,F,0,23,Sun,22,Commute
misc,53.32,F,0,58,Sat,1,Regional
grocery,197.89,F,0,36,Thu,9,Remote
home,64.81,F,0,31,Wed,20,Long_Distance
personal,71.94,M,0,44,Mon,22,Long_Distance
grocery,63.45,M,0,46,Sun,19,Long_Distance
travel,5.56,F,0,65,Wed,13,Regional
entertainment,30.47,M,0,44,Wed,15,Regional
shopping,133.93,M,0,45,Wed,6,Long_Distance
grocery,112.52,F,0,43,Fri,6,Remote
grocery,68.64,M,0,43,Tue,22,Long_Distance
health,76.49,M,0,44,Sun,16,Commute
entertainment,75.93,M,0,45,Sun,16,Long_Distance
misc,1.15,M,0,48,Sat,20,Regional
personal,58.2,F,0,26,Sun,15,Long_Distance
grocery,1.19,F,0,31,Wed,13,Commute
shopping,8.81,F,0,23,Thu,19,Commute
health,45.11,M,0,47,Mon,18,Long_Distance
home,69.42,M,0,48,Tue,22,Regional
grocery,89.31,F,0,58,Sat,10,Remote
travel,2.28,F,0,25,Sun,12,Regional
shopping,3.47,M,0,55,Tue,11,Commute
shopping,8.96,F,0,25,Thu,22,Long_Distance
health,94.3,F,0,38,Sat,16,Long_Distance
travel,48.5,F,0,79,Wed,5,Commute
home,52.87,F,0,58,Tue,21,Commute
misc,98.47,M,0,94,Tue,10,Long_Distance
entertainment,95.79,F,0,42,Tue,23,Commute
misc,27.1,M,0,26,Tue,19,Long_Distance
shopping,138.82,F,0,21,Sat,23,Local
home,85.49,F,0,44,Sun,15,Long_Distance
travel,56.78,F,0,60,Tue,8,Commute
grocery,120.03,F,0,28,Sat,5,Commute
entertainment,234.7,F,0,36,Thu,20,Long_Distance
grocery,27.83,F,0,57,Tue,19,Regional
misc,8.65,M,0,51,Sun,11,Commute
travel,57.46,F,0,60,Fri,7,Remote
misc,38.03,F,0,20,Thu,16,Commute
home,30.26,M,0,32,Tue,23,Long_Distance
grocery,193.47,F,0,26,Tue,11,Long_Distance
home,1.68,M,0,35,Sat,18,Long_Distance
grocery,229.7,F,0,36,Tue,2,Regional
home,80.31,M,0,43,Sun,18,Regional
grocery,37.61,M,0,40,Mon,4,Commute
grocery,105.86,M,0,29,Sun,8,Commute
health,6.98,M,0,69,Fri,19,Local
shopping,16.79,F,0,28,Thu,18,Commute
entertainment,61.14,F,0,40,Sun,14,Long_Distance
travel,5.09,F,0,64,Tue,12,Commute
misc,11.13,F,0,79,Mon,3,Long_Distance
grocery,224.33,F,0,36,Mon,1,Remote
travel,57.38,M,0,64,Tue,6,Regional
shopping,2.51,F,0,26,Sun,21,Long_Distance
misc,359.54,F,0,67,Thu,5,Local
grocery,34.87,M,0,43,Tue,4,Long_Distance
shopping,5.37,M,0,47,Sat,20,Long_Distance
travel,73.1,F,0,65,Tue,11,Long_Distance
shopping,8.39,M,0,29,Thu,18,Long_Distance
home,86.18,M,0,38,Sun,17,Long_Distance
shopping,120.2,M,0,39,Tue,15,Regional
shopping,6.97,F,0,35,Mon,21,Regional
grocery,50.61,M,0,42,Sun,8,Regional
misc,2.23,F,0,47,Mon,15,Remote
travel,4.87,F,0,65,Mon,13,Long_Distance
grocery,9.21,F,0,22,Tue,3,Commute
grocery,79.71,F,0,64,Wed,2,Long_Distance
travel,45.04,F,0,77,Mon,7,Local
misc,340.25,F,0,74,Wed,3,Commute
travel,9.92,M,0,61,Sun,23,Commute
grocery,48.07,M,0,33,Tue,3,Long_Distance
personal,28.78,F,0,22,Mon,17,Commute
home,93.18,F,0,34,Sun,23,Long_Distance
home,49.73,F,0,52,Sun,20,Commute
misc,36.39,M,0,42,Thu,1,Commute
misc,41.18,F,0,35,Tue,9,Regional
grocery,23.29,F,0,74,Sun,17,Long_Distance
home,16.17,M,0,44,Fri,16,Long_Distance
shopping,17.11,F,0,54,Mon,3,Regional
home,79.65,F,0,37,Mon,13,Long_Distance
travel,53.91,F,0,47,Fri,10,Regional
shopping,2.09,F,0,62,Mon,4,Long_Distance
home,47.35,F,0,89,Sat,16,Long_Distance
home,45.83,F,0,83,Sat,20,Regional
misc,4.9,F,0,74,Thu,1,Long_Distance
home,42.4,M,0,45,Sat,22,Commute
travel,56.9,F,0,94,Fri,5,Long_Distance
grocery,45.9,F,0,33,Tue,18,Commute
home,73.13,M,0,28,Mon,12,Regional
grocery,90.34,F,0,39,Sun,3,Commute
grocery,64.0,F,0,78,Fri,8,Commute
travel,48.33,F,0,60,Mon,10,Commute
misc,43.94,M,0,33,Mon,0,Regional
shopping,52.3,F,0,48,Fri,21,Long_Distance
grocery,25.89,M,0,31,Tue,10,Long_Distance
shopping,118.98,F,0,29,Fri,16,Long_Distance
home,4.83,F,0,34,Thu,12,Long_Distance
grocery,35.29,M,0,25,Tue,3,Long_Distance
shopping,2702.98,M,0,49,Thu,16,Long_Distance
entertainment,41.54,M,0,26,Mon,17,Commute
misc,83.27,F,0,46,Sat,8,Long_Distance
home,90.39,M,0,34,Sun,20,Long_Distance
misc,23.88,F,0,37,Tue,2,Commute
home,56.98,F,0,33,Thu,17,Regional
health,191.22,F,0,36,Mon,12,Long_Distance
shopping,4.74,F,0,44,Sat,19,Regional
personal,45.38,F,0,49,Sun,14,Long_Distance
shopping,175.32,F,0,44,Wed,14,Commute
misc,140.65,F,0,32,Mon,10,Commute
entertainment,109.58,F,0,46,Mon,16,Regional
shopping,7.51,F,0,48,Mon,16,Long_Distance
home,76.6,F,0,69,Thu,18,Local
home,31.63,M,0,55,Sat,12,Regional
home,52.67,M,0,57,Sun,16,Commute
grocery,35.34,M,0,33,Tue,23,Remote
home,132.4,F,0,27,Sun,19,Commute
grocery,56.2,M,0,45,Sun,1,Long_Distance
travel,48.51,M,0,42,Mon,11,Long_Distance
shopping,130.65,F,0,79,Sun,5,Regional
shopping,7.03,F,0,48,Sat,21,Long_Distance
shopping,2.26,F,0,63,Sun,3,Commute
entertainment,165.09,M,0,53,Mon,13,Commute
personal,13.0,F,0,92,Mon,23,Long_Distance
travel,49.89,F,0,36,Sun,6,Long_Distance
home,13.17,M,0,50,Sat,23,Commute
shopping,4.92,F,0,61,Sun,2,Long_Distance
grocery,38.18,M,0,54,Thu,23,Regional
misc,1.36,F,0,34,Sun,11,Regional
entertainment,44.11,F,0,53,Mon,10,Long_Distance
home,26.62,M,0,59,Sat,19,Commute
shopping,1032.2,M,0,44,Tue,17,Regional
home,103.29,F,0,50,Fri,15,Commute
grocery,181.86,F,0,48,Tue,8,Regional
travel,8.95,F,0,36,Sun,19,Long_Distance
grocery,153.71,M,0,75,Mon,0,Regional
grocery,44.36,M,0,30,Sat,5,Commute
home,17.25,M,0,74,Fri,12,Commute
grocery,103.6,M,0,67,Fri,4,Long_Distance
health,21.47,M,0,54,Sat,14,Long_Distance
grocery,99.7,F,0,48,Sat,8,Regional
misc,1.45,M,0,71,Tue,2,Commute
home,58.56,F,0,45,Fri,22,Local
grocery,46.07,M,0,55,Fri,23,Long_Distance
grocery,132.36,F,0,30,Fri,20,Long_Distance
grocery,48.21,F,0,44,Thu,18,Commute
misc,9.06,M,0,21,Wed,21,Remote
shopping,23.35,M,0,64,Fri,5,Commute
grocery,196.25,F,0,31,Fri,6,Regional
home,11.33,F,0,36,Tue,13,Commute
shopping,9.69,F,0,48,Thu,12,Long_Distance
home,11.83,F,0,76,Mon,12,Long_Distance
misc,10.86,F,0,57,Thu,3,Regional
travel,514.29,M,0,45,Tue,15,Regional
personal,10.55,F,0,44,Fri,20,Regional
grocery,117.07,F,0,64,Tue,4,Long_Distance
entertainment,31.45,F,0,84,Mon,21,Commute
travel,51.7,F,0,28,Thu,5,Commute
home,41.93,M,0,45,Mon,22,Commute
personal,1.18,M,0,49,Mon,20,Commute
grocery,101.57,F,0,42,Mon,0,Regional
shopping,5.74,F,0,84,Mon,3,Regional
grocery,181.91,M,0,40,Fri,20,Commute
misc,104.73,F,0,33,Sun,9,Long_Distance
shopping,108.96,M,0,45,Mon,1,Remote
travel,8.3,F,0,56,Fri,16,Long_Distance
personal,62.86,F,0,68,Mon,13,Long_Distance
grocery,7.01,F,0,48,Mon,15,Commute
entertainment,73.19,M,0,41,Sun,13,Commute
shopping,2.49,M,0,24,Sun,21,Commute
travel,69.92,M,0,51,Sun,1,Commute
home,27.18,M,0,63,Fri,22,Long_Distance
travel,86.76,F,0,30,Mon,4,Remote
misc,2.19,M,0,71,Tue,6,Commute
misc,5.65,M,0,50,Sat,0,Commute
travel,54.82,F,0,44,Thu,8,Commute
shopping,19.93,M,0,53,Mon,1,Long_Distance
personal,24.65,F,0,45,Mon,19,Commute
grocery,11.02,F,0,77,Wed,14,Commute
grocery,152.21,F,0,83,Sat,4,Regional
travel,54.76,M,0,32,Sat,2,Long_Distance
shopping,4.62,M,0,44,Mon,17,Long_Distance
shopping,8.07,F,0,46,Thu,13,Long_Distance
grocery,231.2,F,0,38,Mon,5,Regional
grocery,64.99,F,0,42,Mon,18,Commute
shopping,141.26,F,0,68,Sat,0,Long_Distance
travel,46.91,F,0,40,Mon,6,Commute
personal,4.56,F,0,89,Sun,15,Commute
travel,95.42,F,0,68,Mon,3,Long_Distance
misc,34.68,M,0,43,Sat,10,Commute
home,25.12,F,0,20,Fri,20,Commute
shopping,8.2,M,0,71,Wed,7,Long_Distance
grocery,28.34,F,0,70,Fri,13,Regional
shopping,1.57,F,0,46,Fri,21,Regional
health,11.16,M,0,38,Mon,15,Long_Distance
grocery,54.93,M,0,34,Tue,5,Long_Distance
grocery,73.52,F,0,28,Mon,4,Long_Distance
shopping,3.5,F,0,47,Sat,14,Long_Distance
shopping,89.69,M,0,42,Mon,9,Long_Distance
home,25.38,F,0,22,Mon,14,Long_Distance
home,34.04,F,0,53,Wed,23,Commute
grocery,199.64,F,0,49,Sat,1,Long_Distance
travel,47.17,M,0,74,Wed,9,Long_Distance
misc,4.12,M,0,67,Sun,4,Remote
travel,67.04,M,0,39,Fri,6,Long_Distance
shopping,4.81,F,0,37,Fri,15,Regional
misc,329.5,F,0,49,Fri,2,Commute
travel,62.58,F,0,65,Mon,1,Long_Distance
grocery,5.21,F,0,30,Sat,19,Commute
home,36.86,M,0,63,Mon,22,Regional
home,9.18,F,0,44,Mon,15,Long_Distance
misc,354.8,F,0,52,Thu,8,Long_Distance
health,4.84,F,0,22,Sun,12,Regional
misc,19.08,F,0,22,Mon,19,Long_Distance
grocery,163.5,F,0,69,Sun,11,Commute
personal,157.45,F,0,58,Thu,20,Long_Distance
grocery,122.91,F,0,45,Tue,0,Commute
travel,59.47,F,0,57,Fri,9,Long_Distance
home,91.28,F,0,35,Sun,18,Regional
travel,108.44,M,0,34,Thu,10,Regional
home,310.05,F,0,28,Thu,12,Regional
shopping,5.17,F,0,66,Wed,1,Long_Distance
personal,13.28,F,0,34,Wed,22,Commute
home,88.46,M,0,27,Sun,17,Regional
home,96.25,M,0,46,Sun,14,Long_Distance
misc,2.57,M,0,59,Fri,5,Long_Distance
grocery,210.44,F,0,27,Sun,8,Commute
personal,46.23,M,0,16,Sat,15,Long_Distance
grocery,51.69,M,0,33,Tue,6,Commute
travel,62.39,M,0,29,Wed,1,Long_Distance
personal,137.24,F,0,47,Thu,17,Regional
misc,9.41,F,0,63,Mon,8,Commute
home,130.75,M,0,26,Sun,18,Long_Distance
travel,56.68,M,0,39,Tue,3,Long_Distance
personal,57.33,F,0,57,Sat,22,Long_Distance
shopping,49.48,F,0,26,Sat,19,Commute
health,11.78,M,0,61,Tue,17,Regional
home,50.14,F,0,93,Wed,23,Long_Distance
grocery,82.86,F,0,36,Tue,17,Regional
entertainment,45.6,F,0,25,Tue,21,Commute
grocery,110.85,M,0,42,Fri,3,Regional
health,26.2,F,0,42,Tue,18,Long_Distance
grocery,47.23,M,0,45,Tue,17,Commute
travel,4.56,F,0,34,Tue,17,Long_Distance
health,21.58,M,0,32,Sat,22,Long_Distance
travel,102.19,F,0,34,Sun,3,Local
home,36.5,M,0,66,Sun,23,Commute
travel,6.58,F,0,36,Thu,23,Commute
shopping,799.09,M,0,34,Sat,23,Commute
travel,78.52,F,0,24,Wed,0,Long_Distance
entertainment,46.24,M,0,58,Mon,18,Long_Distance
home,19.71,M,0,38,Fri,14,Long_Distance
misc,4.41,F,0,54,Sat,5,Commute
health,107.2,M,0,27,Sun,23,Commute
home,56.75,M,0,33,Sat,12,Long_Distance
home,73.18,M,0,51,Fri,12,Regional
grocery,8.54,F,0,23,Fri,12,Commute
misc,6.69,F,0,42,Thu,5,Commute
home,18.67,F,0,35,Fri,18,Long_Distance
shopping,3.27,F,0,42,Thu,14,Regional
travel,67.3,M,0,39,Sat,6,Long_Distance
home,30.11,M,0,52,Wed,21,Regional
home,54.09,M,0,29,Sun,18,Long_Distance
shopping,5.38,F,0,40,Sat,20,Long_Distance
entertainment,27.99,F,0,45,Mon,18,Commute
health,75.21,M,0,41,Wed,16,Long_Distance
shopping,8.51,F,0,33,Tue,22,Commute
shopping,1.63,F,0,57,Tue,8,Long_Distance
entertainment,54.85,F,0,43,Mon,22,Long_Distance
personal,77.68,F,0,24,Sat,22,Long_Distance
shopping,7.94,F,0,36,Fri,17,Long_Distance
shopping,8.43,F,0,43,Fri,18,Long_Distance
travel,60.31,F,0,49,Sun,7,Long_Distance
home,63.29,M,0,50,Thu,23,Long_Distance
grocery,58.78,F,0,44,Tue,0,Long_Distance
home,117.45,F,0,42,Sun,20,Long_Distance
misc,473.88,M,0,38,Sun,12,Long_Distance
shopping,9.08,M,0,17,Mon,23,Commute
misc,123.97,F,0,69,Mon,11,Long_Distance
entertainment,1.33,F,0,19,Mon,16,Long_Distance
entertainment,12.98,M,0,77,Fri,16,Long_Distance
home,73.91,F,0,43,Sun,12,Regional
grocery,81.87,F,0,35,Sat,8,Commute
travel,67.84,M,0,54,Fri,6,Commute
health,62.98,F,0,39,Sat,21,Long_Distance
shopping,33.92,M,0,17,Mon,13,Regional
home,37.3,F,0,27,Sun,19,Long_Distance
shopping,6.32,F,0,33,Tue,12,Long_Distance
grocery,205.31,F,0,39,Thu,3,Long_Distance
entertainment,69.4,M,0,33,Wed,22,Commute
shopping,493.0,F,0,70,Sun,0,Remote
home,49.42,M,0,41,Wed,22,Local
grocery,85.63,F,0,74,Wed,2,Long_Distance
home,10.55,F,0,62,Fri,15,Commute
personal,19.91,F,0,33,Thu,21,Remote
personal,8.73,M,0,26,Sun,23,Long_Distance
shopping,357.32,F,0,31,Tue,12,Commute
personal,122.45,F,0,58,Mon,13,Long_Distance
shopping,1.95,M,0,48,Mon,21,Long_Distance
home,21.67,F,0,75,Fri,22,Long_Distance
health,4.98,F,0,46,Sat,23,Regional
home,6.33,F,0,53,Fri,15,Long_Distance
home,54.95,F,0,44,Tue,15,Commute
grocery,142.46,F,0,85,Tue,0,Regional
shopping,79.95,F,0,54,Fri,3,Long_Distance
shopping,4.2,M,0,22,Wed,14,Regional
shopping,2.82,F,0,47,Mon,17,Long_Distance
home,16.85,M,0,47,Wed,13,Long_Distance
misc,13.97,M,0,58,Mon,11,Long_Distance
shopping,6.68,M,0,45,Tue,18,Commute
travel,50.07,F,0,46,Sun,3,Long_Distance
grocery,47.25,M,0,47,Thu,5,Regional
personal,40.21,F,0,27,Sat,21,Long_Distance
travel,79.96,F,0,32,Thu,1,Commute
home,79.5,M,0,48,Wed,12,Long_Distance
shopping,9.19,F,0,38,Fri,20,Commute
travel,55.26,M,0,37,Sat,10,Long_Distance
home,48.34,M,0,34,Wed,18,Long_Distance
personal,41.53,M,0,33,Fri,22,Long_Distance
misc,19.26,M,0,66,Sat,4,Local
travel,77.0,M,0,59,Thu,6,Long_Distance
shopping,35.19,M,0,71,Sat,1,Remote
misc,5.57,F,0,56,Mon,0,Regional
home,129.45,M,0,64,Tue,15,Long_Distance
grocery,41.47,M,0,28,Wed,8,Commute
home,30.78,F,0,54,Mon,13,Local
health,210.53,F,0,36,Thu,18,Commute
home,103.79,F,0,64,Mon,19,Regional
grocery,97.67,M,0,28,Sun,1,Commute
shopping,9.97,F,0,57,Mon,4,Commute
shopping,5.05,F,0,45,Sat,13,Commute
travel,50.38,F,0,56,Sun,7,Regional
travel,43.36,F,0,74,Wed,2,Commute
travel,84.03,M,0,53,Wed,1,Commute
entertainment,115.74,F,0,23,Thu,16,Long_Distance
health,120.68,M,0,57,Mon,23,Regional
shopping,5.41,M,0,37,Mon,18,Remote
shopping,9.27,F,0,36,Thu,18,Long_Distance
shopping,117.01,M,0,45,Sat,1,Long_Distance
health,48.99,F,0,34,Sun,12,Commute
shopping,8.95,F,0,68,Sun,5,Long_Distance
entertainment,22.08,F,0,31,Wed,18,Regional
grocery,82.36,F,0,35,Fri,9,Commute
travel,48.73,M,0,55,Sun,0,Remote
grocery,139.62,M,0,78,Sun,7,Regional
misc,4.95,M,0,64,Thu,10,Long_Distance
home,3.09,M,0,25,Mon,15,Commute
grocery,72.78,F,0,48,Mon,18,Commute
misc,48.67,F,0,37,Wed,5,Commute
home,17.73,F,0,26,Tue,14,Regional
misc,35.81,M,0,31,Sun,3,Commute
grocery,49.59,M,0,44,Sun,2,Regional
health,38.63,M,0,59,Tue,22,Regional
travel,93.69,M,0,40,Thu,10,Commute
shopping,1.31,M,0,58,Mon,8,Commute
health,61.5,M,0,58,Mon,19,Regional
grocery,103.03,F,0,81,Sun,8,Long_Distance
home,44.55,M,0,26,Sat,13,Commute
home,180.21,F,0,51,Sun,23,Commute
travel,62.55,M,0,61,Sat,3,Long_Distance
travel,99.36,F,0,20,Sat,0,Commute
shopping,3.43,F,0,24,Thu,16,Long_Distance
home,28.55,F,0,29,Tue,18,Regional
travel,6.28,F,0,19,Wed,18,Regional
travel,69.0,F,0,71,Thu,7,Long_Distance
grocery,32.07,F,0,20,Sat,20,Long_Distance
health,44.79,F,0,15,Mon,22,Regional
entertainment,8.21,M,0,58,Mon,12,Long_Distance
entertainment,237.11,F,0,43,Mon,14,Commute
home,125.95,F,0,56,Mon,18,Commute
misc,56.86,F,0,43,Mon,19,Long_Distance
grocery,109.9,M,0,59,Mon,9,Commute
personal,110.46,F,0,44,Mon,18,Regional
entertainment,4.56,F,0,68,Sun,13,Long_Distance
home,44.83,M,0,31,Sat,22,Regional
shopping,8.72,F,0,43,Sun,18,Long_Distance
travel,40.4,M,0,30,Fri,5,Long_Distance
entertainment,5.36,M,0,22,Wed,14,Regional
travel,468.93,M,0,45,Fri,13,Local
home,38.83,F,0,39,Tue,23,Long_Distance
shopping,3.73,F,0,71,Tue,3,Commute
entertainment,73.43,M,0,44,Sat,15,Long_Distance
health,10.23,F,0,32,Mon,18,Long_Distance
travel,80.49,M,0,48,Sat,1,Commute
travel,5.69,F,0,47,Mon,16,Commute
personal,57.37,F,0,66,Tue,19,Regional
grocery,106.99,F,0,31,Sun,6,Regional
shopping,12.63,M,0,75,Tue,0,Regional
home,11.73,F,0,67,Tue,19,Long_Distance
home,23.43,F,0,48,Tue,20,Long_Distance
health,73.94,M,0,36,Sun,17,Remote
health,101.68,F,0,58,Mon,19,Commute
shopping,2.28,F,0,24,Thu,15,Long_Distance
grocery,80.41,F,0,25,Sat,7,Long_Distance
home,59.98,M,0,37,Thu,14,Remote
shopping,1.24,F,0,70,Tue,11,Long_Distance
home,19.17,F,0,74,Sun,20,Long_Distance
home,3.13,F,0,31,Fri,17,Local
grocery,93.65,F,0,52,Tue,9,Regional
home,23.87,M,0,89,Mon,18,Commute
grocery,52.62,M,0,42,Sat,3,Regional
home,46.61,F,0,32,Wed,12,Commute
travel,60.39,F,0,57,Wed,4,Regional
misc,8.69,M,0,49,Fri,20,Long_Distance
travel,48.51,M,0,59,Fri,7,Remote
shopping,100.28,F,0,47,Fri,16,Long_Distance
health,44.28,M,0,65,Sun,13,Remote
grocery,74.42,F,0,53,Mon,4,Commute
shopping,10.19,M,0,58,Mon,1,Remote
travel,4.92,F,0,64,Sun,23,Remote
shopping,922.27,F,0,36,Wed,20,Commute
grocery,124.99,F,0,30,Sat,10,Remote
grocery,61.62,F,0,51,Sat,1,Commute
entertainment,52.03,F,0,33,Tue,14,Commute
travel,4.83,M,0,59,Mon,12,Regional
personal,71.13,M,0,67,Fri,20,Remote
shopping,5.22,F,0,31,Mon,19,Regional
grocery,128.8,F,0,53,Sun,10,Long_Distance
travel,76.56,M,0,55,Fri,9,Commute
personal,29.13,M,0,88,Wed,21,Regional
home,84.34,M,0,37,Sun,23,Long_Distance
entertainment,318.53,F,0,22,Sun,19,Commute
personal,51.97,M,0,33,Mon,14,Commute
grocery,132.2,F,0,63,Fri,7,Long_Distance
home,22.22,M,0,84,Wed,18,Long_Distance
personal,63.17,F,0,48,Fri,22,Long_Distance
home,7.6,F,0,65,Mon,19,Long_Distance
misc,77.7,F,0,33,Sun,10,Long_Distance
shopping,1.02,M,0,41,Mon,20,Commute
grocery,8.64,M,0,45,Wed,21,Long_Distance
grocery,17.97,F,0,44,Mon,22,Commute
travel,4.74,F,0,28,Wed,15,Commute
misc,6.55,M,0,44,Tue,3,Commute
grocery,22.27,M,0,33,Mon,5,Commute
travel,2.46,F,0,25,Fri,23,Long_Distance
misc,51.19,M,0,19,Sun,12,Long_Distance
grocery,49.74,M,0,47,Thu,7,Long_Distance
personal,5.74,M,0,89,Sat,18,Long_Distance
shopping,3.37,M,0,35,Thu,15,Long_Distance
grocery,87.89,F,0,61,Wed,5,Long_Distance
personal,23.73,F,0,36,Sun,18,Commute
grocery,88.23,M,0,61,Tue,5,Long_Distance
grocery,17.83,F,0,83,Mon,19,Commute
grocery,50.67,F,0,25,Mon,11,Regional
grocery,91.87,F,0,42,Fri,3,Long_Distance
personal,62.23,F,0,45,Sat,12,Long_Distance
misc,19.1,M,0,55,Mon,5,Long_Distance
travel,8.15,F,0,90,Tue,16,Long_Distance
personal,75.5,F,0,56,Thu,22,Commute
misc,35.06,M,0,30,Thu,13,Regional
entertainment,2.24,F,0,39,Thu,16,Regional
travel,1.54,M,0,52,Tue,16,Regional
shopping,5.47,M,0,64,Mon,4,Local
home,41.63,M,0,45,Tue,23,Long_Distance
grocery,95.95,F,0,33,Tue,11,Regional
misc,5.76,F,0,70,Sat,0,Long_Distance
misc,2.53,M,0,31,Thu,19,Long_Distance
health,8.35,F,0,36,Sat,18,Long_Distance
health,119.61,M,0,42,Tue,21,Long_Distance
personal,127.73,M,0,53,Tue,15,Commute
shopping,131.55,M,0,20,Mon,19,Commute
home,84.57,F,0,59,Sun,21,Commute
shopping,1.25,F,0,65,Tue,10,Commute
home,23.63,F,0,34,Thu,14,Commute
shopping,2.89,M,0,78,Sat,5,Commute
home,45.78,M,0,33,Fri,19,Regional
shopping,21.69,F,0,22,Sun,13,Regional
travel,63.71,F,0,56,Mon,6,Regional
home,72.81,M,0,71,Mon,15,Long_Distance
travel,5.91,F,0,81,Sat,21,Commute
personal,40.89,F,0,26,Sat,16,Regional
home,32.05,M,0,46,Wed,12,Remote
shopping,147.67,M,0,48,Tue,5,Long_Distance
grocery,38.89,M,0,29,Mon,1,Long_Distance
shopping,5.27,M,0,51,Tue,3,Commute
personal,48.23,F,0,36,Thu,15,Long_Distance
health,33.91,M,0,32,Tue,23,Remote
home,73.41,M,0,54,Mon,13,Long_Distance
shopping,7.59,M,0,57,Mon,8,Commute
shopping,217.24,F,0,34,Mon,16,Local
grocery,82.79,F,0,31,Tue,5,Commute
travel,57.22,F,0,52,Sat,3,Long_Distance
home,90.87,M,0,15,Thu,12,Commute
grocery,8.16,M,0,20,Mon,19,Long_Distance
shopping,4.55,M,0,78,Sat,7,Commute
health,31.46,M,0,52,Thu,21,Commute
entertainment,7.6,F,0,70,Tue,11,Regional
entertainment,115.85,F,0,37,Mon,14,Long_Distance
grocery,14.31,F,0,48,Mon,18,Regional
entertainment,59.3,M,0,35,Sun,17,Long_Distance
personal,28.02,F,0,55,Thu,13,Long_Distance
personal,1.07,M,0,78,Sun,20,Regional
health,72.49,M,0,28,Sun,16,Commute
grocery,136.72,F,0,44,Wed,6,Regional
home,73.98,M,0,77,Tue,14,Long_Distance
misc,135.17,F,0,43,Thu,10,Regional
travel,67.05,M,0,35,Thu,7,Long_Distance
shopping,2.98,M,0,52,Sun,4,Long_Distance
misc,1.62,M,0,43,Mon,22,Commute
travel,44.22,F,0,85,Mon,1,Regional
grocery,104.69,F,0,32,Mon,5,Commute
home,55.72,F,0,31,Sun,12,Local
travel,67.2,M,0,33,Sun,1,Long_Distance
shopping,6.8,M,0,52,Wed,8,Regional
home,18.9,F,0,84,Fri,14,Commute
shopping,4.38,M,0,58,Fri,1,Long_Distance
travel,51.12,F,0,34,Thu,1,Commute
home,104.2,M,0,36,Sun,15,Commute
grocery,78.84,F,0,40,Sun,11,Long_Distance
misc,7.93,M,0,58,Mon,2,Commute
travel,50.55,F,0,23,Fri,3,Long_Distance
home,29.37,F,0,39,Mon,19,Regional
entertainment,23.22,M,0,22,Mon,19,Regional
grocery,42.63,F,0,80,Fri,2,Commute
misc,30.05,M,0,44,Sat,9,Commute
misc,5.89,M,0,53,Sat,1,Long_Distance
travel,52.41,M,0,37,Mon,0,Long_Distance
misc,3.65,F,0,56,Sun,3,Regional
grocery,129.84,F,0,39,Mon,13,Long_Distance
grocery,13.26,F,0,30,Sun,16,Regional
misc,2.46,F,0,34,Wed,11,Long_Distance
misc,272.45,F,0,83,Wed,0,Regional
grocery,66.96,M,0,26,Mon,0,Regional
personal,3.53,M,0,46,Sun,21,Commute
travel,73.51,M,0,30,Tue,3,Long_Distance
shopping,91.15,M,0,36,Sat,5,Commute
personal,3.3,M,0,27,Sun,23,Long_Distance
home,181.84,F,0,60,Sun,20,Long_Distance
entertainment,24.98,F,0,28,Fri,23,Long_Distance
misc,7.05,M,0,31,Wed,9,Regional
entertainment,44.25,M,0,79,Fri,22,Regional
travel,8.77,M,0,42,Mon,20,Long_Distance
grocery,101.02,M,0,41,Sat,4,Long_Distance
health,55.6,F,0,75,Tue,12,Commute
health,58.56,F,0,48,Sun,18,Regional
health,105.22,F,0,57,Sat,17,Long_Distance
entertainment,30.14,M,0,20,Sat,14,Long_Distance
travel,100.08,F,0,79,Wed,8,Commute
health,76.21,M,0,94,Sun,20,Long_Distance
shopping,5.68,F,0,34,Sun,17,Long_Distance
home,93.06,F,0,58,Thu,22,Remote
grocery,87.35,F,0,78,Sun,8,Long_Distance
misc,4.9,F,0,58,Wed,5,Long_Distance
grocery,177.91,F,0,50,Tue,6,Long_Distance
shopping,648.66,F,0,45,Mon,19,Long_Distance
grocery,43.66,M,0,33,Mon,7,Long_Distance
shopping,131.88,M,0,61,Wed,5,Long_Distance
misc,1.19,M,0,33,Sun,12,Commute
misc,55.25,M,0,23,Fri,12,Commute
misc,6.72,F,0,42,Sat,0,Regional
health,23.75,F,0,56,Sun,19,Regional
shopping,4.1,F,0,56,Wed,2,Long_Distance
travel,55.2,F,0,85,Mon,5,Regional
grocery,32.93,F,0,23,Sun,0,Commute
grocery,237.56,M,0,45,Wed,23,Long_Distance
shopping,4.68,M,0,87,Sun,1,Commute
misc,97.48,M,0,14,Fri,19,Long_Distance
home,47.53,M,0,39,Thu,13,Long_Distance
travel,50.93,M,0,54,Thu,6,Long_Distance
entertainment,31.06,M,0,40,Fri,16,Commute
entertainment,41.32,F,0,53,Tue,2,Commute
shopping,9.99,F,0,48,Fri,13,Long_Distance
personal,3.18,M,0,76,Tue,19,Long_Distance
personal,1.63,F,0,54,Thu,12,Commute
travel,64.32,M,0,74,Mon,10,Regional
grocery,58.82,M,0,44,Wed,19,Long_Distance
health,133.13,F,0,33,Sun,14,Commute
shopping,162.9,M,0,41,Wed,4,Long_Distance
travel,70.65,F,0,67,Thu,11,Long_Distance
entertainment,88.54,M,0,24,Sun,23,Long_Distance
entertainment,30.22,M,0,47,Wed,19,Regional
home,42.06,M,0,28,Thu,22,Regional
entertainment,68.33,M,0,37,Mon,18,Long_Distance
home,96.62,M,0,34,Thu,15,Long_Distance
misc,1.93,M,0,36,Sat,23,Regional
grocery,94.7,M,0,39,Tue,11,Commute
personal,8.84,F,0,48,Sun,23,Long_Distance
grocery,39.9,M,0,64,Sun,17,Long_Distance
travel,9.51,F,0,59,Tue,17,Long_Distance
shopping,13.06,F,0,30,Sun,17,Long_Distance
travel,71.1,F,0,72,Fri,10,Local
personal,43.88,M,0,32,Sat,22,Commute
travel,8.91,F,0,79,Wed,18,Long_Distance
home,9.6,F,0,80,Fri,13,Long_Distance
home,102.34,F,0,58,Mon,12,Local
travel,5.82,F,0,37,Thu,15,Long_Distance
health,70.07,F,0,84,Thu,21,Long_Distance
home,18.0,F,0,30,Wed,23,Regional
entertainment,19.22,M,0,25,Thu,12,Long_Distance
personal,1.82,F,0,36,Sun,23,Long_Distance
travel,60.26,F,0,66,Tue,9,Commute
misc,1.33,F,0,27,Mon,7,Regional
grocery,105.88,M,0,50,Wed,10,Long_Distance
shopping,6.05,M,0,32,Mon,12,Long_Distance
shopping,4.71,M,0,26,Sat,18,Commute
grocery,131.83,F,0,70,Tue,1,Long_Distance
shopping,4.92,M,0,20,Mon,19,Regional
grocery,38.27,F,0,48,Wed,21,Long_Distance
entertainment,106.97,M,0,69,Sat,14,Regional
shopping,241.18,M,0,67,Thu,2,Commute
home,89.12,F,0,43,Mon,22,Long_Distance
travel,473.89,M,0,45,Sun,12,Commute
health,46.35,M,0,27,Sat,16,Commute
travel,56.55,F,0,45,Fri,4,Long_Distance
home,29.15,F,0,34,Wed,23,Long_Distance
grocery,54.95,F,0,92,Fri,7,Long_Distance
shopping,23.43,F,0,48,Fri,20,Regional
entertainment,36.35,F,0,39,Sun,15,Long_Distance
misc,25.21,F,0,29,Tue,21,Commute
home,104.66,M,0,49,Mon,16,Commute
home,68.16,M,0,60,Mon,18,Commute
personal,84.84,M,0,58,Sun,12,Commute
misc,1.45,M,0,53,Sun,6,Long_Distance
entertainment,45.77,M,0,31,Thu,21,Long_Distance
health,90.0,M,0,62,Sun,21,Local
travel,592.42,M,0,29,Sun,16,Long_Distance
health,94.11,F,0,42,Sun,18,Long_Distance
home,49.47,F,0,36,Fri,18,Commute
shopping,1.51,M,0,65,Sat,7,Regional
grocery,173.66,M,0,40,Mon,13,Commute
health,26.43,F,0,20,Sat,18,Regional
grocery,79.13,M,0,38,Wed,0,Long_Distance
home,39.66,F,0,48,Sat,14,Regional
misc,96.65,F,0,35,Thu,4,Regional
grocery,158.24,F,0,59,Fri,4,Long_Distance
travel,44.75,M,0,79,Mon,6,Commute
grocery,1.96,M,0,49,Fri,12,Long_Distance
entertainment,21.84,F,0,32,Thu,12,Regional
misc,2.25,F,0,24,Thu,13,Long_Distance
health,122.07,M,0,54,Wed,21,Long_Distance
grocery,90.54,F,0,64,Fri,0,Long_Distance
home,40.82,F,0,42,Sun,14,Commute
entertainment,162.33,F,0,32,Wed,20,Commute
home,79.25,M,0,41,Tue,17,Regional
misc,66.8,M,0,28,Mon,8,Long_Distance
shopping,1.28,M,0,16,Sat,19,Long_Distance
grocery,48.12,M,0,38,Sun,16,Long_Distance
shopping,9.39,M,0,33,Sun,16,Long_Distance
misc,73.47,F,0,34,Sat,3,Long_Distance
home,5.33,F,0,49,Tue,20,Commute
home,14.88,M,0,31,Sat,18,Commute
travel,8.95,F,0,49,Fri,19,Long_Distance
misc,2.4,M,0,44,Tue,21,Remote
home,94.53,M,0,36,Mon,12,Regional
home,44.92,F,0,56,Fri,13,Commute
travel,100.96,M,0,50,Thu,9,Regional
travel,54.61,M,0,83,Tue,6,Regional
grocery,117.88,M,0,45,Sun,3,Long_Distance
misc,3.41,F,0,43,Fri,4,Regional
misc,8.61,F,0,29,Tue,12,Remote
grocery,42.02,M,0,44,Sun,9,Regional
grocery,84.65,F,0,55,Wed,0,Regional
grocery,47.19,M,0,46,Sun,9,Regional
travel,95.84,F,0,66,Sat,6,Commute
misc,1.86,M,0,35,Tue,4,Commute
misc,16.27,M,0,39,Sun,2,Local
home,41.36,F,0,29,Sun,20,Long_Distance
home,77.64,M,0,29,Mon,17,Long_Distance
travel,69.66,M,0,62,Wed,4,Long_Distance
travel,34.91,F,0,84,Sun,5,Commute
misc,7.7,F,0,39,Wed,1,Long_Distance
grocery,57.25,M,0,30,Fri,10,Commute
grocery,73.59,M,0,73,Wed,6,Long_Distance
home,2.23,F,0,64,Thu,17,Long_Distance
personal,70.8,F,0,49,Thu,18,Long_Distance
shopping,18.23,F,0,29,Sat,15,Commute
shopping,140.29,M,0,40,Tue,5,Long_Distance
home,15.94,M,0,20,Sun,12,Long_Distance
shopping,6.35,F,0,46,Sun,14,Long_Distance
travel,69.46,F,0,64,Sat,1,Long_Distance
grocery,9.0,M,0,38,Tue,12,Long_Distance
misc,81.36,F,0,15,Sun,18,Regional
travel,71.0,F,0,23,Sun,3,Commute
home,6.79,M,0,86,Sat,16,Long_Distance
shopping,1.4,F,0,47,Wed,23,Long_Distance
travel,35.59,F,0,29,Sat,2,Regional
misc,36.72,M,0,60,Sun,7,Long_Distance
grocery,213.19,F,0,44,Thu,7,Long_Distance
home,15.53,M,0,34,Sat,20,Local
home,16.96,M,0,63,Sun,14,Long_Distance
grocery,82.5,M,0,42,Sat,3,Commute
personal,37.93,M,0,67,Mon,14,Long_Distance
grocery,71.8,F,0,25,Wed,6,Commute
shopping,127.82,M,0,27,Wed,16,Regional
grocery,54.89,M,0,41,Fri,13,Long_Distance
shopping,1.68,M,0,22,Sat,17,Local
travel,36.02,F,0,59,Fri,6,Regional
home,19.66,M,0,55,Wed,16,Regional
shopping,267.87,M,0,91,Tue,4,Regional
misc,7.34,F,0,47,Sun,0,Regional
grocery,13.55,M,0,48,Tue,18,Local
grocery,47.06,M,0,45,Fri,9,Regional
personal,34.36,M,0,56,Thu,14,Regional
shopping,331.15,M,0,54,Sat,2,Commute
travel,50.11,F,0,20,Sun,9,Remote
home,18.93,F,0,35,Sat,20,Commute
shopping,22.68,F,0,27,Sat,22,Regional
home,50.85,M,0,39,Mon,12,Regional
home,49.3,M,0,35,Fri,15,Regional
personal,19.48,M,0,29,Sat,20,Commute
travel,7.33,M,0,63,Mon,23,Long_Distance
home,53.71,M,0,33,Tue,15,Regional
grocery,62.16,F,0,48,Fri,9,Commute
grocery,74.3,F,0,22,Tue,9,Long_Distance
shopping,2.65,F,0,51,Mon,1,Long_Distance
home,33.35,F,0,60,Thu,23,Long_Distance
health,153.37,M,0,40,Sun,17,Commute
entertainment,85.47,M,0,40,Mon,16,Commute
entertainment,36.72,F,0,25,Sat,21,Commute
health,54.86,M,0,53,Sun,19,Regional
personal,8.5,M,0,27,Sun,19,Regional
home,70.37,F,0,49,Tue,12,Long_Distance
grocery,82.22,M,0,50,Sat,6,Long_Distance
shopping,18.11,M,0,45,Fri,12,Regional
grocery,21.35,F,0,19,Fri,20,Long_Distance
travel,67.16,M,0,53,Sun,4,Long_Distance
home,5.67,M,0,92,Wed,14,Commute
grocery,153.64,M,0,64,Thu,13,Long_Distance
personal,89.49,M,0,40,Sat,17,Commute
home,8.46,F,0,47,Tue,12,Regional
home,82.77,F,0,38,Sun,14,Regional
grocery,75.77,M,0,37,Sat,8,Commute
misc,34.53,M,0,28,Tue,7,Regional
personal,41.92,M,0,70,Mon,16,Long_Distance
grocery,30.89,M,0,44,Mon,10,Long_Distance
grocery,152.26,M,0,51,Wed,8,Commute
travel,97.44,M,0,29,Sat,1,Long_Distance
travel,56.02,M,0,23,Tue,4,Long_Distance
home,32.82,M,0,46,Sat,22,Commute
misc,5.86,F,0,20,Wed,16,Commute
personal,29.2,F,0,48,Mon,21,Regional
travel,99.03,F,0,60,Thu,2,Regional
misc,103.88,M,0,29,Thu,7,Regional
misc,24.35,M,0,55,Fri,3,Regional
personal,35.12,F,0,38,Mon,22,Long_Distance
grocery,8.89,F,0,29,Wed,18,Local
grocery,183.11,F,0,37,Mon,10,Regional
shopping,5.72,F,0,28,Sat,18,Regional
home,10.63,F,0,20,Sun,12,Local
entertainment,36.74,F,0,53,Sun,8,Regional
grocery,62.5,F,0,42,Sun,10,Commute
shopping,3.64,F,0,30,Sun,22,Long_Distance
home,117.56,F,0,30,Tue,13,Long_Distance
grocery,97.79,M,0,46,Fri,6,Regional
grocery,132.63,M,0,50,Wed,9,Commute
home,270.01,M,0,25,Mon,14,Long_Distance
grocery,21.4,F,0,85,Fri,14,Commute
grocery,51.79,M,0,65,Thu,20,Long_Distance
shopping,88.36,M,0,34,Sat,2,Long_Distance
personal,26.46,M,0,34,Fri,22,Long_Distance
entertainment,29.41,F,0,29,Thu,19,Commute
personal,60.24,F,0,72,Wed,17,Long_Distance
grocery,126.26,F,0,43,Fri,11,Long_Distance
shopping,111.3,M,0,35,Sun,15,Regional
entertainment,131.44,F,0,22,Wed,12,Commute
entertainment,26.7,M,0,51,Thu,23,Commute
home,66.5,F,0,61,Sun,15,Long_Distance
travel,53.26,F,0,36,Sat,6,Commute
personal,14.05,M,0,65,Thu,22,Long_Distance
home,73.46,M,0,42,Mon,19,Long_Distance
grocery,76.28,F,0,58,Mon,18,Long_Distance
personal,36.36,F,0,51,Sat,13,Long_Distance
grocery,120.84,F,0,65,Tue,1,Long_Distance
misc,176.9,M,0,14,Sat,16,Long_Distance
entertainment,33.17,F,0,42,Sat,20,Long_Distance
shopping,8.78,F,0,72,Fri,6,Remote
travel,52.75,M,0,75,Tue,10,Commute
home,121.13,F,0,67,Sat,22,Commute
entertainment,81.98,M,0,35,Mon,14,Commute
home,32.29,F,0,77,Sun,18,Commute
grocery,100.96,F,0,28,Sat,3,Long_Distance
grocery,88.66,F,0,70,Sun,11,Long_Distance
travel,53.58,F,0,63,Sun,3,Commute
shopping,34.88,F,0,55,Mon,5,Long_Distance
shopping,152.04,M,0,43,Sat,2,Long_Distance
grocery,54.75,M,0,43,Mon,1,Regional
travel,56.5,F,0,21,Tue,0,Remote
misc,31.32,M,0,35,Wed,10,Long_Distance
shopping,7.91,F,0,43,Tue,17,Long_Distance
personal,19.15,F,0,31,Thu,15,Commute
travel,2.86,M,0,21,Mon,13,Long_Distance
travel,58.91,M,0,57,Thu,10,Local
shopping,105.13,M,0,28,Fri,0,Commute
home,96.76,M,0,56,Tue,23,Local
personal,123.04,F,0,47,Wed,20,Long_Distance
travel,89.33,F,0,74,Mon,7,Long_Distance
grocery,174.11,F,0,45,Tue,6,Long_Distance
personal,40.07,F,0,61,Tue,18,Regional
personal,14.81,F,0,47,Mon,16,Commute
entertainment,166.8,F,0,30,Sat,13,Long_Distance
travel,74.34,F,0,68,Sat,6,Commute
shopping,206.33,F,0,45,Tue,15,Long_Distance
grocery,103.28,F,0,28,Mon,8,Regional
grocery,3.69,M,0,30,Fri,17,Commute
entertainment,82.61,F,0,52,Wed,19,Regional
health,27.42,F,0,53,Thu,21,Long_Distance
travel,75.86,F,0,41,Wed,6,Commute
shopping,267.68,F,0,29,Mon,19,Long_Distance
shopping,5.48,F,0,33,Sun,21,Long_Distance
grocery,59.75,F,0,46,Mon,8,Commute
shopping,4.57,F,0,71,Sat,9,Commute
travel,7.43,F,0,35,Mon,19,Commute
grocery,60.1,F,0,55,Fri,4,Regional
home,15.7,F,0,48,Sat,12,Regional
entertainment,154.37,F,0,75,Fri,12,Commute
shopping,46.49,F,0,43,Thu,23,Commute
travel,63.53,M,0,54,Wed,4,Regional
home,128.09,F,0,63,Wed,15,Long_Distance
home,52.09,M,0,58,Sat,13,Local
travel,101.87,M,0,54,Sun,3,Commute
travel,5.88,M,0,75,Fri,12,Commute
home,19.21,F,0,48,Sat,15,Commute
personal,6.77,F,0,79,Tue,17,Long_Distance
shopping,179.39,F,0,35,Tue,12,Long_Distance
health,26.52,F,0,20,Sat,20,Commute
travel,44.77,M,0,50,Mon,4,Long_Distance
grocery,49.89,M,0,50,Sun,5,Long_Distance
misc,299.59,M,0,59,Fri,1,Commute
misc,2.79,F,0,47,Sun,15,Commute
misc,4.35,M,0,26,Fri,12,Regional
personal,28.96,F,0,49,Sat,22,Long_Distance
grocery,46.84,M,0,45,Mon,3,Long_Distance
health,37.66,F,0,48,Mon,23,Local
misc,196.7,F,0,21,Mon,13,Regional
grocery,121.02,M,0,55,Mon,8,Commute
grocery,6.77,M,0,58,Wed,20,Long_Distance
misc,4.73,F,0,38,Sun,2,Commute
grocery,71.93,M,0,15,Sun,6,Regional
personal,15.35,F,0,35,Tue,23,Long_Distance
shopping,1034.24,F,0,15,Sun,18,Long_Distance
personal,2.18,F,0,32,Sun,15,Regional
entertainment,79.9,M,0,39,Sun,13,Long_Distance
shopping,5.65,F,0,38,Wed,17,Long_Distance
grocery,54.41,F,0,36,Sun,9,Regional
misc,8.29,F,0,45,Sun,11,Long_Distance
shopping,8.06,M,0,76,Tue,0,Long_Distance
shopping,3.17,F,0,16,Mon,18,Long_Distance
grocery,215.23,F,0,42,Sat,10,Regional
grocery,87.56,F,0,34,Thu,8,Commute
grocery,54.59,M,0,56,Tue,10,Long_Distance
health,54.91,M,0,61,Sat,19,Long_Distance
grocery,15.57,M,0,75,Sat,16,Long_Distance
misc,46.8,F,0,34,Fri,7,Long_Distance
home,61.72,F,0,90,Sun,16,Commute
personal,68.53,M,0,63,Tue,21,Long_Distance
misc,7.38,F,0,42,Tue,6,Commute
shopping,8.61,M,0,43,Sun,21,Long_Distance
home,49.63,F,0,22,Mon,12,Commute
home,6.44,F,0,49,Mon,15,Long_Distance
grocery,60.92,F,0,26,Mon,4,Regional
travel,7.9,F,0,58,Sun,20,Long_Distance
shopping,1.51,F,0,68,Mon,7,Commute
entertainment,16.28,F,0,69,Tue,8,Long_Distance
misc,163.49,F,0,43,Mon,22,Commute
entertainment,4.63,F,0,57,Sat,0,Commute
entertainment,39.79,F,0,56,Mon,1,Regional
home,27.21,M,0,30,Sun,22,Long_Distance
home,170.06,M,0,54,Sun,23,Long_Distance
shopping,9.89,F,0,26,Sun,23,Long_Distance
entertainment,72.69,F,0,19,Thu,23,Long_Distance
travel,486.41,M,0,33,Thu,23,Local
travel,89.9,F,0,48,Wed,9,Remote
health,71.46,F,0,38,Sun,15,Commute
home,76.73,F,0,61,Fri,16,Long_Distance
shopping,9.4,M,0,35,Thu,20,Regional
home,49.51,M,0,31,Thu,12,Local
travel,62.76,F,0,30,Thu,0,Long_Distance
grocery,97.46,F,0,28,Fri,8,Regional
shopping,284.9,M,0,71,Tue,2,Long_Distance
shopping,90.43,F,0,20,Sat,23,Local
entertainment,5.38,F,0,85,Fri,23,Long_Distance
grocery,53.08,M,0,67,Sat,20,Commute
misc,130.72,M,0,40,Tue,6,Commute
home,26.86,M,0,40,Tue,17,Long_Distance
travel,38.84,F,0,56,Fri,8,Regional
grocery,1.2,F,0,44,Sat,13,Long_Distance
misc,30.25,M,0,40,Tue,4,Long_Distance
grocery,96.54,F,0,83,Sat,9,Regional
shopping,4.91,F,0,64,Mon,8,Remote
personal,41.36,F,0,28,Sun,15,Commute
entertainment,61.28,M,0,24,Mon,13,Long_Distance
misc,39.46,M,0,46,Sat,11,Long_Distance
personal,68.56,M,0,26,Wed,16,Regional
entertainment,41.55,M,0,66,Wed,22,Regional
misc,7.82,F,0,29,Mon,9,Long_Distance
travel,9.84,F,0,60,Sat,12,Long_Distance
misc,8.48,M,0,56,Sat,10,Commute
shopping,79.47,M,0,75,Sun,3,Long_Distance
grocery,88.51,F,0,47,Mon,2,Regional
misc,9.72,F,0,32,Sun,8,Long_Distance
travel,54.77,F,0,25,Fri,0,Commute
grocery,29.92,M,0,16,Sat,15,Long_Distance
shopping,7.83,F,0,47,Thu,12,Regional
travel,78.72,F,0,57,Thu,6,Local
shopping,267.79,F,0,43,Thu,23,Long_Distance
health,49.23,F,0,78,Thu,17,Regional
travel,63.09,M,0,64,Sun,10,Long_Distance
misc,7.89,F,0,58,Thu,11,Commute
home,40.26,F,0,40,Wed,20,Regional
health,8.3,F,0,44,Sat,16,Remote
shopping,121.0,F,0,67,Wed,3,Commute
shopping,4.98,F,0,34,Mon,19,Commute
shopping,1.43,M,0,43,Thu,20,Long_Distance
grocery,60.8,M,0,43,Mon,10,Long_Distance
home,42.88,M,0,74,Sun,19,Regional
grocery,2.2,M,0,22,Thu,12,Remote
personal,7.28,F,0,21,Sat,16,Long_Distance
grocery,65.55,M,0,67,Thu,7,Long_Distance
shopping,2.28,M,0,25,Tue,22,Remote
home,203.74,F,0,60,Fri,17,Commute
misc,8.04,M,0,39,Mon,0,Long_Distance
misc,193.15,F,0,48,Sun,9,Long_Distance
home,88.25,M,0,50,Sun,18,Long_Distance
misc,5.42,F,0,54,Fri,6,Regional
home,148.35,F,0,45,Sun,20,Commute
entertainment,47.65,M,0,61,Fri,1,Long_Distance
entertainment,71.87,F,0,36,Wed,22,Regional
grocery,61.92,M,0,46,Sat,16,Regional
grocery,77.09,M,0,84,Tue,2,Commute
shopping,4.04,F,0,53,Wed,4,Long_Distance
travel,1.45,F,0,29,Tue,21,Long_Distance
grocery,3.73,F,0,16,Mon,23,Regional
misc,21.84,F,0,48,Sat,10,Commute
travel,77.36,F,0,32,Thu,9,Long_Distance
travel,64.01,F,0,19,Sun,9,Remote
misc,7.27,F,0,31,Mon,19,Commute
personal,70.85,M,0,27,Mon,16,Long_Distance
home,76.6,F,0,85,Sun,22,Remote
shopping,1.63,F,0,24,Wed,19,Regional
shopping,1.31,F,0,34,Sun,16,Long_Distance
shopping,1.95,F,0,36,Wed,12,Long_Distance
grocery,71.0,M,0,26,Sat,4,Regional
shopping,8.52,F,0,25,Thu,13,Long_Distance
travel,50.76,M,0,46,Fri,10,Regional
misc,1.77,F,0,93,Tue,10,Regional
misc,4.43,M,0,77,Mon,10,Long_Distance
home,49.65,F,0,65,Mon,19,Long_Distance
shopping,9.0,M,0,77,Thu,2,Long_Distance
health,19.55,M,0,45,Tue,17,Long_Distance
travel,124.8,F,0,71,Sun,1,Long_Distance
misc,32.99,M,0,45,Sun,8,Commute
home,133.63,M,0,64,Mon,15,Long_Distance
home,77.03,M,0,46,Fri,15,Regional
shopping,2.47,M,0,28,Fri,16,Long_Distance
shopping,8.11,F,0,25,Fri,23,Long_Distance
home,77.86,F,0,38,Mon,23,Long_Distance
shopping,5.21,F,0,91,Sat,5,Commute
shopping,110.91,M,0,33,Sun,9,Commute
misc,4.55,F,0,37,Mon,19,Long_Distance
misc,77.74,F,0,23,Sun,14,Commute
misc,2.97,F,0,78,Sun,10,Long_Distance
grocery,17.57,F,0,57,Sun,15,Regional
travel,5.2,M,0,48,Sat,23,Commute
travel,72.86,M,0,20,Thu,9,Remote
shopping,967.55,F,0,48,Sat,12,Regional
grocery,61.76,F,0,42,Mon,12,Long_Distance
misc,2.67,M,0,41,Sun,5,Commute
home,174.75,M,0,50,Wed,20,Commute
entertainment,80.45,M,0,26,Fri,15,Commute
personal,31.87,F,0,89,Sun,13,Commute
shopping,6.05,M,0,27,Tue,13,Long_Distance
home,31.73,M,0,61,Mon,17,Commute
misc,7.41,M,0,92,Wed,1,Long_Distance
shopping,5.59,F,0,21,Mon,12,Regional
travel,72.18,M,0,29,Sun,9,Regional
entertainment,128.77,F,0,33,Mon,13,Remote
travel,6.24,F,0,72,Tue,23,Long_Distance
travel,3.73,F,0,65,Sat,12,Long_Distance
grocery,183.78,F,0,43,Sun,1,Long_Distance
home,39.21,M,0,39,Tue,23,Long_Distance
travel,52.65,M,0,29,Wed,10,Regional
grocery,108.07,F,0,85,Sun,9,Commute
home,74.99,F,0,61,Mon,22,Long_Distance
grocery,60.4,F,0,34,Sun,6,Commute
misc,15.08,M,0,26,Fri,3,Long_Distance
travel,55.18,M,0,20,Sun,11,Long_Distance
home,26.45,F,0,29,Sun,18,Long_Distance
home,9.92,F,0,48,Sat,22,Commute
shopping,5.06,F,0,29,Sat,16,Long_Distance
travel,48.32,M,0,25,Thu,7,Long_Distance
misc,250.42,F,0,44,Thu,8,Regional
misc,3.72,F,0,88,Wed,4,Regional
misc,9.41,F,0,30,Wed,16,Commute
grocery,37.06,M,0,45,Fri,8,Commute
grocery,151.37,F,0,73,Mon,2,Commute
personal,38.04,F,0,64,Mon,14,Commute
travel,87.84,M,0,84,Wed,2,Regional
health,57.18,M,0,20,Sun,21,Commute
travel,52.62,M,0,60,Sun,10,Commute
entertainment,89.96,F,0,29,Tue,15,Regional
grocery,91.97,M,0,33,Mon,6,Regional
home,143.28,M,0,39,Mon,22,Local
shopping,7.98,F,0,45,Wed,18,Long_Distance
shopping,1091.77,F,0,77,Fri,11,Long_Distance
shopping,1.66,F,0,43,Sun,20,Long_Distance
health,18.3,F,0,80,Sat,17,Commute
grocery,43.07,M,0,67,Wed,3,Regional
grocery,60.01,M,0,41,Wed,2,Long_Distance
grocery,49.75,F,0,43,Tue,10,Long_Distance
grocery,56.63,M,0,26,Sun,6,Regional
home,52.82,F,0,83,Thu,16,Commute
personal,13.74,F,0,27,Sat,16,Local
entertainment,17.67,F,0,69,Sat,1,Long_Distance
home,5.85,F,0,40,Fri,21,Long_Distance
travel,66.75,F,0,77,Fri,1,Commute
grocery,1.54,F,0,32,Mon,17,Commute
grocery,35.36,M,0,26,Wed,18,Long_Distance
entertainment,285.01,M,0,57,Thu,10,Regional
grocery,200.75,F,0,34,Sat,16,Local
entertainment,8.97,F,0,70,Thu,16,Regional
personal,137.27,F,0,53,Sat,18,Commute
travel,81.96,F,0,26,Fri,4,Long_Distance
misc,33.41,M,0,41,Wed,2,Long_Distance
grocery,20.21,F,0,69,Tue,17,Commute
travel,2.94,F,0,85,Fri,15,Long_Distance
shopping,139.69,M,0,46,Sun,5,Long_Distance
shopping,4.97,M,0,48,Mon,19,Commute
shopping,350.76,F,0,63,Sat,9,Long_Distance
entertainment,42.8,F,0,57,Tue,10,Commute
travel,54.34,F,0,66,Tue,4,Commute
grocery,100.24,F,0,47,Fri,6,Commute
health,20.12,F,0,26,Mon,17,Commute
shopping,97.63,F,0,87,Wed,5,Long_Distance
health,14.57,F,0,60,Wed,20,Long_Distance
home,54.02,F,0,44,Tue,17,Commute
misc,4.77,M,0,29,Sat,12,Remote
misc,29.73,M,0,48,Tue,15,Regional
health,75.17,M,0,26,Thu,21,Commute
health,56.55,F,0,42,Sun,22,Commute
home,52.44,F,0,36,Sun,16,Regional
home,127.55,F,0,32,Mon,16,Regional
travel,51.59,F,0,25,Sun,6,Regional
grocery,198.55,F,0,42,Sun,11,Remote
home,46.93,F,0,27,Tue,14,Regional
home,100.83,F,0,49,Sat,22,Commute
grocery,3.39,M,0,47,Tue,17,Regional
home,11.67,F,0,86,Sat,22,Commute
misc,6.0,F,0,69,Tue,11,Long_Distance
shopping,92.6,M,0,46,Tue,6,Long_Distance
misc,4.26,F,0,43,Sun,1,Long_Distance
travel,1.59,M,0,65,Mon,13,Long_Distance
home,10.19,M,0,41,Wed,20,Commute
grocery,3.83,M,0,75,Thu,17,Regional
home,14.15,M,0,53,Sun,23,Long_Distance
home,75.47,F,0,57,Mon,19,Regional
home,130.97,F,0,31,Sat,23,Long_Distance
shopping,215.34,F,0,20,Sun,15,Commute
misc,226.45,M,0,18,Sun,20,Commute
grocery,98.43,F,0,58,Fri,14,Remote
shopping,4.53,M,0,75,Fri,9,Long_Distance
shopping,9.34,M,0,25,Mon,19,Long_Distance
personal,3.77,M,0,66,Fri,19,Long_Distance
grocery,56.72,F,0,58,Tue,12,Long_Distance
shopping,9.12,F,0,63,Mon,2,Long_Distance
grocery,51.7,M,0,41,Mon,3,Local
shopping,198.96,F,0,36,Sat,16,Regional
home,64.5,M,0,52,Tue,18,Commute
misc,8.45,M,0,24,Sun,13,Long_Distance
grocery,133.39,F,0,54,Sun,15,Remote
home,171.81,F,0,58,Sat,18,Commute
home,14.51,M,0,40,Mon,21,Remote
personal,87.82,M,0,33,Sat,12,Long_Distance
grocery,179.76,F,0,30,Mon,5,Long_Distance
shopping,5.68,F,0,52,Mon,1,Commute
home,48.62,M,0,33,Sat,22,Regional
entertainment,135.97,F,0,48,Thu,15,Commute
health,44.76,F,0,35,Sun,20,Local
travel,96.66,F,0,53,Thu,4,Commute
shopping,98.13,F,0,81,Thu,1,Commute
misc,8.95,M,0,21,Sun,23,Commute
health,26.7,F,0,47,Sun,23,Commute
shopping,15.31,F,0,37,Sun,16,Commute
grocery,62.05,M,0,59,Mon,9,Regional
misc,17.76,F,0,45,Sun,17,Long_Distance
entertainment,75.71,M,0,49,Sat,13,Regional
personal,38.7,F,0,44,Sun,12,Long_Distance
travel,63.67,F,0,46,Fri,5,Long_Distance
misc,1.69,M,0,45,Tue,22,Commute
shopping,140.17,M,0,26,Fri,8,Commute
personal,42.87,F,0,52,Tue,13,Commute
travel,52.67,F,0,70,Sun,6,Regional
grocery,118.96,M,0,33,Sat,1,Long_Distance
personal,116.65,F,0,44,Fri,22,Commute
personal,218.45,F,0,36,Tue,13,Long_Distance
misc,18.18,F,0,35,Wed,20,Long_Distance
misc,1.3,F,0,28,Fri,3,Regional
grocery,10.05,F,0,47,Mon,13,Long_Distance
shopping,5.81,F,0,33,Wed,14,Commute
travel,4.47,F,0,66,Mon,22,Long_Distance
travel,46.22,F,0,68,Tue,2,Regional
home,63.74,M,0,56,Fri,21,Long_Distance
grocery,40.18,F,0,87,Thu,1,Long_Distance
travel,7.22,F,0,29,Mon,23,Commute
shopping,31.11,F,0,48,Mon,14,Long_Distance
home,35.67,F,0,54,Thu,22,Commute
home,60.41,F,0,58,Sun,14,Regional
shopping,3.81,M,0,67,Tue,2,Local
entertainment,72.25,M,0,74,Sat,15,Long_Distance
home,141.52,F,0,33,Sat,14,Long_Distance
grocery,3.02,M,0,58,Tue,23,Commute
home,171.53,F,0,85,Fri,15,Commute
entertainment,99.13,F,0,21,Sat,12,Commute
personal,77.04,M,0,75,Mon,12,Commute
grocery,45.89,M,0,35,Thu,1,Regional
personal,76.85,F,0,94,Sun,18,Regional
health,8.4,M,0,72,Sat,14,Long_Distance
shopping,4.53,M,0,55,Mon,4,Long_Distance
personal,79.05,M,0,40,Thu,12,Long_Distance
grocery,158.67,F,0,47,Sun,4,Long_Distance
grocery,30.49,F,0,47,Mon,10,Regional
personal,70.82,F,0,34,Sun,20,Long_Distance
grocery,4.39,M,0,84,Tue,10,Long_Distance
entertainment,90.02,M,0,21,Mon,17,Regional
travel,50.88,F,0,87,Sun,5,Commute
shopping,6.27,M,0,81,Mon,10,Regional
grocery,24.28,M,0,25,Fri,4,Remote
entertainment,69.53,M,0,34,Tue,20,Commute
travel,77.18,M,0,45,Sat,8,Commute
home,103.92,M,0,22,Tue,12,Commute
home,70.58,M,0,26,Thu,14,Regional
grocery,26.44,M,0,44,Mon,15,Long_Distance
grocery,27.99,M,0,40,Wed,5,Remote
personal,1.18,M,0,24,Tue,15,Long_Distance
travel,85.04,F,0,24,Sun,0,Long_Distance
travel,4.58,F,0,49,Mon,15,Regional
home,100.4,M,0,61,Fri,17,Regional
entertainment,2.38,M,0,51,Tue,5,Long_Distance
shopping,9.26,M,0,53,Wed,10,Long_Distance
home,46.79,M,0,25,Mon,12,Long_Distance
grocery,89.57,M,0,54,Fri,7,Regional
shopping,6.7,M,0,32,Tue,17,Long_Distance
entertainment,74.15,M,0,29,Thu,17,Commute
personal,2.66,F,0,19,Sat,19,Regional
entertainment,113.8,M,0,35,Mon,12,Regional
entertainment,1.24,M,0,53,Wed,23,Long_Distance
health,53.42,F,0,36,Mon,17,Long_Distance
home,25.53,F,0,32,Tue,21,Long_Distance
misc,80.81,F,0,43,Fri,0,Long_Distance
home,30.15,F,0,68,Tue,20,Commute
shopping,140.45,M,0,23,Tue,13,Regional
grocery,52.77,F,0,32,Sat,1,Long_Distance
entertainment,76.13,F,0,85,Mon,16,Long_Distance
home,43.59,M,0,26,Sat,18,Long_Distance
shopping,7.54,F,0,35,Tue,14,Long_Distance
misc,193.69,F,0,16,Mon,12,Local
health,99.28,F,0,36,Mon,23,Commute
shopping,2.92,F,0,41,Fri,15,Remote
shopping,202.22,F,0,59,Sun,2,Commute
entertainment,80.76,M,0,31,Thu,12,Commute
health,24.75,M,0,65,Tue,19,Local
misc,57.08,F,0,46,Sat,5,Commute
travel,4.68,M,0,61,Tue,23,Commute
grocery,64.55,M,0,67,Sun,11,Long_Distance
grocery,37.08,F,0,42,Fri,13,Commute
shopping,7.28,F,0,32,Thu,16,Commute
misc,91.01,F,0,16,Sun,17,Commute
home,92.16,M,0,64,Sun,14,Regional
shopping,94.81,F,0,38,Tue,15,Commute
travel,69.0,F,0,48,Thu,4,Regional
grocery,4.6,M,0,20,Sun,16,Commute
misc,9.21,M,0,44,Mon,17,Long_Distance
shopping,43.99,M,0,80,Mon,10,Commute
grocery,65.74,M,0,33,Sat,16,Long_Distance
home,88.05,M,0,33,Wed,14,Regional
misc,6.21,M,0,59,Thu,5,Long_Distance
home,133.31,F,0,43,Tue,21,Long_Distance
grocery,78.45,F,0,46,Mon,11,Regional
grocery,26.38,M,0,25,Sat,11,Regional
home,22.39,M,0,26,Sat,18,Commute
home,88.32,F,0,72,Wed,20,Regional
misc,1.32,F,0,72,Mon,10,Local
entertainment,64.62,F,0,33,Wed,12,Regional
home,43.33,M,0,46,Sun,20,Commute
shopping,4.36,F,0,67,Sun,6,Commute
shopping,251.23,F,0,29,Wed,14,Commute
grocery,24.68,F,0,35,Tue,23,Long_Distance
health,90.95,M,0,65,Thu,18,Commute
home,9.47,M,0,53,Fri,19,Commute
shopping,358.3,F,0,22,Mon,18,Commute
grocery,33.86,M,0,16,Wed,4,Regional
travel,3.66,F,0,51,Mon,14,Commute
health,29.79,F,0,47,Tue,21,Commute
misc,8.06,F,0,48,Mon,12,Long_Distance
shopping,8.64,F,0,66,Sat,2,Long_Distance
grocery,185.25,F,0,44,Wed,0,Long_Distance
entertainment,74.71,M,0,43,Tue,15,Regional
shopping,2.04,F,0,56,Sat,4,Long_Distance
personal,74.67,F,0,35,Tue,18,Long_Distance
misc,440.09,M,0,71,Thu,10,Long_Distance
personal,16.67,F,0,72,Thu,15,Long_Distance
home,78.01,M,0,26,Fri,16,Commute
home,2.01,F,0,33,Tue,18,Regional
travel,1.54,F,0,32,Sun,17,Long_Distance
home,39.44,M,0,71,Wed,15,Regional
entertainment,48.94,F,0,64,Mon,12,Regional
entertainment,202.05,F,0,36,Sun,21,Regional
entertainment,17.01,F,0,65,Tue,13,Long_Distance
grocery,109.03,M,0,54,Mon,11,Regional
home,82.99,M,0,26,Wed,23,Local
personal,167.32,F,0,35,Wed,22,Long_Distance
shopping,4.74,M,0,64,Thu,1,Remote
home,109.38,F,0,47,Sun,19,Commute
grocery,134.88,M,0,82,Tue,10,Long_Distance
misc,4.21,F,0,45,Thu,22,Long_Distance
home,96.34,M,0,55,Sun,12,Commute
grocery,164.19,M,0,50,Sun,16,Regional
personal,44.79,F,0,41,Wed,15,Long_Distance
entertainment,44.62,F,0,27,Tue,15,Long_Distance
home,4.15,M,0,89,Tue,23,Long_Distance
grocery,35.61,M,0,25,Sat,5,Regional
entertainment,74.94,F,0,29,Fri,23,Long_Distance
personal,32.43,F,0,47,Sun,23,Long_Distance
home,70.4,M,0,38,Thu,13,Regional
shopping,8.94,F,0,48,Sun,23,Local
health,56.5,M,0,41,Thu,12,Regional
entertainment,65.93,M,0,82,Mon,1,Regional
shopping,17.95,M,0,37,Tue,13,Long_Distance
home,120.83,F,0,59,Sat,19,Long_Distance
travel,86.7,M,0,43,Wed,7,Long_Distance
shopping,9.73,F,0,49,Sun,7,Long_Distance
entertainment,168.82,F,0,33,Thu,12,Commute
shopping,8.3,M,0,24,Mon,19,Commute
misc,4.22,M,0,52,Mon,0,Commute
home,15.59,M,0,84,Fri,18,Long_Distance
travel,50.15,M,0,54,Sun,0,Regional
home,106.71,F,0,60,Thu,19,Commute
home,35.41,F,0,65,Mon,18,Commute
home,50.27,F,0,33,Mon,15,Regional
entertainment,47.17,F,0,47,Sun,13,Regional
home,17.59,F,0,59,Sun,17,Regional
personal,78.8,F,0,77,Sun,18,Commute
personal,4.9,F,0,56,Sat,20,Regional
home,23.61,M,0,74,Sun,19,Commute
grocery,234.79,F,0,44,Sat,11,Commute
shopping,3.63,F,0,35,Mon,13,Commute
home,88.05,M,0,34,Thu,20,Commute
shopping,1.37,M,0,41,Wed,21,Regional
grocery,83.32,M,0,45,Sat,7,Long_Distance
home,54.13,M,0,31,Mon,16,Long_Distance
personal,24.64,M,0,50,Sat,21,Commute
health,19.4,F,0,60,Fri,17,Regional
shopping,1.08,F,0,41,Mon,15,Commute
grocery,27.55,F,0,34,Sat,12,Long_Distance
home,33.58,F,0,26,Sun,16,Long_Distance
grocery,44.08,M,0,27,Tue,10,Long_Distance
grocery,216.07,F,0,50,Fri,2,Long_Distance
home,56.98,F,0,35,Sun,17,Long_Distance
personal,17.91,F,0,28,Tue,16,Remote
health,59.88,F,0,35,Wed,18,Commute
grocery,68.61,M,0,43,Thu,18,Long_Distance
travel,74.87,M,0,64,Sat,9,Local
entertainment,51.51,F,0,43,Sat,18,Commute
grocery,116.73,M,0,67,Tue,1,Commute
grocery,18.6,M,0,42,Sun,14,Long_Distance
personal,29.48,F,0,20,Sun,17,Long_Distance
home,36.98,F,0,29,Sun,14,Commute
grocery,68.95,F,0,41,Sun,5,Regional
personal,55.72,F,0,26,Mon,13,Regional
grocery,4.44,M,0,21,Mon,20,Long_Distance
shopping,8.39,F,0,63,Tue,8,Commute
health,3.48,F,0,93,Sat,12,Long_Distance
personal,119.45,F,0,37,Fri,17,Long_Distance
grocery,205.79,F,0,35,Mon,9,Local
personal,30.31,M,0,58,Fri,16,Remote
entertainment,74.53,M,0,23,Wed,14,Long_Distance
grocery,92.61,M,0,28,Tue,1,Long_Distance
grocery,65.81,M,0,30,Mon,7,Commute
travel,4.68,M,0,78,Mon,20,Long_Distance
home,23.47,F,0,35,Sun,16,Commute
travel,73.34,F,0,70,Sun,2,Long_Distance
health,75.66,M,0,27,Tue,12,Commute
entertainment,169.94,M,0,75,Sun,16,Regional
home,94.86,F,0,36,Sat,19,Long_Distance
home,18.16,F,0,56,Wed,18,Long_Distance
home,80.57,M,0,30,Thu,18,Long_Distance
grocery,11.61,M,0,34,Fri,13,Local
entertainment,337.81,F,0,36,Tue,13,Commute
shopping,8.28,F,0,47,Fri,18,Local
travel,72.48,F,0,48,Sat,8,Commute
travel,461.03,M,0,41,Mon,22,Regional
home,51.17,M,0,46,Mon,15,Long_Distance
entertainment,68.64,M,0,29,Wed,15,Local
travel,64.84,M,0,37,Tue,11,Regional
entertainment,4.84,F,0,20,Sun,19,Commute
travel,5.73,M,0,27,Sun,18,Long_Distance
travel,491.73,M,0,40,Tue,13,Regional
travel,59.85,M,0,37,Wed,9,Long_Distance
grocery,90.83,M,0,50,Tue,5,Long_Distance
grocery,83.37,F,0,73,Wed,11,Regional
shopping,8.71,M,0,62,Sun,8,Commute
shopping,3.28,F,0,43,Mon,16,Long_Distance
grocery,87.63,F,0,94,Thu,6,Long_Distance
grocery,68.83,M,0,45,Wed,20,Long_Distance
shopping,5.65,M,0,47,Tue,16,Long_Distance
personal,63.03,F,0,34,Sat,14,Long_Distance
misc,4.36,F,0,49,Sat,6,Regional
grocery,82.1,F,0,35,Fri,0,Commute
travel,63.7,F,0,66,Mon,0,Long_Distance
shopping,6.49,F,0,63,Sun,1,Long_Distance
misc,802.04,F,0,42,Fri,10,Long_Distance
shopping,14.36,F,0,50,Sat,15,Long_Distance
personal,46.67,F,0,32,Tue,16,Regional
home,6.14,M,0,25,Fri,23,Commute
grocery,110.21,M,0,54,Thu,16,Long_Distance
shopping,7.11,M,0,43,Mon,16,Regional
shopping,5.28,F,0,74,Wed,7,Commute
home,1.62,M,0,47,Tue,22,Commute
entertainment,79.49,M,0,34,Mon,23,Local
travel,68.65,F,0,58,Sun,4,Long_Distance
entertainment,29.17,F,0,78,Fri,4,Regional
travel,76.66,F,0,43,Mon,6,Long_Distance
misc,1.77,F,0,31,Sun,14,Regional
home,89.08,F,0,65,Thu,23,Long_Distance
health,181.9,M,0,43,Fri,19,Local
home,3.1,F,0,66,Wed,12,Long_Distance
grocery,20.17,F,0,15,Sun,22,Regional
travel,67.98,F,0,59,Mon,3,Local
entertainment,14.14,F,0,46,Sat,15,Long_Distance
entertainment,54.65,M,0,54,Mon,20,Long_Distance
misc,2.2,M,0,25,Tue,18,Regional
home,143.1,F,0,79,Tue,17,Commute
grocery,122.8,M,0,67,Thu,1,Local
grocery,120.63,F,0,52,Tue,18,Regional
shopping,1.5,F,0,64,Fri,9,Long_Distance
grocery,56.25,F,0,32,Wed,4,Regional
personal,16.87,F,0,57,Mon,17,Commute
shopping,5.0,F,0,72,Tue,2,Long_Distance
health,99.38,F,0,48,Wed,23,Regional
shopping,163.04,M,0,57,Sun,1,Commute
misc,149.38,F,0,47,Sun,10,Long_Distance
shopping,22.2,F,0,69,Tue,3,Long_Distance
grocery,12.3,F,0,20,Mon,17,Regional
travel,70.77,F,0,15,Fri,0,Commute
home,77.19,M,0,45,Sat,20,Local
home,7.79,F,0,29,Tue,19,Commute
personal,71.46,F,0,44,Sat,21,Long_Distance
shopping,9.79,M,0,53,Fri,4,Commute
home,51.05,F,0,67,Sun,19,Commute
misc,12.81,M,0,64,Wed,4,Remote
home,183.66,M,0,66,Sun,17,Regional
home,31.39,F,0,69,Mon,22,Remote
shopping,9.81,F,0,49,Sun,2,Regional
shopping,7.38,F,0,45,Tue,22,Long_Distance
misc,129.21,F,0,49,Sun,2,Long_Distance
grocery,111.65,F,0,49,Sat,15,Commute
home,33.42,F,0,49,Sun,19,Regional
shopping,6.27,F,0,34,Sat,12,Long_Distance
shopping,5.17,F,0,35,Sun,21,Long_Distance
shopping,16.48,F,0,34,Thu,23,Long_Distance
grocery,166.55,F,0,36,Tue,0,Long_Distance
misc,9.08,F,0,58,Mon,8,Commute
shopping,4.89,F,0,44,Tue,20,Commute
entertainment,26.13,M,0,39,Tue,14,Long_Distance
travel,62.61,M,0,58,Fri,7,Regional
health,61.02,M,0,53,Sun,19,Regional
travel,52.21,F,0,21,Mon,5,Remote
shopping,98.4,M,0,44,Sun,1,Long_Distance
personal,28.16,F,0,34,Tue,23,Long_Distance
home,54.69,M,0,40,Tue,21,Local
grocery,68.11,M,0,72,Sat,17,Regional
grocery,33.8,F,0,59,Tue,1,Long_Distance
misc,2.35,F,0,32,Tue,11,Regional
home,80.06,F,0,39,Wed,19,Long_Distance
shopping,19.7,F,0,36,Mon,14,Long_Distance
travel,56.9,F,0,60,Tue,5,Regional
home,57.68,M,0,64,Mon,12,Long_Distance
grocery,47.25,M,0,65,Fri,16,Long_Distance
home,65.96,F,0,52,Sun,15,Commute
home,29.7,F,0,70,Wed,23,Commute
health,135.03,M,0,54,Sat,15,Commute
shopping,3.93,F,0,33,Mon,17,Remote
travel,117.34,F,0,55,Sat,11,Long_Distance
entertainment,86.75,M,0,24,Wed,21,Regional
entertainment,65.36,M,0,36,Wed,20,Commute
grocery,65.09,F,0,39,Fri,10,Regional
home,105.92,M,0,48,Sun,12,Regional
shopping,5.34,F,0,54,Fri,9,Long_Distance
health,105.14,F,0,28,Sat,12,Commute
shopping,246.72,F,0,29,Thu,22,Long_Distance
grocery,5.69,M,0,34,Sun,17,Long_Distance
health,14.22,F,0,58,Wed,18,Commute
misc,5.27,M,0,47,Thu,19,Commute
home,238.58,F,0,90,Mon,23,Long_Distance
shopping,7.14,F,0,23,Tue,13,Regional
grocery,68.12,F,0,30,Tue,14,Regional
health,135.67,M,0,84,Sun,13,Commute
personal,23.52,F,0,27,Tue,12,Long_Distance
misc,5.48,F,0,29,Sat,20,Regional
grocery,226.33,F,0,35,Wed,6,Long_Distance
health,38.41,M,0,33,Sat,23,Regional
home,75.54,F,0,31,Wed,23,Long_Distance
health,44.62,F,0,54,Sat,16,Regional
home,14.95,M,0,51,Sat,21,Long_Distance
shopping,155.15,F,0,72,Mon,4,Regional
shopping,2.41,F,0,56,Tue,9,Regional
health,27.65,F,0,50,Sat,16,Commute
shopping,5.44,M,0,83,Tue,6,Commute
home,152.52,M,0,56,Sat,18,Commute
entertainment,27.25,F,0,49,Mon,22,Long_Distance
entertainment,17.87,M,0,39,Fri,13,Regional
health,39.02,F,0,30,Sat,12,Regional
personal,33.64,F,0,58,Fri,22,Commute
travel,54.42,M,0,46,Mon,4,Commute
home,28.5,F,0,47,Mon,13,Remote
misc,13.8,F,0,29,Sun,6,Commute
travel,55.62,M,0,22,Sun,7,Commute
shopping,113.96,M,0,30,Wed,1,Commute
travel,111.46,M,0,46,Mon,0,Long_Distance
home,70.88,M,0,26,Sat,23,Long_Distance
home,62.15,F,0,25,Sun,13,Commute
home,52.91,F,0,51,Thu,13,Long_Distance
grocery,115.59,F,0,59,Tue,11,Long_Distance
travel,68.3,F,0,78,Tue,11,Commute
health,77.55,F,0,36,Mon,23,Commute
travel,64.24,F,0,36,Mon,8,Regional
misc,8.1,M,0,57,Thu,1,Remote
health,62.1,M,0,33,Wed,20,Long_Distance
entertainment,64.05,F,0,30,Wed,20,Commute
home,112.32,M,0,30,Wed,19,Local
misc,6.87,M,0,46,Sun,10,Regional
health,75.2,M,0,35,Sat,23,Regional
travel,69.94,M,0,46,Sat,1,Long_Distance
shopping,8.99,M,0,43,Sat,18,Commute
grocery,93.03,F,0,49,Mon,11,Long_Distance
health,42.48,M,0,81,Mon,15,Regional
grocery,48.42,M,0,47,Tue,3,Local
health,21.73,M,0,62,Sat,23,Commute
grocery,114.98,F,0,91,Fri,3,Regional
personal,10.44,F,0,68,Wed,23,Regional
grocery,20.53,M,0,46,Sun,14,Commute
misc,14.48,F,0,46,Sun,23,Remote
misc,3.27,F,0,47,Mon,16,Commute
grocery,62.02,F,0,81,Sun,4,Commute
misc,33.21,F,0,39,Sun,12,Regional
misc,4.43,F,0,32,Fri,10,Commute
home,19.95,M,0,75,Thu,18,Regional
shopping,2.81,M,0,93,Tue,1,Long_Distance
travel,6.63,M,0,22,Sun,16,Regional
grocery,112.75,F,0,31,Mon,8,Regional
shopping,1.43,F,0,67,Mon,10,Long_Distance
travel,65.11,M,0,55,Sat,3,Long_Distance
shopping,312.59,F,0,50,Tue,1,Long_Distance
shopping,2.98,F,0,93,Sat,11,Commute
misc,265.69,M,0,35,Wed,20,Long_Distance
health,21.34,F,0,34,Mon,13,Long_Distance
grocery,104.5,M,0,47,Sat,0,Regional
grocery,14.58,M,0,22,Thu,18,Long_Distance
home,48.79,M,0,31,Sun,13,Long_Distance
shopping,8.98,F,0,68,Sun,4,Commute
grocery,80.56,M,0,67,Mon,5,Regional
shopping,5.45,F,0,44,Wed,21,Long_Distance
grocery,66.05,F,0,68,Thu,9,Regional
grocery,7.13,M,0,62,Mon,14,Local
home,22.64,M,0,52,Mon,14,Long_Distance
grocery,132.09,F,0,54,Thu,9,Commute
entertainment,246.38,F,0,38,Sat,18,Regional
grocery,37.68,F,0,34,Sun,5,Regional
travel,22.09,F,0,48,Tue,5,Regional
grocery,192.54,F,0,27,Sun,1,Commute
travel,58.67,F,0,56,Sun,9,Commute
home,37.29,M,0,53,Sat,13,Regional
shopping,142.13,M,0,34,Sat,7,Long_Distance
personal,90.31,M,0,52,Sun,19,Long_Distance
shopping,1.38,F,0,45,Tue,15,Long_Distance
home,11.72,F,0,60,Mon,20,Local
shopping,1.53,F,0,35,Mon,20,Commute
home,46.99,F,0,43,Sat,19,Long_Distance
personal,86.04,F,0,45,Tue,19,Regional
grocery,132.46,F,0,56,Sun,9,Long_Distance
home,82.33,M,0,45,Tue,17,Commute
travel,100.51,M,0,44,Fri,11,Long_Distance
travel,54.3,F,0,62,Tue,4,Regional
home,34.91,F,0,48,Mon,17,Local
misc,336.28,F,0,46,Sun,11,Regional
travel,523.65,M,0,33,Mon,16,Commute
home,46.41,F,0,74,Mon,16,Long_Distance
shopping,72.0,F,0,32,Sun,22,Long_Distance
entertainment,248.57,M,0,64,Wed,5,Commute
home,13.69,M,0,74,Mon,20,Long_Distance
home,47.52,M,0,60,Fri,22,Remote
entertainment,56.25,M,0,52,Fri,15,Long_Distance
travel,64.32,F,0,45,Mon,2,Commute
grocery,80.48,M,0,38,Mon,1,Long_Distance
home,47.76,F,0,25,Sun,23,Long_Distance
health,45.1,M,0,83,Wed,20,Local
personal,66.26,M,0,41,Wed,19,Regional
health,34.02,F,0,33,Mon,22,Regional
personal,11.92,F,0,43,Sat,17,Regional
misc,120.19,F,0,34,Mon,1,Long_Distance
personal,43.34,M,0,66,Tue,20,Local
entertainment,56.59,M,0,33,Tue,12,Long_Distance
entertainment,34.66,M,0,53,Sat,11,Regional
home,3.09,F,0,67,Mon,14,Commute
grocery,29.97,M,0,78,Mon,5,Regional
personal,43.17,F,0,68,Wed,13,Regional
grocery,9.55,M,0,19,Mon,21,Regional
travel,45.49,F,0,46,Mon,1,Long_Distance
health,13.66,M,0,37,Sat,12,Regional
travel,63.68,F,0,23,Tue,6,Long_Distance
home,21.41,F,0,50,Tue,23,Commute
shopping,3.94,M,0,79,Mon,7,Long_Distance
travel,77.28,M,0,26,Mon,2,Long_Distance
shopping,8.75,M,0,38,Tue,22,Long_Distance
personal,45.67,F,0,28,Mon,19,Long_Distance
shopping,8.59,M,0,39,Tue,15,Regional
shopping,7.95,F,0,90,Sun,11,Regional
shopping,212.26,M,0,93,Thu,2,Long_Distance
grocery,178.02,F,0,39,Mon,9,Long_Distance
home,46.25,M,0,45,Fri,12,Long_Distance
entertainment,39.48,F,0,22,Mon,20,Regional
travel,82.47,M,0,55,Tue,5,Long_Distance
grocery,31.44,F,0,80,Fri,12,Long_Distance
personal,27.84,F,0,28,Fri,17,Commute
home,61.27,F,0,34,Thu,18,Regional
shopping,8.36,M,0,30,Sun,17,Regional
home,93.69,F,0,86,Sun,16,Regional
shopping,6.45,M,0,60,Fri,4,Commute
grocery,97.37,F,0,48,Thu,1,Regional
misc,6.26,M,0,40,Sun,20,Long_Distance
shopping,6.81,F,0,34,Sun,22,Commute
shopping,5.2,F,0,78,Sat,8,Regional
misc,270.27,F,0,52,Sat,6,Commute
entertainment,79.47,M,0,34,Wed,20,Remote
health,71.95,F,0,42,Fri,12,Regional
misc,3.18,M,0,63,Wed,6,Remote
home,74.33,M,0,82,Tue,15,Long_Distance
personal,42.18,M,0,72,Fri,14,Commute
personal,275.32,F,0,35,Sun,14,Long_Distance
personal,19.26,F,0,36,Wed,21,Regional
home,45.46,M,0,29,Mon,22,Long_Distance
grocery,36.01,M,0,43,Tue,5,Commute
grocery,43.67,M,0,31,Mon,8,Long_Distance
grocery,118.64,M,0,54,Mon,9,Commute
misc,171.4,M,0,81,Sat,6,Regional
travel,8.38,F,0,23,Sat,23,Long_Distance
entertainment,7.27,M,0,25,Wed,12,Long_Distance
home,78.15,M,0,30,Mon,13,Regional
misc,44.86,M,0,30,Sun,3,Commute
entertainment,12.28,F,0,33,Mon,14,Long_Distance
home,65.03,F,0,45,Wed,16,Long_Distance
misc,9.56,M,0,32,Sun,10,Commute
entertainment,74.95,F,0,88,Mon,12,Long_Distance
shopping,2.87,F,0,44,Mon,12,Commute
entertainment,34.48,M,0,36,Fri,18,Regional
home,182.65,F,0,80,Sun,18,Commute
entertainment,21.32,M,0,83,Sun,22,Local
grocery,4.41,M,0,23,Mon,1,Regional
shopping,174.81,F,0,32,Mon,16,Remote
grocery,44.35,M,0,36,Thu,9,Long_Distance
travel,71.66,M,0,71,Mon,10,Long_Distance
personal,84.51,F,0,29,Mon,13,Regional
home,105.21,F,0,39,Mon,22,Long_Distance
misc,40.29,M,0,31,Thu,8,Long_Distance
shopping,15.51,M,0,23,Wed,14,Regional
grocery,39.25,F,0,28,Mon,3,Commute
personal,1.67,M,0,48,Sun,22,Regional
health,75.75,F,0,36,Thu,21,Regional
health,7.59,F,0,48,Sun,17,Regional
shopping,3.84,M,0,62,Mon,8,Regional
grocery,133.15,M,0,50,Wed,5,Long_Distance
grocery,71.31,F,0,35,Wed,3,Long_Distance
shopping,9.49,M,0,32,Sat,23,Long_Distance
grocery,60.3,M,0,36,Tue,13,Commute
misc,7.05,F,0,66,Sat,6,Long_Distance
shopping,141.42,M,0,36,Sat,7,Regional
grocery,49.84,M,0,46,Wed,1,Long_Distance
travel,57.59,F,0,28,Fri,2,Long_Distance
misc,3.58,F,0,60,Mon,7,Commute
entertainment,78.98,F,0,36,Sun,16,Long_Distance
travel,73.32,M,0,73,Wed,0,Remote
misc,184.14,F,0,55,Mon,4,Long_Distance
entertainment,64.77,M,0,35,Sun,13,Long_Distance
personal,22.72,F,0,54,Sat,18,Long_Distance
grocery,5.8,F,0,43,Thu,18,Long_Distance
entertainment,22.93,F,0,51,Sun,3,Long_Distance
misc,1.32,F,0,42,Tue,14,Long_Distance
home,33.17,F,0,41,Fri,23,Regional
home,75.3,M,0,30,Sat,16,Commute
grocery,46.19,M,0,49,Sat,10,Long_Distance
health,175.24,M,0,77,Sat,21,Long_Distance
home,30.46,F,0,16,Sun,16,Long_Distance
grocery,28.33,M,0,76,Wed,10,Long_Distance
travel,47.12,F,0,56,Tue,10,Long_Distance
travel,42.68,F,0,65,Mon,6,Local
shopping,25.44,F,0,22,Mon,19,Local
home,78.91,F,0,22,Wed,19,Long_Distance
health,77.23,F,0,42,Sat,20,Regional
home,45.32,F,0,23,Mon,17,Regional
misc,11.46,F,0,45,Sun,6,Regional
misc,572.66,F,0,33,Sun,8,Long_Distance
personal,5.72,F,0,27,Sat,21,Regional
health,56.28,F,0,33,Thu,20,Regional
misc,230.89,F,0,48,Wed,5,Regional
misc,27.07,F,0,29,Sun,12,Long_Distance
grocery,28.48,F,0,22,Tue,11,Regional
misc,94.23,M,0,37,Mon,12,Commute
grocery,40.14,F,0,38,Fri,23,Long_Distance
travel,52.75,F,0,19,Mon,0,Commute
entertainment,22.62,F,0,48,Sat,13,Commute
grocery,163.88,F,0,71,Mon,9,Commute
health,12.6,M,0,20,Thu,19,Long_Distance
home,46.78,F,0,55,Fri,18,Regional
grocery,51.46,F,0,24,Mon,22,Regional
home,45.56,M,0,35,Fri,20,Long_Distance
entertainment,6.34,F,0,28,Sat,17,Regional
travel,39.86,F,0,75,Mon,11,Commute
shopping,8.48,M,0,60,Sat,7,Regional
health,104.42,F,0,66,Sat,22,Long_Distance
travel,69.8,F,0,22,Sun,1,Regional
home,90.31,M,0,28,Mon,14,Regional
home,105.84,M,0,60,Mon,21,Long_Distance
misc,305.0,M,0,38,Sun,3,Long_Distance
shopping,4.14,F,0,51,Thu,5,Long_Distance
home,46.74,M,0,69,Tue,13,Long_Distance
home,64.96,M,0,87,Mon,20,Long_Distance
shopping,8.2,M,0,52,Mon,9,Commute
home,1.26,M,0,22,Sat,23,Long_Distance
shopping,8.92,F,0,47,Thu,22,Regional
home,35.12,M,0,77,Sat,23,Regional
home,50.64,M,0,41,Mon,23,Commute
grocery,20.65,F,0,21,Sun,22,Regional
misc,5.86,F,0,73,Mon,11,Regional
grocery,181.84,F,0,46,Sat,8,Commute
shopping,4.01,F,0,34,Fri,16,Commute
home,23.52,M,0,15,Mon,12,Long_Distance
shopping,6.67,M,0,74,Mon,3,Long_Distance
grocery,95.17,F,0,36,Mon,7,Local
shopping,9.47,F,0,44,Thu,13,Regional
shopping,4.43,F,0,24,Tue,18,Remote
personal,21.54,F,0,56,Sun,17,Commute
home,51.28,M,0,32,Sat,18,Commute
travel,62.34,F,0,63,Sat,1,Commute
grocery,50.93,F,0,29,Sun,22,Long_Distance
health,8.77,F,0,49,Sun,18,Commute
home,43.76,F,0,43,Sat,18,Commute
shopping,7.35,F,0,49,Fri,23,Long_Distance
personal,29.82,M,0,26,Sun,23,Long_Distance
grocery,98.87,M,0,42,Sun,6,Regional
health,62.48,F,0,86,Sun,12,Commute
home,58.56,F,0,35,Tue,14,Long_Distance
home,4.38,F,0,60,Sat,12,Long_Distance
shopping,9.81,M,0,65,Sun,7,Long_Distance
grocery,193.36,F,0,48,Thu,11,Commute
home,73.29,M,0,71,Sat,21,Commute
misc,6.65,M,0,56,Tue,1,Long_Distance
home,123.27,F,0,57,Tue,20,Commute
shopping,95.85,F,0,28,Mon,20,Long_Distance
travel,110.07,M,0,55,Fri,1,Long_Distance
health,26.19,F,0,50,Mon,15,Remote
shopping,7.41,M,0,34,Sun,14,Commute
misc,800.59,F,0,88,Sat,5,Regional
travel,538.09,M,0,34,Mon,17,Long_Distance
grocery,35.95,F,0,52,Tue,1,Commute
travel,128.14,M,0,65,Thu,0,Commute
grocery,10.35,F,0,65,Wed,19,Regional
home,11.54,F,0,67,Tue,20,Long_Distance
shopping,12.01,F,0,35,Mon,17,Commute
grocery,30.76,F,0,33,Sat,16,Long_Distance
entertainment,41.24,M,0,66,Mon,5,Long_Distance
home,13.53,F,0,30,Fri,19,Commute
grocery,2.55,M,0,40,Sun,12,Local
travel,50.77,F,0,24,Sat,10,Regional
home,49.56,M,0,51,Thu,14,Long_Distance
shopping,5.77,F,0,30,Fri,22,Regional
travel,62.59,F,0,61,Sun,1,Long_Distance
health,15.12,F,0,43,Sun,19,Remote
entertainment,89.56,F,0,58,Sat,5,Commute
home,86.66,F,0,49,Tue,15,Long_Distance
health,71.6,F,0,28,Sun,22,Commute
personal,46.15,M,0,61,Mon,17,Commute
travel,54.45,F,0,46,Thu,9,Long_Distance
shopping,2.01,M,0,35,Thu,21,Commute
travel,68.13,M,0,71,Mon,2,Long_Distance
travel,74.5,F,0,28,Sun,3,Long_Distance
home,90.65,F,0,47,Mon,13,Long_Distance
shopping,18.0,F,0,68,Sun,8,Local
misc,15.27,F,0,42,Sun,5,Regional
personal,120.35,F,0,36,Wed,21,Long_Distance
personal,22.44,F,0,36,Thu,14,Remote
home,14.35,F,0,64,Sat,22,Commute
personal,60.94,F,0,46,Sun,16,Long_Distance
entertainment,55.91,M,0,21,Fri,15,Regional
home,31.43,F,0,55,Fri,17,Remote
entertainment,106.37,M,0,63,Sat,17,Long_Distance
personal,27.95,F,0,43,Fri,21,Long_Distance
entertainment,173.68,F,0,25,Sat,12,Commute
shopping,2.87,F,0,35,Thu,22,Local
shopping,37.47,M,0,51,Thu,9,Commute
home,7.09,F,0,64,Wed,22,Regional
home,51.93,M,0,33,Wed,15,Regional
entertainment,89.22,M,0,25,Mon,12,Long_Distance
misc,154.04,F,0,27,Wed,3,Commute
grocery,81.14,F,0,44,Mon,8,Commute
travel,9.29,M,0,39,Sun,14,Regional
grocery,110.99,F,0,47,Sun,8,Long_Distance
home,63.25,F,0,60,Fri,22,Long_Distance
shopping,1.82,F,0,49,Mon,12,Remote
home,39.08,F,0,35,Tue,13,Long_Distance
grocery,90.85,F,0,49,Wed,11,Long_Distance
home,13.42,F,0,71,Fri,17,Remote
travel,77.14,F,0,58,Sun,1,Commute
personal,53.14,F,0,66,Fri,19,Long_Distance
grocery,48.0,F,0,52,Sat,17,Regional
home,40.79,M,0,44,Sat,12,Long_Distance
grocery,58.91,F,0,27,Mon,11,Commute
health,18.92,M,0,57,Sat,12,Long_Distance
shopping,5.39,M,0,58,Thu,1,Long_Distance
home,75.64,M,0,41,Mon,17,Commute
shopping,5.92,F,0,49,Sat,23,Long_Distance
grocery,38.35,M,0,37,Sat,20,Regional
grocery,58.96,F,0,84,Thu,0,Commute
home,27.2,F,0,36,Sun,19,Long_Distance
home,149.92,M,0,34,Tue,19,Commute
travel,61.32,F,0,61,Sat,10,Long_Distance
home,16.33,M,0,63,Mon,13,Regional
grocery,75.88,F,0,90,Sun,11,Long_Distance
grocery,104.76,M,0,57,Tue,3,Long_Distance
home,27.59,M,0,57,Fri,23,Long_Distance
home,82.52,F,0,69,Fri,23,Local
home,28.24,M,0,75,Wed,22,Commute
personal,25.26,M,0,31,Thu,22,Commute
grocery,5.83,F,0,33,Thu,17,Regional
personal,117.47,M,0,22,Thu,23,Commute
home,78.63,M,0,82,Mon,16,Long_Distance
home,3.53,F,0,49,Sat,16,Local
home,41.93,F,0,69,Tue,18,Long_Distance
grocery,193.88,F,0,38,Thu,9,Regional
grocery,56.48,M,0,28,Sat,15,Commute
personal,29.57,F,0,30,Tue,20,Long_Distance
grocery,56.91,F,0,32,Mon,10,Commute
home,16.57,M,0,53,Mon,19,Regional
shopping,9.37,F,0,48,Tue,22,Regional
shopping,305.2,M,0,55,Fri,3,Long_Distance
grocery,58.17,M,0,51,Sun,21,Commute
grocery,51.98,M,0,44,Wed,2,Regional
home,83.68,M,0,46,Wed,17,Commute
entertainment,190.92,F,0,48,Sat,14,Regional
health,138.23,F,0,71,Tue,22,Long_Distance
misc,7.45,F,0,43,Fri,23,Long_Distance
shopping,72.13,F,0,43,Thu,14,Long_Distance
shopping,23.17,M,0,57,Sat,0,Long_Distance
travel,35.27,M,0,23,Mon,7,Long_Distance
grocery,46.06,M,0,39,Mon,16,Long_Distance
misc,127.83,M,0,55,Mon,9,Long_Distance
misc,142.23,F,0,36,Mon,8,Long_Distance
grocery,99.93,M,0,26,Sun,0,Long_Distance
home,152.65,M,0,78,Sun,16,Long_Distance
misc,9.55,F,0,66,Fri,3,Long_Distance
grocery,175.7,F,0,85,Thu,0,Commute
travel,65.99,F,0,35,Mon,4,Commute
grocery,41.81,F,0,33,Mon,11,Remote
misc,40.03,M,0,46,Tue,0,Long_Distance
home,45.87,F,0,78,Tue,15,Regional
shopping,7.15,M,0,51,Tue,0,Regional
misc,11.06,M,0,89,Mon,7,Commute
shopping,2.13,F,0,47,Mon,13,Regional
grocery,46.47,F,0,33,Mon,4,Long_Distance
shopping,11.19,M,0,29,Sat,12,Long_Distance
grocery,13.02,M,0,23,Mon,13,Long_Distance
shopping,1.43,M,0,65,Tue,8,Long_Distance
misc,1.83,F,0,36,Mon,12,Long_Distance
grocery,116.99,F,0,29,Tue,11,Long_Distance
health,90.71,M,0,58,Thu,14,Long_Distance
travel,4.74,M,0,69,Sat,23,Commute
personal,81.38,M,0,42,Wed,20,Regional
grocery,108.34,M,0,82,Mon,13,Commute
travel,44.76,M,0,62,Sat,9,Long_Distance
misc,2.5,M,0,65,Sun,4,Long_Distance
misc,767.93,M,0,45,Sun,2,Long_Distance
misc,1.78,F,0,28,Sun,18,Long_Distance
travel,66.36,M,0,54,Tue,8,Long_Distance
home,14.56,F,0,36,Mon,20,Remote
entertainment,79.06,M,0,93,Fri,18,Commute
home,49.15,F,0,36,Thu,19,Regional
shopping,6.03,M,0,47,Sun,23,Remote
grocery,56.65,M,0,50,Sun,23,Long_Distance
entertainment,9.33,F,0,68,Mon,6,Regional
shopping,4.97,F,0,53,Mon,4,Long_Distance
shopping,8.0,F,0,49,Sat,22,Long_Distance
shopping,7.88,M,0,62,Sun,3,Long_Distance
health,80.34,F,0,46,Mon,12,Commute
travel,63.78,M,0,47,Sat,6,Commute
travel,79.57,M,0,39,Sat,0,Long_Distance
shopping,7.35,F,0,32,Thu,22,Long_Distance
shopping,7.29,F,0,25,Sat,21,Regional
misc,6.39,M,0,74,Fri,9,Regional
entertainment,84.17,F,0,51,Mon,8,Long_Distance
home,22.39,M,0,51,Mon,18,Long_Distance
travel,62.94,F,0,41,Mon,5,Regional
misc,6.66,F,0,27,Fri,10,Long_Distance
home,36.17,F,0,70,Mon,20,Commute
travel,45.94,F,0,70,Mon,9,Long_Distance
grocery,37.66,M,0,27,Fri,10,Long_Distance
home,14.8,F,0,31,Fri,18,Long_Distance
travel,73.01,F,0,43,Sat,9,Long_Distance
misc,7.74,F,0,32,Sat,5,Long_Distance
grocery,72.15,F,0,35,Sat,17,Long_Distance
shopping,59.77,F,0,48,Mon,15,Local
health,47.82,F,0,64,Thu,18,Commute
grocery,216.86,F,0,31,Mon,2,Long_Distance
travel,69.57,M,0,49,Fri,2,Local
shopping,3.7,M,0,25,Thu,20,Long_Distance
travel,5.54,F,0,27,Sat,16,Long_Distance
misc,4.69,M,0,27,Mon,1,Commute
shopping,100.34,M,0,30,Thu,8,Commute
home,70.36,F,0,60,Fri,23,Commute
grocery,59.74,F,0,84,Thu,22,Long_Distance
grocery,23.32,F,0,41,Sun,21,Commute
entertainment,115.82,F,0,38,Fri,18,Long_Distance
shopping,1.82,F,0,56,Fri,9,Commute
shopping,20.19,F,0,34,Mon,21,Long_Distance
entertainment,6.63,M,0,74,Sun,9,Commute
travel,65.27,F,0,47,Sun,4,Commute
entertainment,53.01,M,0,44,Wed,16,Regional
grocery,143.66,M,0,74,Thu,6,Regional
shopping,6.8,M,0,62,Tue,7,Long_Distance
shopping,8.01,M,0,78,Fri,5,Commute
home,40.09,M,0,41,Tue,23,Local
home,75.31,M,0,69,Tue,13,Long_Distance
entertainment,24.36,F,0,57,Thu,18,Long_Distance
home,79.84,M,0,36,Mon,18,Long_Distance
travel,40.27,F,0,69,Fri,8,Long_Distance
travel,2.85,M,0,92,Sun,17,Regional
grocery,43.02,F,0,36,Mon,9,Regional
travel,50.07,F,0,45,Fri,3,Long_Distance
grocery,72.2,F,0,16,Fri,2,Long_Distance
home,4.26,F,0,29,Fri,21,Long_Distance
grocery,100.04,M,0,34,Sat,11,Commute
entertainment,134.96,F,0,49,Sat,22,Commute
misc,29.45,F,0,44,Fri,6,Long_Distance
grocery,54.82,F,0,20,Mon,22,Long_Distance
misc,41.42,M,0,46,Sun,8,Commute
travel,74.12,M,0,53,Tue,5,Long_Distance
misc,28.4,F,0,29,Tue,21,Regional
misc,19.32,M,0,70,Thu,6,Remote
travel,44.68,F,0,50,Wed,8,Long_Distance
entertainment,78.38,F,0,45,Sun,16,Commute
entertainment,94.13,F,0,36,Fri,17,Long_Distance
travel,2.65,F,0,26,Sat,15,Local
home,31.2,F,0,68,Thu,15,Regional
grocery,22.59,M,0,18,Mon,3,Long_Distance
personal,14.75,F,0,46,Sun,13,Regional
shopping,1.54,F,0,29,Tue,18,Long_Distance
entertainment,76.53,M,0,26,Sun,22,Long_Distance
health,61.43,F,0,21,Sun,15,Commute
grocery,112.58,M,0,52,Tue,0,Commute
grocery,248.24,F,0,43,Mon,10,Commute
travel,5.48,F,0,57,Fri,23,Commute
grocery,100.23,F,0,64,Fri,11,Commute
entertainment,83.93,M,0,45,Mon,14,Long_Distance
grocery,103.09,F,0,47,Wed,11,Commute
health,35.23,M,0,21,Thu,19,Commute
grocery,48.66,M,0,44,Tue,21,Long_Distance
travel,62.58,M,0,44,Thu,6,Long_Distance
grocery,137.52,M,0,60,Fri,10,Long_Distance
home,26.82,F,0,33,Sun,17,Commute
travel,581.48,M,0,39,Tue,14,Commute
travel,61.14,F,0,80,Sun,10,Long_Distance
shopping,291.51,F,0,40,Sat,21,Commute
home,100.71,M,0,52,Mon,12,Regional
entertainment,30.58,F,0,53,Fri,18,Long_Distance
misc,5.21,F,0,62,Wed,0,Regional
home,26.98,F,0,47,Sat,15,Long_Distance
grocery,169.59,F,0,49,Fri,12,Regional
grocery,64.14,M,0,41,Thu,9,Commute
misc,182.28,F,0,28,Sun,2,Regional
home,137.63,F,0,21,Sat,21,Commute
grocery,5.16,M,0,20,Mon,23,Long_Distance
travel,54.87,F,0,26,Thu,9,Long_Distance
travel,46.41,F,0,34,Mon,2,Regional
grocery,225.26,F,0,49,Mon,9,Long_Distance
travel,1.95,F,0,53,Mon,14,Commute
entertainment,5.02,M,0,34,Wed,23,Long_Distance
travel,98.87,F,0,62,Tue,5,Regional
shopping,344.16,F,0,43,Wed,23,Long_Distance
shopping,107.44,M,0,37,Wed,5,Regional
entertainment,132.86,M,0,34,Tue,12,Regional
grocery,18.88,M,0,63,Mon,10,Long_Distance
misc,44.24,F,0,79,Wed,5,Commute
home,45.98,F,0,94,Tue,13,Long_Distance
personal,177.91,M,0,66,Tue,14,Long_Distance
grocery,144.66,M,0,78,Sat,8,Regional
grocery,27.39,F,0,64,Sun,6,Commute
grocery,34.65,F,0,44,Fri,11,Long_Distance
grocery,50.8,M,0,45,Wed,5,Regional
grocery,114.49,M,0,51,Sat,10,Long_Distance
grocery,208.78,F,0,29,Sun,4,Remote
grocery,35.66,M,0,20,Sat,13,Local
grocery,7.25,F,0,44,Thu,17,Commute
home,86.82,F,0,62,Sat,22,Long_Distance
grocery,124.66,F,0,90,Fri,11,Long_Distance
home,17.09,F,0,48,Fri,13,Commute
shopping,8.28,M,0,64,Tue,2,Long_Distance
travel,4.84,M,0,35,Tue,21,Long_Distance
misc,38.1,M,0,19,Sat,17,Long_Distance
health,132.43,F,0,67,Wed,12,Long_Distance
travel,8.56,F,0,35,Wed,20,Regional
shopping,5.24,F,0,59,Mon,0,Long_Distance
health,72.01,M,0,46,Thu,15,Long_Distance
entertainment,46.1,F,0,77,Mon,15,Long_Distance
shopping,8.17,F,0,55,Sun,11,Regional
travel,8.74,M,0,76,Mon,12,Long_Distance
home,13.08,F,0,55,Thu,17,Commute
shopping,307.01,F,0,56,Thu,9,Commute
shopping,4.33,M,0,54,Mon,11,Long_Distance
shopping,9.8,F,0,43,Fri,17,Regional
home,19.49,M,0,38,Fri,19,Regional
misc,16.27,M,0,37,Thu,13,Regional
misc,1.89,M,0,42,Thu,5,Regional
travel,398.98,M,0,33,Sat,12,Regional
health,8.25,M,0,19,Sun,18,Regional
home,22.16,F,0,90,Tue,16,Remote
misc,12.07,M,0,53,Fri,5,Remote
misc,189.06,M,0,20,Mon,23,Long_Distance
home,40.18,M,0,71,Sat,12,Commute
home,66.49,F,0,65,Sat,18,Long_Distance
shopping,8.33,M,0,30,Sat,16,Long_Distance
misc,3.92,F,0,50,Mon,22,Commute
shopping,1789.08,M,0,63,Fri,1,Commute
grocery,120.39,F,0,85,Thu,1,Commute
home,85.39,F,0,35,Thu,19,Remote
home,168.58,M,0,65,Sun,14,Regional
grocery,1.62,F,0,35,Sun,13,Long_Distance
entertainment,43.75,M,0,22,Fri,13,Long_Distance
shopping,5.54,F,0,60,Tue,1,Long_Distance
grocery,40.55,M,0,96,Fri,22,Long_Distance
misc,39.54,M,0,30,Wed,11,Long_Distance
shopping,9.02,M,0,52,Thu,6,Regional
home,4.84,F,0,26,Wed,22,Long_Distance
grocery,56.67,M,0,39,Mon,4,Regional
travel,4.07,F,0,39,Mon,14,Long_Distance
home,6.8,F,0,28,Sat,18,Commute
grocery,109.25,M,0,45,Fri,7,Commute
shopping,604.09,M,0,45,Sun,23,Commute
health,18.58,M,0,47,Fri,19,Long_Distance
health,73.82,M,0,43,Fri,13,Long_Distance
grocery,51.48,M,0,30,Mon,14,Commute
shopping,3.59,F,0,31,Wed,19,Long_Distance
shopping,9.92,F,0,45,Thu,22,Long_Distance
travel,52.15,M,0,37,Sat,6,Long_Distance
home,128.44,M,0,33,Wed,23,Long_Distance
home,237.58,F,0,45,Tue,22,Long_Distance
personal,1.73,F,0,52,Mon,20,Commute
health,122.37,F,0,40,Mon,13,Regional
travel,71.41,F,0,45,Sun,10,Commute
home,162.41,M,0,26,Mon,18,Regional
misc,10.89,F,0,93,Wed,4,Regional
grocery,95.3,M,0,31,Tue,10,Long_Distance
shopping,4.33,F,0,37,Wed,16,Long_Distance
home,119.42,M,0,56,Tue,19,Long_Distance
grocery,49.11,M,0,26,Sun,1,Local
travel,78.96,M,0,48,Tue,11,Commute
travel,72.39,M,0,45,Sun,1,Commute
entertainment,23.45,F,0,45,Tue,21,Long_Distance
grocery,51.4,F,0,51,Mon,3,Long_Distance
personal,91.63,F,0,27,Tue,13,Long_Distance
grocery,55.64,F,0,46,Fri,2,Commute
home,26.11,M,0,22,Mon,13,Regional
grocery,110.54,F,0,40,Fri,10,Commute
grocery,49.96,M,0,44,Thu,11,Regional
travel,7.59,M,0,29,Thu,13,Long_Distance
personal,1.91,F,0,79,Mon,21,Long_Distance
entertainment,90.11,M,0,48,Tue,14,Long_Distance
grocery,63.32,M,0,25,Mon,19,Commute
misc,53.11,F,0,47,Mon,2,Regional
shopping,4.18,M,0,53,Mon,3,Commute
shopping,9.64,M,0,55,Fri,7,Long_Distance
travel,47.2,F,0,59,Mon,6,Long_Distance
entertainment,51.03,F,0,48,Sat,23,Regional
travel,61.59,F,0,60,Tue,6,Commute
travel,58.48,F,0,38,Thu,1,Commute
entertainment,82.83,M,0,80,Fri,21,Long_Distance
misc,2.5,F,0,31,Fri,9,Commute
travel,2.04,F,0,32,Sat,16,Commute
shopping,7.1,F,0,48,Sat,15,Long_Distance
shopping,30.86,F,0,36,Fri,22,Remote
shopping,49.76,M,0,77,Wed,5,Long_Distance
misc,307.38,M,0,70,Mon,4,Remote
entertainment,7.97,M,0,54,Tue,0,Long_Distance
grocery,211.9,F,0,42,Tue,2,Long_Distance
home,28.06,F,0,49,Mon,21,Commute
home,8.32,F,0,48,Mon,18,Commute
home,17.25,F,0,54,Fri,22,Long_Distance
shopping,2.12,M,0,33,Sun,18,Long_Distance
misc,6.46,M,0,67,Thu,5,Local
travel,49.71,M,0,45,Wed,11,Regional
misc,7.28,M,0,31,Mon,11,Regional
shopping,9.03,F,0,45,Mon,12,Regional
home,28.23,M,0,52,Sun,17,Long_Distance
health,83.74,F,0,31,Mon,12,Long_Distance
shopping,3.66,M,0,57,Mon,3,Remote
home,95.47,M,0,92,Fri,22,Regional
grocery,118.31,F,0,35,Sat,7,Regional
travel,65.23,M,0,64,Sat,8,Long_Distance
shopping,79.91,F,0,32,Tue,15,Remote
grocery,67.27,F,0,32,Tue,1,Remote
grocery,81.7,F,0,19,Sun,15,Commute
entertainment,5.39,F,0,63,Sun,15,Regional
home,44.92,F,0,35,Tue,17,Commute
home,17.46,F,0,71,Fri,21,Regional
travel,7.45,M,0,46,Fri,13,Regional
travel,44.43,M,0,53,Mon,5,Long_Distance
health,13.28,F,0,69,Sat,23,Commute
travel,63.91,M,0,56,Wed,9,Local
home,18.28,F,0,42,Sat,19,Commute
grocery,7.28,F,0,22,Wed,21,Long_Distance
travel,73.06,F,0,46,Sun,9,Commute
grocery,104.89,M,0,56,Sat,12,Regional
health,22.34,M,0,23,Sun,20,Regional
home,48.68,M,0,28,Sun,17,Commute
misc,42.5,F,0,35,Mon,3,Long_Distance
misc,241.06,F,0,27,Tue,7,Regional
home,24.04,M,0,76,Sun,17,Long_Distance
grocery,84.08,F,0,33,Tue,4,Commute
home,36.8,F,0,46,Mon,13,Remote
shopping,1.09,F,0,35,Mon,18,Commute
home,46.67,F,0,38,Fri,14,Commute
home,46.9,F,0,43,Mon,17,Long_Distance
grocery,75.98,F,0,30,Fri,1,Long_Distance
grocery,10.25,F,0,32,Fri,17,Long_Distance
shopping,2.08,M,0,50,Sat,9,Long_Distance
travel,67.95,M,0,46,Mon,7,Long_Distance
shopping,8.82,M,0,18,Mon,22,Commute
home,74.55,F,0,48,Thu,13,Long_Distance
entertainment,2.26,F,0,39,Thu,15,Commute
grocery,59.88,M,0,33,Fri,20,Long_Distance
grocery,109.96,M,0,51,Sat,1,Long_Distance
shopping,106.29,F,0,53,Wed,7,Regional
travel,55.73,F,0,48,Sat,7,Regional
misc,327.36,M,0,91,Fri,5,Long_Distance
shopping,7.71,F,0,53,Sat,0,Long_Distance
home,290.5,F,0,55,Fri,13,Regional
shopping,5.23,F,0,88,Sun,1,Long_Distance
home,61.56,M,0,62,Sat,13,Local
shopping,77.01,M,0,78,Sun,11,Long_Distance
home,60.16,F,0,22,Mon,12,Commute
personal,47.15,F,0,47,Sat,20,Long_Distance
shopping,140.15,M,0,42,Mon,9,Regional
grocery,220.0,F,0,25,Fri,4,Long_Distance
health,8.29,F,0,44,Sun,22,Regional
home,66.01,M,0,52,Tue,20,Commute
shopping,110.36,M,0,16,Sun,19,Commute
shopping,22.57,F,0,38,Thu,14,Long_Distance
travel,88.01,F,0,93,Mon,10,Long_Distance
home,12.29,F,0,48,Tue,16,Long_Distance
home,22.38,F,0,74,Thu,22,Commute
home,21.52,F,0,47,Thu,23,Commute
shopping,81.08,M,0,74,Thu,8,Long_Distance
grocery,1.29,F,0,42,Thu,23,Commute
shopping,5.52,F,0,93,Mon,7,Long_Distance
misc,7.16,F,0,27,Thu,6,Regional
shopping,108.36,M,0,54,Sun,3,Long_Distance
grocery,28.06,M,0,44,Tue,19,Long_Distance
shopping,4.63,M,0,25,Sat,17,Remote
shopping,32.81,F,0,43,Thu,19,Long_Distance
grocery,186.47,F,0,36,Sun,11,Long_Distance
misc,13.04,F,0,48,Thu,3,Commute
grocery,37.82,M,0,19,Sun,16,Commute
grocery,82.47,F,0,31,Mon,20,Commute
shopping,41.4,M,0,82,Wed,6,Commute
home,48.11,F,0,31,Mon,14,Commute
grocery,34.07,M,0,43,Sat,6,Regional
travel,505.74,M,0,42,Thu,18,Commute
entertainment,144.17,F,0,48,Mon,19,Regional
home,62.7,F,0,32,Fri,21,Long_Distance
entertainment,79.56,M,0,46,Mon,17,Regional
home,14.77,M,0,32,Sat,19,Long_Distance
grocery,65.18,F,0,33,Wed,7,Commute
home,106.28,M,0,52,Wed,22,Long_Distance
home,71.55,M,0,31,Sun,12,Regional
grocery,6.7,F,0,34,Fri,20,Commute
personal,32.35,M,0,53,Tue,15,Long_Distance
misc,29.53,M,0,35,Tue,13,Long_Distance
home,52.31,M,0,40,Tue,12,Long_Distance
travel,61.44,F,0,29,Mon,3,Long_Distance
entertainment,38.13,F,0,28,Thu,12,Long_Distance
travel,3.26,M,0,59,Mon,15,Commute
shopping,8.8,F,0,35,Tue,16,Long_Distance
misc,11.43,F,0,60,Fri,10,Commute
travel,52.6,F,0,16,Mon,3,Local
grocery,113.81,F,0,55,Mon,9,Commute
travel,64.63,F,0,63,Mon,0,Commute
grocery,66.55,F,0,27,Tue,10,Commute
personal,22.54,M,0,51,Tue,13,Remote
travel,53.23,F,0,26,Thu,1,Commute
shopping,2.15,F,0,43,Sun,21,Long_Distance
grocery,89.26,F,0,51,Tue,0,Long_Distance
grocery,126.41,M,0,86,Mon,3,Regional
entertainment,21.76,F,0,35,Sat,17,Long_Distance
home,146.58,M,0,69,Mon,13,Long_Distance
home,117.46,M,0,22,Sun,16,Commute
travel,71.76,F,0,46,Sun,7,Remote
shopping,7.55,F,0,51,Sat,7,Long_Distance
home,170.53,F,0,32,Wed,21,Commute
home,81.53,F,0,43,Thu,18,Local
grocery,57.06,M,0,82,Tue,17,Long_Distance
misc,3.3,M,0,58,Sun,3,Regional
shopping,120.7,F,0,35,Thu,12,Long_Distance
travel,71.49,F,0,31,Fri,2,Remote
grocery,16.34,F,0,23,Tue,10,Long_Distance
personal,75.24,M,0,47,Fri,23,Regional
travel,74.42,M,0,56,Mon,3,Commute
health,28.65,F,0,58,Tue,23,Regional
home,16.56,F,0,46,Wed,21,Regional
home,6.94,M,0,53,Fri,12,Local
home,29.87,F,0,80,Tue,18,Commute
misc,7.73,M,0,15,Sat,19,Commute
travel,8.68,F,0,51,Mon,23,Regional
health,138.72,M,0,75,Mon,13,Commute
shopping,64.4,F,0,35,Sat,19,Commute
home,74.02,M,0,38,Sat,15,Remote
shopping,2.93,F,0,71,Fri,7,Regional
grocery,92.24,M,0,35,Sun,9,Long_Distance
health,79.49,F,0,27,Sun,16,Commute
personal,14.55,M,0,51,Mon,14,Long_Distance
grocery,169.05,M,0,51,Sat,7,Long_Distance
shopping,7.93,F,0,49,Tue,14,Long_Distance
health,101.11,F,0,30,Tue,23,Commute
travel,71.38,M,0,47,Fri,7,Long_Distance
misc,4.68,M,0,55,Mon,0,Long_Distance
travel,93.81,F,0,45,Mon,3,Remote
home,66.71,M,0,44,Mon,17,Long_Distance
misc,199.95,F,0,27,Thu,2,Commute
grocery,28.22,M,0,27,Wed,4,Commute
travel,64.36,M,0,63,Sun,1,Regional
travel,141.23,F,0,87,Sun,11,Commute
shopping,47.84,F,0,24,Wed,22,Regional
travel,83.0,M,0,53,Wed,4,Commute
travel,7.31,M,0,50,Thu,21,Regional
personal,3.02,F,0,92,Tue,15,Regional
personal,78.44,F,0,27,Fri,19,Long_Distance
home,15.76,F,0,44,Thu,12,Commute
misc,2.47,F,0,91,Sat,6,Long_Distance
misc,1.26,F,0,41,Mon,5,Regional
travel,56.76,F,0,47,Mon,2,Long_Distance
shopping,1.78,F,0,36,Mon,14,Long_Distance
misc,4.84,F,0,43,Thu,9,Regional
misc,4.07,M,0,52,Tue,5,Long_Distance
home,73.17,M,0,33,Sun,19,Commute
travel,8.58,F,0,49,Sat,16,Regional
shopping,1.5,M,0,33,Sat,12,Regional
home,26.66,M,0,51,Wed,19,Long_Distance
home,16.62,F,0,68,Fri,12,Long_Distance
home,20.24,F,0,63,Mon,12,Local
home,22.48,F,0,69,Thu,17,Commute
home,51.81,F,0,62,Wed,23,Long_Distance
grocery,25.81,F,0,38,Fri,20,Commute
personal,104.87,F,0,22,Sat,23,Regional
travel,61.52,M,0,36,Wed,3,Commute
misc,7.62,M,0,33,Mon,1,Long_Distance
travel,48.68,F,0,65,Sat,10,Commute
home,12.81,F,0,33,Tue,16,Commute
travel,560.76,M,0,38,Mon,18,Long_Distance
home,32.35,F,0,19,Wed,22,Long_Distance
grocery,66.02,F,0,32,Mon,8,Long_Distance
grocery,163.43,F,0,53,Wed,9,Regional
home,134.99,M,0,52,Mon,22,Commute
home,75.56,M,0,45,Tue,21,Commute
home,42.98,M,0,33,Wed,23,Long_Distance
grocery,54.99,M,0,27,Sun,23,Commute
misc,3.48,M,0,70,Sun,5,Long_Distance
shopping,7.91,F,0,70,Sat,9,Commute
misc,2.25,F,0,33,Thu,21,Regional
entertainment,89.8,F,0,47,Mon,23,Regional
home,60.37,F,0,48,Thu,13,Regional
misc,5.48,F,0,42,Mon,14,Long_Distance
shopping,5.78,F,0,43,Fri,14,Long_Distance
shopping,6.58,M,0,51,Sat,9,Long_Distance
shopping,2.45,F,0,70,Sat,11,Regional
personal,88.71,F,0,62,Thu,23,Regional
home,10.91,F,0,66,Wed,20,Long_Distance
health,66.33,F,0,26,Wed,23,Commute
shopping,117.92,M,0,68,Sat,10,Commute
grocery,35.33,M,0,32,Wed,6,Regional
entertainment,2.11,F,0,52,Sun,6,Long_Distance
health,17.11,F,0,54,Mon,12,Commute
shopping,4.36,F,0,53,Sun,6,Regional
personal,73.37,M,0,26,Tue,15,Remote
travel,105.49,F,0,44,Tue,2,Commute
shopping,119.77,F,0,22,Sat,15,Long_Distance
misc,148.59,F,0,42,Thu,17,Commute
shopping,1.37,F,0,28,Tue,15,Long_Distance
home,66.1,F,0,59,Mon,18,Long_Distance
grocery,113.45,F,0,58,Mon,0,Long_Distance
grocery,97.47,M,0,78,Sun,4,Long_Distance
home,61.66,F,0,43,Sat,23,Commute
grocery,5.73,F,0,22,Sun,15,Local
travel,5.28,M,0,64,Tue,13,Local
home,126.0,M,0,29,Tue,20,Long_Distance
grocery,96.53,F,0,27,Fri,0,Long_Distance
shopping,376.16,M,0,46,Mon,23,Remote
travel,58.84,F,0,54,Mon,4,Long_Distance
health,73.33,M,0,37,Sat,18,Regional
grocery,100.16,M,0,56,Mon,11,Long_Distance
entertainment,133.96,M,0,44,Fri,12,Long_Distance
travel,59.72,F,0,70,Fri,9,Local
home,51.47,M,0,25,Mon,20,Long_Distance
personal,102.82,F,0,37,Thu,16,Local
home,59.54,M,0,74,Sun,16,Long_Distance
grocery,14.17,F,0,21,Tue,9,Long_Distance
misc,39.54,M,0,31,Mon,0,Commute
travel,42.48,F,0,36,Mon,6,Local
home,11.56,F,0,49,Mon,15,Regional
travel,69.25,F,0,74,Fri,4,Regional
home,143.93,M,0,63,Tue,16,Commute
home,139.71,F,0,47,Mon,14,Commute
misc,3.5,M,0,65,Mon,9,Long_Distance
entertainment,4.0,M,0,60,Tue,2,Long_Distance
grocery,136.78,M,0,65,Wed,7,Regional
grocery,103.79,M,0,37,Fri,11,Commute
misc,7.74,F,0,47,Mon,11,Long_Distance
health,2.91,F,0,35,Wed,12,Commute
home,73.51,F,0,35,Sat,23,Commute
misc,87.57,M,0,44,Sun,6,Commute
shopping,2.83,M,0,48,Sun,21,Remote
travel,38.78,M,0,16,Sat,2,Commute
grocery,6.14,F,0,64,Tue,16,Long_Distance
entertainment,18.25,F,0,31,Sun,22,Regional
grocery,45.59,M,0,29,Tue,11,Long_Distance
home,40.96,M,0,21,Fri,22,Commute
grocery,7.87,F,0,16,Tue,15,Long_Distance
shopping,121.77,M,0,45,Wed,9,Long_Distance
shopping,3.92,F,0,71,Tue,4,Remote
home,68.02,M,0,72,Wed,22,Long_Distance
travel,65.84,F,0,36,Mon,9,Long_Distance
misc,4.6,M,0,74,Mon,2,Long_Distance
misc,4.92,F,0,19,Sun,14,Remote
grocery,93.69,M,0,80,Fri,8,Long_Distance
home,41.53,M,0,49,Tue,17,Long_Distance
grocery,3.43,M,0,26,Sun,12,Regional
grocery,64.22,M,0,42,Sat,18,Regional
home,174.35,F,0,53,Sat,13,Long_Distance
travel,3.74,F,0,65,Sat,19,Regional
home,50.03,M,0,30,Sun,16,Regional
travel,62.23,F,0,50,Sun,7,Long_Distance
shopping,110.07,F,0,30,Wed,16,Commute
grocery,1.81,F,0,36,Sat,22,Commute
home,131.44,F,0,36,Wed,17,Long_Distance
entertainment,5.31,F,0,80,Mon,16,Commute
grocery,84.51,F,0,37,Wed,8,Commute
grocery,67.0,F,0,27,Fri,11,Remote
entertainment,85.95,M,0,61,Fri,10,Regional
health,42.28,M,0,75,Mon,12,Remote
entertainment,70.19,M,0,34,Thu,23,Long_Distance
misc,9.64,M,0,55,Sat,2,Regional
grocery,177.25,M,0,53,Tue,6,Regional
entertainment,83.38,M,0,34,Thu,13,Regional
shopping,90.22,M,0,37,Mon,4,Commute
home,44.83,M,0,52,Wed,22,Regional
grocery,211.99,F,0,28,Thu,8,Long_Distance
home,53.37,F,0,41,Mon,13,Commute
home,14.16,M,0,54,Mon,19,Commute
entertainment,65.05,F,0,73,Wed,21,Regional
personal,171.82,M,0,74,Sun,20,Commute
personal,9.37,M,0,46,Sat,23,Long_Distance
home,67.34,F,0,89,Thu,21,Regional
entertainment,48.72,F,0,25,Thu,22,Regional
misc,7.15,F,0,47,Tue,23,Regional
misc,36.26,M,0,38,Tue,0,Local
entertainment,98.2,M,0,20,Wed,23,Long_Distance
grocery,40.7,M,0,33,Sun,4,Long_Distance
grocery,120.94,F,0,77,Wed,4,Long_Distance
shopping,1.23,M,0,93,Mon,11,Long_Distance
travel,96.17,F,0,66,Sat,8,Long_Distance
home,40.91,M,0,72,Sun,13,Commute
travel,56.69,M,0,60,Mon,7,Commute
entertainment,12.99,F,0,90,Mon,11,Long_Distance
home,53.01,M,0,47,Sat,16,Long_Distance
shopping,127.8,M,0,45,Sat,11,Long_Distance
misc,31.18,F,0,42,Mon,10,Regional
home,7.05,F,0,48,Sat,12,Commute
grocery,55.0,F,0,49,Sun,16,Commute
grocery,95.88,M,0,15,Fri,14,Commute
shopping,4.73,M,0,58,Tue,9,Remote
travel,70.47,F,0,28,Wed,11,Commute
personal,13.31,M,0,25,Mon,20,Long_Distance
grocery,63.95,M,0,29,Thu,14,Regional
home,29.96,F,0,40,Sat,12,Long_Distance
home,74.68,F,0,26,Fri,23,Long_Distance
personal,15.34,F,0,32,Wed,22,Long_Distance
personal,125.36,F,0,36,Sat,13,Commute
grocery,46.55,F,0,48,Fri,18,Long_Distance
travel,59.28,M,0,44,Mon,5,Long_Distance
home,105.6,M,0,83,Thu,15,Regional
personal,60.32,M,0,78,Thu,21,Regional
misc,2.43,F,0,22,Fri,23,Regional
travel,4.05,M,0,52,Mon,23,Regional
home,131.59,F,0,51,Tue,14,Remote
grocery,17.7,F,0,24,Mon,17,Long_Distance
shopping,178.96,F,0,31,Thu,23,Commute
travel,32.28,F,0,15,Mon,6,Long_Distance
misc,9.95,M,0,58,Sat,5,Remote
grocery,129.73,F,0,64,Sun,4,Long_Distance
grocery,49.28,F,0,25,Mon,19,Commute
health,18.12,F,0,51,Wed,17,Regional
misc,3.64,M,0,39,Thu,12,Remote
home,70.03,F,0,36,Sun,13,Local
home,27.41,F,0,41,Fri,22,Long_Distance
travel,50.63,F,0,51,Sun,1,Regional
grocery,44.78,M,0,28,Wed,12,Long_Distance
shopping,25.48,F,0,22,Mon,20,Regional
misc,4.23,M,0,32,Mon,11,Long_Distance
misc,150.62,F,0,42,Sat,11,Long_Distance
grocery,50.34,M,0,42,Thu,4,Long_Distance
home,176.83,F,0,44,Mon,12,Regional
entertainment,23.64,M,0,59,Tue,10,Remote
health,40.12,M,0,27,Sun,14,Commute
travel,70.58,F,0,48,Sun,11,Remote
travel,76.69,F,0,42,Wed,7,Local
shopping,8.66,F,0,44,Sun,20,Long_Distance
misc,182.54,F,0,40,Fri,15,Long_Distance
personal,112.98,F,0,29,Sun,17,Commute
travel,59.27,F,0,29,Mon,2,Commute
travel,6.08,M,0,31,Tue,14,Commute
personal,3.35,F,0,84,Mon,14,Regional
personal,28.42,F,0,49,Thu,20,Long_Distance
home,43.73,M,0,58,Mon,15,Commute
grocery,91.59,F,0,33,Sat,17,Regional
grocery,92.3,F,0,64,Mon,3,Remote
home,58.08,F,0,35,Sat,23,Long_Distance
grocery,35.52,M,0,37,Sun,7,Commute
grocery,116.24,M,0,54,Mon,14,Commute
health,26.08,M,0,23,Wed,20,Commute
grocery,85.16,F,0,58,Mon,5,Commute
travel,67.46,M,0,41,Tue,9,Commute
personal,115.67,F,0,47,Mon,16,Commute
shopping,1.08,M,0,53,Sat,1,Commute
grocery,50.48,F,0,45,Mon,20,Long_Distance
personal,57.99,F,0,47,Sat,12,Regional
health,73.28,M,0,43,Mon,12,Commute
grocery,10.4,M,0,32,Thu,16,Regional
shopping,7.06,M,0,45,Thu,13,Long_Distance
home,7.2,M,0,39,Thu,19,Commute
grocery,52.81,M,0,34,Tue,6,Commute
home,2.13,F,0,35,Sat,19,Long_Distance
grocery,1.92,F,0,37,Sun,23,Long_Distance
shopping,19.21,M,0,64,Mon,6,Regional
home,53.62,F,0,66,Tue,22,Commute
travel,71.67,M,0,35,Sat,1,Regional
grocery,139.96,F,0,56,Sun,4,Commute
home,7.09,F,0,55,Mon,15,Regional
grocery,8.65,F,0,84,Wed,23,Long_Distance
home,44.61,F,0,31,Thu,22,Long_Distance
home,89.89,F,0,43,Thu,12,Commute
home,70.95,F,0,28,Sat,21,Long_Distance
grocery,46.81,M,0,31,Fri,1,Long_Distance
personal,6.05,F,0,58,Fri,13,Long_Distance
shopping,8.53,F,0,49,Wed,23,Remote
home,22.37,M,0,50,Mon,17,Regional
grocery,11.0,F,0,16,Mon,14,Commute
health,98.36,M,0,64,Sun,13,Regional
home,8.98,F,0,31,Sun,15,Regional
shopping,118.6,M,0,40,Sat,21,Long_Distance
travel,2.33,M,0,38,Mon,18,Long_Distance
misc,1.75,M,0,39,Sun,12,Long_Distance
misc,5.77,F,0,93,Sun,7,Regional
misc,3.83,F,0,36,Sat,10,Commute
health,99.29,M,0,52,Tue,12,Long_Distance
home,33.55,F,0,27,Sun,21,Commute
entertainment,48.65,M,0,81,Thu,20,Commute
shopping,1.3,F,0,46,Sat,18,Regional
shopping,1.99,F,0,42,Sat,23,Long_Distance
home,98.02,M,0,27,Thu,22,Commute
home,31.83,M,0,61,Mon,22,Long_Distance
home,163.7,M,0,47,Wed,19,Regional
travel,54.84,M,0,61,Sat,2,Long_Distance
home,53.23,M,0,47,Sun,13,Regional
travel,63.44,M,0,42,Tue,11,Regional
health,19.32,M,0,56,Thu,18,Long_Distance
grocery,54.68,M,0,35,Sun,12,Remote
health,72.52,M,0,41,Wed,13,Long_Distance
home,46.53,M,0,41,Tue,22,Commute
travel,93.0,M,0,41,Wed,4,Regional
shopping,130.03,M,0,34,Sun,13,Long_Distance
personal,4.84,M,0,63,Fri,12,Regional
grocery,25.9,M,0,36,Fri,20,Long_Distance
health,2.78,M,0,82,Fri,15,Long_Distance
travel,45.81,F,0,47,Sun,4,Local
travel,7.1,F,0,83,Sun,19,Commute
home,31.41,F,0,43,Thu,13,Regional
travel,5.77,F,0,33,Tue,23,Regional
grocery,87.64,F,0,58,Sun,11,Long_Distance
travel,57.46,F,0,46,Wed,6,Long_Distance
misc,56.13,F,0,31,Wed,4,Long_Distance
health,6.2,F,0,29,Thu,16,Long_Distance
shopping,36.5,M,0,55,Sun,9,Commute
home,130.74,F,0,25,Mon,18,Commute
misc,8.62,M,0,59,Fri,1,Long_Distance
travel,74.35,M,0,36,Wed,0,Regional
home,134.41,M,0,21,Mon,19,Long_Distance
entertainment,72.72,F,0,48,Mon,19,Long_Distance
misc,118.84,F,0,44,Mon,4,Long_Distance
shopping,22.06,F,0,48,Tue,14,Regional
grocery,144.22,M,0,53,Mon,3,Regional
shopping,2.36,F,0,62,Fri,4,Regional
misc,153.23,F,0,45,Sun,8,Regional
travel,3.69,F,0,46,Mon,21,Commute
grocery,38.76,M,0,39,Thu,11,Regional
misc,449.25,M,0,41,Sun,16,Regional
grocery,4.92,F,0,28,Tue,20,Commute
health,6.49,F,0,30,Wed,23,Commute
home,94.54,F,0,33,Mon,23,Commute
grocery,8.22,M,0,35,Wed,18,Regional
health,32.42,F,0,43,Fri,12,Long_Distance
misc,10.72,M,0,22,Sat,16,Commute
entertainment,149.91,F,0,56,Sun,18,Commute
travel,7.15,M,0,73,Sat,13,Commute
shopping,1.66,F,0,65,Wed,8,Commute
shopping,4.49,F,0,58,Sat,5,Long_Distance
shopping,6.54,F,0,31,Tue,18,Regional
home,153.74,F,0,35,Thu,22,Long_Distance
shopping,9.52,M,0,75,Thu,5,Regional
health,129.95,F,0,90,Thu,12,Commute
entertainment,15.71,M,0,75,Thu,16,Long_Distance
misc,148.65,M,0,50,Sat,11,Commute
entertainment,39.58,M,0,32,Fri,14,Long_Distance
home,30.04,F,0,48,Mon,15,Long_Distance
home,6.94,F,0,46,Mon,23,Long_Distance
travel,51.87,M,0,26,Fri,10,Remote
home,24.84,F,0,46,Mon,17,Regional
grocery,47.96,M,0,45,Wed,9,Long_Distance
shopping,632.53,M,0,46,Sun,13,Regional
travel,6.8,M,0,17,Sun,16,Commute
entertainment,87.07,F,0,42,Sun,20,Regional
travel,6.23,M,0,43,Fri,13,Regional
entertainment,16.3,M,0,53,Sun,23,Regional
grocery,126.29,F,0,39,Thu,18,Commute
home,54.81,F,0,36,Sun,22,Long_Distance
entertainment,49.94,M,0,77,Mon,1,Regional
home,15.86,F,0,33,Mon,13,Long_Distance
misc,37.94,M,0,27,Sat,3,Long_Distance
travel,494.73,M,0,29,Sat,12,Commute
home,25.12,F,0,35,Wed,18,Commute
travel,2.86,F,0,51,Wed,21,Commute
grocery,1.22,M,0,63,Sun,21,Commute
entertainment,47.75,M,0,74,Tue,10,Regional
health,103.07,F,0,31,Sat,18,Remote
misc,8.43,F,0,90,Mon,9,Long_Distance
entertainment,34.3,M,0,54,Thu,18,Long_Distance
grocery,57.32,M,0,24,Sun,1,Long_Distance
home,22.11,F,0,29,Mon,13,Long_Distance
travel,63.49,M,0,75,Sat,9,Commute
grocery,108.22,F,0,78,Sun,0,Local
grocery,49.3,F,0,49,Sat,1,Commute
shopping,2.76,M,0,36,Mon,16,Regional
personal,8.83,F,0,62,Mon,14,Regional
shopping,9.6,F,0,32,Fri,17,Commute
entertainment,3.31,F,0,45,Sun,16,Commute
grocery,84.2,M,0,42,Sun,10,Regional
grocery,51.73,M,0,93,Fri,21,Regional
misc,102.14,M,0,33,Mon,2,Long_Distance
health,53.01,M,0,33,Tue,23,Commute
travel,79.35,F,0,48,Tue,4,Local
travel,44.49,F,0,36,Mon,5,Long_Distance
misc,137.7,F,0,15,Mon,13,Regional
personal,17.49,F,0,69,Thu,17,Long_Distance
home,12.03,F,0,36,Wed,16,Long_Distance
health,19.43,M,0,43,Sun,14,Long_Distance
shopping,80.56,F,0,22,Tue,19,Local
home,40.74,F,0,27,Sun,12,Long_Distance
shopping,246.76,F,0,24,Fri,15,Regional
travel,46.72,M,0,64,Sat,6,Commute
grocery,1.46,M,0,37,Sun,16,Commute
health,61.5,F,0,25,Mon,14,Regional
misc,9.35,F,0,22,Tue,14,Regional
home,54.13,M,0,47,Tue,16,Commute
health,33.57,F,0,85,Wed,22,Commute
home,16.58,F,0,64,Tue,22,Long_Distance
grocery,82.05,F,0,37,Mon,15,Long_Distance
grocery,41.23,F,0,48,Sun,15,Long_Distance
personal,27.74,M,0,56,Sat,23,Remote
misc,6.92,F,0,92,Wed,9,Remote
home,104.88,F,0,72,Tue,22,Commute
shopping,132.96,M,0,38,Tue,10,Long_Distance
grocery,56.48,F,0,33,Thu,19,Long_Distance
health,33.22,M,0,24,Tue,16,Commute
grocery,99.81,M,0,52,Mon,0,Commute
grocery,59.32,F,0,36,Wed,0,Commute
shopping,6.4,F,0,31,Sun,22,Long_Distance
home,32.31,M,0,66,Sat,15,Regional
misc,6.28,F,0,25,Sun,3,Regional
home,41.58,F,0,62,Tue,17,Long_Distance
misc,18.73,F,0,40,Sat,4,Long_Distance
health,42.5,M,0,58,Sat,22,Regional
home,73.48,M,0,42,Mon,23,Commute
health,19.19,F,0,49,Fri,13,Long_Distance
personal,4.19,F,0,25,Tue,15,Remote
travel,70.53,F,0,29,Sun,3,Long_Distance
shopping,3.04,M,0,35,Tue,18,Long_Distance
shopping,7.84,M,0,74,Thu,8,Commute
personal,79.44,M,0,53,Mon,23,Remote
home,51.7,F,0,51,Sun,23,Long_Distance
personal,1.16,F,0,29,Tue,21,Commute
home,89.1,M,0,42,Sun,12,Local
shopping,33.3,F,0,26,Mon,14,Long_Distance
grocery,127.68,F,0,68,Tue,1,Commute
travel,61.97,F,0,58,Thu,3,Long_Distance
personal,125.76,M,0,53,Mon,19,Local
entertainment,8.36,F,0,55,Sun,10,Regional
shopping,4.46,F,0,42,Thu,16,Long_Distance
entertainment,155.13,F,0,49,Fri,1,Commute
shopping,3.99,M,0,53,Tue,10,Long_Distance
entertainment,100.27,M,0,20,Sat,21,Long_Distance
travel,60.91,M,0,58,Sun,3,Regional
grocery,150.49,F,0,65,Sat,8,Long_Distance
home,86.42,F,0,39,Sun,17,Commute
health,75.35,M,0,37,Sun,22,Regional
travel,47.09,F,0,36,Sat,8,Regional
home,2.72,M,0,54,Mon,16,Regional
health,49.24,F,0,36,Fri,13,Commute
travel,74.26,F,0,40,Tue,11,Regional
home,85.08,F,0,32,Mon,13,Long_Distance
health,99.5,F,0,48,Sun,14,Regional
personal,15.65,M,0,50,Thu,17,Commute
grocery,48.4,F,0,35,Tue,4,Regional
grocery,103.06,F,0,44,Sat,10,Long_Distance
entertainment,27.15,M,0,63,Sun,20,Long_Distance
misc,40.03,F,0,28,Thu,18,Regional
health,65.47,F,0,32,Sun,21,Long_Distance
travel,54.16,M,0,24,Fri,11,Regional
shopping,151.18,F,0,25,Tue,18,Remote
grocery,20.44,F,0,19,Mon,6,Commute
grocery,83.68,F,0,52,Tue,0,Regional
misc,98.03,M,0,52,Sun,10,Commute
misc,4.82,F,0,46,Sun,22,Long_Distance
grocery,91.1,M,0,49,Mon,7,Commute
shopping,11.96,F,0,31,Wed,15,Long_Distance
grocery,64.97,M,0,46,Tue,18,Regional
travel,58.17,M,0,40,Fri,2,Commute
health,61.57,M,0,62,Sat,17,Regional
grocery,57.98,M,0,39,Thu,18,Long_Distance
health,38.87,M,0,46,Tue,16,Long_Distance
entertainment,76.35,M,0,48,Thu,14,Long_Distance
home,54.49,M,0,46,Sun,12,Commute
travel,53.01,M,0,45,Wed,4,Long_Distance
misc,7.32,F,0,60,Mon,1,Long_Distance
home,93.04,F,0,47,Fri,12,Long_Distance
shopping,1.77,F,0,45,Sat,16,Regional
entertainment,25.83,M,0,20,Mon,17,Long_Distance
entertainment,6.7,F,0,22,Sat,19,Remote
travel,49.5,M,0,74,Tue,2,Long_Distance
grocery,112.21,F,0,49,Tue,2,Regional
misc,172.48,F,0,49,Sun,4,Commute
entertainment,10.97,M,0,42,Mon,18,Long_Distance
shopping,119.27,F,0,71,Wed,2,Regional
grocery,83.94,F,0,30,Sun,4,Long_Distance
personal,6.8,M,0,25,Fri,17,Long_Distance
home,65.37,M,0,67,Mon,12,Long_Distance
entertainment,6.99,F,0,66,Sun,22,Regional
grocery,182.36,F,0,28,Wed,5,Regional
grocery,45.36,M,0,65,Mon,6,Long_Distance
health,19.89,F,0,47,Sun,20,Regional
shopping,10.75,F,0,28,Fri,16,Commute
entertainment,123.17,F,0,26,Sun,23,Commute
grocery,27.06,F,0,15,Sat,12,Remote
travel,497.75,M,0,32,Sun,15,Long_Distance
home,84.52,F,0,28,Thu,13,Regional
personal,20.71,F,0,65,Sun,20,Commute
grocery,96.68,M,0,64,Sat,1,Regional
health,22.59,M,0,63,Mon,12,Long_Distance
home,5.3,M,0,74,Sat,23,Long_Distance
home,49.47,M,0,45,Mon,14,Long_Distance
grocery,51.97,M,0,42,Mon,1,Commute
shopping,24.87,M,0,34,Tue,12,Long_Distance
grocery,34.95,F,0,48,Tue,20,Regional
home,174.35,F,0,23,Sun,22,Commute
grocery,29.67,F,0,39,Fri,9,Long_Distance
entertainment,3.52,F,0,30,Fri,22,Commute
travel,5.05,M,0,63,Fri,18,Long_Distance
entertainment,74.52,F,0,20,Mon,15,Commute
shopping,7.8,F,0,46,Mon,18,Long_Distance
grocery,64.77,M,0,25,Fri,23,Regional
health,28.68,M,0,44,Wed,19,Remote
travel,58.2,F,0,37,Tue,4,Long_Distance
home,83.66,F,0,50,Fri,23,Long_Distance
misc,37.47,M,0,42,Mon,3,Long_Distance
home,7.9,M,0,59,Thu,22,Long_Distance
health,24.58,M,0,58,Wed,15,Commute
home,95.28,M,0,54,Sat,19,Commute
health,26.27,F,0,27,Thu,17,Remote
grocery,65.67,M,0,42,Mon,21,Long_Distance
health,130.07,F,0,36,Tue,13,Long_Distance
shopping,89.51,M,0,38,Wed,7,Long_Distance
travel,81.71,M,0,53,Thu,1,Commute
home,49.12,F,0,29,Tue,14,Remote
misc,4.81,F,0,38,Tue,19,Commute
grocery,29.92,M,0,40,Fri,5,Regional
personal,1.98,M,0,21,Sat,13,Long_Distance
personal,3.75,M,0,35,Fri,12,Long_Distance
health,167.83,M,0,58,Sun,13,Regional
home,44.96,F,0,48,Tue,13,Regional
home,47.49,F,0,33,Mon,16,Long_Distance
misc,6.12,F,0,89,Fri,10,Long_Distance
grocery,135.46,F,0,52,Fri,6,Long_Distance
home,148.74,M,0,49,Sun,20,Long_Distance
home,75.92,M,0,34,Sun,17,Remote
personal,18.59,F,0,28,Sun,20,Regional
travel,68.71,F,0,18,Wed,9,Long_Distance
shopping,96.89,M,0,45,Fri,1,Local
grocery,99.33,M,0,51,Mon,3,Long_Distance
misc,74.46,M,0,31,Sat,10,Long_Distance
grocery,2.47,F,0,47,Tue,21,Regional
health,6.87,F,0,22,Thu,19,Long_Distance
home,20.64,M,0,34,Mon,18,Regional
grocery,106.29,F,0,57,Sun,2,Remote
shopping,1.84,F,0,75,Sun,9,Regional
grocery,87.32,F,0,30,Wed,10,Regional
shopping,157.0,F,0,42,Tue,20,Long_Distance
grocery,38.41,M,0,48,Wed,4,Long_Distance
grocery,1.77,F,0,48,Tue,19,Long_Distance
misc,35.53,M,0,35,Wed,12,Commute
home,94.81,M,0,40,Thu,23,Remote
misc,9.03,F,0,65,Sat,7,Long_Distance
travel,45.25,M,0,52,Sun,0,Commute
grocery,48.07,F,0,48,Sat,14,Long_Distance
home,37.15,F,0,48,Sun,13,Regional
travel,2.46,F,0,22,Mon,14,Commute
misc,9.15,F,0,75,Wed,9,Regional
travel,54.6,M,0,56,Mon,9,Commute
shopping,6.68,M,0,39,Sun,15,Commute
shopping,67.57,F,0,38,Sat,17,Commute
grocery,72.72,F,0,77,Sun,20,Long_Distance
shopping,7.13,M,0,67,Tue,9,Long_Distance
shopping,21.7,F,0,43,Mon,16,Long_Distance
home,13.52,M,0,49,Tue,20,Long_Distance
travel,70.85,F,0,67,Sun,8,Commute
home,30.22,M,0,64,Sat,17,Long_Distance
health,10.63,F,0,35,Sat,19,Commute
travel,76.92,M,0,56,Thu,11,Regional
entertainment,23.19,F,0,74,Sat,22,Long_Distance
shopping,4.7,F,0,51,Wed,9,Commute
travel,50.85,M,0,82,Tue,7,Long_Distance
entertainment,11.66,M,0,24,Fri,13,Commute
grocery,70.22,M,0,50,Tue,3,Commute
home,13.73,M,0,53,Tue,15,Long_Distance
shopping,4.67,F,0,42,Wed,19,Regional
shopping,1133.94,F,0,30,Thu,18,Commute
entertainment,5.32,F,0,30,Sat,12,Regional
grocery,8.92,M,0,24,Mon,21,Long_Distance
entertainment,78.17,M,0,34,Sun,22,Long_Distance
misc,39.97,M,0,53,Sun,5,Long_Distance
home,8.22,M,0,91,Sat,13,Long_Distance
home,63.05,F,0,64,Fri,12,Commute
misc,53.7,M,0,39,Mon,1,Regional
home,17.67,F,0,59,Mon,22,Commute
misc,6.19,M,0,51,Mon,3,Commute
travel,52.98,M,0,41,Mon,10,Regional
home,10.79,M,0,40,Tue,13,Regional
travel,55.86,M,0,54,Mon,8,Long_Distance
grocery,105.07,F,0,38,Tue,7,Commute
shopping,10.48,M,0,47,Sun,15,Long_Distance
home,196.24,M,0,24,Sat,16,Regional
misc,33.17,M,0,36,Fri,5,Commute
misc,73.15,F,0,35,Sun,6,Commute
travel,30.61,F,0,23,Mon,0,Commute
grocery,106.79,M,0,27,Thu,5,Commute
health,83.01,F,0,48,Wed,14,Regional
travel,64.12,M,0,36,Thu,3,Regional
misc,2.2,F,0,67,Wed,3,Long_Distance
entertainment,19.59,F,0,43,Tue,12,Long_Distance
home,7.03,F,0,51,Wed,18,Local
home,65.55,M,0,33,Sun,14,Regional
grocery,99.71,F,0,31,Thu,10,Regional
shopping,153.29,M,0,49,Thu,1,Remote
travel,62.67,M,0,45,Mon,7,Commute
home,81.01,M,0,48,Sat,13,Long_Distance
personal,43.65,M,0,47,Sun,23,Long_Distance
home,4.1,M,0,21,Mon,17,Commute
grocery,113.87,F,0,58,Tue,8,Long_Distance
travel,38.03,F,0,36,Sat,10,Commute
travel,3.87,F,0,45,Tue,23,Long_Distance
shopping,3.3,M,0,62,Mon,3,Long_Distance
health,16.78,F,0,20,Mon,15,Long_Distance
misc,36.58,M,0,41,Sun,11,Long_Distance
travel,61.38,M,0,39,Sat,7,Commute
entertainment,223.52,F,0,43,Sun,23,Long_Distance
shopping,2.56,F,0,37,Sun,20,Regional
misc,341.35,F,0,49,Tue,1,Regional
shopping,2.96,F,0,20,Tue,17,Long_Distance
grocery,56.9,M,0,46,Sat,18,Regional
shopping,1.32,F,0,31,Tue,15,Long_Distance
travel,71.19,F,0,61,Mon,0,Commute
grocery,18.3,M,0,47,Mon,12,Remote
travel,67.72,M,0,38,Mon,5,Regional
shopping,4.31,M,0,36,Fri,21,Long_Distance
grocery,125.28,F,0,53,Sun,11,Commute
travel,54.93,F,0,33,Mon,2,Long_Distance
travel,66.9,F,0,34,Thu,9,Commute
grocery,256.68,F,0,69,Sun,13,Regional
entertainment,69.06,M,0,41,Fri,15,Long_Distance
health,104.92,F,0,93,Thu,12,Regional
shopping,327.28,F,0,54,Mon,2,Commute
grocery,96.1,F,0,33,Sun,12,Long_Distance
travel,58.42,M,0,54,Sun,1,Long_Distance
home,172.77,M,0,92,Sun,21,Regional
grocery,61.3,F,0,45,Thu,4,Long_Distance
misc,29.71,F,0,89,Sat,6,Long_Distance
misc,1.88,F,0,59,Sat,8,Commute
grocery,64.75,M,0,35,Sun,10,Commute
grocery,183.84,F,0,44,Sun,8,Commute
health,159.88,M,0,53,Thu,12,Regional
home,18.23,F,0,42,Wed,21,Long_Distance
health,83.03,F,0,32,Sun,12,Regional
home,49.98,M,0,45,Sun,17,Long_Distance
misc,4.37,F,0,60,Thu,5,Commute
travel,74.06,M,0,43,Sat,4,Regional
shopping,1.23,M,0,42,Fri,20,Long_Distance
misc,4.66,F,0,61,Wed,9,Local
grocery,100.34,M,0,47,Fri,0,Regional
grocery,58.02,M,0,47,Sun,19,Commute
entertainment,39.67,F,0,51,Wed,21,Long_Distance
grocery,54.98,M,0,46,Sun,8,Regional
travel,52.96,F,0,30,Tue,5,Regional
shopping,579.4,M,0,34,Tue,13,Long_Distance
travel,8.97,F,0,21,Wed,19,Long_Distance
home,5.0,F,0,75,Tue,19,Local
misc,8.69,M,0,21,Thu,13,Long_Distance
misc,386.24,F,0,27,Tue,4,Long_Distance
shopping,8.06,F,0,67,Tue,1,Commute
home,15.61,F,0,55,Thu,23,Regional
misc,4.04,M,0,93,Sat,4,Regional
travel,9.45,M,0,36,Wed,23,Regional
grocery,95.45,M,0,53,Thu,8,Commute
grocery,226.7,F,0,31,Fri,5,Commute
entertainment,153.45,M,0,51,Sat,15,Remote
travel,69.51,F,0,19,Sun,8,Long_Distance
travel,65.76,F,0,24,Mon,9,Regional
grocery,49.17,F,0,50,Thu,5,Local
home,29.43,F,0,45,Sun,17,Long_Distance
grocery,4.17,M,0,52,Fri,20,Regional
home,50.73,M,0,34,Wed,14,Commute
entertainment,33.92,F,0,34,Mon,14,Long_Distance
health,82.0,F,0,16,Tue,22,Long_Distance
travel,64.89,F,0,36,Sun,3,Long_Distance
shopping,2.64,M,0,65,Fri,0,Long_Distance
misc,2.39,M,0,39,Sun,23,Long_Distance
travel,65.97,F,0,66,Sun,4,Commute
entertainment,35.87,M,0,62,Thu,18,Long_Distance
travel,61.56,F,0,47,Sat,0,Commute
health,35.18,F,0,67,Sun,18,Local
grocery,29.21,M,0,25,Sat,3,Regional
home,100.44,M,0,19,Fri,12,Regional
health,163.76,F,0,47,Fri,12,Long_Distance
grocery,55.67,F,0,29,Sun,1,Regional
grocery,172.97,F,0,36,Thu,10,Commute
entertainment,44.6,M,0,34,Sun,20,Long_Distance
grocery,90.1,M,0,45,Thu,8,Long_Distance
shopping,4.81,F,0,32,Mon,16,Long_Distance
grocery,47.51,F,0,43,Mon,1,Commute
grocery,77.53,F,0,50,Wed,16,Commute
grocery,116.37,M,0,48,Thu,11,Commute
travel,82.42,F,0,47,Mon,5,Regional
home,26.15,M,0,32,Wed,12,Remote
health,76.72,M,0,26,Sun,19,Long_Distance
home,45.02,F,0,39,Wed,21,Long_Distance
grocery,6.0,F,0,23,Sat,16,Commute
personal,58.23,M,0,75,Mon,20,Regional
grocery,66.06,M,0,37,Thu,2,Long_Distance
misc,263.07,F,0,45,Thu,8,Long_Distance
home,51.26,F,0,44,Sun,14,Long_Distance
health,146.03,F,0,27,Fri,12,Commute
grocery,61.12,M,0,45,Thu,20,Long_Distance
home,5.1,F,0,43,Fri,16,Long_Distance
home,11.82,F,0,30,Mon,22,Long_Distance
grocery,84.2,F,0,37,Sun,16,Commute
grocery,30.06,M,0,43,Sat,17,Commute
home,52.97,M,0,45,Sun,12,Long_Distance
travel,61.5,F,0,49,Sun,5,Commute
misc,8.35,M,0,36,Mon,6,Long_Distance
grocery,1.72,M,0,45,Sat,22,Long_Distance
travel,76.35,F,0,18,Mon,0,Regional
travel,66.71,M,0,56,Tue,2,Commute
home,53.08,M,0,45,Wed,15,Long_Distance
grocery,17.61,F,0,44,Sun,11,Regional
grocery,25.57,M,0,46,Wed,23,Commute
shopping,2.43,M,0,72,Fri,8,Long_Distance
misc,4.12,M,0,27,Tue,9,Long_Distance
travel,55.68,F,0,30,Mon,1,Long_Distance
grocery,93.78,M,0,67,Tue,9,Regional
grocery,90.7,F,0,29,Sat,10,Long_Distance
shopping,3.41,M,0,26,Sat,12,Long_Distance
entertainment,2.0,F,0,84,Mon,13,Local
grocery,159.71,M,0,62,Fri,8,Long_Distance
home,60.55,F,0,89,Sun,14,Local
home,38.42,M,0,74,Tue,22,Commute
misc,4.03,M,0,34,Sat,16,Long_Distance
grocery,39.65,M,0,44,Sun,4,Regional
entertainment,66.83,M,0,66,Wed,3,Commute
travel,61.84,F,0,50,Tue,1,Commute
personal,25.16,F,0,33,Tue,19,Regional
entertainment,9.96,M,0,73,Fri,8,Commute
grocery,21.22,F,0,34,Sun,12,Long_Distance
misc,89.91,M,0,30,Sun,10,Commute
home,131.45,F,0,31,Tue,23,Commute
travel,69.13,F,0,22,Sat,10,Regional
misc,28.46,M,0,30,Mon,10,Commute
home,55.75,M,0,54,Wed,14,Remote
health,31.45,M,0,35,Thu,19,Commute
grocery,81.38,M,0,65,Sat,23,Long_Distance
shopping,64.32,F,0,48,Mon,19,Remote
travel,85.1,F,0,93,Wed,8,Commute
entertainment,20.43,F,0,25,Sun,23,Commute
home,7.92,M,0,73,Sat,13,Long_Distance
home,127.72,M,0,44,Tue,19,Regional
misc,94.04,M,0,40,Tue,7,Commute
home,94.51,F,0,28,Fri,16,Local
shopping,6.23,F,0,44,Sat,20,Regional
health,53.96,M,0,66,Tue,18,Commute
misc,1.01,M,0,24,Mon,12,Long_Distance
misc,50.41,F,0,33,Sat,12,Long_Distance
entertainment,65.48,M,0,27,Sun,22,Regional
personal,117.66,F,0,48,Thu,12,Commute
home,85.44,M,0,65,Thu,17,Regional
grocery,46.48,M,0,23,Sun,20,Commute
home,75.04,M,0,35,Mon,17,Long_Distance
entertainment,15.9,M,0,30,Sun,20,Long_Distance
shopping,46.01,M,0,62,Fri,7,Commute
home,148.36,F,0,24,Mon,23,Long_Distance
shopping,249.8,M,0,62,Sat,6,Commute
grocery,89.92,F,0,48,Mon,22,Long_Distance
travel,84.05,F,0,46,Sat,4,Regional
entertainment,67.22,M,0,28,Mon,20,Long_Distance
home,84.49,M,0,46,Sat,22,Commute
grocery,64.66,M,0,24,Mon,10,Regional
shopping,9.01,F,0,69,Mon,4,Remote
personal,83.2,F,0,59,Wed,19,Long_Distance
health,54.62,F,0,23,Mon,13,Commute
personal,45.84,M,0,64,Sun,16,Long_Distance
grocery,115.64,F,0,31,Wed,11,Long_Distance
shopping,1.34,M,0,56,Fri,3,Long_Distance
shopping,43.65,F,0,60,Sun,9,Regional
home,62.57,F,0,33,Fri,13,Long_Distance
home,77.65,F,0,44,Sat,12,Regional
misc,810.66,F,0,64,Sat,1,Long_Distance
grocery,43.13,F,0,23,Mon,11,Long_Distance
home,13.74,F,0,46,Sun,16,Regional
grocery,96.83,F,0,59,Thu,11,Regional
grocery,88.03,M,0,32,Sun,13,Long_Distance
personal,20.49,F,0,31,Fri,17,Regional
personal,179.5,M,0,76,Sun,20,Commute
misc,11.39,F,0,37,Sat,16,Long_Distance
shopping,543.16,F,0,43,Wed,14,Long_Distance
shopping,107.06,F,0,41,Wed,16,Regional
misc,52.82,F,0,36,Sun,13,Regional
misc,1.57,M,0,75,Mon,10,Regional
health,13.28,M,0,14,Mon,22,Commute
home,51.01,F,0,70,Mon,15,Long_Distance
home,24.89,M,0,65,Fri,12,Commute
home,110.16,M,0,26,Fri,17,Long_Distance
home,132.1,F,0,70,Thu,13,Regional
home,44.69,F,0,30,Sat,13,Regional
personal,15.4,M,0,58,Sat,12,Local
grocery,26.12,F,0,62,Thu,18,Long_Distance
misc,10.86,M,0,50,Tue,5,Regional
entertainment,129.5,M,0,66,Mon,22,Long_Distance
personal,115.45,F,0,94,Tue,15,Regional
health,92.83,F,0,39,Tue,21,Long_Distance
home,4.2,F,0,44,Mon,13,Commute
misc,20.75,F,0,49,Sun,21,Long_Distance
shopping,5.61,F,0,65,Tue,1,Commute
entertainment,10.14,F,0,30,Mon,23,Regional
misc,1.37,M,0,47,Tue,4,Regional
grocery,179.03,F,0,45,Mon,8,Local
travel,554.54,M,0,37,Sat,16,Long_Distance
health,74.59,M,0,33,Sun,17,Long_Distance
travel,73.49,F,0,34,Fri,11,Regional
home,25.01,F,0,24,Sun,20,Remote
shopping,6.92,F,0,37,Thu,15,Long_Distance
misc,19.18,F,0,22,Mon,23,Commute
grocery,85.18,M,0,46,Sat,5,Long_Distance
home,67.77,M,0,34,Sat,21,Regional
home,32.51,F,0,66,Mon,12,Regional
personal,47.34,F,0,75,Fri,20,Long_Distance
home,48.48,M,0,47,Tue,12,Regional
travel,59.66,F,0,49,Mon,11,Regional
grocery,104.98,M,0,40,Mon,4,Regional
grocery,124.41,M,0,76,Wed,5,Long_Distance
grocery,52.74,M,0,34,Wed,16,Commute
travel,62.47,F,0,70,Sun,11,Long_Distance
grocery,96.26,M,0,43,Tue,3,Commute
personal,74.14,M,0,35,Mon,15,Regional
misc,8.88,M,0,79,Mon,9,Long_Distance
home,77.24,F,0,32,Thu,14,Long_Distance
personal,17.9,F,0,56,Sat,20,Regional
personal,176.59,M,0,39,Wed,16,Commute
grocery,159.01,M,0,62,Sun,11,Commute
entertainment,115.24,F,0,54,Mon,1,Long_Distance
misc,9.46,F,0,40,Tue,11,Long_Distance
home,81.05,M,0,62,Sun,18,Regional
travel,61.06,F,0,83,Mon,11,Commute
home,84.61,M,0,39,Fri,12,Long_Distance
shopping,5.49,F,0,44,Tue,13,Commute
home,58.84,M,0,58,Sat,13,Remote
grocery,13.47,M,0,47,Fri,18,Long_Distance
grocery,65.72,M,0,31,Mon,10,Regional
shopping,50.34,F,0,48,Sun,14,Local
shopping,2.07,M,0,41,Tue,14,Long_Distance
shopping,4.01,F,0,29,Mon,14,Commute
misc,667.05,F,0,36,Sat,23,Commute
shopping,188.6,F,0,21,Tue,15,Local
home,20.2,M,0,66,Fri,20,Regional
grocery,10.13,F,0,47,Mon,13,Long_Distance
travel,76.91,M,0,23,Fri,5,Long_Distance
grocery,161.31,F,0,92,Sat,17,Regional
misc,14.48,M,0,23,Sat,17,Regional
grocery,2.02,M,0,46,Mon,12,Remote
health,142.37,M,0,35,Thu,19,Regional
grocery,74.69,F,0,60,Thu,2,Long_Distance
health,29.7,F,0,32,Fri,15,Regional
grocery,7.03,F,0,38,Fri,14,Commute
health,71.61,M,0,42,Fri,13,Commute
home,5.3,M,0,15,Thu,16,Regional
home,4.07,F,0,35,Wed,13,Commute
grocery,58.98,M,0,62,Sun,12,Regional
grocery,2.67,F,0,47,Thu,18,Long_Distance
grocery,109.98,M,0,45,Sun,2,Long_Distance
home,50.42,M,0,56,Mon,22,Commute
home,86.39,M,0,39,Fri,19,Regional
home,27.36,M,0,56,Mon,22,Regional
health,96.61,F,0,62,Fri,18,Commute
entertainment,2.47,M,0,59,Mon,2,Long_Distance
entertainment,26.67,F,0,48,Fri,13,Commute
home,80.72,F,0,52,Sat,16,Long_Distance
shopping,6.84,F,0,45,Fri,18,Long_Distance
entertainment,45.81,F,0,15,Mon,15,Long_Distance
home,56.69,M,0,53,Mon,23,Remote
grocery,27.12,F,0,59,Sun,21,Regional
health,257.3,F,0,34,Mon,13,Regional
health,18.96,F,0,33,Wed,22,Commute
home,42.49,M,0,32,Mon,21,Remote
shopping,2.82,M,0,31,Sat,21,Long_Distance
travel,92.07,F,0,22,Sun,8,Long_Distance
grocery,142.79,F,0,52,Wed,9,Long_Distance
travel,86.71,M,0,40,Mon,4,Regional
grocery,105.67,M,0,61,Wed,7,Local
home,1.51,F,0,36,Fri,12,Remote
misc,8.29,F,0,50,Sat,11,Commute
travel,54.08,M,0,36,Mon,7,Regional
home,48.84,F,0,47,Sun,15,Regional
grocery,3.2,F,0,45,Wed,19,Long_Distance
misc,6.09,F,0,66,Tue,10,Long_Distance
entertainment,84.87,M,0,27,Sun,19,Regional
shopping,4.05,M,0,47,Sat,22,Long_Distance
shopping,7.48,F,0,25,Sat,19,Long_Distance
home,85.68,M,0,46,Sat,14,Long_Distance
misc,14.26,F,0,84,Mon,9,Long_Distance
shopping,398.0,F,0,26,Sat,20,Long_Distance
home,21.59,F,0,36,Mon,16,Long_Distance
grocery,27.54,M,0,35,Thu,3,Long_Distance
grocery,103.07,F,0,68,Tue,7,Long_Distance
health,5.95,F,0,71,Sat,19,Long_Distance
misc,3.08,M,0,35,Tue,22,Long_Distance
home,231.67,M,0,56,Mon,16,Long_Distance
misc,15.55,F,0,28,Sat,5,Long_Distance
travel,44.37,F,0,21,Sat,4,Commute
home,11.31,M,0,42,Tue,13,Long_Distance
grocery,34.99,F,0,32,Tue,14,Remote
misc,9.06,F,0,50,Tue,21,Long_Distance
home,111.96,F,0,32,Wed,14,Regional
personal,24.5,M,0,51,Mon,17,Regional
misc,12.4,M,0,92,Thu,3,Long_Distance
shopping,8.82,M,0,75,Wed,1,Long_Distance
personal,113.0,F,0,39,Sat,17,Regional
personal,5.99,F,0,48,Fri,14,Long_Distance
travel,88.72,M,0,51,Wed,0,Commute
home,69.15,M,0,37,Mon,18,Commute
health,75.11,M,0,46,Sat,21,Regional
home,37.12,F,0,38,Fri,17,Commute
grocery,49.0,F,0,38,Mon,12,Regional
travel,62.86,M,0,45,Fri,11,Regional
misc,105.32,M,0,33,Sun,5,Long_Distance
travel,62.35,M,0,53,Mon,6,Long_Distance
entertainment,1.66,F,0,36,Tue,22,Long_Distance
misc,17.9,F,0,49,Tue,8,Regional
personal,9.43,F,0,55,Fri,18,Commute
health,68.57,M,0,48,Sat,19,Regional
shopping,184.07,F,0,23,Sun,15,Long_Distance
home,14.09,F,0,52,Fri,18,Regional
entertainment,68.28,M,0,50,Tue,11,Commute
home,12.81,F,0,40,Sat,19,Long_Distance
personal,53.17,F,0,86,Mon,23,Remote
misc,2.05,F,0,37,Fri,12,Long_Distance
shopping,101.46,F,0,38,Thu,16,Long_Distance
personal,62.05,F,0,34,Tue,17,Long_Distance
grocery,106.43,F,0,60,Tue,3,Long_Distance
grocery,62.31,M,0,47,Thu,20,Regional
health,13.14,M,0,49,Fri,23,Regional
entertainment,5.39,M,0,66,Wed,1,Commute
misc,28.33,F,0,37,Wed,5,Regional
home,159.28,F,0,32,Wed,19,Regional
health,102.39,F,0,44,Fri,22,Commute
grocery,40.62,M,0,26,Fri,5,Long_Distance
shopping,4.05,F,0,41,Tue,13,Regional
grocery,59.88,F,0,36,Sat,23,Regional
grocery,99.24,F,0,62,Sun,2,Regional
shopping,4.27,F,0,52,Sun,8,Long_Distance
entertainment,57.06,F,0,39,Sat,14,Long_Distance
misc,127.22,F,0,47,Fri,17,Long_Distance
shopping,1.91,M,0,34,Fri,17,Long_Distance
travel,80.3,M,0,41,Wed,9,Local
grocery,39.89,F,0,23,Sun,9,Regional
misc,32.93,M,0,46,Sat,2,Long_Distance
grocery,33.4,M,0,31,Sat,16,Long_Distance
misc,70.0,M,0,33,Tue,10,Long_Distance
grocery,56.95,M,0,35,Fri,18,Commute
home,36.32,M,0,41,Mon,16,Long_Distance
misc,3.23,M,0,35,Thu,5,Long_Distance
grocery,28.96,M,0,22,Sat,16,Long_Distance
shopping,1.66,M,0,41,Fri,22,Commute
entertainment,59.07,M,0,64,Thu,0,Local
grocery,100.77,M,0,43,Sun,0,Long_Distance
entertainment,11.64,F,0,34,Mon,21,Commute
misc,9.24,F,0,48,Tue,13,Long_Distance
grocery,70.38,M,0,84,Fri,16,Long_Distance
home,75.69,F,0,45,Wed,14,Regional
shopping,2.74,F,0,56,Fri,7,Commute
entertainment,233.06,M,0,48,Thu,15,Commute
entertainment,71.96,F,0,66,Sat,21,Long_Distance
grocery,65.97,F,0,43,Mon,10,Long_Distance
shopping,5.58,F,0,61,Thu,9,Commute
personal,77.61,M,0,29,Thu,15,Long_Distance
personal,143.36,F,0,60,Wed,22,Commute
home,205.52,M,0,53,Wed,15,Regional
grocery,61.67,F,0,72,Fri,10,Long_Distance
misc,7.09,F,0,32,Mon,1,Regional
entertainment,7.21,M,0,53,Mon,16,Long_Distance
entertainment,27.01,F,0,79,Thu,10,Long_Distance
shopping,85.45,M,0,29,Wed,13,Long_Distance
personal,5.53,F,0,38,Sat,17,Regional
entertainment,42.81,F,0,63,Mon,15,Long_Distance
grocery,123.24,M,0,54,Wed,19,Remote
home,113.59,M,0,61,Sat,21,Commute
personal,127.99,F,0,35,Mon,21,Long_Distance
travel,70.36,F,0,57,Fri,9,Commute
travel,66.25,M,0,52,Sun,8,Long_Distance
grocery,57.42,F,0,36,Sun,20,Commute
home,32.58,M,0,35,Fri,13,Long_Distance
travel,95.98,F,0,66,Thu,10,Commute
health,7.34,M,0,51,Wed,23,Regional
home,95.72,M,0,43,Fri,19,Long_Distance
home,22.02,M,0,65,Thu,18,Regional
shopping,112.75,M,0,39,Sat,10,Regional
grocery,177.59,F,0,39,Tue,5,Long_Distance
grocery,140.58,F,0,72,Wed,9,Regional
personal,19.8,F,0,43,Mon,20,Long_Distance
personal,54.9,F,0,80,Mon,22,Long_Distance
misc,3.72,M,0,44,Wed,8,Long_Distance
entertainment,90.67,F,0,37,Thu,23,Long_Distance
entertainment,45.65,M,0,50,Mon,14,Remote
grocery,42.08,F,0,91,Mon,12,Long_Distance
entertainment,74.72,F,0,36,Sat,21,Commute
home,9.21,F,0,23,Sun,12,Long_Distance
grocery,112.27,F,0,89,Sun,5,Long_Distance
entertainment,40.77,F,0,42,Mon,15,Commute
travel,54.97,F,0,43,Thu,5,Regional
home,51.56,M,0,27,Fri,19,Long_Distance
personal,117.87,M,0,75,Tue,14,Long_Distance
misc,24.76,F,0,34,Mon,9,Long_Distance
travel,67.73,F,0,51,Thu,6,Long_Distance
shopping,6.57,M,0,21,Mon,16,Regional
home,76.2,F,0,38,Mon,20,Long_Distance
travel,67.82,F,0,91,Mon,2,Regional
travel,98.35,M,0,51,Sun,2,Long_Distance
grocery,76.86,F,0,35,Sun,13,Remote
shopping,7.3,M,0,21,Mon,15,Local
entertainment,48.99,F,0,67,Sat,23,Commute
entertainment,52.37,F,0,24,Wed,16,Regional
misc,65.08,F,0,52,Sun,8,Long_Distance
health,27.62,M,0,59,Fri,14,Local
grocery,97.38,M,0,32,Wed,3,Long_Distance
grocery,58.69,F,0,63,Fri,19,Commute
misc,6.09,M,0,45,Fri,12,Regional
home,33.68,F,0,91,Mon,18,Commute
home,83.06,F,0,34,Sat,19,Regional
travel,2.88,M,0,75,Wed,15,Commute
personal,6.18,M,0,30,Thu,14,Regional
shopping,3.31,F,0,74,Sun,11,Commute
entertainment,194.78,F,0,61,Mon,5,Long_Distance
grocery,107.13,F,0,61,Tue,1,Commute
grocery,82.41,F,0,53,Mon,5,Long_Distance
home,60.75,F,0,33,Sat,14,Commute
home,41.55,M,0,41,Sun,22,Commute
shopping,8.85,M,0,27,Sat,15,Regional
grocery,27.7,M,0,17,Mon,2,Remote
misc,40.24,M,0,53,Sun,0,Commute
shopping,401.71,F,0,29,Tue,13,Long_Distance
grocery,202.19,F,0,33,Sat,7,Long_Distance
travel,78.5,F,0,55,Tue,4,Regional
home,71.72,F,0,36,Fri,21,Long_Distance
shopping,5.67,M,0,80,Thu,5,Long_Distance
misc,5.16,F,0,50,Sat,9,Commute
personal,23.54,F,0,28,Sat,19,Regional
travel,42.25,M,0,71,Mon,8,Long_Distance
travel,1.97,F,0,63,Wed,13,Regional
entertainment,58.08,F,0,24,Tue,22,Regional
shopping,1.21,M,0,70,Sun,5,Long_Distance
grocery,192.97,F,0,49,Mon,3,Commute
grocery,30.5,M,0,46,Tue,17,Long_Distance
grocery,25.63,F,0,27,Sat,17,Commute
home,82.78,M,0,43,Tue,14,Commute
misc,3.97,F,0,59,Thu,4,Commute
home,20.85,F,0,61,Thu,18,Commute
misc,8.21,M,0,26,Sat,0,Regional
home,11.04,M,0,63,Tue,22,Long_Distance
travel,71.51,F,0,51,Sun,9,Commute
entertainment,1.43,F,0,48,Fri,14,Long_Distance
grocery,7.43,M,0,37,Mon,16,Long_Distance
personal,44.25,F,0,66,Mon,19,Commute
home,70.11,M,0,40,Fri,22,Long_Distance
home,16.26,F,0,33,Tue,17,Long_Distance
travel,7.47,F,0,70,Fri,22,Long_Distance
grocery,90.31,M,0,20,Sun,13,Long_Distance
travel,2.74,M,0,50,Mon,17,Commute
personal,9.21,M,0,25,Sun,19,Regional
personal,32.72,M,0,25,Sun,18,Long_Distance
personal,133.39,F,0,35,Tue,13,Commute
misc,1.59,F,0,79,Tue,4,Long_Distance
personal,19.12,F,0,58,Sat,18,Commute
health,45.05,F,0,35,Sun,23,Remote
health,10.26,M,0,63,Wed,20,Regional
health,52.12,M,0,38,Mon,15,Commute
home,12.38,F,0,30,Sat,20,Regional
home,59.36,F,0,60,Fri,23,Regional
grocery,94.46,M,0,63,Sun,5,Commute
misc,2.47,F,0,68,Mon,4,Commute
grocery,104.87,F,0,80,Sun,2,Commute
entertainment,3.03,F,0,52,Sat,7,Long_Distance
grocery,109.83,F,0,59,Tue,22,Remote
home,23.05,M,0,25,Thu,16,Long_Distance
travel,6.39,M,0,63,Mon,22,Regional
travel,59.41,M,0,44,Wed,9,Long_Distance
misc,2.5,M,0,42,Fri,22,Long_Distance
grocery,41.84,M,0,34,Fri,12,Long_Distance
grocery,47.24,F,0,19,Thu,2,Regional
personal,76.43,F,0,71,Tue,13,Long_Distance
entertainment,83.8,M,0,19,Tue,13,Remote
personal,5.76,F,0,82,Thu,16,Long_Distance
travel,102.46,F,0,36,Tue,9,Long_Distance
home,21.59,F,0,36,Wed,16,Commute
home,3.7,F,0,33,Mon,17,Long_Distance
entertainment,44.0,F,0,71,Tue,22,Regional
home,37.16,F,0,77,Wed,18,Long_Distance
personal,31.31,F,0,22,Sun,12,Long_Distance
travel,346.59,M,0,88,Thu,21,Long_Distance
grocery,91.79,F,0,90,Thu,7,Commute
home,23.92,M,0,28,Thu,18,Long_Distance
misc,43.72,F,0,90,Fri,2,Regional
misc,4.44,F,0,34,Sat,14,Long_Distance
grocery,50.77,F,0,27,Fri,5,Remote
health,41.57,M,0,46,Fri,12,Regional
home,63.13,M,0,61,Sun,16,Long_Distance
travel,41.93,M,0,34,Sat,5,Commute
grocery,42.05,M,0,47,Tue,10,Commute
home,124.21,F,0,68,Fri,22,Commute
health,111.84,F,0,63,Sun,22,Commute
travel,66.99,F,0,47,Sun,4,Long_Distance
misc,6.92,M,0,37,Fri,19,Regional
home,19.51,F,0,27,Sun,17,Commute
health,6.83,F,0,51,Sat,15,Long_Distance
health,43.24,M,0,53,Mon,13,Long_Distance
entertainment,11.09,M,0,36,Wed,15,Long_Distance
home,108.69,M,0,32,Sat,12,Long_Distance
shopping,6.89,M,0,60,Fri,2,Commute
grocery,47.38,F,0,45,Sat,8,Commute
misc,8.38,M,0,36,Fri,8,Long_Distance
health,16.11,F,0,47,Thu,20,Commute
shopping,3.04,F,0,32,Mon,19,Commute
grocery,44.09,M,0,67,Sun,2,Long_Distance
personal,68.74,F,0,33,Sun,17,Long_Distance
travel,69.55,F,0,26,Thu,3,Commute
home,22.8,F,0,47,Wed,19,Commute
health,128.64,F,0,27,Mon,21,Regional
personal,34.09,M,0,44,Fri,13,Long_Distance
shopping,3.24,F,0,34,Tue,18,Long_Distance
grocery,12.89,F,0,56,Wed,4,Regional
shopping,4.04,F,0,34,Tue,14,Regional
personal,11.99,M,0,45,Mon,18,Regional
health,67.2,F,0,48,Fri,22,Commute
travel,54.12,F,0,68,Fri,6,Long_Distance
grocery,8.64,F,0,39,Mon,15,Regional
personal,65.61,F,0,69,Wed,18,Regional
grocery,103.71,F,0,44,Sat,17,Regional
entertainment,35.3,F,0,50,Mon,22,Long_Distance
misc,5.13,F,0,70,Tue,11,Remote
entertainment,32.99,F,0,44,Thu,23,Long_Distance
entertainment,6.22,F,0,57,Tue,18,Commute
misc,9.35,F,0,42,Tue,0,Long_Distance
home,7.35,F,0,37,Mon,13,Commute
grocery,184.53,F,0,32,Sat,10,Long_Distance
home,80.64,M,0,29,Wed,17,Long_Distance
health,42.16,M,0,66,Fri,17,Commute
personal,9.55,F,0,66,Mon,17,Regional
home,85.51,M,0,43,Sun,17,Commute
travel,8.56,M,0,32,Tue,18,Commute
misc,3.5,F,0,71,Sat,11,Long_Distance
travel,88.97,M,0,83,Sat,2,Remote
travel,82.12,F,0,57,Sat,11,Long_Distance
health,3.68,M,0,74,Fri,14,Long_Distance
misc,32.89,M,0,41,Thu,11,Commute
misc,38.73,M,0,30,Thu,4,Commute
travel,50.0,F,0,47,Mon,10,Remote
health,6.31,F,0,53,Wed,19,Long_Distance
misc,6.5,M,0,54,Mon,0,Regional
grocery,63.92,M,0,28,Sat,21,Regional
travel,32.52,F,0,52,Mon,1,Long_Distance
shopping,6.17,F,0,48,Wed,19,Long_Distance
travel,44.41,M,0,53,Wed,1,Commute
shopping,95.2,M,0,51,Mon,6,Regional
grocery,160.99,M,0,77,Thu,11,Commute
shopping,4.92,F,0,49,Mon,15,Regional
shopping,5.19,F,0,48,Mon,18,Commute
health,76.23,M,0,42,Tue,12,Commute
home,112.03,F,0,46,Tue,19,Long_Distance
entertainment,74.13,M,0,34,Mon,23,Long_Distance
shopping,61.84,F,0,60,Mon,0,Regional
home,48.73,M,0,26,Thu,12,Commute
travel,86.65,F,0,38,Wed,7,Long_Distance
grocery,21.23,F,0,93,Fri,17,Commute
home,30.15,M,0,63,Mon,14,Long_Distance
home,31.33,F,0,46,Mon,17,Remote
travel,7.68,F,0,48,Wed,12,Long_Distance
entertainment,83.94,M,0,41,Fri,16,Regional
shopping,8.58,F,0,48,Sun,16,Regional
home,72.05,M,0,48,Tue,16,Long_Distance
misc,3.8,F,0,33,Tue,22,Long_Distance
grocery,205.82,F,0,27,Sun,6,Long_Distance
health,70.18,M,0,41,Mon,20,Regional
personal,43.51,M,0,54,Mon,21,Long_Distance
home,133.31,F,0,23,Mon,12,Regional
personal,148.94,F,0,92,Wed,21,Long_Distance
shopping,131.32,M,0,48,Tue,16,Commute
travel,51.85,M,0,20,Sun,8,Long_Distance
travel,65.31,F,0,45,Fri,10,Long_Distance
entertainment,76.99,M,0,33,Wed,23,Commute
grocery,87.66,F,0,35,Wed,3,Commute
personal,123.61,F,0,47,Mon,15,Commute
entertainment,9.72,F,0,79,Thu,5,Long_Distance
grocery,6.67,F,0,20,Sun,15,Long_Distance
misc,4.21,M,0,63,Fri,8,Long_Distance
home,45.96,M,0,45,Mon,13,Regional
shopping,112.64,F,0,32,Fri,17,Long_Distance
home,30.35,F,0,48,Thu,18,Long_Distance
home,79.61,M,0,42,Wed,21,Remote
grocery,45.52,M,0,43,Sun,11,Long_Distance
grocery,70.36,M,0,30,Fri,9,Remote
personal,75.55,M,0,44,Wed,15,Commute
shopping,3.95,F,0,47,Tue,15,Long_Distance
misc,72.77,F,0,37,Thu,20,Regional
misc,543.17,M,0,65,Mon,3,Long_Distance
travel,75.56,M,0,22,Mon,6,Long_Distance
grocery,51.2,F,0,41,Sat,1,Long_Distance
shopping,5.14,M,0,51,Tue,1,Long_Distance
travel,9.26,M,0,41,Thu,12,Commute
misc,2.42,F,0,37,Wed,16,Long_Distance
travel,74.24,M,0,62,Sun,7,Regional
grocery,64.95,F,0,48,Sun,23,Regional
home,78.39,M,0,37,Thu,14,Long_Distance
home,77.57,F,0,20,Sat,17,Long_Distance
misc,7.06,M,0,25,Fri,2,Long_Distance
misc,1.18,F,0,64,Fri,0,Commute
grocery,59.59,M,0,32,Thu,17,Long_Distance
travel,60.33,M,0,54,Sun,9,Commute
shopping,127.91,M,0,41,Mon,11,Long_Distance
grocery,185.97,F,0,48,Tue,3,Commute
misc,8.63,F,0,28,Wed,19,Commute
personal,6.08,F,0,49,Fri,15,Regional
entertainment,17.75,M,0,42,Wed,14,Long_Distance
shopping,1.41,F,0,27,Mon,20,Long_Distance
shopping,2.15,M,0,49,Sun,1,Long_Distance
grocery,22.52,F,0,16,Thu,9,Remote
home,5.72,M,0,58,Tue,16,Regional
health,70.72,M,0,46,Sat,12,Regional
entertainment,66.91,M,0,39,Fri,22,Long_Distance
misc,766.34,M,0,52,Sat,7,Regional
travel,7.42,F,0,52,Thu,18,Long_Distance
shopping,7.47,M,0,26,Sat,21,Regional
entertainment,8.74,F,0,69,Wed,15,Long_Distance
travel,60.51,F,0,41,Wed,7,Regional
shopping,185.26,F,0,47,Mon,12,Regional
health,126.8,F,0,52,Sun,19,Commute
shopping,14.63,M,0,24,Wed,14,Regional
travel,98.47,M,0,35,Thu,11,Commute
entertainment,72.06,M,0,45,Mon,21,Regional
shopping,7.06,F,0,36,Mon,18,Commute
home,51.46,M,0,45,Mon,17,Commute
personal,3.56,M,0,44,Mon,18,Remote
grocery,67.59,F,0,94,Sun,10,Regional
grocery,106.9,M,0,68,Sat,4,Regional
shopping,7.91,F,0,36,Thu,19,Commute
personal,24.41,F,0,45,Sat,14,Long_Distance
personal,104.5,M,0,64,Wed,18,Commute
grocery,31.43,F,0,45,Tue,13,Local
travel,71.05,F,0,86,Sat,2,Long_Distance
home,43.1,F,0,48,Mon,19,Commute
health,64.27,M,0,57,Thu,20,Long_Distance
grocery,193.31,F,0,33,Tue,3,Regional
shopping,9.46,M,0,26,Mon,15,Long_Distance
entertainment,50.83,M,0,49,Sun,10,Regional
grocery,154.91,F,0,50,Thu,9,Remote
grocery,140.06,M,0,54,Mon,0,Long_Distance
shopping,43.79,M,0,49,Sat,5,Long_Distance
travel,48.25,F,0,16,Sun,9,Commute
grocery,45.65,M,0,25,Mon,1,Long_Distance
grocery,80.46,F,0,36,Wed,6,Regional
misc,9.92,F,0,49,Sun,22,Long_Distance
shopping,6.14,F,0,34,Thu,13,Long_Distance
personal,38.23,F,0,43,Thu,12,Long_Distance
home,27.18,M,0,43,Fri,13,Commute
grocery,168.44,F,0,48,Fri,3,Long_Distance
shopping,121.44,M,0,30,Fri,4,Long_Distance
travel,75.34,F,0,62,Sun,0,Regional
grocery,60.84,M,0,38,Thu,18,Long_Distance
misc,5.01,F,0,59,Thu,6,Regional
travel,77.9,M,0,62,Tue,2,Commute
misc,2.0,M,0,63,Tue,9,Long_Distance
shopping,13.2,M,0,64,Fri,2,Long_Distance
home,29.3,M,0,57,Thu,15,Long_Distance
home,83.86,M,0,72,Fri,15,Regional
travel,66.36,F,0,36,Mon,3,Long_Distance
shopping,1.66,M,0,61,Tue,3,Long_Distance
home,71.38,F,0,50,Sun,21,Commute
health,78.3,F,0,66,Thu,17,Long_Distance
misc,84.84,M,0,25,Tue,14,Long_Distance
personal,127.82,M,0,47,Fri,19,Commute
personal,182.42,F,0,51,Fri,20,Long_Distance
travel,67.59,M,0,32,Wed,8,Commute
personal,2.69,M,0,43,Mon,12,Commute
grocery,47.94,M,0,44,Sun,1,Regional
health,17.4,F,0,22,Tue,14,Commute
travel,98.04,M,0,74,Fri,1,Regional
shopping,3.28,M,0,53,Fri,3,Commute
travel,555.89,M,0,49,Mon,21,Long_Distance
grocery,107.75,F,0,71,Mon,5,Commute
personal,62.36,F,0,41,Sun,22,Long_Distance
grocery,106.83,M,0,37,Fri,5,Long_Distance
travel,66.21,F,0,57,Mon,5,Long_Distance
personal,116.84,M,0,51,Mon,16,Regional
personal,13.64,F,0,57,Sat,23,Commute
travel,60.35,M,0,78,Tue,0,Regional
misc,2.4,M,0,47,Sat,9,Long_Distance
personal,198.17,F,0,35,Tue,13,Local
entertainment,18.81,M,0,40,Mon,22,Long_Distance
grocery,25.98,M,0,58,Sat,22,Regional
shopping,7.82,F,0,68,Mon,11,Long_Distance
personal,76.0,F,0,26,Fri,21,Long_Distance
grocery,35.93,F,0,35,Sun,15,Long_Distance
home,21.63,M,0,71,Tue,18,Long_Distance
health,78.85,M,0,38,Wed,21,Long_Distance
shopping,3.16,F,0,38,Sun,13,Regional
entertainment,90.04,F,0,42,Mon,13,Regional
entertainment,77.25,M,0,31,Thu,21,Long_Distance
misc,73.84,F,0,22,Sat,16,Regional
travel,67.46,F,0,29,Fri,10,Long_Distance
misc,25.78,F,0,33,Fri,20,Regional
travel,6.79,M,0,34,Thu,15,Regional
home,112.62,F,0,34,Thu,22,Remote
personal,43.38,M,0,57,Mon,15,Commute
grocery,34.09,M,0,44,Sat,9,Long_Distance
personal,12.42,F,0,34,Sat,21,Commute
shopping,17.93,M,0,74,Tue,11,Long_Distance
home,27.51,M,0,41,Mon,15,Commute
travel,86.52,F,0,42,Tue,4,Long_Distance
grocery,100.97,F,0,54,Thu,10,Regional
health,15.13,F,0,31,Sat,14,Long_Distance
misc,197.67,F,0,39,Tue,0,Long_Distance
grocery,109.94,M,0,32,Thu,6,Commute
misc,3.35,F,0,46,Fri,18,Long_Distance
home,49.28,F,0,32,Thu,12,Long_Distance
home,55.49,M,0,41,Sat,14,Commute
shopping,57.46,F,0,28,Tue,14,Long_Distance
misc,6.38,M,0,55,Thu,4,Regional
home,24.8,M,0,34,Wed,16,Regional
shopping,6.13,F,0,32,Sun,16,Long_Distance
grocery,201.75,F,0,49,Mon,0,Regional
health,180.55,M,0,87,Wed,14,Long_Distance
health,73.24,M,0,38,Tue,16,Commute
health,178.11,M,0,55,Wed,21,Long_Distance
grocery,5.29,F,0,22,Sun,13,Regional
grocery,46.83,M,0,46,Wed,10,Regional
grocery,52.24,F,0,35,Sun,4,Commute
shopping,5.29,F,0,57,Fri,11,Long_Distance
grocery,90.3,M,0,40,Thu,5,Long_Distance
home,80.26,F,0,48,Wed,12,Regional
health,7.27,M,0,16,Sat,16,Long_Distance
shopping,115.17,M,0,41,Sun,9,Long_Distance
home,92.29,M,0,32,Sat,15,Regional
misc,6.75,F,0,36,Fri,4,Long_Distance
travel,63.76,F,0,66,Fri,5,Commute
shopping,7.6,F,0,29,Sun,21,Long_Distance
grocery,88.15,F,0,32,Sat,13,Long_Distance
grocery,45.8,F,0,28,Mon,17,Long_Distance
entertainment,35.36,M,0,75,Mon,19,Commute
grocery,214.37,F,0,36,Fri,10,Remote
misc,26.45,F,0,52,Mon,10,Long_Distance
grocery,92.12,F,0,44,Mon,9,Long_Distance
entertainment,12.06,F,0,20,Fri,18,Regional
shopping,9.41,M,0,74,Fri,5,Long_Distance
travel,24.71,M,0,70,Tue,12,Long_Distance
health,226.54,F,0,37,Sun,20,Commute
shopping,4.28,F,0,43,Mon,23,Remote
travel,66.38,M,0,36,Sun,7,Commute
travel,60.57,F,0,63,Sun,11,Long_Distance
home,57.16,M,0,42,Mon,21,Long_Distance
grocery,146.74,F,0,88,Tue,6,Commute
grocery,17.65,F,0,41,Wed,14,Long_Distance
home,78.22,M,0,23,Mon,20,Commute
grocery,39.0,M,0,24,Sat,8,Regional
home,30.15,F,0,57,Sun,22,Commute
grocery,63.79,M,0,36,Wed,5,Commute
home,10.76,F,0,92,Sun,22,Commute
grocery,69.12,M,0,46,Mon,7,Commute
misc,2.14,F,0,42,Tue,3,Regional
misc,1.78,F,0,60,Wed,11,Long_Distance
entertainment,14.73,M,0,62,Sat,18,Regional
misc,13.01,F,0,28,Sat,13,Commute
travel,5.61,M,0,66,Sat,15,Long_Distance
travel,42.48,M,0,17,Sun,3,Long_Distance
home,134.1,F,0,48,Mon,18,Long_Distance
travel,56.06,F,0,94,Sun,9,Remote
home,10.59,F,0,50,Thu,23,Commute
shopping,139.08,M,0,34,Tue,0,Commute
grocery,204.68,F,0,34,Wed,6,Commute
home,51.95,M,0,40,Wed,18,Regional
home,12.76,F,0,56,Mon,13,Long_Distance
grocery,5.01,F,0,23,Thu,15,Commute
home,38.27,F,0,19,Sat,21,Long_Distance
entertainment,147.0,F,0,35,Sun,16,Long_Distance
home,25.4,M,0,40,Tue,20,Long_Distance
grocery,109.36,M,0,79,Tue,11,Long_Distance
home,164.33,F,0,27,Mon,21,Remote
home,21.92,F,0,47,Mon,22,Long_Distance
entertainment,42.78,M,0,50,Tue,0,Long_Distance
grocery,112.46,F,0,74,Sat,3,Long_Distance
grocery,59.27,F,0,49,Sat,10,Long_Distance
misc,5.21,F,0,21,Mon,16,Long_Distance
home,25.47,F,0,59,Sat,23,Long_Distance
entertainment,69.74,M,0,49,Tue,15,Commute
misc,1.77,F,0,33,Sat,16,Long_Distance
personal,52.01,F,0,29,Sat,21,Commute
personal,256.13,F,0,72,Mon,16,Long_Distance
grocery,226.52,F,0,35,Sat,8,Long_Distance
travel,77.77,M,0,29,Fri,10,Regional
grocery,103.01,F,0,60,Sun,1,Long_Distance
shopping,91.1,M,0,30,Sun,11,Regional
travel,84.37,M,0,58,Mon,9,Commute
personal,44.27,F,0,23,Wed,19,Regional
home,60.28,M,0,64,Wed,13,Long_Distance
entertainment,77.72,M,0,27,Tue,18,Long_Distance
misc,151.78,M,0,60,Mon,9,Regional
shopping,6.99,F,0,79,Tue,0,Long_Distance
grocery,33.55,F,0,51,Thu,13,Long_Distance
grocery,68.85,M,0,43,Sun,11,Remote
shopping,855.68,F,0,34,Tue,21,Long_Distance
grocery,35.93,M,0,30,Sat,9,Commute
grocery,1.29,F,0,22,Mon,18,Commute
home,145.75,F,0,32,Wed,14,Regional
home,36.17,M,0,55,Sun,20,Regional
grocery,39.49,F,0,42,Fri,22,Commute
shopping,12.74,F,0,34,Thu,12,Regional
shopping,3.17,M,0,39,Sun,16,Long_Distance
health,59.84,F,0,89,Tue,23,Long_Distance
health,113.8,M,0,52,Sun,16,Regional
misc,1.9,M,0,88,Fri,0,Commute
home,109.29,M,0,87,Fri,23,Regional
grocery,56.29,M,0,28,Mon,17,Regional
entertainment,52.68,F,0,54,Tue,13,Regional
home,9.87,M,0,24,Mon,23,Long_Distance
grocery,120.63,F,0,34,Fri,6,Commute
home,38.04,F,0,22,Wed,16,Commute
health,56.41,M,0,36,Sat,17,Long_Distance
misc,4.75,F,0,47,Sun,16,Long_Distance
shopping,107.51,M,0,26,Sat,7,Commute
shopping,1.2,F,0,68,Sat,8,Long_Distance
personal,91.01,F,0,75,Thu,17,Regional
home,71.19,M,0,75,Mon,21,Local
grocery,87.6,M,0,65,Mon,6,Regional
grocery,69.92,M,0,58,Mon,4,Remote
misc,9.41,F,0,25,Mon,7,Regional
travel,37.59,F,0,32,Thu,6,Long_Distance
travel,73.28,M,0,52,Wed,3,Long_Distance
shopping,7.62,F,0,46,Thu,14,Commute
grocery,66.88,M,0,41,Sun,5,Regional
personal,6.33,M,0,38,Thu,15,Commute
grocery,54.15,F,0,83,Thu,14,Regional
grocery,29.77,F,0,79,Sun,22,Long_Distance
misc,9.76,M,0,55,Mon,6,Regional
misc,6.75,M,0,30,Thu,12,Commute
misc,16.27,F,0,25,Wed,19,Long_Distance
misc,41.61,F,0,49,Wed,7,Long_Distance
misc,75.08,F,0,43,Mon,7,Long_Distance
shopping,6.86,M,0,46,Thu,21,Long_Distance
health,2.08,F,0,85,Thu,23,Commute
grocery,91.61,M,0,30,Sat,22,Long_Distance
entertainment,4.54,M,0,55,Tue,7,Long_Distance
health,183.85,M,0,34,Thu,19,Long_Distance
shopping,4.57,F,0,57,Mon,2,Long_Distance
entertainment,85.97,M,0,42,Sun,23,Commute
health,93.89,M,0,33,Tue,15,Long_Distance
grocery,98.67,M,0,61,Wed,10,Long_Distance
entertainment,155.05,M,0,35,Tue,17,Long_Distance
grocery,53.62,F,0,42,Mon,7,Long_Distance
shopping,1.58,M,0,67,Thu,4,Commute
misc,149.69,M,0,50,Fri,10,Long_Distance
personal,24.63,M,0,73,Fri,15,Long_Distance
misc,120.7,M,0,20,Sun,20,Regional
grocery,42.59,M,0,61,Mon,6,Regional
entertainment,69.33,M,0,38,Thu,20,Long_Distance
shopping,29.81,M,0,53,Sat,9,Regional
grocery,47.63,M,0,38,Thu,5,Long_Distance
shopping,228.75,M,0,37,Thu,16,Long_Distance
shopping,498.69,M,0,55,Mon,0,Long_Distance
home,135.61,F,0,66,Sat,23,Commute
grocery,149.99,M,0,67,Thu,0,Long_Distance
shopping,95.71,F,0,47,Mon,13,Regional
shopping,8.65,F,0,90,Sat,0,Commute
grocery,33.32,F,0,49,Tue,3,Commute
shopping,177.26,M,0,73,Tue,3,Long_Distance
misc,5.54,F,0,24,Sun,0,Long_Distance
home,3.81,M,0,47,Thu,21,Commute
home,32.88,F,0,33,Thu,22,Long_Distance
travel,65.42,M,0,31,Mon,3,Long_Distance
grocery,40.36,F,0,32,Tue,6,Long_Distance
grocery,61.86,M,0,25,Mon,7,Regional
shopping,8.46,F,0,37,Sun,18,Long_Distance
shopping,6.4,F,0,20,Mon,15,Commute
travel,59.45,M,0,84,Mon,4,Long_Distance
home,78.47,M,0,48,Mon,20,Long_Distance
grocery,130.06,F,0,61,Mon,11,Regional
shopping,126.23,F,0,57,Sat,11,Remote
home,19.23,F,0,64,Sun,17,Long_Distance
home,72.81,M,0,26,Sun,17,Long_Distance
grocery,42.35,M,0,46,Sun,6,Long_Distance
home,11.9,F,0,60,Mon,12,Long_Distance
shopping,1.23,M,0,34,Wed,20,Remote
grocery,78.92,M,0,30,Mon,7,Regional
entertainment,82.02,M,0,45,Sat,21,Long_Distance
shopping,4.92,F,0,48,Sat,12,Long_Distance
grocery,76.89,F,0,68,Sat,10,Regional
grocery,62.14,M,0,28,Tue,0,Long_Distance
misc,5.35,M,0,49,Fri,23,Commute
travel,43.72,F,0,49,Tue,0,Long_Distance
travel,42.71,M,0,52,Tue,1,Long_Distance
shopping,5.2,M,0,79,Sun,6,Commute
shopping,9.29,F,0,35,Sun,21,Long_Distance
shopping,2.09,F,0,26,Fri,19,Remote
personal,36.67,F,0,36,Tue,17,Long_Distance
shopping,119.59,M,0,63,Wed,2,Long_Distance
home,42.1,F,0,47,Fri,19,Regional
shopping,4.31,F,0,32,Sat,19,Commute
entertainment,33.59,M,0,20,Sun,18,Long_Distance
shopping,542.25,F,0,35,Tue,23,Commute
grocery,45.5,M,0,41,Tue,3,Commute
grocery,101.73,F,0,66,Sun,4,Remote
travel,77.84,M,0,47,Wed,0,Commute
travel,90.69,M,0,32,Sat,0,Commute
home,63.32,M,0,44,Sun,15,Local
travel,63.3,M,0,19,Tue,4,Regional
misc,5.99,M,0,25,Sun,17,Long_Distance
home,91.91,M,0,73,Sat,15,Regional
shopping,214.02,F,0,36,Sun,15,Commute
grocery,91.73,M,0,42,Mon,6,Commute
home,45.36,M,0,46,Sun,23,Commute
home,46.66,M,0,45,Sun,17,Commute
shopping,476.32,F,0,49,Wed,21,Long_Distance
travel,38.14,M,0,55,Sat,11,Commute
home,18.42,M,0,43,Fri,23,Commute
misc,94.79,F,0,49,Tue,10,Long_Distance
home,78.53,M,0,30,Mon,15,Long_Distance
home,10.76,F,0,48,Sun,13,Long_Distance
health,136.7,F,0,65,Tue,22,Long_Distance
shopping,341.63,F,0,48,Thu,21,Local
home,31.93,M,0,52,Thu,20,Regional
personal,27.76,F,0,42,Tue,16,Regional
shopping,4.27,F,0,43,Mon,17,Long_Distance
home,57.4,M,0,32,Thu,17,Regional
shopping,63.62,F,0,38,Sun,16,Long_Distance
grocery,121.94,F,0,54,Sat,11,Long_Distance
home,14.1,F,0,48,Tue,15,Commute
misc,220.9,F,0,59,Sun,8,Long_Distance
health,95.26,F,0,42,Mon,16,Regional
home,49.6,M,0,27,Thu,16,Regional
shopping,3.73,M,0,21,Sun,19,Long_Distance
personal,1.74,F,0,56,Fri,17,Commute
grocery,129.6,F,0,69,Thu,6,Long_Distance
shopping,2.82,F,0,36,Wed,23,Commute
grocery,88.95,M,0,61,Sat,9,Commute
travel,3.4,F,0,60,Thu,23,Regional
travel,52.33,F,0,30,Sun,4,Long_Distance
personal,39.36,F,0,45,Thu,14,Remote
travel,57.88,F,0,49,Tue,1,Long_Distance
travel,65.11,F,0,27,Mon,10,Long_Distance
travel,80.06,F,0,33,Sun,0,Commute
health,16.44,M,0,50,Fri,23,Commute
entertainment,5.52,M,0,73,Sat,13,Regional
travel,71.44,M,0,30,Thu,5,Commute
personal,13.3,F,0,44,Mon,16,Commute
entertainment,57.17,F,0,35,Sun,14,Remote
shopping,28.06,M,0,40,Fri,22,Commute
home,86.78,M,0,72,Wed,13,Commute
misc,9.76,F,0,46,Sun,6,Regional
entertainment,64.39,M,0,45,Tue,15,Long_Distance
health,43.53,F,0,49,Sat,22,Commute
travel,66.88,F,0,45,Thu,5,Commute
entertainment,128.83,F,0,53,Fri,19,Regional
grocery,43.74,M,0,32,Mon,1,Commute
travel,44.81,F,0,29,Thu,5,Commute
grocery,109.99,M,0,34,Wed,7,Regional
grocery,147.96,F,0,61,Mon,5,Remote
shopping,2.2,M,0,39,Mon,13,Regional
misc,28.44,M,0,31,Wed,7,Long_Distance
travel,90.0,M,0,52,Thu,3,Commute
health,76.34,M,0,40,Tue,14,Long_Distance
personal,38.09,F,0,41,Mon,21,Remote
grocery,183.66,F,0,48,Mon,10,Long_Distance
grocery,7.65,F,0,46,Mon,15,Long_Distance
personal,296.13,F,0,23,Tue,23,Long_Distance
shopping,92.57,F,0,43,Mon,17,Regional
home,135.42,F,0,44,Thu,16,Long_Distance
health,67.12,F,0,32,Mon,18,Commute
shopping,8.29,F,0,25,Mon,20,Commute
grocery,144.97,M,0,55,Sun,6,Regional
grocery,57.26,F,0,48,Fri,4,Commute
shopping,14.58,F,0,49,Wed,16,Long_Distance
misc,36.53,M,0,27,Sun,1,Regional
entertainment,6.3,M,0,38,Mon,15,Long_Distance
travel,82.91,F,0,45,Wed,9,Long_Distance
grocery,62.15,M,0,45,Fri,1,Remote
home,83.63,M,0,33,Mon,21,Long_Distance
travel,85.39,F,0,53,Tue,2,Long_Distance
grocery,55.59,F,0,28,Thu,19,Long_Distance
misc,4.16,F,0,43,Tue,0,Commute
grocery,54.12,F,0,37,Wed,4,Long_Distance
home,204.0,F,0,63,Wed,22,Commute
personal,14.42,M,0,62,Thu,23,Long_Distance
grocery,9.95,M,0,34,Sat,13,Long_Distance
travel,75.79,M,0,39,Sun,10,Commute
home,61.07,M,0,57,Thu,21,Commute
grocery,24.72,F,0,79,Fri,18,Commute
entertainment,29.07,F,0,59,Sat,15,Regional
grocery,117.48,M,0,45,Sat,3,Regional
home,142.72,M,0,31,Sat,19,Remote
travel,6.04,M,0,50,Sat,12,Regional
misc,31.58,F,0,41,Fri,22,Long_Distance
travel,52.79,F,0,35,Wed,11,Local
travel,70.85,F,0,21,Mon,7,Long_Distance
shopping,4.57,F,0,65,Fri,10,Commute
shopping,5.74,M,0,26,Wed,23,Long_Distance
grocery,58.69,F,0,53,Thu,15,Remote
grocery,39.78,F,0,36,Wed,23,Commute
misc,7.39,F,0,35,Mon,23,Local
health,4.82,F,0,41,Thu,17,Long_Distance
home,27.99,F,0,35,Wed,13,Long_Distance
grocery,7.21,F,0,43,Sat,13,Regional
personal,3.5,F,0,42,Sun,13,Long_Distance
personal,13.11,M,0,22,Sun,18,Long_Distance
shopping,732.62,M,0,58,Tue,0,Long_Distance
home,59.3,F,0,36,Thu,17,Long_Distance
misc,24.36,F,0,45,Tue,6,Commute
grocery,72.09,F,0,57,Mon,7,Regional
health,18.17,F,0,34,Sun,23,Regional
shopping,61.68,F,0,36,Fri,23,Long_Distance
home,82.7,M,0,48,Wed,19,Long_Distance
home,39.74,F,0,67,Sun,17,Long_Distance
travel,58.59,F,0,58,Tue,9,Regional
travel,65.18,F,0,43,Tue,10,Commute
home,49.27,M,0,46,Fri,20,Regional
shopping,7.66,F,0,69,Mon,4,Commute
grocery,92.71,F,0,45,Tue,17,Commute
personal,46.76,F,0,33,Fri,12,Commute
travel,54.51,M,0,65,Mon,0,Commute
home,50.45,M,0,37,Mon,17,Regional
entertainment,101.13,F,0,65,Thu,17,Remote
personal,3.91,F,0,57,Sun,12,Long_Distance
health,17.15,F,0,28,Sat,19,Long_Distance
grocery,144.46,F,0,69,Fri,9,Long_Distance
shopping,3.47,M,0,63,Sat,4,Regional
health,15.48,F,0,30,Wed,12,Commute
grocery,84.92,M,0,52,Wed,11,Long_Distance
travel,45.8,F,0,66,Thu,8,Long_Distance
home,79.93,M,0,40,Mon,14,Long_Distance
entertainment,170.16,M,0,43,Sat,21,Commute
home,157.08,F,0,39,Mon,15,Regional
misc,3.83,F,0,47,Fri,10,Regional
grocery,68.3,F,0,58,Mon,1,Long_Distance
home,114.9,F,0,57,Thu,15,Remote
shopping,9.54,F,0,52,Fri,7,Local
home,42.21,F,0,28,Wed,22,Long_Distance
travel,72.41,M,0,81,Sun,1,Long_Distance
personal,47.47,M,0,52,Fri,14,Regional
entertainment,19.09,F,0,36,Sun,23,Long_Distance
grocery,62.96,M,0,50,Mon,2,Long_Distance
shopping,9.71,F,0,54,Sat,0,Commute
home,37.67,M,0,51,Fri,20,Regional
entertainment,35.53,M,0,74,Sat,7,Regional
shopping,1.2,M,0,82,Fri,3,Remote
shopping,81.66,M,0,41,Sun,10,Commute
travel,56.57,F,0,37,Mon,10,Commute
health,20.29,F,0,21,Sun,13,Local
home,81.24,M,0,27,Sun,23,Regional
shopping,7.03,F,0,26,Wed,16,Long_Distance
travel,55.45,M,0,54,Fri,7,Remote
entertainment,12.14,F,0,33,Sat,17,Long_Distance
travel,7.02,M,0,40,Fri,17,Commute
shopping,2.02,M,0,55,Tue,3,Long_Distance
travel,49.08,F,0,93,Thu,8,Regional
home,15.61,F,0,81,Mon,18,Long_Distance
grocery,64.77,F,0,59,Sun,1,Long_Distance
grocery,71.15,F,0,26,Fri,11,Commute
home,30.59,M,0,83,Thu,12,Long_Distance
travel,58.53,M,0,54,Sat,5,Long_Distance
grocery,83.86,F,0,71,Sun,8,Regional
misc,2.89,M,0,29,Sun,20,Commute
misc,1.59,M,0,62,Sun,3,Long_Distance
misc,3.62,F,0,26,Tue,1,Commute
misc,102.19,F,0,39,Fri,2,Commute
entertainment,35.27,F,0,48,Sun,17,Long_Distance
home,78.11,M,0,41,Sat,12,Regional
home,93.26,F,0,34,Wed,22,Long_Distance
shopping,1.07,M,0,25,Wed,14,Long_Distance
home,124.34,F,0,89,Mon,16,Remote
grocery,151.24,F,0,30,Mon,8,Regional
health,71.59,M,0,40,Tue,15,Commute
entertainment,17.79,M,0,35,Fri,22,Commute
health,60.73,F,0,67,Sun,22,Remote
grocery,92.56,M,0,33,Thu,9,Commute
entertainment,30.4,F,0,54,Thu,8,Long_Distance
grocery,24.76,F,0,49,Sat,18,Long_Distance
home,28.96,M,0,48,Wed,22,Long_Distance
grocery,103.12,F,0,46,Thu,8,Commute
grocery,26.01,M,0,55,Sun,8,Commute
shopping,3.1,F,0,27,Mon,22,Regional
travel,95.39,F,0,57,Sun,7,Remote
home,22.46,M,0,71,Tue,16,Long_Distance
travel,56.42,F,0,60,Tue,10,Regional
misc,25.09,F,0,31,Sun,16,Long_Distance
shopping,3.14,F,0,35,Sun,22,Remote
travel,2266.04,F,0,49,Thu,12,Long_Distance
travel,46.12,F,0,33,Tue,9,Commute
shopping,4.2,F,0,31,Mon,14,Commute
grocery,62.04,M,0,30,Sat,21,Regional
health,104.84,M,0,26,Mon,19,Regional
travel,68.7,M,0,49,Mon,4,Long_Distance
misc,2.85,F,0,42,Sun,0,Commute
travel,78.29,F,0,55,Sat,6,Regional
shopping,3.69,F,0,25,Sat,15,Commute
home,23.1,M,0,56,Tue,23,Long_Distance
home,75.93,M,0,38,Sat,16,Long_Distance
misc,207.26,M,0,85,Mon,8,Local
grocery,79.6,F,0,34,Mon,1,Regional
home,78.78,F,0,47,Mon,15,Regional
home,12.88,F,0,74,Sat,22,Commute
home,88.85,M,0,35,Sat,15,Long_Distance
home,23.76,M,0,43,Sun,19,Long_Distance
grocery,99.15,M,0,45,Wed,1,Long_Distance
travel,72.58,F,0,26,Wed,2,Long_Distance
grocery,37.05,F,0,59,Tue,0,Commute
shopping,6.89,F,0,32,Sun,16,Regional
misc,54.96,F,0,28,Sun,8,Commute
travel,61.75,M,0,29,Sun,5,Long_Distance
health,24.24,F,0,37,Mon,23,Commute
grocery,230.63,F,0,49,Fri,8,Commute
home,104.71,F,0,28,Sat,23,Long_Distance
grocery,219.71,F,0,42,Sun,2,Long_Distance
grocery,1.73,M,0,52,Thu,15,Long_Distance
home,22.52,F,0,39,Sat,20,Commute
grocery,30.61,F,0,35,Wed,16,Regional
shopping,4.21,F,0,23,Wed,23,Regional
home,54.89,M,0,37,Mon,17,Long_Distance
shopping,5.12,M,0,36,Tue,19,Regional
entertainment,20.71,F,0,56,Thu,6,Long_Distance
grocery,132.23,M,0,66,Sun,9,Commute
shopping,109.35,M,0,42,Fri,2,Commute
grocery,49.13,M,0,58,Sun,15,Commute
entertainment,18.24,M,0,36,Fri,15,Long_Distance
grocery,14.67,F,0,18,Thu,14,Commute
health,22.12,F,0,33,Mon,12,Long_Distance
entertainment,186.35,F,0,59,Sun,7,Regional
home,152.03,M,0,60,Mon,18,Long_Distance
grocery,29.65,F,0,20,Sun,13,Commute
grocery,62.11,F,0,50,Fri,8,Long_Distance
grocery,75.93,F,0,32,Thu,8,Long_Distance
home,52.75,F,0,44,Thu,17,Long_Distance
grocery,104.63,F,0,79,Thu,11,Long_Distance
travel,68.1,F,0,32,Sat,1,Long_Distance
shopping,89.89,M,0,45,Sun,11,Long_Distance
personal,70.92,M,0,38,Mon,13,Regional
home,127.19,M,0,29,Wed,16,Long_Distance
home,2.98,M,0,82,Tue,16,Long_Distance
grocery,99.81,M,0,42,Fri,4,Local
health,39.84,M,0,38,Tue,18,Regional
entertainment,5.7,F,0,31,Sun,18,Long_Distance
shopping,5.3,M,0,29,Sat,18,Regional
personal,68.96,F,0,28,Thu,13,Long_Distance
travel,79.18,F,0,36,Wed,2,Long_Distance
entertainment,21.35,F,0,70,Sun,6,Long_Distance
health,79.3,F,0,42,Wed,17,Commute
shopping,6.43,F,0,31,Tue,12,Regional
personal,3.84,F,0,29,Thu,22,Commute
personal,103.42,M,0,29,Sun,21,Commute
shopping,8.08,F,0,48,Sun,18,Long_Distance
grocery,46.17,M,0,60,Mon,13,Long_Distance
entertainment,32.65,M,0,40,Sat,13,Long_Distance
home,44.52,F,0,33,Sun,23,Long_Distance
health,1.07,F,0,31,Thu,20,Long_Distance
grocery,1.3,M,0,35,Thu,19,Commute
grocery,32.71,M,0,35,Wed,6,Long_Distance
health,1.03,M,0,23,Sun,19,Regional
misc,8.68,F,0,41,Fri,5,Long_Distance
shopping,5.34,F,0,47,Mon,16,Remote
personal,74.1,M,0,26,Fri,12,Regional
grocery,119.49,F,0,55,Mon,3,Commute
entertainment,67.52,M,0,38,Tue,21,Commute
home,45.91,M,0,28,Fri,20,Long_Distance
home,95.59,F,0,31,Sun,12,Commute
shopping,28.81,M,0,52,Sun,10,Long_Distance
misc,8.03,F,0,29,Sun,20,Remote
grocery,92.32,F,0,36,Tue,6,Commute
grocery,176.61,F,0,36,Wed,6,Long_Distance
grocery,127.4,F,0,60,Sun,5,Regional
health,100.85,M,0,46,Mon,22,Long_Distance
entertainment,94.39,F,0,39,Mon,13,Long_Distance
shopping,1189.98,M,0,58,Sat,0,Commute
home,7.96,F,0,62,Wed,21,Long_Distance
health,1.45,M,0,57,Sat,15,Regional
grocery,40.43,M,0,52,Tue,21,Remote
grocery,234.64,F,0,47,Fri,10,Long_Distance
home,82.18,M,0,34,Tue,14,Commute
entertainment,62.85,M,0,33,Thu,19,Long_Distance
grocery,115.33,F,0,38,Wed,11,Regional
shopping,4.88,F,0,35,Tue,14,Long_Distance
entertainment,72.4,M,0,27,Wed,20,Regional
home,3.47,M,0,90,Wed,14,Long_Distance
home,25.55,M,0,52,Wed,13,Long_Distance
travel,104.08,F,0,70,Fri,11,Local
grocery,54.89,F,0,34,Mon,21,Commute
grocery,38.89,M,0,37,Mon,5,Long_Distance
health,49.05,F,0,22,Sun,19,Long_Distance
grocery,28.75,F,0,57,Thu,16,Long_Distance
health,24.12,M,0,48,Sun,16,Long_Distance
travel,60.18,M,0,36,Sun,6,Commute
shopping,1.19,F,0,58,Sat,9,Remote
travel,93.28,M,0,53,Sun,11,Long_Distance
shopping,99.36,F,0,36,Sat,13,Long_Distance
misc,12.78,M,0,65,Fri,1,Local
personal,25.85,F,0,52,Thu,14,Regional
grocery,93.74,F,0,58,Mon,10,Commute
shopping,1.61,F,0,49,Thu,12,Local
grocery,105.62,F,0,49,Sat,2,Commute
personal,163.71,F,0,16,Wed,15,Long_Distance
misc,251.2,F,0,35,Fri,10,Regional
grocery,101.45,M,0,37,Fri,1,Long_Distance
shopping,4.68,M,0,30,Thu,18,Local
travel,46.18,F,0,62,Fri,3,Long_Distance
misc,3.96,F,0,65,Sat,11,Regional
grocery,112.82,M,0,68,Tue,5,Commute
shopping,3.14,F,0,41,Fri,12,Long_Distance
grocery,9.67,F,0,90,Sun,20,Regional
entertainment,87.87,F,0,39,Mon,14,Commute
travel,58.54,F,0,61,Mon,0,Regional
home,185.41,M,0,43,Sun,22,Remote
entertainment,148.23,F,0,41,Wed,19,Commute
grocery,87.58,M,0,66,Wed,7,Long_Distance
grocery,216.59,F,0,37,Sun,1,Long_Distance
home,86.59,M,0,33,Tue,19,Long_Distance
home,47.5,F,0,46,Fri,18,Commute
misc,2.79,F,0,43,Sun,0,Long_Distance
grocery,56.56,F,0,31,Sat,9,Long_Distance
entertainment,129.12,M,0,49,Mon,19,Local
home,50.29,F,0,46,Fri,20,Regional
home,7.41,F,0,23,Fri,21,Long_Distance
personal,45.75,M,0,42,Sat,21,Commute
travel,5.37,F,0,32,Mon,13,Commute
home,74.91,F,0,27,Mon,16,Regional
misc,1.65,F,0,33,Mon,21,Long_Distance
grocery,172.11,F,0,37,Tue,0,Regional
shopping,1.75,F,0,36,Mon,20,Commute
entertainment,40.73,F,0,47,Wed,14,Commute
home,13.55,F,0,68,Wed,13,Commute
shopping,158.95,F,0,75,Fri,10,Long_Distance
grocery,21.68,F,0,32,Sat,18,Long_Distance
entertainment,42.37,F,0,78,Mon,19,Commute
grocery,26.2,M,0,39,Mon,17,Commute
grocery,107.91,F,0,26,Thu,6,Remote
misc,3.06,M,0,25,Sat,18,Long_Distance
shopping,7.72,F,0,27,Fri,23,Commute
misc,4.5,F,0,48,Wed,12,Regional
shopping,1099.39,M,0,42,Sat,20,Regional
entertainment,33.09,F,0,31,Thu,15,Long_Distance
health,8.24,M,0,29,Mon,17,Long_Distance
misc,273.8,F,0,47,Fri,11,Long_Distance
grocery,90.23,F,0,47,Tue,1,Long_Distance
grocery,95.24,M,0,46,Sun,4,Commute
health,28.66,F,0,45,Tue,20,Long_Distance
health,243.9,M,0,40,Tue,18,Long_Distance
travel,45.66,F,0,49,Thu,6,Commute
travel,67.18,M,0,29,Sun,1,Regional
home,4.88,F,0,80,Mon,16,Long_Distance
home,30.21,F,0,23,Sat,15,Regional
shopping,96.57,M,0,45,Sat,5,Long_Distance
misc,1.1,F,0,47,Sun,7,Regional
personal,71.81,F,0,32,Fri,21,Long_Distance
health,62.72,F,0,36,Sat,21,Regional
shopping,12.48,M,0,34,Thu,18,Remote
misc,91.88,M,0,54,Mon,10,Regional
misc,1.61,F,0,27,Fri,3,Commute
shopping,21.31,F,0,68,Wed,0,Long_Distance
personal,85.98,F,0,36,Sun,14,Commute
grocery,58.7,M,0,31,Tue,13,Long_Distance
health,1.35,F,0,27,Tue,15,Local
travel,6.4,M,0,24,Thu,22,Commute
shopping,188.36,F,0,32,Thu,22,Long_Distance
shopping,97.91,F,0,49,Sun,16,Regional
travel,69.38,M,0,44,Wed,7,Long_Distance
personal,61.56,F,0,25,Sat,15,Commute
grocery,118.38,M,0,30,Thu,5,Long_Distance
home,78.61,F,0,72,Tue,18,Commute
misc,4.61,M,0,73,Sun,5,Long_Distance
entertainment,110.02,M,0,52,Mon,15,Regional
grocery,1.88,F,0,48,Wed,13,Long_Distance
home,52.19,M,0,35,Thu,14,Long_Distance
grocery,59.64,F,0,33,Thu,1,Regional
home,40.49,M,0,52,Sat,13,Long_Distance
grocery,27.76,F,0,47,Mon,3,Commute
misc,8.09,F,0,24,Mon,15,Long_Distance
travel,61.81,F,0,70,Sun,5,Long_Distance
grocery,78.06,F,0,34,Mon,1,Long_Distance
entertainment,40.89,F,0,37,Sun,12,Commute
misc,6.13,F,0,48,Thu,22,Commute
grocery,63.01,M,0,74,Mon,5,Regional
shopping,16.36,M,0,40,Sat,19,Commute
misc,4.87,F,0,48,Thu,0,Regional
travel,67.91,F,0,48,Thu,0,Long_Distance
travel,9.04,F,0,48,Sun,23,Commute
health,73.53,M,0,35,Sun,12,Long_Distance
shopping,5.87,F,0,55,Wed,3,Commute
home,201.16,F,0,54,Sun,17,Regional
personal,36.92,F,0,25,Sun,16,Commute
entertainment,68.43,M,0,41,Sun,14,Long_Distance
travel,9.11,F,0,23,Mon,14,Regional
travel,110.36,M,0,69,Sat,8,Regional
travel,6.18,M,0,91,Sun,22,Long_Distance
grocery,148.29,M,0,49,Mon,0,Commute
misc,481.72,F,0,89,Tue,0,Long_Distance
health,117.92,M,0,46,Mon,15,Commute
misc,37.4,F,0,36,Sun,1,Regional
shopping,1.14,F,0,54,Tue,4,Commute
shopping,7.3,F,0,32,Fri,23,Regional
travel,67.69,F,0,24,Mon,8,Long_Distance
entertainment,40.49,F,0,31,Wed,13,Long_Distance
personal,76.48,F,0,59,Thu,12,Long_Distance
entertainment,62.53,F,0,15,Mon,14,Long_Distance
grocery,34.69,M,0,46,Fri,10,Commute
shopping,8.67,F,0,44,Tue,15,Commute
grocery,191.31,F,0,32,Sat,2,Long_Distance
misc,4.67,M,0,34,Fri,19,Commute
shopping,4.1,M,0,21,Mon,22,Long_Distance
home,3.16,M,0,54,Sun,12,Commute
health,29.64,M,0,23,Sat,17,Commute
travel,73.01,M,0,74,Sun,7,Long_Distance
entertainment,11.57,F,0,79,Thu,12,Long_Distance
grocery,80.63,F,0,47,Tue,3,Long_Distance
shopping,1.36,M,0,60,Tue,7,Long_Distance
misc,8.52,M,0,45,Sat,6,Remote
personal,24.43,F,0,90,Tue,13,Remote
personal,39.58,F,0,48,Mon,19,Long_Distance
personal,7.08,M,0,63,Sat,12,Regional
travel,63.0,F,0,25,Mon,11,Long_Distance
health,32.72,F,0,25,Sun,18,Long_Distance
shopping,48.82,M,0,52,Fri,4,Long_Distance
grocery,39.92,F,0,44,Tue,19,Commute
misc,31.77,M,0,38,Sun,20,Regional
personal,9.97,F,0,61,Mon,12,Commute
shopping,8.48,M,0,26,Thu,23,Commute
entertainment,46.93,M,0,56,Tue,21,Commute
shopping,9.64,M,0,16,Thu,15,Commute
grocery,57.18,F,0,48,Mon,3,Long_Distance
travel,79.55,F,0,28,Tue,8,Commute
misc,4.47,M,0,47,Tue,0,Regional
misc,91.78,F,0,41,Fri,8,Long_Distance
home,34.44,M,0,52,Mon,22,Commute
misc,274.97,M,0,30,Sun,13,Long_Distance
misc,8.24,F,0,70,Mon,2,Regional
health,6.48,M,0,41,Fri,14,Long_Distance
travel,66.56,M,0,62,Sun,3,Regional
shopping,4.94,M,0,21,Sat,17,Long_Distance
grocery,45.6,F,0,45,Wed,9,Local
home,47.38,M,0,71,Wed,16,Commute
health,2.29,F,0,69,Sun,12,Long_Distance
misc,20.65,F,0,25,Wed,17,Long_Distance
entertainment,51.29,F,0,60,Wed,11,Long_Distance
shopping,3.75,M,0,22,Sun,18,Long_Distance
health,245.11,F,0,19,Sat,18,Long_Distance
misc,6.04,F,0,33,Tue,4,Long_Distance
health,4.55,M,0,52,Sun,23,Commute
misc,5.87,F,0,33,Sat,0,Commute
home,80.21,F,0,20,Fri,17,Long_Distance
home,3.06,M,0,57,Sun,18,Long_Distance
home,5.99,F,0,72,Sat,13,Regional
grocery,90.48,M,0,38,Mon,0,Regional
home,23.56,M,0,54,Thu,17,Long_Distance
home,20.04,F,0,90,Fri,15,Regional
shopping,5.83,F,0,44,Sat,18,Regional
personal,7.86,F,0,23,Wed,22,Commute
home,52.47,F,0,67,Tue,14,Regional
travel,51.38,F,0,57,Sat,0,Commute
shopping,7.53,F,0,46,Sun,12,Regional
grocery,109.07,F,0,58,Sun,1,Long_Distance
misc,6.7,M,0,55,Mon,4,Long_Distance
shopping,2.74,F,0,54,Sat,2,Commute
entertainment,229.22,F,0,25,Mon,16,Regional
personal,58.06,F,0,63,Sun,13,Regional
personal,68.17,M,0,63,Fri,12,Long_Distance
travel,74.16,M,0,77,Sun,11,Commute
personal,2.56,F,0,63,Sun,13,Regional
grocery,54.95,M,0,26,Sat,8,Long_Distance
entertainment,11.04,M,0,77,Tue,19,Long_Distance
misc,3.51,M,0,58,Tue,6,Commute
misc,33.91,M,0,38,Fri,6,Commute
entertainment,1.12,F,0,55,Tue,6,Regional
grocery,7.85,F,0,29,Fri,17,Commute
grocery,131.44,F,0,48,Fri,4,Regional
home,198.02,F,0,51,Sun,17,Long_Distance
shopping,6.78,M,0,79,Tue,7,Remote
entertainment,20.04,M,0,21,Sun,13,Regional
grocery,128.79,F,0,68,Wed,4,Long_Distance
grocery,48.24,F,0,43,Fri,3,Long_Distance
misc,59.91,F,0,48,Tue,2,Regional
grocery,113.74,M,0,53,Mon,13,Long_Distance
home,18.49,F,0,64,Sat,21,Long_Distance
home,2.93,F,0,56,Sat,20,Long_Distance
misc,3.56,M,0,21,Mon,12,Long_Distance
home,1.42,F,0,66,Mon,12,Commute
home,43.38,M,0,57,Thu,14,Regional
grocery,50.79,M,0,31,Mon,2,Long_Distance
grocery,83.89,M,0,39,Sat,1,Commute
grocery,62.01,M,0,26,Sat,17,Long_Distance
personal,5.33,F,0,57,Fri,19,Long_Distance
home,47.28,F,0,48,Thu,12,Long_Distance
home,51.15,F,0,72,Fri,14,Long_Distance
shopping,42.81,M,0,23,Fri,21,Regional
misc,95.2,F,0,64,Fri,10,Commute
home,143.54,F,0,50,Sun,19,Long_Distance
home,80.6,F,0,38,Mon,20,Long_Distance
grocery,127.19,M,0,92,Tue,1,Commute
grocery,105.66,F,0,54,Mon,10,Regional
entertainment,99.82,F,0,50,Sat,0,Regional
grocery,127.64,M,0,64,Tue,11,Commute
travel,64.85,F,0,21,Wed,6,Commute
health,12.69,M,0,51,Mon,13,Commute
home,41.2,M,0,41,Tue,23,Regional
grocery,54.48,M,0,39,Wed,11,Long_Distance
grocery,6.19,F,0,20,Tue,16,Regional
home,240.37,F,0,43,Tue,22,Regional
grocery,17.07,F,0,36,Tue,18,Long_Distance
grocery,98.28,F,0,44,Mon,2,Regional
grocery,164.19,F,0,40,Wed,5,Regional
entertainment,69.62,F,0,61,Mon,22,Long_Distance
travel,524.64,M,0,37,Thu,13,Local
grocery,86.89,F,0,40,Mon,9,Long_Distance
entertainment,42.25,F,0,31,Sun,20,Long_Distance
travel,69.96,F,0,47,Tue,11,Commute
travel,6.54,F,0,22,Mon,17,Commute
grocery,94.74,F,0,66,Tue,11,Long_Distance
home,3.87,F,0,37,Fri,12,Commute
entertainment,66.92,M,0,45,Sat,21,Long_Distance
travel,63.55,M,0,75,Tue,1,Regional
home,4.91,F,0,77,Sun,22,Commute
home,31.29,M,0,34,Tue,15,Local
misc,1.46,F,0,31,Wed,23,Regional
shopping,93.9,F,0,66,Sun,3,Long_Distance
personal,1.89,F,0,47,Mon,23,Commute
shopping,8.96,M,0,69,Sun,6,Commute
home,12.6,F,0,34,Sun,18,Long_Distance
entertainment,38.26,F,0,61,Sat,21,Remote
grocery,52.84,F,0,70,Fri,5,Long_Distance
misc,2.43,F,0,48,Sun,9,Commute
shopping,8.3,M,0,32,Mon,18,Long_Distance
personal,10.06,M,0,54,Wed,18,Commute
shopping,85.76,M,0,43,Thu,10,Long_Distance
grocery,4.44,M,0,24,Wed,21,Regional
personal,94.13,F,0,66,Sun,20,Local
personal,31.06,M,0,34,Mon,16,Remote
travel,70.44,F,0,34,Mon,0,Regional
grocery,4.87,F,0,85,Mon,23,Regional
misc,8.23,F,0,29,Fri,22,Long_Distance
entertainment,2.66,F,0,66,Tue,2,Regional
personal,1.25,M,0,39,Sun,17,Long_Distance
grocery,75.43,F,0,58,Mon,10,Regional
travel,77.1,F,0,43,Sun,8,Local
misc,8.12,F,0,46,Mon,5,Commute
misc,114.2,M,0,37,Mon,6,Long_Distance
travel,97.13,M,0,74,Mon,6,Commute
home,14.27,M,0,38,Sun,15,Remote
travel,61.15,F,0,94,Sat,7,Long_Distance
shopping,7.72,F,0,29,Sat,13,Regional
health,37.85,M,0,43,Fri,18,Remote
travel,51.8,F,0,55,Mon,6,Regional
misc,430.59,F,0,41,Tue,7,Long_Distance
health,72.92,M,0,35,Sat,16,Regional
home,34.13,F,0,37,Sat,20,Long_Distance
shopping,9.02,M,0,51,Sat,1,Local
shopping,1.32,F,0,46,Mon,17,Local
health,9.45,F,0,45,Fri,23,Commute
travel,40.81,F,0,78,Sun,0,Regional
travel,65.45,M,0,74,Sun,2,Regional
shopping,5.46,F,0,43,Fri,19,Regional
misc,253.68,M,0,93,Sun,0,Long_Distance
grocery,85.35,F,0,70,Mon,11,Long_Distance
shopping,3.14,M,0,56,Fri,1,Regional
shopping,13.79,F,0,46,Mon,12,Local
personal,108.51,M,0,57,Wed,21,Commute
travel,56.2,M,0,32,Sun,6,Long_Distance
misc,135.14,F,0,49,Fri,10,Long_Distance
misc,252.77,F,0,30,Sat,21,Remote
shopping,80.98,F,0,67,Sun,7,Commute
home,56.05,F,0,43,Thu,17,Regional
grocery,54.0,M,0,84,Tue,2,Regional
travel,514.22,M,0,34,Sat,12,Long_Distance
home,13.99,F,0,31,Sat,16,Commute
home,40.53,M,0,46,Mon,22,Commute
shopping,82.36,M,0,35,Sat,6,Commute
shopping,8.81,M,0,46,Thu,22,Commute
misc,90.93,F,0,26,Sun,2,Long_Distance
travel,46.02,M,0,64,Wed,3,Regional
home,64.54,F,0,33,Fri,15,Commute
misc,264.79,M,0,55,Fri,5,Long_Distance
entertainment,26.02,M,0,38,Mon,16,Regional
grocery,36.15,F,0,42,Fri,0,Commute
misc,4.49,F,0,43,Tue,1,Long_Distance
grocery,92.91,F,0,61,Wed,2,Commute
misc,37.53,M,0,47,Tue,0,Remote
grocery,54.76,M,0,26,Tue,18,Commute
grocery,36.75,M,0,39,Tue,7,Long_Distance
shopping,6.0,M,0,30,Wed,21,Local
shopping,53.04,F,0,46,Thu,13,Commute
entertainment,91.87,F,0,47,Fri,12,Commute
shopping,9.57,F,0,37,Fri,21,Long_Distance
grocery,43.44,M,0,46,Fri,6,Regional
travel,75.6,F,0,53,Wed,9,Long_Distance
entertainment,45.89,F,0,22,Wed,17,Remote
personal,99.35,M,0,60,Sun,17,Commute
travel,66.88,F,0,22,Sat,8,Regional
grocery,38.39,M,0,38,Sun,20,Regional
home,60.22,M,0,43,Tue,14,Remote
home,71.83,F,0,91,Fri,12,Remote
shopping,14.64,M,0,91,Sat,3,Commute
home,53.21,M,0,24,Sun,22,Regional
travel,59.28,M,0,52,Mon,9,Commute
grocery,59.64,M,0,42,Wed,21,Regional
shopping,6.42,F,0,31,Sat,13,Commute
grocery,91.17,M,0,66,Sat,4,Commute
home,38.94,F,0,56,Sat,17,Long_Distance
grocery,1.28,F,0,20,Sun,13,Commute
travel,523.02,M,0,35,Wed,16,Commute
travel,42.37,F,0,30,Thu,4,Long_Distance
misc,38.36,M,0,33,Sat,3,Remote
home,33.34,F,0,47,Sat,21,Commute
misc,7.1,M,0,74,Mon,5,Long_Distance
grocery,94.54,F,0,31,Mon,2,Commute
health,27.01,M,0,41,Sat,16,Long_Distance
health,22.84,M,0,31,Sun,20,Remote
travel,47.14,F,0,29,Mon,11,Remote
misc,73.43,F,0,44,Wed,10,Long_Distance
home,49.52,F,0,70,Sun,19,Commute
travel,71.06,F,0,51,Tue,4,Commute
misc,588.21,F,0,46,Sat,3,Long_Distance
home,45.79,M,0,55,Fri,19,Commute
grocery,62.89,M,0,35,Sun,5,Commute
shopping,6.73,M,0,40,Wed,20,Commute
shopping,1.6,M,0,51,Thu,11,Commute
health,53.63,M,0,25,Tue,12,Remote
home,72.74,M,0,46,Sat,13,Regional
grocery,71.13,F,0,44,Mon,3,Regional
home,16.12,F,0,42,Sun,18,Long_Distance
grocery,188.31,F,0,43,Mon,9,Regional
shopping,2.06,M,0,53,Sun,6,Remote
misc,3.61,M,0,44,Sat,18,Long_Distance
shopping,4.68,F,0,29,Thu,15,Regional
grocery,188.2,F,0,49,Mon,8,Regional
entertainment,80.24,M,0,43,Tue,16,Long_Distance
grocery,107.45,F,0,49,Mon,6,Commute
home,21.27,F,0,48,Sat,16,Regional
home,24.34,M,0,53,Sun,15,Local
shopping,129.32,M,0,72,Sat,0,Long_Distance
shopping,9.08,F,0,36,Tue,22,Commute
travel,80.59,F,0,31,Sun,4,Regional
misc,8.55,F,0,85,Mon,7,Commute
home,9.7,M,0,74,Wed,21,Long_Distance
travel,84.51,M,0,55,Thu,4,Regional
grocery,79.46,F,0,36,Thu,12,Commute
travel,64.42,F,0,35,Sun,11,Commute
misc,106.76,M,0,48,Sun,8,Commute
grocery,103.75,F,0,30,Sun,6,Regional
home,94.17,M,0,36,Mon,18,Regional
personal,63.23,F,0,84,Mon,12,Long_Distance
shopping,5.74,F,0,53,Wed,9,Regional
misc,24.68,M,0,51,Thu,6,Long_Distance
travel,7.87,M,0,76,Tue,22,Regional
shopping,5.55,M,0,21,Tue,21,Remote
grocery,32.03,F,0,32,Sun,1,Local
travel,74.67,F,0,22,Sat,5,Long_Distance
entertainment,79.94,M,0,63,Mon,23,Long_Distance
home,42.27,F,0,48,Sun,15,Long_Distance
shopping,12.07,F,0,37,Thu,12,Commute
personal,28.48,F,0,24,Fri,13,Commute
travel,6.67,M,0,45,Fri,14,Regional
home,6.82,F,0,37,Wed,17,Local
travel,97.31,M,0,91,Sun,9,Commute
grocery,189.76,F,0,35,Sun,11,Long_Distance
misc,9.49,F,0,92,Sun,8,Long_Distance
health,126.05,F,0,36,Mon,19,Commute
home,75.49,M,0,41,Wed,13,Remote
travel,3.26,F,0,37,Tue,20,Long_Distance
home,16.5,F,0,41,Wed,23,Regional
home,70.58,M,0,27,Thu,23,Long_Distance
grocery,142.36,F,0,58,Sun,1,Regional
personal,50.1,F,0,66,Mon,14,Long_Distance
health,5.49,F,0,53,Mon,19,Long_Distance
health,12.94,F,0,30,Thu,13,Long_Distance
travel,56.69,F,0,65,Wed,9,Long_Distance
grocery,15.03,F,0,52,Sun,4,Regional
home,48.58,M,0,43,Tue,21,Commute
home,103.56,F,0,36,Fri,23,Long_Distance
grocery,35.37,M,0,49,Mon,9,Long_Distance
travel,68.88,F,0,52,Mon,10,Regional
misc,179.28,M,0,16,Thu,12,Long_Distance
home,53.47,M,0,33,Sun,21,Long_Distance
misc,30.6,M,0,40,Sat,0,Long_Distance
shopping,133.23,M,0,31,Sun,4,Regional
shopping,3.7,M,0,53,Mon,7,Long_Distance
entertainment,133.61,M,0,52,Mon,14,Long_Distance
grocery,222.05,F,0,28,Thu,0,Regional
grocery,9.82,F,0,39,Sat,22,Regional
misc,3.51,F,0,50,Sat,16,Local
entertainment,5.01,M,0,28,Sat,14,Long_Distance
grocery,117.67,F,0,36,Mon,1,Local
misc,19.18,F,0,25,Tue,15,Regional
misc,8.42,F,0,53,Mon,10,Regional
travel,84.57,F,0,31,Sat,2,Regional
home,52.44,F,0,42,Sun,21,Commute
personal,14.82,M,0,40,Mon,18,Regional
home,58.33,F,0,36,Sun,12,Long_Distance
shopping,258.6,M,0,59,Sat,4,Long_Distance
personal,57.62,F,0,48,Tue,19,Local
misc,39.88,F,0,50,Sun,11,Long_Distance
home,80.44,M,0,41,Thu,12,Local
grocery,130.76,F,0,66,Mon,0,Long_Distance
shopping,154.68,M,0,30,Sat,3,Long_Distance
entertainment,77.84,M,0,44,Fri,21,Commute
grocery,111.98,F,0,31,Sun,1,Long_Distance
grocery,197.61,F,0,42,Sat,10,Regional
travel,64.21,M,0,74,Sat,9,Regional
home,83.15,F,0,55,Sun,23,Long_Distance
shopping,13.22,F,0,42,Mon,21,Long_Distance
shopping,7.47,F,0,86,Sat,6,Commute
travel,6.04,F,0,44,Wed,22,Regional
personal,1.05,F,0,59,Sun,21,Long_Distance
grocery,12.4,F,0,63,Mon,20,Regional
health,53.26,F,0,21,Sat,21,Regional
health,4.3,M,0,29,Mon,17,Regional
travel,49.92,F,0,35,Sun,10,Long_Distance
home,25.1,M,0,23,Sun,22,Local
personal,26.65,M,0,64,Sat,16,Long_Distance
grocery,48.53,M,0,31,Mon,5,Long_Distance
health,44.32,F,0,29,Wed,20,Regional
travel,8.06,M,0,50,Sun,17,Long_Distance
grocery,216.71,F,0,29,Mon,9,Commute
travel,6.87,M,0,30,Sun,12,Long_Distance
grocery,206.67,F,0,44,Sun,0,Long_Distance
grocery,35.45,F,0,49,Sat,20,Long_Distance
grocery,70.61,F,0,51,Tue,6,Long_Distance
misc,29.86,M,0,39,Sat,2,Commute
home,45.88,M,0,55,Tue,16,Long_Distance
misc,9.02,F,0,46,Fri,5,Commute
shopping,22.23,F,0,22,Thu,12,Regional
home,25.15,M,0,35,Fri,13,Commute
shopping,81.07,M,0,27,Tue,1,Regional
personal,19.11,M,0,57,Tue,17,Long_Distance
health,32.5,M,0,52,Sun,21,Regional
shopping,1.47,F,0,63,Mon,4,Regional
personal,60.15,M,0,55,Sun,17,Long_Distance
shopping,4.05,F,0,57,Wed,4,Commute
travel,621.66,F,0,64,Thu,17,Commute
grocery,116.33,M,0,53,Wed,1,Long_Distance
shopping,51.28,F,0,20,Thu,23,Long_Distance
grocery,6.89,M,0,39,Thu,19,Commute
grocery,70.41,M,0,64,Mon,10,Regional
health,23.8,F,0,48,Sun,14,Commute
misc,30.33,M,0,88,Mon,5,Commute
personal,29.37,M,0,64,Mon,12,Long_Distance
misc,7.3,F,0,77,Sun,0,Long_Distance
grocery,80.91,M,0,78,Tue,2,Regional
shopping,8.82,F,0,32,Sun,13,Regional
health,212.47,M,0,55,Wed,14,Long_Distance
grocery,133.25,M,0,52,Sat,0,Commute
personal,28.95,F,0,40,Wed,16,Commute
shopping,115.83,M,0,39,Thu,11,Commute
personal,24.55,M,0,64,Sat,14,Long_Distance
personal,6.51,F,0,23,Mon,21,Commute
home,9.27,F,0,93,Fri,19,Regional
travel,73.33,M,0,50,Sun,1,Commute
shopping,11.88,M,0,44,Thu,18,Commute
grocery,26.17,M,0,71,Fri,23,Regional
home,137.47,M,0,49,Mon,22,Long_Distance
entertainment,21.04,M,0,53,Tue,23,Commute
grocery,96.01,M,0,38,Wed,9,Long_Distance
grocery,56.88,M,0,46,Sat,13,Commute
misc,4.3,F,0,28,Tue,21,Regional
personal,2.9,F,0,24,Sun,21,Long_Distance
travel,8.27,M,0,67,Sun,12,Regional
grocery,86.95,M,0,51,Mon,3,Long_Distance
shopping,4.96,F,0,19,Fri,20,Long_Distance
misc,37.54,M,0,48,Sat,5,Commute
shopping,23.16,F,0,30,Sat,22,Regional
misc,9.16,F,0,46,Mon,12,Long_Distance
shopping,2.2,M,0,45,Sat,16,Long_Distance
grocery,77.22,F,0,39,Thu,5,Long_Distance
home,48.16,M,0,60,Mon,18,Commute
grocery,111.25,M,0,52,Mon,4,Regional
grocery,135.31,F,0,88,Fri,7,Commute
home,41.95,M,0,40,Thu,19,Regional
personal,15.92,F,0,87,Mon,17,Long_Distance
personal,32.35,M,0,51,Sat,12,Long_Distance
personal,4.6,F,0,45,Wed,20,Commute
shopping,93.53,M,0,79,Thu,0,Regional
home,4.01,F,0,66,Sat,20,Regional
home,17.52,F,0,48,Sun,15,Long_Distance
home,11.93,M,0,51,Tue,23,Long_Distance
travel,56.79,F,0,22,Wed,7,Commute
travel,8.25,M,0,72,Sat,18,Remote
home,108.82,M,0,72,Sun,19,Regional
home,90.84,M,0,45,Fri,14,Commute
grocery,1.38,M,0,47,Fri,13,Regional
home,9.83,M,0,67,Fri,20,Long_Distance
shopping,13.05,F,0,27,Sun,14,Long_Distance
grocery,85.06,M,0,88,Fri,11,Regional
home,76.29,M,0,32,Fri,14,Commute
home,14.97,F,0,26,Thu,22,Regional
grocery,107.15,F,0,48,Sun,6,Regional
shopping,2.3,M,0,54,Wed,1,Long_Distance
personal,16.17,F,0,27,Sun,21,Regional
personal,75.16,M,0,27,Sun,22,Commute
misc,38.93,M,0,38,Sun,8,Long_Distance
grocery,63.86,M,0,45,Sun,14,Commute
grocery,66.7,F,0,87,Sat,20,Regional
home,138.28,F,0,53,Wed,17,Long_Distance
shopping,4.36,M,0,52,Mon,6,Commute
shopping,1.57,F,0,33,Sun,16,Long_Distance
shopping,1.03,F,0,36,Sun,23,Long_Distance
travel,59.53,F,0,49,Sat,10,Regional
shopping,3.27,M,0,31,Tue,12,Long_Distance
health,9.97,M,0,61,Mon,16,Long_Distance
personal,83.11,F,0,83,Mon,18,Commute
misc,6.63,M,0,44,Fri,1,Regional
home,81.29,M,0,43,Fri,14,Commute
shopping,124.12,M,0,45,Wed,9,Commute
travel,90.29,M,0,34,Thu,7,Commute
grocery,31.97,M,0,32,Fri,8,Regional
grocery,53.44,F,0,42,Tue,10,Commute
grocery,107.98,F,0,37,Mon,6,Commute
entertainment,22.92,F,0,69,Wed,10,Long_Distance
travel,72.35,M,0,32,Mon,6,Local
home,78.76,M,0,42,Fri,21,Commute
travel,6.2,F,0,70,Sat,21,Regional
entertainment,10.45,M,0,42,Sat,16,Long_Distance
travel,66.9,M,0,47,Sat,5,Long_Distance
grocery,90.06,M,0,46,Thu,19,Regional
home,101.69,M,0,21,Mon,12,Local
health,124.0,M,0,41,Sun,21,Long_Distance
personal,36.62,F,0,35,Tue,15,Long_Distance
misc,19.56,F,0,79,Fri,6,Commute
health,6.94,M,0,71,Thu,13,Remote
shopping,7.84,M,0,62,Mon,8,Long_Distance
grocery,11.62,F,0,52,Tue,12,Commute
home,53.88,F,0,43,Sun,15,Long_Distance
misc,5.84,F,0,90,Wed,7,Long_Distance
health,20.92,F,0,71,Thu,17,Remote
grocery,3.01,M,0,34,Mon,23,Commute
grocery,52.01,F,0,39,Fri,14,Regional
travel,72.07,M,0,30,Sat,5,Long_Distance
misc,7.57,M,0,83,Fri,3,Commute
grocery,59.74,M,0,45,Fri,8,Regional
shopping,41.95,F,0,30,Tue,16,Long_Distance
grocery,116.72,M,0,30,Sat,1,Long_Distance
misc,306.93,M,0,57,Mon,2,Commute
travel,509.42,M,0,45,Mon,18,Long_Distance
home,97.12,F,0,46,Fri,20,Long_Distance
personal,79.55,M,0,37,Sat,22,Remote
home,28.51,F,0,66,Thu,14,Regional
grocery,96.48,M,0,45,Thu,2,Long_Distance
home,46.23,F,0,35,Fri,20,Long_Distance
grocery,11.31,F,0,23,Sun,23,Commute
personal,34.15,F,0,64,Mon,21,Commute
travel,101.97,M,0,53,Mon,2,Commute
misc,6.37,M,0,32,Tue,4,Long_Distance
grocery,105.3,F,0,69,Mon,7,Commute
grocery,185.28,F,0,29,Sun,9,Regional
entertainment,16.63,F,0,45,Sun,18,Regional
shopping,6.53,F,0,54,Sun,4,Long_Distance
personal,73.08,M,0,45,Sat,21,Regional
entertainment,62.63,M,0,88,Wed,10,Long_Distance
health,44.02,F,0,90,Sat,19,Commute
shopping,1.73,F,0,36,Tue,23,Long_Distance
home,69.03,F,0,48,Fri,20,Commute
grocery,181.44,F,0,33,Wed,10,Long_Distance
personal,66.55,M,0,46,Thu,23,Regional
personal,53.17,F,0,51,Sat,20,Remote
personal,85.24,M,0,54,Sat,20,Commute
grocery,73.04,M,0,35,Mon,4,Long_Distance
health,120.8,F,0,62,Mon,13,Long_Distance
entertainment,7.77,M,0,35,Sun,14,Long_Distance
grocery,75.2,F,0,43,Mon,22,Remote
travel,3.3,M,0,35,Tue,15,Long_Distance
misc,29.36,M,0,29,Tue,9,Long_Distance
home,40.59,F,0,29,Mon,22,Long_Distance
shopping,151.66,M,0,39,Tue,22,Long_Distance
entertainment,168.84,F,0,27,Sat,16,Long_Distance
shopping,7.84,M,0,75,Fri,3,Regional
travel,64.34,M,0,59,Fri,7,Commute
shopping,96.06,F,0,26,Thu,14,Long_Distance
misc,356.95,F,0,48,Sun,7,Long_Distance
grocery,53.54,M,0,22,Mon,6,Long_Distance
shopping,92.85,M,0,40,Mon,4,Regional
entertainment,79.27,F,0,26,Sun,18,Long_Distance
health,78.47,M,0,26,Mon,17,Long_Distance
shopping,1.39,F,0,39,Tue,15,Regional
health,37.82,F,0,28,Thu,13,Long_Distance
home,55.6,F,0,54,Tue,23,Regional
travel,55.79,F,0,59,Fri,0,Commute
grocery,191.49,F,0,44,Mon,9,Long_Distance
travel,6.83,M,0,38,Sat,23,Long_Distance
travel,56.0,F,0,33,Thu,9,Long_Distance
shopping,1.2,M,0,64,Sat,1,Local
shopping,146.84,M,0,16,Thu,16,Commute
health,7.95,F,0,61,Sat,13,Commute
shopping,166.02,F,0,29,Sat,20,Long_Distance
travel,41.21,F,0,36,Tue,5,Local
home,13.32,M,0,48,Mon,19,Long_Distance
grocery,73.55,F,0,32,Sat,6,Long_Distance
shopping,9.6,M,0,19,Wed,12,Long_Distance
grocery,236.24,F,0,51,Sun,1,Long_Distance
grocery,134.63,F,0,50,Mon,4,Long_Distance
entertainment,9.56,F,0,51,Tue,1,Long_Distance
grocery,79.44,F,0,34,Tue,10,Regional
entertainment,83.07,M,0,35,Sat,17,Remote
entertainment,2.35,M,0,65,Mon,22,Regional
home,119.55,F,0,50,Thu,23,Commute
grocery,41.18,M,0,43,Sun,7,Long_Distance
misc,4.85,M,0,39,Thu,17,Long_Distance
misc,46.25,F,0,53,Sat,11,Long_Distance
health,75.11,M,0,32,Fri,22,Commute
misc,3.09,F,0,80,Sat,5,Long_Distance
grocery,135.72,F,0,65,Fri,0,Commute
shopping,8.49,F,0,49,Mon,14,Commute
shopping,26.6,F,0,52,Sat,9,Long_Distance
travel,43.1,M,0,21,Sun,4,Long_Distance
shopping,3.01,F,0,76,Sat,5,Commute
entertainment,9.16,M,0,80,Tue,12,Commute
home,80.16,F,0,35,Sun,13,Long_Distance
travel,57.18,F,0,29,Mon,10,Long_Distance
misc,6.13,M,0,45,Fri,8,Regional
home,191.49,F,0,46,Tue,22,Long_Distance
home,3.75,M,0,47,Sun,20,Long_Distance
home,1.4,M,0,21,Sun,20,Long_Distance
home,79.72,M,0,38,Thu,18,Long_Distance
shopping,402.31,F,0,30,Fri,16,Regional
home,244.19,M,0,87,Mon,13,Commute
travel,74.11,F,0,32,Sun,4,Long_Distance
grocery,4.82,F,0,45,Mon,15,Long_Distance
personal,16.79,F,0,22,Fri,21,Regional
misc,25.74,F,0,39,Wed,8,Regional
travel,60.57,F,0,53,Tue,5,Commute
home,32.8,M,0,58,Mon,21,Long_Distance
home,81.78,M,0,30,Wed,18,Commute
shopping,7.64,F,0,49,Mon,18,Commute
grocery,59.13,F,0,30,Wed,1,Regional
misc,2.43,M,0,39,Wed,10,Commute
home,92.77,M,0,42,Sun,23,Long_Distance
grocery,53.3,F,0,30,Mon,0,Regional
health,68.5,F,0,52,Sat,16,Local
shopping,37.47,M,0,78,Mon,4,Long_Distance
home,46.19,F,0,25,Tue,21,Commute
shopping,5.94,F,0,47,Thu,13,Regional
home,63.21,F,0,60,Thu,17,Long_Distance
travel,73.47,F,0,25,Wed,8,Long_Distance
grocery,13.3,F,0,22,Tue,20,Commute
shopping,3.96,F,0,91,Wed,8,Regional
grocery,2.92,F,0,65,Thu,14,Commute
health,4.43,M,0,53,Fri,22,Long_Distance
grocery,60.59,M,0,44,Thu,19,Regional
grocery,66.77,M,0,26,Sun,4,Commute
grocery,62.18,F,0,31,Thu,15,Regional
health,24.07,F,0,21,Sun,22,Long_Distance
home,53.31,M,0,27,Thu,14,Remote
personal,45.69,M,0,52,Wed,16,Remote
grocery,63.42,M,0,45,Mon,9,Regional
entertainment,72.73,M,0,33,Mon,17,Long_Distance
grocery,100.14,F,0,89,Mon,4,Remote
travel,72.76,F,0,64,Mon,0,Long_Distance
home,82.12,M,0,28,Thu,20,Commute
personal,7.47,F,0,59,Sun,16,Commute
shopping,147.77,M,0,20,Mon,19,Regional
grocery,1.01,F,0,32,Mon,15,Long_Distance
personal,29.72,F,0,85,Thu,16,Long_Distance
home,102.19,M,0,25,Thu,20,Commute
shopping,101.21,M,0,39,Mon,5,Commute
shopping,61.62,F,0,44,Sat,17,Long_Distance
travel,65.74,F,0,67,Mon,1,Long_Distance
grocery,70.78,M,0,45,Sat,9,Regional
health,11.55,F,0,83,Wed,12,Regional
grocery,25.07,M,0,75,Mon,18,Long_Distance
health,71.36,M,0,40,Tue,16,Long_Distance
travel,71.51,M,0,48,Tue,9,Remote
shopping,250.7,M,0,21,Wed,19,Long_Distance
grocery,57.53,F,0,42,Sat,4,Commute
personal,105.01,M,0,20,Sat,23,Long_Distance
grocery,117.41,F,0,48,Tue,4,Long_Distance
shopping,7.85,F,0,30,Thu,16,Long_Distance
grocery,11.63,M,0,47,Sun,13,Long_Distance
shopping,8.61,F,0,48,Fri,16,Long_Distance
home,71.68,M,0,44,Mon,12,Commute
home,63.55,F,0,34,Mon,23,Remote
shopping,43.45,F,0,52,Mon,1,Long_Distance
travel,79.14,F,0,46,Mon,0,Regional
personal,2.17,M,0,57,Sun,21,Long_Distance
health,117.15,M,0,23,Sun,16,Commute
shopping,9.0,F,0,51,Sat,7,Commute
shopping,1.66,M,0,73,Sun,3,Commute
grocery,12.99,M,0,48,Sun,14,Regional
home,82.53,M,0,38,Thu,18,Regional
shopping,9.78,F,0,32,Thu,13,Long_Distance
grocery,89.72,F,0,43,Wed,1,Remote
entertainment,18.45,F,0,55,Tue,1,Long_Distance
grocery,31.25,F,0,88,Tue,9,Commute
grocery,96.1,F,0,46,Wed,9,Long_Distance
entertainment,1.58,F,0,29,Sat,23,Commute
travel,69.36,M,0,50,Tue,10,Commute
home,3.28,F,0,66,Sun,23,Long_Distance
misc,14.29,F,0,45,Fri,11,Long_Distance
grocery,115.53,M,0,71,Thu,2,Long_Distance
personal,30.16,F,0,43,Fri,18,Regional
grocery,15.89,F,0,35,Fri,11,Long_Distance
grocery,217.65,F,0,32,Thu,7,Long_Distance
travel,5.38,M,0,78,Mon,21,Commute
misc,2.01,M,0,44,Fri,0,Long_Distance
personal,37.76,M,0,50,Tue,18,Long_Distance
shopping,129.29,F,0,45,Tue,16,Commute
grocery,55.53,F,0,22,Sun,2,Long_Distance
travel,58.02,M,0,42,Thu,1,Remote
home,101.8,F,0,30,Fri,23,Long_Distance
health,51.64,F,0,48,Tue,14,Commute
shopping,5.84,F,0,50,Mon,5,Long_Distance
health,7.86,M,0,78,Tue,13,Long_Distance
personal,36.25,F,0,90,Thu,17,Commute
grocery,6.68,F,0,25,Mon,16,Local
grocery,83.92,M,0,26,Sat,11,Remote
shopping,9.07,F,0,35,Mon,15,Commute
home,11.32,F,0,48,Mon,17,Long_Distance
shopping,2.04,M,0,57,Mon,4,Regional
grocery,9.46,M,0,43,Thu,16,Regional
home,29.82,F,0,55,Thu,21,Remote
shopping,137.03,F,0,27,Mon,23,Long_Distance
home,17.04,F,0,35,Tue,14,Long_Distance
grocery,68.72,M,0,26,Sat,5,Commute
grocery,63.09,F,0,48,Mon,1,Long_Distance
misc,742.84,F,0,30,Mon,4,Regional
travel,65.66,M,0,47,Sat,8,Long_Distance
home,138.41,F,0,34,Sun,17,Long_Distance
grocery,89.13,F,0,32,Sun,5,Local
shopping,55.72,M,0,44,Tue,15,Regional
travel,73.77,F,0,34,Sat,0,Regional
grocery,139.84,F,0,67,Tue,1,Commute
home,77.57,M,0,62,Thu,19,Commute
health,11.05,F,0,54,Fri,15,Regional
personal,52.73,F,0,40,Wed,15,Commute
entertainment,2.67,M,0,53,Sat,9,Commute
shopping,2.08,M,0,44,Fri,21,Commute
travel,48.63,F,0,47,Sat,3,Commute
shopping,160.82,M,0,47,Sun,4,Long_Distance
misc,30.81,F,0,34,Sat,0,Commute
home,139.82,M,0,33,Sun,20,Long_Distance
home,196.91,F,0,35,Mon,13,Long_Distance
personal,41.08,F,0,34,Sat,22,Commute
grocery,41.74,F,0,41,Thu,14,Commute
health,18.08,F,0,34,Fri,21,Regional
grocery,53.63,M,0,34,Sun,17,Long_Distance
shopping,125.12,M,0,41,Thu,12,Long_Distance
grocery,26.97,F,0,54,Sat,8,Long_Distance
home,166.77,M,0,58,Sun,17,Long_Distance
grocery,90.98,M,0,31,Sun,10,Regional
misc,40.77,M,0,38,Fri,2,Commute
travel,71.45,M,0,47,Mon,9,Long_Distance
misc,120.41,F,0,33,Mon,10,Long_Distance
grocery,1.68,F,0,21,Sat,13,Regional
travel,5.05,M,0,29,Mon,14,Long_Distance
shopping,123.36,M,0,30,Thu,20,Regional
grocery,53.19,M,0,39,Tue,0,Regional
travel,81.88,F,0,29,Sat,4,Long_Distance
grocery,1.79,M,0,23,Wed,14,Long_Distance
entertainment,64.47,M,0,42,Sat,13,Long_Distance
home,94.56,M,0,54,Sat,23,Commute
grocery,13.88,F,0,35,Wed,21,Long_Distance
grocery,112.9,M,0,38,Tue,7,Remote
travel,6.19,F,0,45,Sat,14,Long_Distance
shopping,11.31,M,0,72,Mon,4,Commute
misc,545.14,F,0,91,Sun,11,Local
grocery,109.92,M,0,62,Sat,1,Long_Distance
grocery,110.9,M,0,41,Sat,7,Long_Distance
home,157.32,M,0,25,Sat,20,Commute
shopping,5.15,F,0,40,Fri,18,Long_Distance
grocery,143.44,M,0,60,Sun,5,Long_Distance
shopping,287.78,F,0,49,Mon,14,Local
home,16.15,F,0,57,Sat,23,Commute
grocery,44.01,M,0,65,Fri,19,Long_Distance
home,5.36,M,0,29,Sat,19,Long_Distance
shopping,4.37,F,0,31,Sun,17,Remote
health,11.01,F,0,23,Mon,16,Regional
health,8.95,F,0,53,Sat,21,Remote
grocery,93.17,F,0,35,Thu,6,Regional
home,47.65,M,0,44,Tue,17,Long_Distance
health,5.03,M,0,67,Fri,18,Regional
grocery,167.88,M,0,74,Wed,6,Long_Distance
grocery,62.0,M,0,27,Sun,2,Long_Distance
personal,7.32,F,0,49,Fri,21,Commute
shopping,188.59,F,0,36,Tue,14,Regional
entertainment,4.39,F,0,61,Mon,2,Long_Distance
grocery,129.75,F,0,74,Sun,0,Long_Distance
personal,3.53,M,0,54,Fri,18,Commute
entertainment,10.87,F,0,57,Sun,21,Commute
misc,8.69,F,0,44,Fri,7,Long_Distance
grocery,54.57,M,0,41,Tue,16,Long_Distance
grocery,53.23,M,0,33,Thu,8,Commute
travel,70.64,F,0,36,Fri,9,Regional
misc,112.35,M,0,33,Sun,6,Long_Distance
grocery,208.71,F,0,43,Sat,6,Long_Distance
misc,1.76,M,0,58,Sun,8,Commute
shopping,2221.62,F,0,35,Sun,21,Long_Distance
shopping,261.32,F,0,75,Tue,5,Regional
grocery,2.79,M,0,26,Tue,18,Long_Distance
grocery,115.61,F,0,93,Mon,3,Commute
travel,68.38,M,0,42,Tue,2,Long_Distance
personal,8.44,F,0,58,Sat,20,Long_Distance
travel,45.18,F,0,31,Sat,7,Long_Distance
home,35.19,M,0,33,Thu,19,Long_Distance
shopping,19.14,M,0,66,Sat,1,Commute
health,21.29,M,0,30,Mon,16,Regional
home,7.1,M,0,81,Mon,15,Regional
grocery,16.79,F,0,84,Mon,22,Regional
shopping,162.32,F,0,32,Mon,13,Long_Distance
shopping,6.14,F,0,55,Wed,2,Regional
health,5.92,F,0,51,Sun,16,Long_Distance
grocery,168.79,F,0,37,Sat,10,Long_Distance
shopping,129.17,M,0,38,Fri,3,Long_Distance
misc,30.43,F,0,55,Sat,9,Commute
grocery,46.43,F,0,88,Sat,16,Commute
grocery,11.51,M,0,49,Sat,22,Long_Distance
misc,6.11,M,0,64,Sat,7,Long_Distance
shopping,2.13,M,0,34,Mon,23,Long_Distance
grocery,17.66,F,0,25,Mon,17,Remote
shopping,17.6,M,0,65,Tue,0,Long_Distance
home,6.85,F,0,67,Tue,15,Commute
health,75.46,M,0,28,Fri,14,Regional
misc,38.67,M,0,43,Mon,10,Commute
misc,8.45,M,0,44,Tue,18,Commute
entertainment,113.04,M,0,23,Mon,22,Commute
shopping,47.23,F,0,23,Mon,22,Long_Distance
personal,25.15,F,0,35,Wed,14,Remote
shopping,418.79,F,0,26,Mon,12,Remote
shopping,8.31,F,0,27,Thu,15,Local
misc,7.47,F,0,71,Tue,11,Long_Distance
health,24.04,F,0,78,Sun,13,Commute
travel,83.26,F,0,20,Fri,6,Regional
shopping,2.49,F,0,56,Sat,2,Long_Distance
travel,44.26,F,0,50,Thu,5,Remote
health,8.07,F,0,80,Sat,20,Long_Distance
grocery,67.9,F,0,53,Tue,22,Commute
travel,478.36,M,0,45,Sat,21,Remote
grocery,3.44,F,0,33,Sat,18,Regional
home,42.66,F,0,48,Tue,18,Commute
home,27.38,F,0,32,Thu,15,Long_Distance
shopping,63.84,F,0,39,Sat,16,Local
entertainment,25.37,F,0,49,Tue,12,Long_Distance
shopping,4.06,F,0,43,Mon,21,Long_Distance
grocery,81.56,F,0,59,Wed,4,Commute
shopping,60.76,F,0,28,Sun,16,Commute
travel,72.35,M,0,33,Mon,1,Commute
shopping,156.14,M,0,19,Fri,14,Long_Distance
grocery,11.12,F,0,22,Thu,16,Commute
misc,37.8,M,0,39,Sun,3,Long_Distance
home,6.19,F,0,79,Thu,12,Long_Distance
home,22.09,F,0,49,Mon,14,Long_Distance
shopping,5.44,M,0,47,Tue,13,Long_Distance
grocery,7.58,M,0,27,Thu,14,Regional
home,5.97,F,0,48,Tue,18,Long_Distance
health,32.51,M,0,51,Sun,15,Remote
travel,71.75,M,0,35,Tue,8,Long_Distance
grocery,18.7,M,0,29,Fri,15,Long_Distance
travel,80.87,F,0,30,Tue,8,Regional
travel,72.05,F,0,69,Tue,8,Long_Distance
shopping,16.44,F,0,47,Wed,22,Commute
shopping,5.48,F,0,21,Sun,18,Regional
grocery,85.03,M,0,36,Fri,10,Long_Distance
home,10.44,F,0,38,Mon,21,Long_Distance
travel,60.97,F,0,39,Sat,2,Local
grocery,103.98,M,0,40,Fri,5,Long_Distance
grocery,50.46,M,0,27,Sat,8,Regional
entertainment,13.62,F,0,71,Tue,3,Long_Distance
home,46.09,M,0,45,Fri,17,Commute
travel,55.78,F,0,29,Fri,2,Long_Distance
shopping,25.0,F,0,33,Sat,17,Commute
home,359.65,F,0,55,Wed,14,Long_Distance
entertainment,151.1,M,0,75,Tue,21,Long_Distance
shopping,15.34,F,0,48,Wed,18,Commute
entertainment,137.69,M,0,83,Sun,18,Commute
health,46.25,F,0,32,Thu,21,Commute
travel,57.43,M,0,22,Mon,7,Long_Distance
home,88.3,F,0,59,Mon,14,Regional
shopping,42.05,F,0,32,Sun,15,Long_Distance
home,6.37,F,0,32,Wed,18,Long_Distance
health,10.14,M,0,65,Sat,22,Remote
misc,5.79,M,0,35,Tue,20,Long_Distance
grocery,104.81,F,0,80,Fri,6,Long_Distance
shopping,218.59,F,0,38,Sat,12,Long_Distance
shopping,38.26,M,0,40,Tue,17,Regional
grocery,25.3,F,0,27,Thu,4,Long_Distance
home,33.89,F,0,36,Mon,23,Long_Distance
home,27.55,F,0,28,Tue,15,Long_Distance
home,31.72,M,0,88,Mon,15,Long_Distance
home,60.99,F,0,42,Tue,17,Regional
grocery,1.48,F,0,24,Sat,17,Regional
shopping,100.81,M,0,40,Fri,9,Regional
grocery,86.61,M,0,39,Fri,11,Long_Distance
grocery,57.06,M,0,33,Tue,17,Regional
travel,40.42,M,0,59,Tue,2,Long_Distance
grocery,92.54,M,0,54,Sat,10,Regional
home,72.7,M,0,46,Mon,21,Long_Distance
grocery,20.95,F,0,54,Wed,12,Long_Distance
home,72.48,F,0,34,Thu,14,Long_Distance
grocery,7.4,M,0,26,Fri,21,Long_Distance
grocery,94.25,F,0,58,Fri,21,Long_Distance
travel,74.81,M,0,52,Mon,10,Commute
travel,75.45,M,0,37,Sat,1,Long_Distance
misc,1.82,F,0,26,Thu,0,Long_Distance
home,8.06,M,0,58,Sat,21,Long_Distance
shopping,138.07,M,0,35,Sun,10,Long_Distance
personal,1.88,M,0,24,Sat,22,Long_Distance
shopping,100.12,F,0,23,Mon,23,Long_Distance
home,101.67,M,0,22,Wed,21,Remote
grocery,62.7,F,0,51,Thu,4,Commute
grocery,62.72,M,0,35,Sat,22,Regional
shopping,4.05,F,0,47,Wed,17,Long_Distance
entertainment,78.01,M,0,42,Thu,20,Commute
shopping,5.47,F,0,35,Tue,19,Commute
home,62.37,F,0,65,Wed,12,Regional
grocery,33.8,F,0,23,Sun,6,Regional
home,89.16,F,0,57,Tue,20,Long_Distance
personal,30.3,F,0,46,Mon,13,Commute
misc,3.42,M,0,30,Mon,7,Long_Distance
travel,49.4,F,0,48,Wed,2,Long_Distance
misc,76.21,F,0,23,Sun,13,Regional
health,33.63,M,0,22,Thu,13,Long_Distance
entertainment,3.06,M,0,58,Fri,15,Regional
entertainment,46.34,M,0,62,Mon,4,Remote
travel,29.16,F,0,52,Thu,3,Remote
misc,53.98,M,0,38,Sun,12,Regional
misc,1.45,M,0,37,Sat,21,Regional
entertainment,96.81,F,0,15,Fri,15,Remote
home,19.54,F,0,20,Tue,16,Long_Distance
grocery,117.44,F,0,28,Tue,10,Long_Distance
misc,9.71,F,0,41,Sun,10,Regional
misc,1.67,M,0,65,Fri,3,Commute
grocery,28.92,M,0,21,Fri,21,Commute
misc,32.94,M,0,27,Thu,11,Long_Distance
shopping,13.19,M,0,41,Sun,14,Long_Distance
misc,8.62,M,0,44,Tue,11,Long_Distance
home,63.41,M,0,61,Thu,15,Commute
misc,5.87,F,0,81,Sun,2,Long_Distance
shopping,1.8,F,0,37,Tue,19,Regional
health,194.96,F,0,65,Mon,21,Commute
misc,138.47,F,0,19,Sun,16,Long_Distance
travel,60.8,M,0,49,Mon,1,Commute
shopping,7.63,F,0,90,Mon,8,Commute
grocery,36.61,M,0,24,Thu,8,Long_Distance
home,21.05,F,0,25,Fri,15,Long_Distance
grocery,26.54,M,0,16,Mon,0,Regional
travel,42.8,M,0,52,Thu,8,Regional
grocery,212.03,F,0,29,Fri,6,Regional
misc,218.39,M,0,52,Thu,0,Long_Distance
travel,31.79,M,0,23,Sun,2,Commute
shopping,5.72,M,0,52,Fri,0,Commute
health,49.19,F,0,59,Thu,17,Regional
shopping,7.91,M,0,51,Wed,2,Long_Distance
misc,38.73,M,0,78,Fri,9,Long_Distance
grocery,200.79,F,0,30,Sat,5,Commute
grocery,57.3,F,0,34,Mon,3,Remote
grocery,8.78,F,0,32,Sun,22,Long_Distance
travel,3.5,F,0,94,Sun,19,Commute
travel,69.15,M,0,43,Fri,4,Long_Distance
home,25.12,F,0,87,Sun,13,Commute
travel,53.35,M,0,42,Sun,4,Commute
travel,55.99,F,0,23,Sat,10,Commute
misc,8.7,M,0,57,Sun,6,Regional
grocery,122.73,F,0,53,Fri,3,Long_Distance
shopping,6.14,M,0,73,Fri,5,Regional
grocery,41.83,M,0,62,Wed,2,Regional
home,1.38,F,0,46,Tue,22,Long_Distance
shopping,128.57,M,0,45,Mon,3,Long_Distance
travel,3.49,F,0,47,Mon,18,Commute
misc,2.06,M,0,54,Mon,6,Local
misc,3.77,F,0,30,Sun,0,Remote
travel,1.25,F,0,71,Thu,16,Regional
travel,71.33,M,0,57,Sat,10,Long_Distance
entertainment,52.58,F,0,34,Fri,14,Regional
grocery,8.65,F,0,21,Sun,20,Long_Distance
travel,54.14,F,0,36,Tue,0,Regional
travel,77.32,M,0,27,Wed,8,Long_Distance
entertainment,58.31,F,0,29,Tue,16,Regional
grocery,100.85,F,0,35,Mon,7,Commute
health,111.15,F,0,30,Mon,15,Long_Distance
grocery,65.05,M,0,93,Mon,3,Local
grocery,83.32,M,0,34,Tue,1,Long_Distance
grocery,48.26,F,0,72,Mon,0,Commute
health,18.69,F,0,51,Sat,21,Long_Distance
grocery,32.36,M,0,48,Sun,6,Commute
shopping,5.13,F,0,36,Wed,17,Long_Distance
shopping,3.55,M,0,35,Fri,22,Long_Distance
home,50.17,F,0,35,Sun,20,Commute
shopping,2.43,F,0,80,Fri,2,Commute
home,19.16,F,0,54,Fri,16,Commute
entertainment,67.31,M,0,45,Tue,13,Long_Distance
misc,98.63,M,0,38,Mon,10,Regional
grocery,101.75,F,0,47,Wed,3,Commute
grocery,76.54,M,0,58,Mon,19,Long_Distance
shopping,7.36,F,0,46,Sat,20,Regional
home,141.21,F,0,41,Wed,13,Long_Distance
shopping,1.33,F,0,22,Mon,15,Regional
grocery,93.88,F,0,66,Mon,13,Commute
grocery,118.23,M,0,67,Mon,2,Long_Distance
entertainment,9.17,F,0,22,Mon,20,Long_Distance
home,173.29,M,0,32,Fri,18,Commute
misc,3.24,M,0,63,Sun,6,Regional
travel,78.11,M,0,47,Mon,3,Regional
grocery,135.55,F,0,29,Tue,0,Regional
home,24.4,F,0,47,Wed,19,Regional
grocery,124.74,F,0,52,Thu,8,Regional
health,76.33,M,0,46,Sat,14,Long_Distance
grocery,50.42,F,0,42,Tue,17,Remote
home,82.35,F,0,36,Wed,19,Local
misc,123.24,M,0,32,Wed,14,Commute
home,63.47,F,0,42,Sun,22,Commute
entertainment,4.63,F,0,47,Mon,18,Regional
personal,1.04,F,0,73,Thu,21,Commute
grocery,42.85,M,0,52,Sun,13,Long_Distance
misc,196.05,M,0,49,Mon,2,Commute
travel,538.73,M,0,38,Fri,19,Regional
entertainment,41.94,F,0,67,Sun,7,Commute
shopping,5.44,F,0,73,Mon,7,Long_Distance
grocery,62.95,M,0,57,Sat,14,Long_Distance
home,5.47,M,0,22,Mon,17,Regional
home,5.31,F,0,33,Sat,16,Long_Distance
home,23.96,M,0,35,Tue,22,Commute
grocery,54.27,M,0,46,Sat,22,Regional
entertainment,14.12,F,0,35,Fri,14,Long_Distance
grocery,44.55,F,0,32,Wed,22,Regional
misc,5.95,F,0,47,Wed,18,Regional
travel,65.31,M,0,53,Sun,11,Commute
misc,92.32,F,0,90,Tue,6,Remote
entertainment,74.14,M,0,41,Sat,23,Commute
entertainment,145.79,F,0,21,Mon,15,Regional
personal,91.6,F,0,67,Sun,12,Long_Distance
home,35.68,M,0,34,Thu,16,Commute
shopping,6.57,F,0,45,Tue,21,Commute
grocery,197.66,F,0,50,Mon,10,Long_Distance
misc,2.54,F,0,42,Wed,10,Long_Distance
home,78.16,M,0,33,Wed,22,Regional
home,83.74,M,0,41,Mon,13,Commute
home,47.02,M,0,36,Sat,20,Regional
entertainment,39.31,F,0,59,Sun,0,Long_Distance
entertainment,34.53,M,0,70,Thu,5,Long_Distance
home,77.0,M,0,64,Sun,12,Regional
health,8.24,F,0,64,Mon,22,Commute
grocery,113.14,M,0,46,Mon,6,Long_Distance
home,48.15,F,0,40,Thu,15,Long_Distance
grocery,60.32,M,0,36,Fri,18,Long_Distance
misc,7.38,F,0,47,Sun,5,Commute
grocery,2.14,F,0,79,Sat,17,Long_Distance
grocery,51.01,M,0,41,Wed,6,Regional
home,40.15,F,0,47,Fri,14,Regional
health,57.85,M,0,57,Sun,16,Long_Distance
misc,46.45,F,0,50,Wed,3,Commute
health,34.44,M,0,38,Wed,17,Commute
misc,9.99,M,0,83,Fri,2,Long_Distance
home,98.95,M,0,46,Sun,15,Regional
shopping,6.09,F,0,69,Mon,3,Remote
entertainment,113.5,F,0,22,Mon,20,Commute
shopping,4.38,F,0,25,Fri,19,Commute
entertainment,4.19,F,0,29,Sat,20,Long_Distance
home,44.9,M,0,55,Thu,22,Commute
entertainment,47.58,F,0,30,Mon,15,Commute
home,21.55,M,0,27,Tue,22,Regional
grocery,85.91,F,0,30,Thu,5,Commute
misc,8.96,F,0,67,Mon,10,Regional
home,25.97,F,0,35,Wed,23,Long_Distance
entertainment,43.08,F,0,20,Tue,16,Long_Distance
misc,8.31,M,0,46,Thu,16,Commute
home,46.23,F,0,36,Sat,23,Long_Distance
personal,18.75,F,0,52,Tue,15,Regional
shopping,6.99,F,0,22,Sun,20,Long_Distance
grocery,54.72,F,0,25,Fri,8,Commute
entertainment,66.39,M,0,47,Wed,18,Commute
health,60.47,M,0,65,Mon,14,Commute
misc,450.48,F,0,36,Tue,5,Commute
shopping,6.18,M,0,87,Fri,9,Commute
travel,44.64,F,0,51,Sun,3,Long_Distance
entertainment,89.14,M,0,37,Sat,14,Long_Distance
shopping,211.24,F,0,44,Fri,13,Long_Distance
personal,3.76,F,0,48,Sat,19,Remote
grocery,110.01,M,0,32,Fri,8,Long_Distance
grocery,100.07,F,0,42,Mon,2,Commute
travel,60.87,F,0,32,Tue,0,Long_Distance
grocery,95.35,F,0,55,Wed,13,Commute
grocery,13.16,M,0,40,Thu,18,Local
entertainment,62.19,F,0,51,Fri,22,Regional
personal,68.33,F,0,42,Wed,18,Regional
home,18.82,F,0,32,Mon,20,Regional
travel,70.32,M,0,23,Thu,5,Long_Distance
personal,8.21,F,0,22,Sat,12,Commute
shopping,6.6,F,0,66,Tue,8,Long_Distance
home,27.1,F,0,70,Mon,19,Long_Distance
home,4.56,M,0,71,Tue,21,Long_Distance
entertainment,97.26,M,0,50,Sun,17,Long_Distance
grocery,74.56,F,0,30,Tue,8,Regional
home,7.62,F,0,30,Fri,13,Commute
shopping,6.0,F,0,37,Tue,12,Regional
misc,6.78,F,0,41,Fri,9,Long_Distance
entertainment,89.93,M,0,33,Tue,14,Long_Distance
shopping,2.37,F,0,58,Mon,1,Long_Distance
misc,5.42,M,0,37,Wed,12,Long_Distance
travel,4.02,M,0,78,Fri,21,Commute
home,19.72,M,0,63,Sat,23,Long_Distance
grocery,9.97,M,0,55,Sun,23,Long_Distance
grocery,82.27,F,0,60,Tue,1,Commute
home,43.69,F,0,60,Sat,17,Regional
misc,70.82,M,0,29,Wed,5,Regional
grocery,57.74,F,0,43,Mon,23,Long_Distance
home,30.22,M,0,63,Mon,17,Commute
home,53.33,F,0,30,Sat,20,Commute
shopping,4.02,F,0,40,Thu,19,Regional
entertainment,3.3,F,0,68,Tue,17,Commute
health,13.87,F,0,22,Sat,16,Long_Distance
shopping,8.2,F,0,29,Fri,15,Regional
personal,169.14,M,0,29,Sun,22,Remote
home,31.97,M,0,44,Wed,22,Regional
travel,91.09,M,0,56,Thu,6,Long_Distance
grocery,73.03,F,0,36,Wed,4,Regional
shopping,139.81,M,0,44,Mon,3,Long_Distance
misc,13.87,M,0,92,Thu,5,Regional
shopping,3.8,F,0,43,Sat,22,Regional
shopping,5.73,M,0,85,Sat,3,Commute
shopping,2.22,F,0,84,Fri,8,Regional
shopping,4.91,F,0,48,Sun,21,Long_Distance
home,119.55,F,0,35,Tue,16,Long_Distance
shopping,11.69,F,0,43,Fri,15,Local
grocery,118.94,F,0,68,Thu,23,Long_Distance
entertainment,140.5,F,0,45,Sat,16,Commute
home,71.34,M,0,44,Mon,20,Long_Distance
home,103.97,F,0,47,Mon,21,Commute
grocery,31.93,F,0,93,Mon,0,Local
misc,6.74,F,0,36,Sat,8,Long_Distance
travel,88.93,F,0,65,Thu,5,Long_Distance
home,13.88,M,0,46,Mon,15,Regional
misc,16.43,F,0,61,Mon,11,Regional
misc,25.96,F,0,43,Tue,2,Remote
misc,8.69,M,0,34,Fri,22,Commute
shopping,119.66,M,0,43,Sat,22,Regional
grocery,3.38,M,0,34,Sun,21,Long_Distance
grocery,41.38,M,0,69,Thu,16,Long_Distance
travel,4.92,F,0,23,Wed,14,Commute
home,10.39,M,0,61,Fri,14,Regional
entertainment,84.94,F,0,23,Mon,13,Commute
grocery,133.47,M,0,56,Fri,5,Long_Distance
travel,73.41,F,0,22,Sun,5,Regional
shopping,3.9,F,0,25,Sat,15,Long_Distance
misc,5.72,F,0,74,Mon,10,Remote
health,33.01,F,0,56,Mon,21,Commute
grocery,111.32,M,0,65,Mon,1,Remote
health,41.13,M,0,40,Mon,17,Regional
home,26.66,M,0,17,Mon,21,Local
shopping,1.65,M,0,73,Sun,7,Commute
personal,52.24,F,0,50,Wed,17,Regional
home,19.67,F,0,26,Mon,21,Commute
home,34.69,M,0,47,Sat,20,Long_Distance
misc,2.71,F,0,48,Sat,18,Long_Distance
home,17.32,F,0,60,Fri,14,Regional
misc,158.8,F,0,42,Sat,22,Regional
grocery,41.5,M,0,38,Sat,11,Long_Distance
personal,18.42,M,0,77,Fri,16,Regional
personal,16.07,F,0,32,Sat,23,Long_Distance
grocery,68.26,F,0,48,Mon,2,Regional
home,11.01,M,0,43,Tue,13,Long_Distance
travel,65.37,M,0,39,Tue,7,Commute
personal,47.67,F,0,58,Sat,22,Regional
entertainment,1.83,M,0,35,Mon,13,Regional
home,20.39,M,0,54,Mon,16,Remote
grocery,10.28,F,0,33,Sun,17,Commute
misc,4.72,M,0,52,Fri,9,Regional
health,71.24,M,0,64,Wed,14,Commute
entertainment,36.22,F,0,23,Mon,21,Long_Distance
entertainment,92.57,F,0,26,Thu,13,Commute
grocery,198.11,F,0,48,Thu,9,Regional
misc,1.92,F,0,60,Mon,8,Long_Distance
home,12.24,M,0,57,Fri,22,Long_Distance
misc,25.8,F,0,90,Sun,4,Commute
travel,87.28,F,0,38,Sun,7,Long_Distance
travel,1.27,F,0,21,Sun,18,Regional
shopping,5.54,F,0,25,Wed,17,Long_Distance
grocery,63.0,M,0,24,Mon,7,Long_Distance
travel,38.49,F,0,55,Sat,11,Regional
travel,63.74,M,0,22,Sun,5,Long_Distance
travel,65.2,M,0,60,Thu,7,Long_Distance
personal,88.39,M,0,70,Sat,18,Long_Distance
personal,29.13,F,0,47,Thu,16,Long_Distance
travel,43.6,M,0,75,Sat,4,Commute
travel,48.91,F,0,45,Thu,10,Long_Distance
grocery,23.43,M,0,38,Sun,3,Long_Distance
travel,84.95,M,0,63,Fri,1,Long_Distance
shopping,65.38,F,0,52,Thu,10,Long_Distance
grocery,245.77,F,0,65,Sun,19,Local
home,15.34,F,0,47,Fri,23,Long_Distance
grocery,103.51,M,0,37,Thu,0,Commute
shopping,9.63,F,0,49,Wed,12,Commute
travel,72.64,F,0,22,Thu,7,Commute
grocery,9.62,M,0,59,Tue,13,Commute
home,24.66,F,0,31,Wed,17,Commute
misc,6.16,F,0,65,Sun,0,Commute
grocery,62.46,M,0,17,Fri,7,Commute
shopping,133.78,M,0,33,Thu,1,Long_Distance
travel,74.1,F,0,71,Fri,11,Long_Distance
personal,210.12,F,0,46,Mon,17,Long_Distance
personal,14.53,F,0,57,Sun,12,Long_Distance
entertainment,14.38,M,0,47,Sun,18,Long_Distance
travel,5.94,M,0,27,Fri,19,Long_Distance
travel,80.51,F,0,23,Tue,9,Commute
shopping,5.35,M,0,42,Thu,14,Long_Distance
shopping,9.33,M,0,37,Fri,14,Commute
home,120.34,F,0,35,Sun,23,Regional
home,86.75,M,0,41,Tue,21,Long_Distance
travel,80.81,M,0,35,Sun,11,Regional
grocery,14.62,F,0,38,Mon,19,Regional
home,6.86,M,0,87,Wed,22,Long_Distance
misc,1.9,F,0,58,Sat,7,Long_Distance
travel,49.85,F,0,63,Mon,8,Commute
personal,27.25,F,0,77,Sat,16,Commute
shopping,5.28,F,0,38,Fri,21,Remote
health,87.18,F,0,93,Fri,20,Commute
entertainment,82.67,F,0,47,Sun,13,Long_Distance
misc,236.56,F,0,41,Fri,0,Long_Distance
shopping,4.2,M,0,40,Tue,19,Regional
home,66.07,F,0,64,Thu,18,Commute
misc,128.64,M,0,24,Mon,22,Regional
home,12.87,F,0,28,Sun,20,Local
grocery,6.86,M,0,43,Tue,19,Regional
shopping,83.77,F,0,44,Tue,15,Regional
grocery,68.38,M,0,46,Fri,20,Local
health,91.41,M,0,64,Tue,13,Commute
personal,14.02,F,0,57,Tue,23,Local
personal,5.18,F,0,30,Tue,20,Long_Distance
grocery,59.7,M,0,45,Sun,21,Regional
personal,19.01,F,0,44,Sat,22,Long_Distance
shopping,143.62,F,0,45,Mon,14,Long_Distance
entertainment,41.74,F,0,63,Sun,15,Local
grocery,43.81,M,0,50,Wed,18,Long_Distance
entertainment,67.84,M,0,36,Mon,15,Commute
grocery,50.62,M,0,26,Thu,11,Long_Distance
travel,4.4,M,0,51,Mon,17,Long_Distance
grocery,3.87,F,0,24,Tue,17,Long_Distance
entertainment,41.05,F,0,48,Sat,17,Long_Distance
health,87.26,M,0,38,Thu,23,Commute
home,19.96,F,0,48,Wed,21,Regional
health,4.77,F,0,58,Thu,20,Long_Distance
shopping,126.3,M,0,37,Sat,15,Long_Distance
shopping,3.54,F,0,34,Fri,17,Commute
health,69.12,F,0,22,Sun,23,Long_Distance
grocery,161.63,M,0,82,Tue,6,Commute
grocery,61.07,M,0,39,Fri,14,Remote
grocery,40.22,F,0,25,Wed,6,Long_Distance
misc,7.61,F,0,29,Wed,1,Long_Distance
travel,76.26,F,0,46,Tue,8,Regional
personal,59.68,M,0,82,Sun,14,Regional
shopping,3.22,M,0,46,Wed,19,Long_Distance
travel,49.39,M,0,56,Sun,2,Long_Distance
entertainment,2.25,M,0,47,Mon,21,Long_Distance
grocery,164.99,F,0,42,Fri,7,Commute
grocery,26.79,F,0,51,Tue,1,Remote
home,173.69,F,0,84,Tue,20,Regional
home,30.0,M,0,68,Sat,22,Regional
travel,49.49,F,0,32,Tue,11,Commute
home,127.59,F,0,50,Tue,12,Commute
health,26.01,M,0,64,Sun,17,Remote
travel,65.87,F,0,58,Mon,11,Long_Distance
shopping,53.49,F,0,38,Sun,17,Commute
travel,2.1,F,0,50,Sat,20,Commute
grocery,142.08,M,0,51,Wed,9,Commute
health,31.93,F,0,32,Wed,12,Commute
misc,97.05,M,0,42,Wed,7,Commute
misc,8.8,M,0,41,Sat,1,Regional
personal,65.26,M,0,58,Sat,13,Long_Distance
misc,1.15,M,0,33,Wed,13,Regional
grocery,1.95,M,0,50,Sun,19,Local
home,33.53,M,0,50,Sat,21,Long_Distance
home,11.09,F,0,47,Mon,18,Regional
shopping,1.37,M,0,35,Sun,16,Regional
health,89.8,F,0,43,Tue,12,Remote
grocery,172.44,M,0,53,Tue,13,Commute
entertainment,53.6,M,0,53,Thu,14,Long_Distance
shopping,3.45,M,0,47,Thu,17,Commute
grocery,77.16,M,0,20,Tue,4,Long_Distance
shopping,5.23,M,0,55,Fri,6,Local
travel,84.59,F,0,56,Tue,9,Regional
travel,74.32,M,0,39,Sun,10,Regional
travel,49.44,F,0,47,Mon,2,Commute
grocery,1.78,F,0,24,Sun,20,Long_Distance
home,50.97,M,0,31,Sun,17,Regional
misc,9.16,F,0,64,Mon,0,Long_Distance
home,53.34,M,0,33,Thu,13,Long_Distance
misc,97.27,F,0,22,Sun,18,Long_Distance
travel,56.96,M,0,21,Mon,10,Remote
misc,52.42,M,0,33,Wed,23,Commute
grocery,95.15,F,0,66,Sat,0,Long_Distance
misc,5.61,F,0,65,Sat,0,Remote
misc,9.37,F,0,50,Sun,2,Remote
entertainment,31.56,F,0,32,Mon,13,Regional
grocery,69.06,F,0,43,Mon,2,Regional
grocery,96.95,M,0,69,Sun,13,Long_Distance
travel,78.58,F,0,31,Mon,8,Regional
shopping,7.39,F,0,41,Wed,20,Regional
travel,53.93,F,0,85,Tue,9,Commute
travel,39.0,F,0,47,Thu,5,Commute
misc,8.06,F,0,29,Tue,8,Long_Distance
personal,8.07,F,0,47,Thu,22,Remote
grocery,48.33,F,0,83,Fri,0,Long_Distance
grocery,98.77,M,0,67,Sat,9,Long_Distance
shopping,9.13,M,0,62,Fri,3,Commute
grocery,140.34,M,0,55,Fri,9,Long_Distance
home,61.85,M,0,49,Sun,23,Commute
shopping,4.03,M,0,79,Thu,5,Long_Distance
shopping,299.96,F,0,48,Sat,12,Commute
travel,66.63,F,0,65,Thu,7,Regional
grocery,100.98,F,0,65,Sun,4,Long_Distance
health,12.46,M,0,24,Sun,22,Long_Distance
grocery,86.18,M,0,24,Mon,4,Long_Distance
grocery,47.6,F,0,36,Mon,19,Commute
misc,72.95,F,0,43,Thu,14,Commute
grocery,97.91,M,0,42,Fri,10,Long_Distance
health,134.6,M,0,42,Thu,20,Commute
travel,58.25,F,0,47,Sat,1,Commute
grocery,45.3,M,0,33,Thu,2,Long_Distance
misc,4.11,M,0,31,Sat,18,Regional
health,77.49,M,0,24,Mon,23,Regional
misc,90.5,M,0,60,Mon,11,Long_Distance
home,12.68,F,0,31,Thu,12,Long_Distance
home,74.62,F,0,41,Tue,15,Long_Distance
misc,40.95,M,0,49,Tue,14,Local
home,30.93,F,0,36,Mon,18,Regional
shopping,6.74,M,0,30,Wed,17,Commute
shopping,5.35,F,0,59,Sat,6,Long_Distance
misc,3.6,F,0,47,Tue,1,Long_Distance
travel,8.07,M,0,94,Thu,23,Long_Distance
grocery,117.39,F,0,68,Wed,4,Regional
travel,8.85,M,0,76,Fri,21,Long_Distance
shopping,374.25,F,0,27,Wed,18,Commute
travel,74.01,M,0,34,Tue,0,Local
travel,59.84,F,0,52,Sat,1,Commute
grocery,130.09,M,0,56,Sun,2,Long_Distance
travel,86.69,M,0,29,Sun,11,Long_Distance
home,23.78,F,0,30,Sat,14,Long_Distance
home,8.28,M,0,16,Mon,15,Local
misc,8.05,F,0,32,Sat,21,Commute
personal,83.44,F,0,27,Sun,20,Long_Distance
travel,90.39,M,0,69,Sun,3,Long_Distance
health,106.7,F,0,36,Sat,22,Long_Distance
home,12.74,F,0,65,Mon,23,Regional
entertainment,84.47,M,0,33,Tue,22,Regional
travel,47.13,F,0,33,Sat,6,Long_Distance
shopping,9.97,F,0,47,Sat,20,Long_Distance
travel,77.15,M,0,34,Tue,1,Commute
personal,14.88,F,0,80,Tue,12,Remote
home,84.23,M,0,29,Sun,23,Long_Distance
misc,28.56,M,0,37,Thu,3,Regional
personal,74.0,M,0,49,Wed,12,Long_Distance
shopping,85.82,M,0,46,Tue,10,Regional
grocery,98.49,M,0,37,Fri,9,Long_Distance
shopping,17.54,M,0,74,Fri,0,Regional
entertainment,197.83,F,0,71,Tue,3,Commute
shopping,54.68,F,0,45,Mon,20,Regional
grocery,2.48,F,0,34,Sun,18,Long_Distance
grocery,122.68,M,0,30,Sat,4,Long_Distance
home,19.94,F,0,27,Sun,16,Long_Distance
misc,56.01,F,0,65,Mon,3,Regional
grocery,97.36,F,0,59,Sun,10,Local
entertainment,39.88,M,0,46,Sat,17,Regional
entertainment,79.09,M,0,32,Sat,20,Local
shopping,1.39,F,0,53,Mon,4,Long_Distance
home,131.27,F,0,45,Fri,14,Regional
home,57.24,F,0,37,Sun,12,Commute
home,64.04,F,0,52,Thu,22,Long_Distance
shopping,6.03,M,0,54,Sun,7,Regional
grocery,131.55,F,0,50,Sun,10,Commute
personal,22.54,F,0,70,Sat,21,Regional
entertainment,18.26,M,0,50,Mon,20,Long_Distance
grocery,40.2,F,0,53,Mon,9,Commute
home,20.63,F,0,43,Sat,21,Regional
shopping,8.04,F,0,81,Sun,8,Local
home,77.34,M,0,57,Sun,13,Regional
grocery,16.76,F,0,41,Fri,12,Long_Distance
travel,4.94,F,0,52,Sun,18,Regional
grocery,55.04,M,0,36,Sat,18,Long_Distance
travel,62.45,F,0,70,Thu,6,Local
personal,60.79,F,0,48,Fri,20,Commute
travel,77.73,M,0,50,Sat,3,Long_Distance
misc,32.42,F,0,47,Mon,23,Long_Distance
personal,8.25,M,0,27,Fri,19,Long_Distance
health,73.98,M,0,63,Sat,15,Long_Distance
grocery,107.78,F,0,34,Fri,2,Commute
home,59.68,F,0,24,Sun,13,Regional
travel,63.67,F,0,48,Tue,5,Regional
travel,507.61,M,0,47,Mon,21,Long_Distance
grocery,162.5,F,0,73,Sun,5,Long_Distance
health,77.02,M,0,39,Tue,15,Long_Distance
home,19.17,M,0,19,Tue,16,Regional
shopping,3.65,M,0,52,Tue,8,Remote
home,12.82,F,0,65,Mon,22,Commute
home,71.88,M,0,56,Mon,15,Local
home,7.74,M,0,51,Tue,16,Commute
home,7.9,M,0,60,Tue,23,Long_Distance
personal,1.1,F,0,24,Fri,13,Long_Distance
misc,3.64,M,0,43,Mon,0,Long_Distance
shopping,2.14,F,0,33,Fri,17,Long_Distance
entertainment,2.33,M,0,41,Sat,14,Regional
home,108.78,F,0,55,Wed,20,Commute
health,68.96,M,0,22,Mon,13,Remote
home,16.87,F,0,57,Sun,12,Commute
misc,25.01,F,0,22,Sun,19,Regional
grocery,34.7,F,0,21,Thu,20,Long_Distance
misc,153.65,M,0,46,Thu,16,Remote
grocery,106.79,M,0,47,Sat,10,Long_Distance
travel,8.64,M,0,45,Wed,12,Long_Distance
grocery,91.69,M,0,33,Sun,9,Regional
personal,20.81,M,0,44,Mon,19,Commute
home,32.7,F,0,33,Sat,18,Long_Distance
home,46.15,M,0,36,Sat,17,Regional
misc,8.92,F,0,42,Wed,0,Long_Distance
entertainment,85.56,M,0,50,Sat,22,Long_Distance
misc,8.96,F,0,46,Mon,14,Regional
home,53.1,M,0,31,Sun,18,Commute
home,6.03,M,0,21,Sat,15,Remote
shopping,119.11,F,0,23,Sun,22,Commute
personal,1.65,F,0,30,Tue,20,Regional
home,37.43,F,0,72,Thu,17,Commute
misc,116.94,M,0,45,Sat,1,Long_Distance
home,58.86,F,0,56,Sat,22,Remote
home,26.6,F,0,23,Mon,22,Local
grocery,2.2,M,0,40,Mon,18,Long_Distance
grocery,5.63,M,0,74,Mon,22,Commute
home,181.56,F,0,29,Sat,20,Regional
shopping,6.26,F,0,47,Tue,13,Regional
shopping,525.64,F,0,36,Sat,20,Long_Distance
shopping,3.54,F,0,75,Tue,2,Long_Distance
shopping,13.51,F,0,63,Sun,8,Long_Distance
shopping,3.78,M,0,18,Sun,12,Regional
shopping,104.62,M,0,20,Mon,20,Regional
misc,114.16,F,0,38,Tue,3,Commute
grocery,71.93,M,0,35,Thu,3,Commute
entertainment,55.61,F,0,69,Sat,23,Remote
home,8.51,M,0,26,Sun,22,Commute
travel,51.4,M,0,52,Wed,8,Long_Distance
shopping,2.59,M,0,29,Mon,14,Long_Distance
travel,59.26,F,0,21,Sat,1,Commute
travel,2.52,F,0,91,Mon,14,Commute
entertainment,38.0,M,0,22,Mon,13,Regional
misc,33.99,M,0,58,Tue,1,Commute
grocery,55.56,F,0,44,Fri,14,Regional
home,159.78,F,0,91,Fri,22,Remote
misc,1.76,M,0,65,Mon,1,Remote
home,163.63,F,0,33,Tue,17,Regional
health,75.45,M,0,42,Wed,14,Regional
health,40.64,M,0,25,Thu,16,Commute
shopping,1.42,F,0,87,Mon,10,Regional
shopping,7.49,F,0,32,Mon,17,Commute
grocery,223.95,F,0,27,Sat,6,Regional
home,90.39,M,0,34,Fri,19,Commute
misc,16.96,M,0,78,Sun,4,Regional
entertainment,1.03,F,0,94,Tue,8,Long_Distance
home,56.38,F,0,34,Tue,18,Long_Distance
grocery,34.82,F,0,40,Sun,6,Long_Distance
personal,29.1,F,0,52,Mon,16,Long_Distance
grocery,57.44,M,0,52,Wed,15,Commute
home,5.92,F,0,38,Mon,16,Long_Distance
home,84.51,M,0,40,Tue,12,Commute
home,51.05,M,0,31,Fri,16,Long_Distance
travel,4.66,M,0,65,Tue,15,Regional
personal,3.06,M,0,19,Sun,21,Commute
shopping,8.58,M,0,30,Mon,18,Regional
travel,77.39,M,0,43,Tue,1,Local
travel,63.96,F,0,22,Tue,3,Regional
shopping,856.15,F,0,48,Thu,12,Remote
misc,6.99,F,0,67,Sun,3,Long_Distance
grocery,153.3,F,0,34,Wed,9,Long_Distance
grocery,36.03,F,0,28,Sun,4,Long_Distance
health,77.25,M,0,47,Sun,15,Regional
shopping,87.28,F,0,85,Sun,9,Long_Distance
shopping,44.54,F,0,19,Mon,20,Long_Distance
health,97.32,M,0,93,Sat,13,Commute
travel,76.62,F,0,39,Tue,6,Commute
shopping,3.01,F,0,35,Tue,12,Remote
shopping,4.33,F,0,93,Sun,1,Regional
grocery,70.18,M,0,29,Mon,3,Commute
grocery,117.64,F,0,48,Thu,8,Commute
home,50.41,F,0,66,Tue,14,Long_Distance
shopping,121.11,M,0,42,Sun,18,Long_Distance
home,209.02,F,0,38,Sun,12,Long_Distance
misc,1.55,F,0,47,Sun,10,Commute
grocery,47.8,M,0,42,Fri,18,Remote
shopping,152.94,F,0,23,Wed,16,Long_Distance
shopping,9.4,M,0,59,Mon,1,Long_Distance
grocery,69.2,M,0,43,Sat,5,Long_Distance
misc,2.4,M,0,23,Thu,22,Commute
home,27.86,M,0,31,Sat,17,Regional
shopping,7.01,M,0,58,Wed,1,Commute
travel,70.29,F,0,46,Wed,5,Remote
home,184.89,F,0,21,Tue,23,Commute
grocery,55.12,F,0,25,Sat,23,Long_Distance
misc,5.53,F,0,43,Mon,23,Commute
grocery,38.85,F,0,32,Fri,2,Long_Distance
misc,6.19,M,0,62,Mon,11,Commute
home,182.46,F,0,55,Mon,14,Regional
grocery,47.9,F,0,33,Sun,0,Long_Distance
travel,71.22,M,0,39,Fri,7,Long_Distance
misc,19.88,F,0,47,Fri,3,Long_Distance
travel,69.42,F,0,94,Tue,11,Regional
travel,51.03,F,0,44,Sat,5,Regional
shopping,2.06,M,0,92,Fri,2,Regional
health,13.03,F,0,31,Tue,15,Long_Distance
travel,91.73,M,0,44,Fri,0,Regional
grocery,27.86,F,0,61,Sat,23,Long_Distance
home,73.71,F,0,22,Sat,22,Commute
health,72.03,M,0,46,Tue,18,Local
health,22.73,F,0,34,Sun,16,Regional
grocery,52.25,M,0,26,Wed,16,Regional
travel,72.66,M,0,21,Mon,5,Long_Distance
travel,7.27,F,0,65,Tue,19,Long_Distance
travel,44.64,F,0,20,Sat,8,Long_Distance
entertainment,7.98,M,0,27,Sat,21,Regional
home,193.3,M,0,25,Thu,16,Local
travel,5.03,F,0,66,Sun,13,Long_Distance
grocery,21.45,M,0,31,Tue,15,Regional
entertainment,12.74,M,0,15,Mon,17,Commute
entertainment,71.06,F,0,28,Fri,17,Commute
home,88.29,M,0,68,Sun,13,Regional
shopping,6.15,F,0,20,Sat,16,Long_Distance
shopping,4.95,F,0,49,Sat,23,Commute
grocery,121.65,M,0,43,Sun,2,Long_Distance
health,2.24,F,0,67,Tue,13,Long_Distance
grocery,188.68,F,0,42,Fri,0,Long_Distance
health,81.14,M,0,53,Tue,23,Regional
entertainment,77.44,M,0,32,Fri,14,Regional
travel,3.43,M,0,67,Mon,21,Regional
personal,1.67,M,0,22,Thu,12,Commute
travel,71.18,M,0,50,Thu,8,Long_Distance
health,12.1,F,0,53,Sat,13,Long_Distance
home,35.21,F,0,59,Sat,17,Commute
shopping,8.61,M,0,32,Sat,13,Regional
travel,50.86,F,0,21,Mon,0,Long_Distance
grocery,50.74,M,0,37,Sat,10,Regional
travel,48.71,F,0,61,Thu,5,Local
grocery,23.74,F,0,21,Sun,7,Regional
home,9.9,F,0,22,Thu,22,Commute
misc,1.66,M,0,45,Wed,21,Local
misc,5.22,M,0,47,Thu,23,Long_Distance
grocery,17.31,F,0,51,Fri,21,Long_Distance
home,49.27,M,0,31,Wed,12,Long_Distance
shopping,2.78,F,0,45,Sat,21,Long_Distance
misc,26.55,F,0,20,Thu,22,Commute
personal,82.19,M,0,66,Fri,12,Commute
grocery,38.05,F,0,27,Fri,22,Long_Distance
grocery,65.5,M,0,30,Sun,20,Remote
home,71.4,M,0,32,Sun,21,Regional
misc,2.5,M,0,55,Wed,0,Regional
grocery,197.43,M,0,68,Fri,4,Commute
personal,215.02,F,0,85,Mon,16,Long_Distance
travel,64.03,F,0,24,Thu,2,Long_Distance
home,100.83,M,0,30,Sun,16,Remote
travel,73.39,F,0,66,Mon,1,Commute
home,46.72,F,0,65,Tue,21,Commute
travel,80.61,F,0,66,Sun,5,Long_Distance
grocery,9.29,F,0,41,Fri,21,Long_Distance
grocery,140.17,F,0,61,Wed,4,Commute
entertainment,34.26,M,0,52,Thu,19,Regional
grocery,16.45,M,0,50,Fri,23,Commute
travel,69.46,F,0,27,Wed,0,Regional
travel,63.88,M,0,42,Mon,11,Commute
health,30.45,F,0,44,Fri,15,Commute
personal,25.7,F,0,30,Wed,20,Remote
personal,14.27,M,0,58,Thu,15,Regional
grocery,150.29,F,0,54,Sat,6,Commute
grocery,1.65,M,0,74,Sun,13,Commute
entertainment,98.6,F,0,56,Tue,11,Regional
travel,77.63,M,0,27,Sat,5,Long_Distance
home,45.03,M,0,35,Fri,14,Remote
shopping,6.84,F,0,58,Fri,4,Long_Distance
home,10.94,M,0,45,Fri,14,Commute
grocery,53.93,M,0,33,Thu,5,Commute
entertainment,34.18,F,0,51,Sat,13,Long_Distance
grocery,55.07,M,0,44,Mon,0,Commute
grocery,67.62,F,0,92,Sat,15,Regional
home,82.96,M,0,51,Sat,19,Long_Distance
entertainment,17.66,F,0,47,Mon,17,Long_Distance
travel,69.24,F,0,46,Tue,1,Long_Distance
travel,74.8,M,0,32,Sat,11,Long_Distance
misc,258.22,F,0,31,Thu,17,Commute
grocery,54.04,F,0,33,Sun,5,Regional
misc,24.68,M,0,33,Sun,7,Remote
grocery,76.64,F,0,48,Mon,21,Regional
travel,50.54,F,0,37,Tue,10,Long_Distance
shopping,61.06,M,0,83,Fri,4,Long_Distance
shopping,2.88,F,0,59,Thu,1,Regional
grocery,136.27,F,0,77,Wed,5,Long_Distance
health,119.55,M,0,50,Fri,18,Regional
travel,48.0,F,0,48,Sun,9,Long_Distance
travel,5.74,F,0,23,Mon,17,Long_Distance
shopping,3.91,F,0,49,Tue,12,Long_Distance
grocery,101.47,M,0,44,Mon,3,Commute
grocery,94.79,F,0,48,Fri,8,Long_Distance
home,16.48,F,0,44,Sun,21,Commute
personal,8.74,F,0,36,Wed,22,Regional
shopping,115.96,M,0,34,Sat,6,Commute
entertainment,57.55,F,0,60,Fri,11,Long_Distance
home,22.0,M,0,51,Wed,13,Long_Distance
misc,8.59,F,0,33,Thu,20,Remote
grocery,46.36,M,0,34,Fri,9,Regional
home,78.83,M,0,36,Tue,19,Regional
travel,7.93,M,0,32,Sat,22,Long_Distance
home,5.76,F,0,70,Wed,14,Long_Distance
grocery,156.61,F,0,51,Sat,6,Commute
shopping,1.15,F,0,76,Mon,10,Long_Distance
shopping,46.24,M,0,65,Tue,5,Commute
home,13.76,F,0,60,Tue,16,Regional
shopping,170.42,F,0,27,Mon,20,Commute
travel,55.47,F,0,30,Tue,3,Regional
shopping,93.93,M,0,42,Fri,3,Long_Distance
health,76.3,M,0,30,Sun,15,Commute
grocery,10.27,F,0,32,Sat,16,Regional
grocery,34.38,M,0,47,Sun,9,Regional
grocery,83.12,M,0,39,Fri,5,Long_Distance
misc,1.89,M,0,89,Wed,1,Commute
home,91.46,F,0,57,Thu,17,Long_Distance
grocery,56.83,M,0,26,Fri,1,Long_Distance
home,54.78,F,0,58,Tue,19,Commute
grocery,19.79,M,0,34,Tue,17,Commute
shopping,13.42,F,0,20,Mon,19,Commute
health,21.74,F,0,30,Mon,12,Long_Distance
shopping,5.38,F,0,25,Tue,16,Commute
travel,88.94,F,0,28,Wed,1,Regional
grocery,72.77,M,0,62,Mon,7,Commute
grocery,19.18,F,0,61,Fri,15,Long_Distance
personal,3.21,F,0,87,Fri,22,Commute
misc,1.16,F,0,71,Sat,4,Commute
home,16.63,F,0,48,Sat,19,Regional
misc,7.3,M,0,34,Tue,23,Commute
misc,9.69,M,0,30,Wed,10,Regional
misc,46.08,M,0,31,Sun,20,Remote
home,37.32,M,0,70,Sun,21,Commute
misc,144.05,F,0,65,Fri,8,Commute
grocery,47.31,M,0,34,Mon,0,Long_Distance
health,12.19,F,0,89,Sun,22,Regional
shopping,71.97,F,0,35,Mon,15,Regional
grocery,74.44,M,0,61,Sat,2,Long_Distance
health,32.97,F,0,64,Tue,13,Remote
travel,67.45,F,0,53,Fri,7,Long_Distance
shopping,120.53,M,0,31,Mon,9,Commute
personal,8.7,F,0,30,Fri,12,Commute
personal,18.49,F,0,42,Thu,16,Long_Distance
shopping,6.09,M,0,71,Wed,0,Long_Distance
misc,1.59,M,0,77,Sun,3,Long_Distance
grocery,94.79,M,0,45,Fri,0,Long_Distance
shopping,6.92,F,0,27,Sat,15,Commute
grocery,2.5,F,0,32,Sun,17,Long_Distance
travel,4.03,F,0,44,Tue,14,Commute
grocery,57.12,M,0,40,Fri,11,Commute
misc,1.12,M,0,84,Thu,3,Regional
grocery,54.32,M,0,32,Sun,15,Long_Distance
entertainment,52.76,F,0,63,Mon,15,Long_Distance
personal,28.09,F,0,55,Sun,16,Long_Distance
grocery,24.82,F,0,35,Tue,15,Regional
grocery,7.33,M,0,64,Sun,12,Commute
shopping,9.09,F,0,68,Thu,4,Long_Distance
health,19.1,M,0,60,Fri,13,Regional
shopping,133.19,M,0,42,Mon,9,Commute
shopping,1.41,F,0,53,Mon,4,Long_Distance
shopping,131.42,M,0,27,Sun,2,Commute
health,16.52,M,0,49,Wed,12,Long_Distance
grocery,132.17,F,0,57,Sat,9,Regional
misc,6.15,F,0,41,Tue,22,Regional
personal,4.79,F,0,32,Sat,18,Remote
misc,87.16,F,0,35,Wed,3,Long_Distance
home,3.02,F,0,15,Sat,15,Long_Distance
travel,66.81,M,0,35,Wed,11,Commute
grocery,151.6,M,0,63,Fri,8,Long_Distance
travel,67.9,M,0,33,Thu,10,Regional
misc,592.7,M,0,47,Thu,19,Long_Distance
shopping,67.24,F,0,56,Mon,0,Remote
home,123.76,M,0,56,Tue,21,Long_Distance
personal,3.15,M,0,65,Sun,12,Long_Distance
shopping,102.24,M,0,26,Wed,9,Regional
home,16.89,M,0,27,Sun,17,Regional
home,78.13,M,0,60,Sat,15,Regional
shopping,122.39,M,0,41,Fri,8,Commute
travel,5.13,F,0,88,Sun,20,Commute
shopping,3.74,F,0,72,Fri,4,Commute
travel,70.8,F,0,79,Wed,7,Long_Distance
misc,4.95,F,0,50,Mon,6,Long_Distance
home,29.4,F,0,33,Thu,13,Long_Distance
grocery,66.52,M,0,37,Sun,3,Commute
grocery,35.22,F,0,49,Sun,4,Regional
home,5.12,F,0,47,Mon,15,Long_Distance
grocery,21.91,M,0,45,Sun,20,Long_Distance
misc,4.52,F,0,31,Sun,17,Long_Distance
grocery,43.24,M,0,33,Mon,2,Regional
grocery,227.08,F,0,33,Fri,11,Remote
home,59.09,M,0,55,Fri,15,Long_Distance
health,21.35,M,0,21,Mon,13,Commute
shopping,277.71,F,0,65,Sat,7,Commute
grocery,170.28,M,0,57,Sat,15,Commute
shopping,7.0,M,0,28,Sat,15,Commute
home,8.83,F,0,35,Mon,22,Long_Distance
home,39.37,F,0,29,Sun,23,Regional
misc,9.75,M,0,46,Tue,19,Commute
travel,55.31,M,0,40,Sun,5,Commute
misc,5.25,F,0,36,Fri,9,Long_Distance
shopping,112.73,M,0,46,Thu,0,Commute
travel,70.67,M,0,45,Thu,11,Commute
shopping,9.68,M,0,30,Sun,21,Commute
travel,63.71,F,0,36,Thu,5,Long_Distance
home,106.32,M,0,62,Wed,12,Regional
home,7.04,M,0,44,Mon,12,Long_Distance
health,27.97,F,0,56,Sun,19,Commute
grocery,182.43,F,0,29,Mon,3,Local
personal,34.84,M,0,48,Wed,23,Long_Distance
health,122.32,F,0,23,Fri,15,Regional
shopping,2.07,M,0,53,Mon,4,Long_Distance
grocery,12.97,M,0,54,Sat,7,Long_Distance
grocery,57.61,M,0,30,Mon,23,Long_Distance
personal,68.33,F,0,46,Sat,20,Long_Distance
personal,33.7,F,0,85,Sun,22,Regional
shopping,1.0,M,0,29,Tue,23,Long_Distance
misc,6.4,F,0,77,Sun,8,Long_Distance
home,81.79,F,0,48,Wed,12,Commute
personal,74.67,M,0,40,Mon,14,Long_Distance
travel,72.18,M,0,31,Tue,11,Commute
grocery,108.97,M,0,28,Sun,4,Regional
grocery,108.73,M,0,58,Sat,1,Long_Distance
home,4.51,F,0,50,Sun,13,Long_Distance
entertainment,73.55,M,0,75,Tue,10,Long_Distance
shopping,146.08,M,0,17,Sun,12,Long_Distance
grocery,87.14,F,0,55,Sun,11,Long_Distance
shopping,5.85,F,0,32,Sun,20,Commute
shopping,4.26,F,0,33,Mon,13,Commute
home,96.59,F,0,28,Fri,23,Long_Distance
misc,176.54,F,0,16,Thu,23,Commute
grocery,1.78,M,0,50,Thu,17,Regional
personal,80.52,F,0,48,Thu,16,Long_Distance
grocery,23.07,M,0,58,Mon,14,Regional
travel,47.83,F,0,47,Mon,5,Remote
travel,60.7,F,0,36,Tue,11,Long_Distance
travel,480.99,M,0,41,Thu,23,Regional
grocery,63.51,F,0,77,Mon,22,Remote
home,9.03,M,0,30,Sat,15,Long_Distance
grocery,120.23,F,0,84,Thu,9,Long_Distance
health,4.39,F,0,83,Mon,18,Regional
home,5.47,M,0,28,Sat,13,Long_Distance
travel,80.1,F,0,25,Sat,11,Long_Distance
grocery,3.62,M,0,19,Sun,17,Long_Distance
grocery,1.19,F,0,38,Sat,15,Regional
grocery,68.83,F,0,30,Mon,7,Regional
entertainment,4.3,F,0,90,Sun,2,Long_Distance
health,22.84,M,0,35,Sun,13,Regional
grocery,5.49,F,0,83,Sun,16,Long_Distance
grocery,106.83,M,0,58,Tue,7,Commute
misc,3.07,F,0,42,Mon,13,Regional
shopping,8.57,M,0,33,Mon,22,Commute
entertainment,73.91,M,0,40,Sat,17,Remote
shopping,5.92,F,0,48,Wed,17,Regional
health,82.45,F,0,41,Thu,12,Regional
travel,50.49,M,0,58,Tue,0,Long_Distance
grocery,53.58,F,0,45,Fri,17,Long_Distance
shopping,3.8,M,0,18,Wed,22,Long_Distance
travel,13.85,M,0,22,Mon,19,Commute
home,212.89,M,0,23,Thu,12,Long_Distance
personal,44.75,F,0,35,Thu,17,Commute
misc,2.12,F,0,35,Wed,20,Regional
entertainment,3.8,M,0,76,Sat,10,Long_Distance
travel,38.92,F,0,34,Mon,2,Commute
grocery,70.83,F,0,42,Tue,0,Long_Distance
travel,66.88,F,0,74,Mon,9,Long_Distance
grocery,26.3,F,0,20,Mon,3,Long_Distance
misc,179.93,M,0,23,Tue,17,Long_Distance
home,9.59,M,0,91,Mon,14,Local
health,16.78,F,0,64,Sun,17,Remote
misc,120.53,F,0,71,Tue,0,Long_Distance
travel,75.24,F,0,46,Fri,6,Regional
home,38.82,F,0,42,Wed,20,Commute
misc,9.53,F,0,47,Thu,13,Long_Distance
travel,64.63,F,0,42,Sun,5,Commute
grocery,115.5,F,0,52,Tue,0,Commute
misc,50.44,F,0,49,Sat,8,Regional
shopping,579.46,F,0,28,Thu,21,Long_Distance
entertainment,5.77,F,0,52,Tue,7,Long_Distance
shopping,1.62,F,0,52,Fri,1,Regional
grocery,74.39,M,0,42,Wed,4,Commute
shopping,2.69,M,0,64,Mon,5,Long_Distance
travel,63.08,M,0,22,Sun,8,Long_Distance
home,160.55,M,0,46,Fri,18,Long_Distance
home,2.93,F,0,34,Sun,16,Long_Distance
grocery,39.48,F,0,26,Wed,16,Long_Distance
home,41.88,M,0,38,Sun,23,Remote
grocery,31.19,F,0,21,Wed,20,Long_Distance
personal,26.27,M,0,53,Sun,17,Commute
home,65.6,F,0,34,Fri,22,Regional
health,64.49,M,0,30,Fri,16,Regional
misc,7.96,F,0,22,Mon,21,Regional
home,139.91,F,0,37,Tue,23,Commute
home,37.75,F,0,90,Mon,12,Long_Distance
shopping,2.9,F,0,32,Tue,16,Commute
grocery,110.09,F,0,62,Fri,7,Regional
entertainment,19.41,F,0,87,Fri,12,Long_Distance
entertainment,295.13,F,0,41,Thu,14,Commute
entertainment,3.15,M,0,58,Fri,3,Long_Distance
travel,7.1,F,0,61,Thu,23,Long_Distance
grocery,109.32,F,0,66,Fri,5,Long_Distance
entertainment,47.91,F,0,28,Fri,20,Long_Distance
travel,9.67,M,0,62,Sat,17,Local
misc,38.32,M,0,34,Wed,0,Commute
grocery,218.75,F,0,39,Tue,1,Commute
misc,6.05,F,0,35,Sun,12,Commute
home,48.01,F,0,68,Sun,21,Commute
personal,73.29,M,0,33,Tue,21,Remote
grocery,111.26,F,0,79,Tue,3,Commute
entertainment,17.74,M,0,30,Thu,13,Long_Distance
misc,610.27,F,0,32,Thu,17,Commute
travel,49.99,F,0,60,Tue,11,Long_Distance
travel,69.15,M,0,37,Sun,6,Commute
grocery,36.65,M,0,21,Fri,18,Commute
shopping,181.21,M,0,19,Mon,14,Long_Distance
home,19.14,M,0,46,Wed,18,Regional
health,11.8,F,0,20,Tue,20,Regional
home,69.24,M,0,26,Wed,23,Long_Distance
grocery,125.93,M,0,93,Tue,0,Long_Distance
shopping,2.48,M,0,92,Sun,5,Regional
misc,9.25,F,0,44,Thu,15,Regional
travel,46.7,F,0,23,Thu,3,Long_Distance
home,210.54,F,0,32,Sat,15,Long_Distance
grocery,54.21,F,0,55,Thu,4,Long_Distance
grocery,132.13,F,0,56,Sun,10,Long_Distance
health,74.14,M,0,78,Thu,18,Long_Distance
health,6.98,F,0,53,Mon,15,Long_Distance
health,16.1,M,0,26,Wed,13,Long_Distance
home,9.93,M,0,75,Sun,21,Commute
entertainment,8.55,F,0,46,Wed,14,Commute
grocery,97.74,F,0,81,Sun,7,Long_Distance
shopping,5.75,F,0,43,Sun,15,Long_Distance
home,211.37,F,0,66,Sun,15,Regional
travel,79.69,M,0,26,Sun,9,Long_Distance
misc,63.6,F,0,25,Tue,20,Long_Distance
home,70.8,F,0,47,Sat,15,Commute
misc,31.44,F,0,32,Mon,4,Long_Distance
grocery,128.98,F,0,68,Sat,9,Long_Distance
personal,9.98,M,0,59,Sat,14,Regional
shopping,8.94,F,0,50,Mon,11,Long_Distance
misc,450.82,F,0,37,Tue,9,Commute
shopping,17.12,F,0,29,Sat,18,Local
grocery,86.88,F,0,32,Tue,3,Commute
home,27.94,F,0,33,Sun,16,Long_Distance
personal,67.21,M,0,62,Tue,23,Long_Distance
home,38.08,F,0,39,Sun,22,Commute
shopping,94.33,M,0,37,Wed,8,Commute
personal,8.33,M,0,33,Thu,23,Long_Distance
health,12.52,F,0,42,Sat,12,Long_Distance
travel,40.46,F,0,36,Sat,11,Regional
travel,78.9,F,0,35,Sat,9,Commute
shopping,140.57,M,0,37,Sat,10,Commute
grocery,108.25,F,0,46,Sat,1,Long_Distance
grocery,93.13,F,0,78,Thu,5,Commute
shopping,1.83,F,0,46,Mon,16,Commute
travel,73.7,M,0,43,Thu,6,Commute
health,77.84,M,0,29,Sat,13,Long_Distance
shopping,2.45,F,0,68,Mon,5,Local
personal,19.74,F,0,61,Sun,17,Local
shopping,4.89,M,0,21,Wed,17,Commute
health,16.05,F,0,16,Mon,21,Long_Distance
entertainment,65.22,M,0,45,Sun,20,Commute
entertainment,22.06,M,0,71,Thu,16,Long_Distance
grocery,49.61,M,0,30,Sun,1,Regional
health,71.22,M,0,81,Sun,14,Long_Distance
health,99.69,F,0,23,Fri,19,Regional
home,54.93,F,0,50,Fri,15,Long_Distance
grocery,72.61,F,0,31,Tue,9,Long_Distance
travel,48.16,F,0,46,Fri,11,Commute
home,6.26,F,0,65,Mon,21,Regional
travel,9.68,F,0,39,Wed,23,Regional
travel,5.05,F,0,70,Thu,21,Long_Distance
personal,49.89,F,0,36,Fri,14,Regional
misc,2.44,M,0,59,Mon,0,Regional
grocery,217.29,F,0,32,Wed,6,Regional
grocery,7.13,M,0,30,Tue,19,Long_Distance
travel,78.24,F,0,51,Fri,10,Long_Distance
shopping,36.41,M,0,49,Sun,7,Long_Distance
home,109.33,F,0,93,Thu,23,Regional
travel,74.27,F,0,60,Sat,2,Remote
shopping,3.92,M,0,15,Fri,20,Long_Distance
misc,169.86,M,0,43,Sun,19,Commute
shopping,5.54,M,0,47,Sun,16,Long_Distance
shopping,7.12,F,0,79,Wed,1,Regional
grocery,170.69,F,0,78,Thu,7,Regional
grocery,5.38,M,0,39,Wed,18,Long_Distance
home,35.33,F,0,45,Sat,15,Regional
entertainment,118.52,M,0,38,Mon,23,Long_Distance
misc,10.17,F,0,27,Sun,11,Long_Distance
home,1.74,F,0,70,Thu,16,Long_Distance
grocery,20.94,F,0,15,Fri,6,Local
home,2.31,F,0,48,Mon,18,Local
grocery,41.32,F,0,34,Thu,6,Regional
grocery,119.48,F,0,73,Sat,2,Regional
misc,22.98,F,0,48,Thu,9,Local
misc,3.44,F,0,33,Wed,0,Regional
shopping,5.96,M,0,79,Tue,1,Long_Distance
travel,6.36,M,0,23,Fri,16,Remote
grocery,54.05,M,0,48,Thu,6,Long_Distance
shopping,219.04,F,0,43,Fri,17,Long_Distance
grocery,21.11,F,0,47,Wed,13,Long_Distance
home,7.35,F,0,53,Wed,16,Long_Distance
grocery,106.29,F,0,88,Mon,3,Long_Distance
grocery,180.43,F,0,62,Tue,5,Long_Distance
grocery,129.43,F,0,59,Fri,9,Long_Distance
shopping,11.75,F,0,63,Mon,2,Regional
personal,61.6,M,0,34,Sat,20,Regional
grocery,47.69,F,0,72,Sun,2,Local
entertainment,14.08,M,0,22,Wed,23,Long_Distance
health,24.28,M,0,44,Mon,18,Long_Distance
entertainment,4.1,M,0,46,Tue,20,Regional
personal,59.89,M,0,40,Mon,19,Long_Distance
home,2.82,F,0,51,Tue,16,Commute
misc,6.54,F,0,65,Mon,7,Long_Distance
health,21.39,M,0,25,Wed,20,Regional
shopping,139.62,M,0,46,Fri,4,Regional
misc,102.42,F,0,31,Sun,2,Remote
home,71.05,F,0,24,Sun,12,Commute
travel,465.43,M,0,37,Sat,16,Long_Distance
health,20.86,M,0,73,Tue,15,Commute
home,40.66,F,0,29,Tue,14,Regional
home,4.14,F,0,61,Mon,20,Remote
shopping,404.93,F,0,35,Sat,18,Long_Distance
grocery,165.73,F,0,43,Tue,11,Long_Distance
travel,7.53,F,0,26,Wed,22,Commute
travel,73.23,M,0,49,Sun,9,Regional
travel,92.98,F,0,69,Wed,1,Regional
grocery,40.73,F,0,20,Sat,11,Commute
home,88.76,M,0,26,Thu,18,Regional
grocery,81.47,F,0,80,Mon,1,Regional
travel,55.45,M,0,53,Sun,7,Commute
grocery,103.65,M,0,36,Mon,1,Long_Distance
home,32.94,M,0,29,Tue,18,Regional
misc,2.35,F,0,45,Sun,4,Long_Distance
travel,3.16,F,0,52,Fri,14,Long_Distance
travel,63.29,F,0,67,Sun,10,Long_Distance
shopping,4.86,F,0,53,Thu,6,Long_Distance
grocery,82.01,F,0,32,Thu,10,Commute
grocery,44.69,M,0,41,Sat,8,Long_Distance
grocery,40.01,F,0,83,Tue,7,Commute
home,33.21,F,0,32,Fri,17,Regional
misc,17.75,F,0,70,Sat,5,Long_Distance
entertainment,86.98,F,0,66,Sun,17,Commute
travel,90.17,M,0,45,Fri,8,Long_Distance
shopping,125.57,M,0,23,Sun,17,Commute
grocery,97.91,M,0,27,Sun,3,Commute
grocery,116.62,M,0,50,Tue,21,Long_Distance
shopping,164.16,F,0,41,Sun,17,Local
home,47.78,M,0,29,Sat,13,Commute
personal,66.47,F,0,36,Thu,20,Long_Distance
home,164.91,M,0,70,Tue,15,Long_Distance
travel,531.38,M,0,41,Fri,20,Commute
health,6.23,F,0,35,Tue,17,Long_Distance
grocery,85.98,M,0,54,Tue,9,Long_Distance
entertainment,81.45,M,0,33,Thu,13,Remote
health,9.62,F,0,50,Sun,20,Commute
health,11.1,M,0,57,Sat,18,Long_Distance
health,74.54,M,0,45,Mon,19,Long_Distance
travel,65.29,M,0,26,Sat,10,Long_Distance
personal,1.55,F,0,59,Mon,17,Commute
misc,4.33,F,0,30,Sun,5,Long_Distance
grocery,62.79,M,0,45,Thu,4,Commute
travel,64.96,M,0,33,Mon,10,Long_Distance
travel,517.36,M,0,27,Sun,19,Regional
grocery,107.07,F,0,40,Thu,17,Remote
misc,81.44,F,0,31,Mon,11,Commute
home,8.9,M,0,69,Sat,12,Commute
grocery,45.2,M,0,45,Sat,6,Long_Distance
shopping,6.96,M,0,53,Sat,4,Long_Distance
grocery,29.92,M,0,18,Tue,3,Regional
entertainment,25.45,F,0,47,Sun,14,Regional
health,76.44,M,0,29,Sun,14,Long_Distance
grocery,71.12,F,0,75,Tue,3,Remote
health,42.84,F,0,26,Wed,17,Regional
grocery,195.82,F,0,31,Tue,10,Regional
misc,107.24,F,0,16,Sat,13,Remote
misc,3.25,F,0,22,Sat,22,Long_Distance
shopping,82.71,M,0,45,Sat,3,Commute
shopping,643.12,M,0,24,Sun,15,Long_Distance
misc,1.12,F,0,28,Tue,10,Long_Distance
home,10.29,F,0,42,Mon,16,Regional
home,40.55,F,0,32,Sat,18,Commute
health,12.79,F,0,57,Tue,23,Long_Distance
misc,54.96,F,0,41,Sat,6,Long_Distance
misc,31.71,F,0,22,Mon,17,Long_Distance
home,22.95,M,0,59,Mon,14,Long_Distance
travel,70.56,M,0,33,Fri,0,Long_Distance
grocery,91.72,M,0,44,Sat,4,Regional
shopping,9.92,F,0,21,Tue,14,Local
home,8.78,F,0,51,Fri,19,Regional
personal,70.76,M,0,47,Sun,20,Local
grocery,4.42,F,0,21,Sun,16,Commute
home,74.3,M,0,45,Wed,16,Commute
home,3.11,F,0,55,Sun,14,Commute
grocery,52.31,M,0,65,Tue,18,Regional
grocery,6.29,M,0,41,Mon,20,Remote
shopping,158.91,F,0,42,Tue,17,Commute
home,13.45,F,0,43,Tue,12,Long_Distance
home,26.37,M,0,92,Thu,18,Long_Distance
grocery,59.05,M,0,41,Fri,3,Remote
grocery,61.85,M,0,48,Sat,6,Long_Distance
home,6.43,M,0,54,Sat,20,Long_Distance
grocery,52.2,F,0,49,Sun,1,Local
health,20.84,F,0,33,Thu,12,Remote
misc,23.41,M,0,29,Mon,23,Long_Distance
shopping,6.32,M,0,50,Fri,2,Long_Distance
home,112.08,F,0,56,Sat,21,Long_Distance
travel,1.52,M,0,32,Sun,17,Regional
travel,74.08,M,0,32,Thu,7,Regional
personal,3.52,M,0,39,Sat,17,Commute
grocery,34.63,F,0,49,Tue,19,Regional
travel,62.62,F,0,58,Wed,1,Commute
grocery,3.27,F,0,57,Fri,20,Long_Distance
travel,51.95,F,0,39,Tue,7,Regional
health,75.95,M,0,33,Sun,13,Commute
home,63.08,F,0,27,Fri,16,Long_Distance
health,11.81,F,0,33,Sat,18,Long_Distance
grocery,106.4,F,0,30,Tue,0,Long_Distance
health,88.6,F,0,52,Sun,19,Regional
shopping,5.31,F,0,55,Mon,10,Long_Distance
personal,81.53,F,0,43,Sun,17,Commute
misc,1159.68,M,0,24,Sun,5,Remote
entertainment,8.59,F,0,63,Fri,16,Commute
personal,106.72,F,0,36,Sat,15,Long_Distance
travel,69.88,F,0,42,Tue,9,Long_Distance
misc,6.58,F,0,45,Sat,7,Commute
travel,68.0,M,0,26,Sat,10,Commute
shopping,11.39,M,0,25,Mon,17,Long_Distance
personal,3.57,M,0,62,Fri,14,Long_Distance
personal,8.58,M,0,45,Wed,22,Long_Distance
shopping,95.37,M,0,43,Mon,7,Long_Distance
travel,65.73,F,0,65,Fri,1,Commute
shopping,6.68,M,0,32,Thu,22,Long_Distance
home,121.79,F,0,68,Tue,22,Long_Distance
grocery,154.43,M,0,53,Sun,10,Commute
travel,52.13,M,0,50,Sat,1,Long_Distance
grocery,130.25,M,0,78,Thu,4,Regional
home,71.67,F,0,48,Fri,13,Regional
travel,29.11,F,0,37,Wed,7,Long_Distance
misc,37.72,M,0,47,Sun,2,Commute
shopping,5.18,F,0,62,Sat,5,Long_Distance
misc,8.78,M,0,58,Mon,4,Commute
grocery,5.95,M,0,20,Sat,17,Remote
entertainment,10.3,M,0,63,Fri,14,Regional
misc,2.88,M,0,63,Mon,3,Commute
home,3.88,F,0,32,Fri,20,Long_Distance
home,96.08,F,0,38,Tue,19,Regional
travel,68.13,F,0,58,Sat,1,Commute
travel,73.35,F,0,74,Tue,11,Long_Distance
travel,48.07,F,0,41,Tue,1,Local
shopping,2.56,F,0,46,Tue,20,Regional
personal,73.7,F,0,32,Sat,22,Commute
entertainment,83.16,F,0,21,Thu,13,Commute
health,32.68,M,0,55,Sun,16,Regional
grocery,29.97,F,0,78,Fri,15,Long_Distance
travel,49.19,M,0,93,Sun,0,Long_Distance
shopping,65.55,F,0,73,Tue,7,Long_Distance
home,86.85,M,0,66,Fri,17,Regional
home,9.25,F,0,34,Mon,19,Long_Distance
home,13.64,F,0,22,Thu,14,Commute
travel,42.73,F,0,83,Mon,10,Long_Distance
health,12.07,M,0,57,Fri,14,Long_Distance
misc,236.36,M,0,72,Mon,11,Local
travel,56.54,F,0,44,Fri,3,Long_Distance
grocery,29.97,F,0,21,Mon,21,Long_Distance
home,34.28,M,0,36,Sun,22,Local
travel,51.27,F,0,47,Sun,9,Long_Distance
misc,31.31,M,0,44,Thu,9,Regional
entertainment,71.88,M,0,46,Sun,20,Long_Distance
misc,1.27,F,0,75,Fri,9,Long_Distance
misc,44.18,F,0,35,Fri,8,Commute
grocery,29.14,F,0,15,Sat,10,Long_Distance
travel,64.56,F,0,29,Tue,9,Regional
health,34.84,M,0,31,Mon,23,Long_Distance
entertainment,72.74,M,0,34,Sun,20,Long_Distance
personal,9.36,F,0,48,Sun,12,Long_Distance
grocery,182.2,F,0,49,Sat,0,Remote
entertainment,52.55,M,0,28,Mon,12,Commute
home,105.82,F,0,31,Wed,18,Regional
travel,66.63,M,0,37,Sat,2,Commute
misc,478.12,M,0,23,Sun,15,Regional
grocery,33.33,F,0,35,Tue,7,Long_Distance
entertainment,46.14,M,0,50,Fri,10,Regional
home,20.81,F,0,34,Sun,21,Long_Distance
home,41.7,M,0,53,Mon,15,Long_Distance
shopping,3.41,F,0,37,Sat,12,Long_Distance
grocery,109.51,F,0,28,Mon,23,Long_Distance
health,20.48,M,0,58,Sun,16,Long_Distance
entertainment,71.85,F,0,20,Mon,23,Local
home,2.94,F,0,93,Tue,14,Remote
home,18.52,M,0,41,Wed,16,Local
health,6.32,F,0,34,Sun,15,Remote
entertainment,185.04,F,0,47,Fri,17,Commute
health,76.67,M,0,38,Sun,18,Long_Distance
personal,33.77,M,0,47,Thu,17,Commute
grocery,96.6,F,0,34,Sun,6,Long_Distance
home,26.25,F,0,25,Mon,17,Local
health,15.22,F,0,30,Mon,12,Regional
travel,8.04,M,0,24,Mon,13,Commute
health,29.12,M,0,36,Sat,16,Long_Distance
entertainment,225.25,F,0,20,Fri,16,Long_Distance
shopping,121.77,M,0,31,Sun,7,Long_Distance
home,235.76,F,0,45,Sat,18,Long_Distance
personal,3.45,M,0,88,Sun,20,Regional
health,15.07,F,0,55,Sun,19,Regional
shopping,135.16,M,0,39,Sat,20,Regional
home,58.88,F,0,22,Mon,16,Commute
grocery,53.01,M,0,54,Tue,13,Regional
shopping,9.14,M,0,57,Mon,9,Commute
grocery,69.54,F,0,48,Fri,11,Local
home,97.58,M,0,72,Thu,18,Regional
entertainment,52.26,F,0,23,Tue,15,Regional
health,20.28,F,0,46,Sat,12,Remote
misc,43.38,M,0,39,Sat,10,Long_Distance
personal,79.46,F,0,91,Mon,15,Long_Distance
travel,71.26,F,0,46,Sat,3,Regional
home,48.09,M,0,56,Fri,13,Long_Distance
travel,4.9,M,0,64,Sun,12,Long_Distance
personal,52.94,F,0,32,Tue,16,Long_Distance
travel,6.25,M,0,84,Fri,18,Commute
misc,9.67,M,0,78,Wed,0,Long_Distance
health,2.4,F,0,16,Thu,22,Regional
shopping,24.45,F,0,32,Sun,15,Commute
misc,191.97,F,0,16,Thu,14,Long_Distance
shopping,8.05,F,0,35,Wed,19,Long_Distance
misc,3.57,M,0,53,Tue,2,Regional
home,262.23,M,0,41,Mon,20,Regional
misc,85.47,M,0,46,Fri,2,Long_Distance
shopping,3.77,F,0,32,Mon,17,Long_Distance
grocery,31.68,M,0,43,Mon,1,Regional
entertainment,26.02,M,0,52,Sat,3,Regional
grocery,62.8,F,0,59,Sun,9,Commute
shopping,2.05,F,0,39,Sat,18,Regional
grocery,23.62,F,0,36,Mon,21,Regional
entertainment,18.36,F,0,63,Sun,14,Regional
home,10.45,F,0,48,Sun,16,Long_Distance
misc,33.47,M,0,41,Sat,0,Regional
grocery,114.85,M,0,37,Sat,3,Commute
personal,50.38,F,0,29,Fri,14,Commute
travel,98.7,M,0,78,Sat,4,Regional
home,6.18,F,0,20,Wed,16,Long_Distance
health,7.66,F,0,70,Mon,16,Commute
shopping,9.78,M,0,44,Thu,19,Remote
grocery,97.55,M,0,45,Sun,11,Commute
home,76.91,M,0,39,Sat,22,Long_Distance
personal,125.76,F,0,51,Sat,13,Long_Distance
entertainment,114.06,M,0,72,Wed,6,Regional
misc,173.86,F,0,25,Sun,0,Long_Distance
misc,4.03,F,0,75,Tue,2,Commute
misc,21.16,F,0,79,Wed,5,Commute
grocery,53.07,M,0,44,Tue,2,Long_Distance
personal,51.66,M,0,43,Fri,12,Regional
shopping,4.26,F,0,56,Sat,0,Long_Distance
shopping,8.53,F,0,53,Wed,2,Regional
travel,55.66,F,0,32,Sun,3,Long_Distance
home,11.69,F,0,69,Fri,23,Regional
home,38.88,F,0,34,Fri,17,Long_Distance
misc,165.45,F,0,15,Sat,16,Long_Distance
entertainment,145.21,M,0,55,Mon,15,Regional
grocery,174.4,F,0,34,Wed,11,Commute
travel,2.96,F,0,16,Sat,19,Commute
entertainment,37.6,F,0,35,Fri,21,Remote
entertainment,19.77,F,0,42,Fri,21,Long_Distance
grocery,45.35,M,0,72,Sat,10,Long_Distance
health,96.24,M,0,34,Tue,21,Long_Distance
travel,5.19,M,0,82,Tue,18,Regional
grocery,76.42,F,0,36,Mon,11,Long_Distance
home,143.89,F,0,42,Sun,14,Regional
entertainment,76.42,F,0,38,Thu,14,Commute
grocery,5.48,F,0,47,Fri,20,Commute
travel,1.84,F,0,32,Mon,17,Long_Distance
personal,61.95,M,0,52,Sat,19,Regional
shopping,138.96,M,0,30,Sun,11,Commute
home,148.93,M,0,21,Mon,21,Regional
home,28.63,F,0,26,Fri,19,Long_Distance
travel,52.26,F,0,21,Mon,9,Regional
misc,986.1,M,0,41,Sun,3,Commute
travel,45.72,F,0,44,Mon,4,Regional
home,17.33,M,0,55,Fri,19,Regional
home,110.72,M,0,21,Sun,17,Regional
home,161.56,F,0,50,Tue,18,Long_Distance
personal,6.3,M,0,42,Sun,12,Regional
travel,70.51,M,0,95,Sat,4,Long_Distance
grocery,53.97,M,0,36,Sun,8,Regional
entertainment,78.87,M,0,45,Fri,20,Long_Distance
travel,43.35,M,0,64,Mon,4,Commute
shopping,4.79,M,0,66,Sat,4,Local
home,9.51,F,0,64,Mon,21,Regional
home,35.74,F,0,35,Fri,18,Long_Distance
personal,109.02,F,0,36,Fri,13,Regional
travel,76.37,M,0,53,Mon,2,Regional
grocery,62.81,F,0,34,Sun,20,Remote
shopping,8.91,F,0,64,Thu,2,Long_Distance
grocery,72.94,F,0,80,Tue,1,Local
grocery,62.9,F,0,22,Thu,3,Long_Distance
entertainment,9.72,M,0,55,Wed,3,Commute
health,72.85,M,0,33,Thu,18,Long_Distance
home,57.88,F,0,65,Mon,20,Commute
home,32.08,M,0,60,Sun,13,Commute
travel,8.38,M,0,44,Thu,18,Regional
grocery,133.57,F,0,77,Mon,10,Regional
travel,56.31,F,0,61,Sat,7,Long_Distance
home,67.52,M,0,45,Mon,23,Long_Distance
travel,41.46,M,0,82,Fri,5,Commute
grocery,92.22,F,0,79,Fri,22,Long_Distance
shopping,3.32,F,0,32,Fri,12,Commute
home,80.51,M,0,33,Fri,13,Local
shopping,122.47,M,0,46,Fri,7,Long_Distance
travel,71.33,M,0,28,Sat,1,Commute
health,97.49,M,0,36,Mon,19,Remote
home,79.91,M,0,39,Wed,23,Long_Distance
shopping,2.57,M,0,69,Mon,8,Regional
entertainment,56.86,F,0,41,Tue,16,Commute
home,20.73,M,0,20,Sun,15,Long_Distance
home,28.3,F,0,93,Mon,14,Long_Distance
travel,540.46,M,0,39,Sun,19,Regional
home,80.3,M,0,31,Wed,12,Regional
home,46.71,M,0,48,Sun,18,Long_Distance
travel,42.6,F,0,34,Sat,2,Long_Distance
home,234.52,F,0,57,Sat,16,Long_Distance
travel,3.7,M,0,25,Mon,23,Long_Distance
grocery,281.06,M,1,31,Wed,1,Regional
travel,11.52,F,1,59,Wed,1,Regional
grocery,276.31,F,1,59,Wed,3,Commute
travel,7.03,M,1,31,Wed,3,Commute
grocery,275.73,F,1,59,Wed,3,Commute
shopping,844.8,M,1,31,Wed,13,Commute
misc,843.91,M,1,31,Wed,23,Commute
travel,10.76,F,1,59,Thu,1,Long_Distance
grocery,332.35,F,1,59,Thu,1,Commute
grocery,315.34,F,1,59,Thu,3,Long_Distance
grocery,337.05,F,1,78,Thu,16,Long_Distance
shopping,711.66,F,1,78,Thu,18,Long_Distance
misc,707.5,F,1,78,Thu,22,Long_Distance
shopping,942.62,M,1,31,Thu,22,Commute
travel,4.5,F,1,78,Thu,22,Long_Distance
shopping,821.96,M,1,31,Thu,23,Commute
shopping,1092.68,M,1,31,Thu,23,Remote
shopping,1254.27,M,1,31,Thu,23,Regional
grocery,274.09,F,1,59,Thu,23,Commute
grocery,14.37,M,1,80,Fri,0,Long_Distance
grocery,316.93,F,1,78,Fri,2,Long_Distance
grocery,327.68,F,1,78,Fri,2,Commute
shopping,966.11,M,1,80,Fri,15,Regional
misc,795.22,F,1,78,Fri,15,Commute
shopping,1015.8,F,1,78,Fri,15,Commute
misc,722.18,F,1,78,Fri,22,Local
shopping,898.81,F,1,78,Fri,22,Long_Distance
shopping,1001.63,F,1,78,Fri,22,Long_Distance
misc,49.61,M,1,80,Fri,22,Regional
grocery,295.26,M,1,80,Fri,23,Commute
shopping,1099.99,F,1,78,Fri,23,Commute
health,18.17,M,1,80,Fri,23,Regional
travel,20.45,M,1,80,Sat,3,Regional
travel,18.19,M,1,80,Sat,3,Long_Distance
grocery,367.29,F,1,65,Sat,11,Long_Distance
misc,768.15,M,1,80,Sat,18,Commute
misc,849.49,M,1,80,Sat,22,Regional
shopping,1177.79,F,1,65,Sat,22,Long_Distance
grocery,307.09,M,1,80,Sat,22,Commute
home,4.58,M,1,80,Sat,22,Commute
shopping,730.78,M,1,80,Sat,22,Regional
shopping,1006.4,M,1,80,Sat,22,Commute
shopping,830.72,M,1,80,Sat,22,Long_Distance
grocery,311.92,M,1,80,Sat,23,Local
shopping,762.93,F,1,65,Sat,23,Commute
shopping,855.88,F,1,65,Sun,18,Long_Distance
shopping,909.29,F,1,65,Sun,23,Long_Distance
grocery,300.14,M,1,62,Mon,4,Long_Distance
shopping,967.92,M,1,62,Mon,22,Regional
grocery,270.01,M,1,62,Mon,23,Commute
grocery,289.69,M,1,62,Mon,23,Long_Distance
grocery,311.83,M,1,18,Tue,0,Long_Distance
grocery,283.19,M,1,18,Tue,0,Commute
travel,15.82,F,1,20,Tue,1,Regional
grocery,296.32,M,1,62,Tue,1,Long_Distance
grocery,334.28,F,1,20,Tue,1,Long_Distance
misc,664.73,F,1,29,Tue,1,Remote
travel,8.79,M,1,62,Tue,2,Long_Distance
grocery,301.55,M,1,62,Tue,2,Commute
grocery,327.26,F,1,20,Tue,2,Long_Distance
shopping,1127.56,F,1,29,Tue,3,Long_Distance
grocery,276.41,M,1,18,Tue,3,Long_Distance
misc,722.92,F,1,29,Tue,3,Commute
travel,8.33,F,1,20,Tue,4,Regional
grocery,333.09,F,1,29,Tue,4,Long_Distance
grocery,291.51,M,1,18,Tue,11,Remote
entertainment,564.57,F,1,29,Tue,16,Long_Distance
shopping,929.28,F,1,29,Tue,22,Long_Distance
misc,848.32,F,1,20,Tue,22,Long_Distance
shopping,1003.72,M,1,62,Tue,22,Long_Distance
shopping,1131.66,M,1,18,Tue,22,Commute
shopping,959.59,M,1,18,Tue,22,Long_Distance
entertainment,388.02,M,1,62,Tue,23,Long_Distance
shopping,1050.01,M,1,18,Tue,23,Long_Distance
shopping,996.93,M,1,18,Tue,23,Long_Distance
shopping,1030.43,F,1,20,Tue,23,Regional
shopping,937.47,M,1,18,Tue,23,Commute
misc,623.43,M,1,18,Wed,0,Regional
grocery,346.69,F,1,29,Wed,0,Long_Distance
grocery,337.06,F,1,69,Wed,1,Long_Distance
travel,18.86,F,1,64,Wed,1,Long_Distance
shopping,847.72,F,1,29,Wed,2,Commute
misc,897.67,M,1,18,Wed,2,Regional
grocery,305.6,F,1,69,Wed,2,Long_Distance
grocery,301.33,F,1,69,Wed,3,Regional
misc,701.88,F,1,29,Wed,4,Regional
grocery,303.14,F,1,69,Wed,10,Long_Distance
misc,749.94,M,1,18,Wed,15,Regional
shopping,1006.34,F,1,64,Wed,15,Regional
shopping,1104.38,F,1,20,Wed,22,Long_Distance
shopping,1044.81,F,1,69,Wed,22,Long_Distance
shopping,937.57,F,1,20,Wed,22,Regional
shopping,918.69,F,1,20,Wed,22,Long_Distance
travel,10.53,F,1,20,Wed,22,Commute
misc,835.36,F,1,69,Wed,22,Long_Distance
grocery,95.94,F,1,29,Wed,22,Commute
travel,9.91,M,1,18,Wed,22,Long_Distance
shopping,1148.15,F,1,20,Wed,23,Long_Distance
shopping,945.56,F,1,69,Wed,23,Commute
home,18.24,F,1,29,Wed,23,Long_Distance
grocery,325.38,F,1,69,Thu,0,Commute
travel,8.45,F,1,69,Thu,2,Long_Distance
grocery,311.47,F,1,64,Thu,3,Local
shopping,1161.58,F,1,69,Thu,22,Long_Distance
misc,685.63,F,1,69,Thu,22,Long_Distance
grocery,344.01,F,1,64,Thu,23,Long_Distance
misc,831.16,F,1,43,Fri,0,Long_Distance
grocery,299.98,M,1,73,Fri,0,Long_Distance
grocery,353.06,F,1,43,Fri,1,Long_Distance
shopping,846.52,F,1,43,Fri,1,Regional
grocery,334.85,F,1,43,Fri,2,Regional
travel,8.18,M,1,73,Fri,2,Long_Distance
shopping,1008.39,F,1,43,Fri,3,Commute
travel,9.15,F,1,43,Fri,3,Long_Distance
travel,11.48,M,1,73,Fri,7,Commute
misc,830.58,F,1,43,Fri,7,Regional
health,21.13,F,1,43,Fri,15,Regional
health,19.51,F,1,43,Fri,19,Commute
shopping,992.1,M,1,73,Fri,22,Commute
shopping,882.9,M,1,73,Fri,23,Long_Distance
health,24.78,F,1,43,Fri,23,Long_Distance
shopping,1001.51,M,1,73,Fri,23,Long_Distance
travel,11.73,M,1,46,Sat,0,Commute
travel,7.04,M,1,45,Sat,1,Long_Distance
grocery,288.41,M,1,73,Sat,1,Regional
grocery,298.99,M,1,73,Sat,2,Commute
grocery,368.43,F,1,43,Sat,3,Long_Distance
grocery,328.68,M,1,46,Sat,3,Long_Distance
grocery,303.58,M,1,48,Sat,7,Long_Distance
shopping,644.4,M,1,45,Sat,15,Long_Distance
grocery,120.58,M,1,46,Sat,15,Long_Distance
shopping,1081.35,M,1,46,Sat,19,Long_Distance
misc,843.44,M,1,73,Sat,22,Commute
home,20.58,F,1,43,Sat,22,Commute
shopping,776.7,M,1,46,Sat,22,Remote
misc,728.36,M,1,73,Sat,22,Long_Distance
misc,784.77,M,1,45,Sat,23,Regional
home,264.35,F,1,43,Sat,23,Regional
grocery,278.32,M,1,48,Sat,23,Long_Distance
misc,696.76,M,1,73,Sat,23,Commute
grocery,119.72,F,1,43,Sat,23,Long_Distance
misc,741.88,M,1,48,Sat,23,Commute
shopping,1116.8,M,1,45,Sat,23,Commute
grocery,320.6,M,1,45,Sun,0,Long_Distance
shopping,952.08,F,1,47,Sun,0,Local
shopping,1060.34,F,1,47,Sun,1,Long_Distance
travel,7.42,M,1,48,Sun,1,Remote
grocery,276.8,M,1,45,Sun,1,Long_Distance
grocery,336.2,M,1,45,Sun,2,Long_Distance
grocery,303.03,M,1,48,Sun,2,Long_Distance
grocery,308.84,M,1,46,Sun,7,Long_Distance
home,19.19,F,1,47,Sun,13,Commute
shopping,1033.78,M,1,46,Sun,17,Local
shopping,994.92,F,1,64,Sun,21,Long_Distance
shopping,859.46,M,1,46,Sun,22,Commute
shopping,919.17,M,1,48,Sun,22,Long_Distance
shopping,1062.95,M,1,45,Sun,22,Remote
shopping,770.94,M,1,45,Sun,22,Commute
shopping,728.77,M,1,46,Sun,22,Commute
home,25.27,F,1,47,Sun,22,Long_Distance
misc,816.89,F,1,64,Sun,23,Commute
home,23.18,F,1,47,Sun,23,Long_Distance
shopping,976.64,M,1,48,Sun,23,Long_Distance
entertainment,510.59,M,1,45,Sun,23,Regional
grocery,307.5,F,1,64,Sun,23,Commute
home,20.96,M,1,46,Sun,23,Regional
home,224.94,F,1,47,Sun,23,Regional
misc,790.35,F,1,64,Sun,23,Commute
shopping,870.97,M,1,48,Sun,23,Commute
misc,916.87,M,1,48,Sun,23,Regional
misc,714.88,M,1,48,Sun,23,Regional
shopping,1065.43,M,1,45,Sun,23,Long_Distance
misc,813.73,F,1,47,Mon,0,Remote
entertainment,417.97,F,1,31,Mon,0,Regional
grocery,306.81,F,1,64,Mon,0,Long_Distance
travel,12.57,F,1,64,Mon,0,Regional
grocery,324.87,F,1,84,Mon,0,Commute
grocery,325.86,M,1,37,Mon,1,Long_Distance
grocery,16.44,F,1,84,Mon,1,Regional
grocery,277.53,F,1,64,Mon,1,Long_Distance
misc,8.56,F,1,31,Mon,2,Commute
grocery,328.57,M,1,37,Mon,2,Long_Distance
grocery,13.2,F,1,84,Mon,2,Long_Distance
grocery,377.28,F,1,47,Mon,2,Regional
misc,7.24,F,1,47,Mon,2,Regional
misc,8.54,F,1,31,Mon,3,Local
misc,801.35,M,1,26,Mon,3,Remote
entertainment,549.13,F,1,31,Mon,3,Commute
grocery,96.57,F,1,31,Mon,3,Long_Distance
misc,746.43,M,1,26,Mon,3,Long_Distance
shopping,747.46,F,1,47,Mon,5,Remote
entertainment,522.21,F,1,47,Mon,7,Long_Distance
grocery,12.95,F,1,84,Mon,8,Long_Distance
travel,10.72,F,1,47,Mon,9,Long_Distance
travel,8.25,F,1,64,Mon,9,Local
shopping,839.35,F,1,84,Mon,16,Long_Distance
personal,22.22,F,1,31,Mon,20,Long_Distance
health,21.47,F,1,31,Mon,22,Regional
shopping,1169.82,M,1,26,Mon,22,Long_Distance
misc,690.81,M,1,26,Mon,22,Commute
shopping,969.64,F,1,64,Mon,22,Long_Distance
shopping,896.28,M,1,37,Mon,22,Regional
home,249.87,F,1,47,Mon,22,Commute
shopping,1034.21,F,1,84,Mon,23,Long_Distance
grocery,121.62,F,1,84,Mon,23,Long_Distance
shopping,964.77,M,1,37,Mon,23,Commute
travel,10.2,F,1,47,Mon,23,Long_Distance
home,20.63,M,1,26,Mon,23,Long_Distance
home,22.91,F,1,31,Mon,23,Commute
travel,18.33,F,1,59,Tue,0,Long_Distance
grocery,297.74,M,1,26,Tue,0,Long_Distance
shopping,727.13,F,1,31,Tue,0,Commute
grocery,310.15,M,1,37,Tue,0,Commute
grocery,118.23,F,1,31,Tue,0,Commute
grocery,10.7,M,1,63,Tue,0,Commute
grocery,305.14,F,1,59,Tue,0,Long_Distance
grocery,15.05,F,1,84,Tue,1,Regional
travel,19.36,F,1,59,Tue,1,Long_Distance
grocery,328.58,M,1,26,Tue,2,Long_Distance
grocery,326.68,M,1,63,Tue,2,Commute
grocery,331.43,M,1,26,Tue,3,Long_Distance
grocery,331.2,F,1,31,Tue,8,Commute
grocery,15.25,M,1,63,Tue,9,Regional
misc,760.83,M,1,26,Tue,9,Regional
shopping,990.43,M,1,63,Tue,14,Long_Distance
shopping,905.28,F,1,59,Tue,15,Long_Distance
shopping,936.13,M,1,63,Tue,21,Commute
travel,10.29,M,1,26,Tue,22,Long_Distance
grocery,308.33,M,1,63,Tue,22,Remote
shopping,1104.91,M,1,37,Tue,22,Long_Distance
shopping,925.74,M,1,26,Tue,22,Commute
misc,737.43,M,1,37,Tue,22,Long_Distance
shopping,860.8,M,1,63,Tue,22,Long_Distance
misc,851.71,F,1,84,Tue,22,Long_Distance
shopping,752.47,F,1,59,Tue,22,Commute
shopping,816.78,M,1,63,Tue,22,Regional
shopping,1124.01,F,1,84,Tue,23,Long_Distance
home,19.52,F,1,31,Tue,23,Long_Distance
misc,773.75,M,1,63,Tue,23,Long_Distance
shopping,1140.41,F,1,84,Tue,23,Commute
personal,20.09,F,1,31,Tue,23,Regional
grocery,335.96,F,1,59,Tue,23,Commute
shopping,1062.87,M,1,26,Tue,23,Regional
shopping,1022.11,F,1,59,Tue,23,Long_Distance
grocery,149.42,F,1,31,Tue,23,Long_Distance
grocery,310.76,M,1,22,Wed,0,Regional
grocery,282.6,M,1,22,Wed,1,Commute
grocery,330.32,F,1,70,Wed,1,Regional
grocery,304.17,M,1,22,Wed,3,Regional
grocery,279.83,M,1,22,Wed,3,Commute
misc,685.26,M,1,22,Wed,3,Long_Distance
grocery,301.4,M,1,22,Wed,7,Regional
travel,20.49,F,1,59,Wed,9,Long_Distance
shopping,999.36,M,1,63,Wed,15,Regional
grocery,311.01,F,1,70,Wed,16,Commute
shopping,1095.21,M,1,63,Wed,22,Regional
shopping,793.22,F,1,70,Wed,22,Regional
misc,719.14,M,1,63,Wed,22,Commute
shopping,1056.23,M,1,22,Wed,22,Commute
shopping,929.9,M,1,22,Wed,22,Commute
shopping,893.91,F,1,59,Wed,23,Long_Distance
shopping,838.04,M,1,63,Wed,23,Long_Distance
misc,758.13,M,1,63,Wed,23,Commute
shopping,1125.31,M,1,22,Wed,23,Long_Distance
home,6.01,M,1,63,Wed,23,Commute
grocery,322.84,M,1,22,Thu,0,Long_Distance
grocery,314.68,M,1,22,Thu,1,Long_Distance
misc,795.59,F,1,32,Thu,1,Long_Distance
grocery,324.1,M,1,22,Thu,2,Long_Distance
grocery,311.83,M,1,22,Thu,3,Long_Distance
grocery,314.78,M,1,22,Thu,7,Commute
travel,9.79,F,1,32,Thu,8,Commute
shopping,925.94,M,1,22,Thu,12,Long_Distance
misc,50.96,M,1,49,Thu,22,Regional
shopping,980.06,M,1,22,Thu,22,Long_Distance
home,187.35,F,1,32,Thu,22,Commute
entertainment,564.34,F,1,32,Thu,22,Regional
shopping,1020.79,M,1,49,Thu,22,Regional
shopping,986.65,M,1,49,Thu,22,Remote
misc,907.81,M,1,49,Thu,23,Local
grocery,347.53,F,1,70,Thu,23,Remote
shopping,978.96,F,1,32,Fri,0,Local
shopping,849.79,F,1,32,Fri,3,Long_Distance
shopping,955.4,F,1,32,Fri,3,Regional
travel,17.9,M,1,49,Fri,4,Long_Distance
grocery,319.37,F,1,22,Fri,7,Regional
personal,48.14,M,1,49,Fri,14,Regional
personal,21.54,F,1,32,Fri,14,Long_Distance
entertainment,528.98,F,1,32,Fri,22,Commute
personal,21.23,F,1,32,Fri,22,Commute
shopping,768.58,M,1,49,Fri,22,Long_Distance
grocery,106.22,M,1,49,Fri,22,Long_Distance
shopping,1135.27,F,1,22,Fri,22,Commute
personal,51.49,M,1,49,Fri,23,Commute
travel,9.33,F,1,32,Fri,23,Commute
shopping,1334.07,F,1,22,Fri,23,Long_Distance
home,6.06,M,1,49,Fri,23,Commute
entertainment,386.91,F,1,32,Fri,23,Commute
home,7.57,M,1,49,Fri,23,Commute
personal,16.75,F,1,22,Fri,23,Remote
shopping,799.88,F,1,22,Fri,23,Commute
travel,10.87,F,1,22,Sat,0,Commute
grocery,299.07,M,1,59,Sat,0,Commute
grocery,343.75,F,1,22,Sat,1,Commute
grocery,311.14,F,1,22,Sat,1,Commute
grocery,294.63,M,1,59,Sat,3,Commute
grocery,316.09,F,1,80,Sat,3,Long_Distance
travel,15.27,F,1,80,Sat,7,Regional
home,229.57,F,1,48,Sat,12,Regional
travel,9.5,F,1,80,Sat,16,Long_Distance
shopping,1073.35,F,1,80,Sat,22,Regional
misc,792.26,F,1,64,Sat,22,Local
shopping,878.33,F,1,64,Sat,22,Regional
shopping,911.04,M,1,59,Sat,22,Commute
personal,23.71,F,1,48,Sat,23,Commute
grocery,311.41,F,1,80,Sat,23,Long_Distance
misc,688.75,F,1,22,Sat,23,Regional
shopping,944.46,F,1,22,Sat,23,Regional
home,238.27,F,1,48,Sat,23,Long_Distance
shopping,939.35,M,1,59,Sat,23,Long_Distance
grocery,92.79,F,1,48,Sat,23,Long_Distance
shopping,1134.36,F,1,80,Sat,23,Long_Distance
travel,17.34,F,1,64,Sun,0,Regional
grocery,294.85,F,1,64,Sun,0,Commute
entertainment,493.5,F,1,48,Sun,1,Commute
grocery,348.74,F,1,48,Sun,2,Long_Distance
grocery,300.05,F,1,80,Sun,2,Long_Distance
misc,7.01,F,1,48,Sun,3,Commute
shopping,1065.87,F,1,48,Sun,3,Commute
grocery,271.91,M,1,59,Sun,3,Regional
grocery,275.15,F,1,80,Sun,6,Long_Distance
travel,9.44,M,1,59,Sun,9,Regional
misc,861.36,F,1,48,Sun,11,Remote
shopping,1027.34,F,1,80,Sun,17,Long_Distance
shopping,1191.47,M,1,59,Sun,19,Regional
shopping,927.58,M,1,59,Sun,21,Commute
shopping,997.62,M,1,59,Sun,21,Regional
home,261.01,F,1,48,Sun,22,Commute
shopping,865.06,M,1,59,Sun,22,Commute
home,275.71,F,1,48,Sun,22,Commute
shopping,904.58,M,1,59,Sun,23,Long_Distance
shopping,1014.54,M,1,59,Sun,23,Long_Distance
shopping,1049.71,F,1,80,Sun,23,Long_Distance
shopping,994.37,F,1,64,Sun,23,Regional
misc,806.77,F,1,80,Sun,23,Long_Distance
shopping,1043.2,F,1,64,Sun,23,Regional
shopping,1117.82,F,1,80,Sun,23,Long_Distance
travel,9.18,F,1,23,Mon,2,Long_Distance
grocery,311.58,F,1,23,Mon,3,Regional
misc,729.1,F,1,23,Mon,3,Regional
travel,10.34,F,1,23,Mon,7,Long_Distance
grocery,320.59,F,1,52,Mon,13,Long_Distance
shopping,917.52,F,1,52,Mon,15,Long_Distance
shopping,1009.62,F,1,23,Mon,22,Long_Distance
personal,50.66,F,1,52,Mon,22,Regional
shopping,797.87,F,1,23,Mon,22,Commute
shopping,1122.38,F,1,23,Mon,22,Regional
shopping,1002.29,F,1,23,Mon,22,Long_Distance
shopping,704.6,F,1,23,Mon,23,Regional
shopping,810.35,F,1,23,Mon,23,Remote
shopping,867.76,F,1,23,Mon,23,Long_Distance
misc,767.97,F,1,52,Mon,23,Long_Distance
travel,9.69,F,1,23,Mon,23,Long_Distance
shopping,1058.68,F,1,52,Mon,23,Regional
grocery,301.8,F,1,23,Tue,0,Commute
misc,6.83,F,1,33,Tue,0,Long_Distance
grocery,109.69,F,1,33,Tue,1,Long_Distance
shopping,746.76,F,1,33,Tue,2,Long_Distance
shopping,1155.71,F,1,33,Tue,3,Commute
shopping,885.64,F,1,33,Tue,3,Commute
shopping,771.55,F,1,33,Tue,3,Long_Distance
grocery,293.52,F,1,23,Tue,7,Commute
travel,19.43,F,1,52,Tue,9,Long_Distance
shopping,913.75,F,1,33,Tue,10,Long_Distance
misc,8.63,F,1,33,Tue,10,Regional
shopping,1036.56,F,1,52,Tue,21,Commute
shopping,990.45,F,1,52,Tue,22,Long_Distance
travel,10.68,F,1,33,Tue,22,Commute
grocery,330.24,F,1,52,Tue,22,Commute
personal,17.52,F,1,33,Tue,23,Commute
home,21.12,F,1,33,Tue,23,Commute
home,16.1,F,1,33,Tue,23,Remote
shopping,938.82,F,1,52,Tue,23,Regional
shopping,1182.65,F,1,23,Tue,23,Long_Distance
shopping,1115.06,F,1,23,Tue,23,Commute
shopping,706.66,F,1,33,Wed,2,Commute
shopping,1079.64,F,1,33,Wed,3,Commute
grocery,317.62,M,1,19,Thu,3,Commute
grocery,316.88,M,1,19,Thu,4,Commute
shopping,980.77,M,1,19,Thu,17,Long_Distance
home,15.68,M,1,19,Thu,23,Regional
travel,10.64,M,1,19,Fri,0,Commute
travel,10.02,M,1,19,Fri,1,Regional
home,19.05,M,1,19,Fri,22,Regional
shopping,1172.01,M,1,19,Fri,22,Long_Distance
shopping,1075.29,M,1,19,Fri,23,Long_Distance
misc,775.1,M,1,19,Fri,23,Long_Distance
grocery,329.83,M,1,27,Sun,1,Remote
travel,9.89,F,1,48,Sun,1,Remote
grocery,369.0,F,1,48,Sun,2,Long_Distance
misc,919.58,F,1,48,Sun,2,Long_Distance
grocery,310.76,F,1,80,Sun,2,Remote
shopping,740.2,F,1,48,Sun,3,Regional
grocery,298.01,M,1,27,Sun,4,Regional
shopping,744.69,F,1,48,Sun,13,Regional
misc,761.3,F,1,80,Sun,13,Commute
shopping,999.18,F,1,80,Sun,19,Long_Distance
grocery,317.2,F,1,80,Sun,20,Commute
misc,1043.38,M,1,27,Sun,22,Local
shopping,1189.69,M,1,27,Sun,22,Local
entertainment,609.41,F,1,48,Sun,22,Regional
health,21.26,F,1,48,Sun,23,Long_Distance
grocery,289.8,M,1,27,Sun,23,Commute
shopping,795.01,M,1,27,Sun,23,Regional
shopping,999.45,F,1,48,Sun,23,Long_Distance
health,21.47,F,1,48,Sun,23,Regional
grocery,296.87,M,1,27,Mon,0,Long_Distance
grocery,294.02,M,1,27,Mon,1,Commute
grocery,295.07,M,1,32,Mon,2,Long_Distance
grocery,321.49,M,1,27,Mon,3,Remote
grocery,314.86,F,1,80,Mon,3,Commute
grocery,276.99,M,1,32,Mon,3,Regional
grocery,306.2,M,1,32,Mon,5,Long_Distance
grocery,290.89,M,1,32,Mon,8,Long_Distance
shopping,1004.83,F,1,80,Mon,14,Regional
personal,21.73,F,1,80,Mon,22,Long_Distance
shopping,1005.31,M,1,32,Mon,22,Regional
grocery,287.42,M,1,27,Mon,22,Long_Distance
shopping,1058.01,M,1,32,Mon,23,Commute
misc,658.54,F,1,80,Mon,23,Regional
shopping,1037.0,M,1,32,Mon,23,Commute
travel,13.2,F,1,36,Tue,0,Commute
misc,726.63,F,1,36,Tue,0,Regional
grocery,11.33,M,1,57,Tue,0,Commute
misc,814.83,F,1,36,Tue,0,Regional
misc,775.67,F,1,22,Tue,1,Long_Distance
grocery,287.0,M,1,57,Tue,1,Commute
grocery,285.88,M,1,32,Tue,1,Regional
misc,731.6,M,1,32,Tue,1,Long_Distance
travel,10.57,F,1,22,Tue,2,Long_Distance
travel,9.02,M,1,57,Tue,2,Long_Distance
grocery,326.94,M,1,32,Tue,3,Commute
travel,8.27,F,1,22,Tue,4,Long_Distance
shopping,865.48,M,1,57,Tue,13,Commute
personal,18.08,F,1,36,Tue,22,Long_Distance
misc,666.7,M,1,57,Tue,22,Local
shopping,947.47,M,1,57,Tue,22,Remote
shopping,1006.51,F,1,22,Tue,22,Regional
home,16.33,F,1,36,Tue,23,Long_Distance
shopping,930.92,F,1,22,Tue,23,Long_Distance
shopping,715.29,M,1,32,Tue,23,Local
entertainment,495.2,F,1,36,Tue,23,Regional
misc,808.25,M,1,57,Tue,23,Long_Distance
travel,9.42,F,1,36,Tue,23,Long_Distance
travel,12.34,F,1,22,Wed,0,Long_Distance
shopping,986.53,F,1,30,Wed,0,Regional
shopping,1041.76,F,1,30,Wed,1,Regional
grocery,270.28,F,1,22,Wed,1,Long_Distance
grocery,325.7,F,1,33,Wed,1,Long_Distance
shopping,649.14,F,1,33,Wed,2,Regional
misc,857.67,F,1,30,Wed,2,Commute
home,282.39,F,1,33,Wed,14,Long_Distance
shopping,881.11,F,1,47,Wed,16,Long_Distance
home,22.95,F,1,47,Wed,19,Commute
travel,8.84,F,1,22,Wed,22,Regional
home,241.08,F,1,30,Wed,22,Regional
home,19.77,F,1,30,Wed,22,Long_Distance
grocery,138.51,F,1,33,Wed,22,Commute
personal,19.69,F,1,36,Wed,22,Long_Distance
entertainment,540.67,F,1,30,Wed,23,Commute
home,18.47,F,1,33,Wed,23,Long_Distance
shopping,1024.66,M,1,36,Wed,23,Long_Distance
shopping,801.76,M,1,36,Wed,23,Commute
misc,7.32,M,1,36,Wed,23,Commute
shopping,972.51,F,1,33,Thu,0,Long_Distance
shopping,868.34,F,1,30,Thu,0,Long_Distance
shopping,921.24,F,1,47,Thu,0,Regional
shopping,1090.67,F,1,47,Thu,1,Commute
shopping,1043.59,F,1,47,Thu,1,Commute
misc,769.13,F,1,33,Thu,2,Long_Distance
grocery,291.92,M,1,49,Thu,2,Commute
travel,12.41,F,1,47,Thu,2,Regional
grocery,290.2,F,1,30,Thu,2,Regional
travel,11.68,M,1,36,Thu,3,Long_Distance
misc,741.98,F,1,47,Thu,3,Long_Distance
home,21.93,F,1,47,Thu,12,Long_Distance
misc,8.94,F,1,62,Thu,16,Regional
misc,820.25,M,1,49,Thu,17,Long_Distance
shopping,1084.55,M,1,49,Thu,22,Long_Distance
personal,21.49,M,1,36,Thu,22,Commute
grocery,101.13,F,1,33,Thu,22,Regional
home,22.35,F,1,47,Thu,22,Commute
misc,906.8,M,1,36,Thu,22,Long_Distance
entertainment,424.38,F,1,30,Thu,22,Commute
shopping,1008.53,F,1,62,Thu,23,Long_Distance
entertainment,474.24,F,1,30,Thu,23,Long_Distance
home,281.8,F,1,33,Thu,23,Commute
misc,772.48,F,1,62,Thu,23,Regional
grocery,301.44,M,1,36,Thu,23,Long_Distance
home,20.21,F,1,30,Thu,23,Commute
home,271.41,F,1,33,Thu,23,Long_Distance
misc,8.57,M,1,49,Thu,23,Commute
home,19.34,M,1,36,Thu,23,Long_Distance
misc,1024.58,F,1,62,Thu,23,Long_Distance
shopping,1129.56,F,1,47,Thu,23,Long_Distance
grocery,116.45,F,1,47,Thu,23,Regional
travel,9.17,M,1,49,Fri,1,Commute
shopping,891.41,F,1,42,Fri,1,Commute
misc,840.58,F,1,42,Fri,1,Regional
shopping,791.99,F,1,42,Fri,1,Commute
grocery,303.8,F,1,62,Fri,1,Long_Distance
grocery,280.48,M,1,29,Fri,1,Long_Distance
grocery,280.66,F,1,62,Fri,2,Commute
grocery,13.13,F,1,62,Fri,2,Commute
travel,11.1,F,1,42,Fri,2,Long_Distance
grocery,259.96,M,1,49,Fri,3,Commute
health,19.69,F,1,42,Fri,18,Long_Distance
home,21.23,F,1,42,Fri,19,Commute
home,22.48,F,1,42,Fri,22,Regional
personal,21.61,F,1,42,Fri,22,Commute
grocery,294.65,M,1,29,Fri,22,Commute
shopping,1062.15,F,1,62,Fri,22,Commute
shopping,965.64,F,1,62,Fri,23,Long_Distance
misc,938.73,F,1,62,Fri,23,Commute
personal,19.54,F,1,42,Fri,23,Remote
personal,19.83,M,1,49,Fri,23,Commute
misc,834.58,F,1,30,Sat,0,Local
misc,716.13,F,1,42,Sat,1,Regional
misc,831.58,F,1,30,Sat,1,Long_Distance
grocery,327.71,M,1,76,Sat,2,Commute
travel,14.1,M,1,76,Sat,2,Long_Distance
shopping,1097.35,F,1,42,Sat,2,Regional
grocery,310.94,M,1,76,Sat,2,Regional
travel,6.5,M,1,29,Sat,3,Commute
shopping,1025.62,F,1,30,Sat,3,Commute
shopping,1000.9,M,1,29,Sat,14,Commute
shopping,924.76,M,1,76,Sat,14,Long_Distance
shopping,997.56,M,1,29,Sat,19,Long_Distance
personal,21.58,M,1,29,Sat,21,Long_Distance
travel,9.4,M,1,76,Sat,22,Regional
shopping,917.19,M,1,29,Sat,22,Commute
shopping,1097.76,M,1,29,Sat,22,Commute
shopping,955.85,M,1,29,Sat,23,Regional
shopping,981.32,M,1,76,Sat,23,Long_Distance
shopping,831.73,F,1,30,Sat,23,Commute
health,19.8,F,1,42,Sat,23,Long_Distance
grocery,295.4,M,1,29,Sat,23,Long_Distance
health,20.13,F,1,30,Sat,23,Long_Distance
shopping,1103.76,F,1,30,Sun,0,Commute
grocery,301.32,M,1,48,Sun,0,Long_Distance
grocery,290.99,M,1,48,Sun,1,Commute
shopping,922.1,F,1,30,Sun,1,Remote
shopping,969.63,F,1,30,Sun,2,Regional
shopping,1034.8,F,1,30,Sun,2,Long_Distance
grocery,293.95,M,1,39,Sun,2,Long_Distance
shopping,905.96,F,1,30,Sun,3,Long_Distance
grocery,315.56,M,1,48,Sun,9,Long_Distance
grocery,307.64,M,1,39,Sun,9,Long_Distance
shopping,970.33,M,1,76,Sun,20,Long_Distance
shopping,1052.65,M,1,76,Sun,22,Regional
shopping,939.08,M,1,76,Sun,22,Long_Distance
misc,648.99,M,1,39,Sun,22,Commute
grocery,287.51,M,1,39,Sun,22,Long_Distance
health,18.05,F,1,30,Sun,22,Long_Distance
shopping,1146.99,M,1,39,Sun,23,Long_Distance
shopping,897.11,M,1,76,Sun,23,Long_Distance
shopping,802.49,M,1,76,Sun,23,Commute
misc,608.15,M,1,48,Mon,0,Commute
grocery,292.74,M,1,48,Mon,0,Long_Distance
grocery,292.88,M,1,48,Mon,1,Long_Distance
travel,13.08,M,1,48,Mon,1,Long_Distance
travel,10.47,M,1,39,Mon,2,Commute
grocery,309.74,M,1,39,Mon,6,Local
personal,20.12,M,1,39,Mon,13,Regional
shopping,925.74,M,1,39,Mon,18,Commute
shopping,860.18,M,1,39,Mon,21,Long_Distance
misc,644.3,M,1,39,Mon,22,Commute
grocery,290.79,M,1,39,Mon,22,Commute
grocery,297.47,M,1,39,Mon,22,Regional
home,248.8,M,1,39,Mon,23,Commute
grocery,269.86,F,1,61,Wed,0,Long_Distance
grocery,319.18,F,1,67,Wed,1,Long_Distance
travel,11.77,F,1,61,Wed,1,Regional
grocery,343.39,F,1,52,Wed,3,Long_Distance
grocery,308.55,F,1,67,Wed,3,Long_Distance
shopping,1084.7,F,1,61,Wed,12,Commute
shopping,923.4,F,1,67,Wed,14,Long_Distance
shopping,994.77,F,1,67,Wed,16,Long_Distance
shopping,776.09,F,1,67,Wed,22,Commute
misc,732.82,F,1,61,Wed,22,Long_Distance
shopping,876.03,F,1,67,Wed,22,Commute
shopping,760.51,F,1,61,Wed,23,Commute
misc,927.45,F,1,52,Wed,23,Regional
misc,1049.84,F,1,61,Wed,23,Regional
travel,13.28,F,1,61,Thu,0,Long_Distance
grocery,314.79,M,1,33,Thu,0,Long_Distance
grocery,15.99,F,1,67,Thu,1,Long_Distance
grocery,312.03,F,1,67,Thu,1,Commute
grocery,291.74,M,1,33,Thu,2,Long_Distance
grocery,304.08,F,1,58,Thu,6,Long_Distance
grocery,330.19,M,1,33,Thu,10,Long_Distance
shopping,768.32,F,1,52,Thu,14,Long_Distance
shopping,954.22,F,1,90,Thu,14,Long_Distance
shopping,1105.42,F,1,58,Thu,16,Commute
shopping,901.63,F,1,67,Thu,17,Long_Distance
home,392.42,F,1,52,Thu,17,Long_Distance
shopping,713.69,M,1,33,Thu,19,Long_Distance
shopping,1020.32,F,1,61,Thu,20,Long_Distance
shopping,1059.29,F,1,67,Thu,22,Regional
shopping,900.39,F,1,67,Thu,22,Commute
grocery,257.63,F,1,58,Thu,22,Long_Distance
misc,758.79,F,1,61,Thu,22,Long_Distance
shopping,942.0,F,1,58,Thu,22,Remote
misc,778.7,M,1,33,Thu,22,Long_Distance
misc,917.89,F,1,90,Thu,22,Long_Distance
misc,721.96,F,1,67,Thu,22,Long_Distance
grocery,322.77,F,1,52,Thu,22,Commute
personal,50.12,F,1,67,Thu,22,Long_Distance
shopping,1286.27,F,1,67,Thu,22,Long_Distance
misc,768.0,F,1,58,Thu,23,Commute
grocery,309.02,M,1,60,Thu,23,Commute
misc,855.73,F,1,90,Thu,23,Long_Distance
travel,9.9,M,1,45,Thu,23,Regional
shopping,992.8,F,1,61,Thu,23,Long_Distance
shopping,935.13,F,1,58,Thu,23,Commute
shopping,1096.03,F,1,58,Thu,23,Long_Distance
shopping,1139.52,F,1,90,Thu,23,Commute
misc,719.82,M,1,45,Thu,23,Long_Distance
grocery,333.47,F,1,52,Thu,23,Long_Distance
travel,6.79,M,1,45,Fri,0,Local
travel,8.0,M,1,33,Fri,0,Regional
grocery,290.65,M,1,45,Fri,0,Long_Distance
grocery,317.81,M,1,33,Fri,1,Commute
grocery,282.12,F,1,80,Fri,1,Commute
travel,11.95,M,1,33,Fri,1,Regional
travel,9.91,F,1,58,Fri,1,Commute
grocery,289.27,F,1,80,Fri,1,Commute
travel,8.31,F,1,80,Fri,1,Local
travel,10.25,F,1,90,Fri,2,Remote
grocery,271.04,F,1,80,Fri,3,Long_Distance
grocery,311.48,M,1,60,Fri,3,Long_Distance
travel,9.13,M,1,45,Fri,5,Regional
grocery,257.47,F,1,58,Fri,7,Long_Distance
grocery,299.18,M,1,33,Fri,9,Long_Distance
shopping,880.19,M,1,60,Fri,13,Regional
shopping,1016.64,F,1,80,Fri,15,Regional
misc,702.32,F,1,80,Fri,19,Local
misc,696.29,M,1,45,Fri,22,Regional
misc,883.32,F,1,90,Fri,22,Local
shopping,942.03,F,1,80,Fri,22,Long_Distance
shopping,929.06,F,1,90,Fri,22,Long_Distance
misc,836.07,M,1,33,Fri,22,Commute
shopping,957.09,F,1,58,Fri,22,Long_Distance
grocery,297.76,M,1,33,Fri,22,Regional
shopping,1016.26,F,1,58,Fri,23,Long_Distance
grocery,289.74,M,1,45,Fri,23,Regional
personal,45.24,M,1,60,Fri,23,Commute
shopping,900.06,M,1,45,Fri,23,Long_Distance
shopping,1140.72,F,1,58,Fri,23,Commute
misc,786.4,M,1,60,Fri,23,Regional
misc,7.72,M,1,33,Fri,23,Long_Distance
shopping,892.68,F,1,90,Fri,23,Commute
shopping,848.89,F,1,90,Fri,23,Commute
travel,11.98,M,1,51,Sat,1,Local
grocery,288.97,F,1,80,Sat,1,Regional
shopping,927.18,M,1,51,Sat,19,Commute
shopping,1036.91,M,1,51,Sat,22,Long_Distance
misc,802.15,F,1,80,Sat,22,Commute
shopping,960.0,M,1,51,Sat,22,Long_Distance
misc,776.27,M,1,51,Sat,23,Remote
grocery,312.48,M,1,51,Sun,3,Long_Distance
shopping,985.29,M,1,51,Sun,22,Local
misc,616.23,M,1,51,Sun,23,Regional
shopping,980.79,M,1,51,Sun,23,Long_Distance
misc,716.52,M,1,51,Sun,23,Local
travel,9.76,F,1,21,Mon,0,Regional
grocery,283.62,F,1,21,Mon,1,Commute
grocery,289.12,M,1,46,Mon,1,Commute
misc,959.53,F,1,21,Mon,2,Remote
grocery,325.35,M,1,46,Mon,2,Commute
grocery,280.64,M,1,46,Mon,3,Regional
home,259.17,F,1,36,Mon,22,Long_Distance
misc,828.73,M,1,46,Mon,22,Long_Distance
shopping,853.8,M,1,46,Mon,22,Long_Distance
entertainment,468.05,F,1,21,Mon,23,Long_Distance
shopping,788.62,F,1,21,Mon,23,Long_Distance
shopping,1131.32,F,1,21,Mon,23,Long_Distance
grocery,284.58,F,1,23,Tue,0,Regional
grocery,295.85,M,1,46,Tue,0,Long_Distance
misc,911.75,M,1,18,Tue,0,Long_Distance
grocery,301.63,F,1,75,Tue,0,Regional
grocery,286.63,F,1,21,Tue,0,Commute
grocery,348.01,F,1,54,Tue,1,Commute
misc,893.06,F,1,23,Tue,1,Long_Distance
travel,10.3,F,1,23,Tue,2,Long_Distance
grocery,16.73,F,1,54,Tue,2,Long_Distance
grocery,314.25,F,1,75,Tue,2,Remote
travel,10.42,M,1,18,Tue,2,Regional
grocery,302.22,M,1,18,Tue,3,Long_Distance
grocery,288.7,F,1,23,Tue,3,Long_Distance
grocery,297.4,F,1,23,Tue,3,Long_Distance
grocery,306.23,M,1,18,Tue,5,Long_Distance
travel,8.45,M,1,18,Tue,5,Regional
misc,719.27,F,1,23,Tue,6,Long_Distance
grocery,309.35,F,1,54,Tue,10,Regional
grocery,123.61,M,1,46,Tue,16,Local
misc,763.2,F,1,54,Tue,18,Long_Distance
misc,9.39,F,1,21,Tue,22,Long_Distance
shopping,805.81,M,1,18,Tue,22,Long_Distance
misc,935.83,M,1,46,Tue,22,Long_Distance
shopping,968.46,F,1,23,Tue,22,Commute
shopping,912.51,M,1,46,Tue,22,Regional
entertainment,615.49,F,1,54,Tue,22,Long_Distance
misc,865.3,F,1,75,Tue,22,Long_Distance
shopping,1089.43,M,1,18,Tue,22,Long_Distance
misc,800.9,F,1,75,Tue,22,Remote
shopping,937.62,M,1,18,Tue,22,Regional
shopping,972.69,F,1,21,Tue,22,Long_Distance
shopping,1030.21,F,1,75,Tue,22,Remote
shopping,891.97,M,1,18,Tue,22,Long_Distance
misc,8.37,F,1,23,Tue,23,Commute
shopping,1073.84,F,1,54,Tue,23,Long_Distance
personal,20.98,F,1,36,Tue,23,Long_Distance
shopping,920.07,F,1,54,Tue,23,Commute
misc,803.95,F,1,54,Tue,23,Long_Distance
misc,901.62,F,1,75,Tue,23,Commute
grocery,362.56,F,1,54,Tue,23,Commute
shopping,787.51,F,1,54,Tue,23,Commute
home,20.54,M,1,18,Tue,23,Commute
shopping,1200.74,M,1,18,Tue,23,Commute
misc,8.24,M,1,18,Tue,23,Long_Distance
grocery,297.37,F,1,54,Wed,0,Commute
grocery,348.36,F,1,54,Wed,2,Regional
grocery,357.5,F,1,54,Wed,2,Local
grocery,336.15,F,1,23,Wed,3,Local
grocery,285.18,F,1,23,Wed,9,Commute
shopping,1078.8,M,1,18,Wed,14,Regional
misc,881.13,M,1,18,Wed,14,Commute
shopping,1002.04,M,1,18,Wed,15,Regional
home,228.96,M,1,18,Wed,18,Regional
travel,10.99,M,1,18,Wed,18,Regional
shopping,833.74,F,1,52,Wed,21,Commute
personal,20.25,F,1,52,Wed,22,Long_Distance
misc,801.83,F,1,52,Wed,22,Long_Distance
shopping,1016.39,F,1,23,Wed,22,Commute
entertainment,695.53,F,1,54,Wed,22,Regional
shopping,1156.15,F,1,52,Wed,22,Commute
shopping,995.63,F,1,52,Wed,22,Commute
shopping,875.17,F,1,52,Wed,23,Long_Distance
grocery,321.17,F,1,52,Wed,23,Long_Distance
shopping,1292.21,M,1,18,Wed,23,Commute
misc,51.02,F,1,54,Wed,23,Commute
shopping,934.79,F,1,23,Wed,23,Regional
misc,664.64,F,1,52,Wed,23,Long_Distance
misc,686.74,F,1,75,Wed,23,Commute
shopping,1024.04,M,1,18,Wed,23,Long_Distance
shopping,709.16,F,1,23,Wed,23,Local
grocery,281.68,F,1,52,Thu,0,Long_Distance
grocery,281.77,M,1,43,Thu,0,Commute
travel,9.72,F,1,52,Thu,1,Long_Distance
grocery,293.68,F,1,52,Thu,2,Regional
shopping,1000.46,M,1,43,Thu,22,Long_Distance
misc,855.69,M,1,50,Thu,22,Long_Distance
misc,749.92,F,1,52,Thu,22,Remote
shopping,1084.51,M,1,50,Thu,22,Long_Distance
shopping,1063.4,M,1,43,Thu,23,Long_Distance
shopping,1125.97,M,1,43,Thu,23,Long_Distance
grocery,284.59,M,1,43,Fri,0,Remote
travel,9.4,M,1,43,Fri,1,Regional
grocery,322.44,M,1,50,Fri,3,Commute
grocery,335.24,M,1,50,Fri,3,Regional
shopping,905.1,M,1,50,Fri,20,Commute
misc,823.65,M,1,50,Fri,22,Long_Distance
health,21.37,M,1,43,Fri,22,Regional
shopping,1032.46,M,1,43,Fri,22,Commute
shopping,866.4,M,1,43,Fri,22,Long_Distance
shopping,1079.81,M,1,43,Fri,23,Commute
shopping,1024.61,M,1,50,Fri,23,Commute
shopping,966.67,M,1,50,Fri,23,Regional
shopping,1258.71,M,1,43,Fri,23,Long_Distance
misc,840.87,M,1,43,Fri,23,Regional
shopping,871.27,M,1,55,Sat,22,Long_Distance
misc,51.66,M,1,55,Sat,22,Long_Distance
grocery,327.19,M,1,88,Sun,1,Long_Distance
shopping,1147.45,F,1,28,Sun,3,Regional
travel,24.18,M,1,88,Sun,7,Commute
grocery,301.36,M,1,88,Sun,11,Long_Distance
grocery,340.18,M,1,55,Sun,12,Regional
entertainment,432.63,F,1,28,Sun,15,Long_Distance
shopping,671.44,M,1,55,Sun,21,Long_Distance
shopping,825.04,M,1,88,Sun,22,Long_Distance
home,19.11,F,1,28,Sun,22,Regional
shopping,876.08,M,1,88,Sun,23,Commute
misc,806.03,M,1,55,Sun,23,Commute
travel,11.04,F,1,28,Sun,23,Regional
shopping,869.13,M,1,88,Sun,23,Long_Distance
travel,18.96,M,1,88,Mon,0,Long_Distance
grocery,303.13,M,1,27,Mon,0,Long_Distance
grocery,283.61,M,1,27,Mon,0,Remote
travel,13.02,M,1,39,Mon,0,Regional
grocery,298.27,F,1,55,Mon,0,Commute
grocery,289.04,M,1,39,Mon,0,Long_Distance
grocery,327.16,M,1,88,Mon,2,Long_Distance
travel,8.26,F,1,28,Mon,2,Regional
misc,785.38,M,1,39,Mon,3,Long_Distance
grocery,7.83,F,1,28,Mon,3,Regional
grocery,300.08,F,1,55,Mon,3,Long_Distance
grocery,330.72,M,1,88,Mon,5,Long_Distance
home,18.23,F,1,28,Mon,22,Long_Distance
health,18.79,F,1,55,Mon,22,Commute
shopping,1016.56,M,1,27,Mon,22,Commute
grocery,330.29,M,1,27,Mon,22,Commute
misc,8.01,M,1,27,Mon,22,Long_Distance
misc,791.35,M,1,39,Mon,22,Long_Distance
personal,18.55,F,1,28,Mon,23,Regional
grocery,352.48,M,1,88,Mon,23,Long_Distance
shopping,895.09,M,1,88,Mon,23,Commute
personal,20.98,F,1,28,Mon,23,Long_Distance
grocery,336.72,M,1,39,Tue,0,Long_Distance
grocery,284.63,M,1,39,Tue,0,Regional
grocery,316.11,M,1,39,Tue,0,Commute
grocery,295.48,M,1,27,Tue,1,Long_Distance
grocery,308.52,M,1,39,Tue,1,Regional
grocery,293.62,F,1,55,Tue,2,Long_Distance
grocery,289.91,M,1,27,Tue,9,Local
health,17.83,M,1,64,Tue,19,Commute
shopping,912.71,M,1,64,Tue,22,Commute
shopping,949.57,F,1,55,Tue,22,Commute
shopping,598.9,M,1,39,Tue,22,Commute
shopping,1093.85,M,1,64,Tue,22,Commute
misc,7.88,M,1,64,Tue,22,Commute
misc,779.87,M,1,64,Tue,22,Long_Distance
misc,7.59,F,1,55,Tue,22,Long_Distance
shopping,942.86,M,1,39,Tue,22,Long_Distance
shopping,815.48,M,1,39,Tue,22,Long_Distance
shopping,1042.38,F,1,55,Tue,23,Long_Distance
grocery,328.17,M,1,27,Tue,23,Remote
home,17.21,M,1,27,Tue,23,Remote
grocery,316.4,M,1,64,Tue,23,Local
home,182.62,M,1,39,Tue,23,Regional
shopping,1028.7,M,1,27,Tue,23,Long_Distance
shopping,1031.72,F,1,55,Tue,23,Commute
travel,6.56,M,1,84,Wed,0,Regional
travel,10.46,M,1,84,Wed,1,Long_Distance
personal,16.42,M,1,84,Wed,22,Regional
shopping,1004.14,M,1,64,Wed,23,Regional
home,20.15,M,1,84,Wed,23,Long_Distance
misc,726.14,M,1,33,Thu,3,Commute
shopping,1031.32,M,1,33,Thu,14,Local
misc,823.23,M,1,33,Thu,21,Long_Distance
travel,8.76,M,1,84,Thu,22,Commute
shopping,833.36,M,1,84,Thu,22,Long_Distance
health,17.7,M,1,33,Thu,22,Long_Distance
shopping,1054.22,M,1,84,Thu,22,Commute
shopping,1025.92,M,1,33,Thu,23,Long_Distance
home,21.51,M,1,33,Thu,23,Commute
misc,934.81,M,1,84,Thu,23,Long_Distance
shopping,1126.71,M,1,84,Thu,23,Long_Distance
entertainment,479.42,F,1,36,Fri,0,Commute
grocery,349.92,M,1,33,Fri,1,Long_Distance
grocery,304.75,M,1,33,Fri,2,Long_Distance
shopping,1001.75,F,1,36,Fri,2,Commute
shopping,704.03,F,1,36,Fri,2,Long_Distance
shopping,749.49,F,1,36,Fri,2,Long_Distance
travel,6.23,M,1,53,Fri,3,Commute
shopping,906.23,F,1,48,Fri,6,Remote
grocery,114.15,F,1,48,Fri,13,Regional
personal,20.78,F,1,36,Fri,22,Regional
shopping,997.72,M,1,53,Fri,22,Commute
home,218.32,F,1,48,Fri,22,Commute
home,22.06,F,1,36,Fri,22,Commute
shopping,744.65,M,1,33,Fri,22,Long_Distance
health,22.85,F,1,36,Fri,22,Commute
shopping,983.73,M,1,33,Fri,22,Long_Distance
shopping,1014.39,M,1,33,Fri,23,Commute
shopping,961.2,M,1,53,Fri,23,Long_Distance
travel,9.59,F,1,36,Sat,1,Long_Distance
shopping,1003.34,F,1,48,Sat,1,Long_Distance
shopping,1069.04,F,1,48,Sat,1,Remote
travel,6.78,M,1,53,Sat,1,Long_Distance
grocery,278.87,M,1,53,Sat,3,Commute
misc,782.17,M,1,53,Sat,13,Long_Distance
shopping,970.02,M,1,53,Sat,14,Commute
misc,828.62,M,1,53,Sat,22,Remote
personal,20.6,F,1,48,Sat,22,Long_Distance
grocery,121.17,F,1,48,Sat,22,Commute
misc,867.56,F,1,45,Sun,1,Long_Distance
grocery,357.78,F,1,45,Sun,3,Regional
grocery,305.84,M,1,68,Sun,3,Regional
grocery,379.73,F,1,45,Sun,7,Long_Distance
shopping,916.56,M,1,68,Sun,17,Regional
grocery,125.12,F,1,45,Sun,22,Long_Distance
health,18.83,F,1,45,Sun,23,Remote
grocery,311.02,F,1,22,Mon,0,Commute
grocery,287.45,F,1,94,Mon,0,Local
grocery,298.7,F,1,23,Mon,0,Regional
travel,10.44,F,1,23,Mon,0,Remote
grocery,300.27,F,1,23,Mon,1,Long_Distance
grocery,299.49,F,1,23,Mon,1,Regional
grocery,302.05,F,1,22,Mon,1,Regional
travel,17.22,M,1,68,Mon,1,Long_Distance
travel,8.75,F,1,45,Mon,1,Regional
travel,9.21,F,1,23,Mon,2,Long_Distance
misc,765.47,F,1,45,Mon,2,Commute
travel,14.02,F,1,82,Mon,2,Regional
grocery,292.71,F,1,22,Mon,2,Long_Distance
grocery,369.96,F,1,45,Mon,3,Long_Distance
grocery,340.69,F,1,45,Mon,3,Local
grocery,285.81,F,1,23,Mon,3,Long_Distance
grocery,320.83,F,1,94,Mon,3,Long_Distance
grocery,320.85,F,1,22,Mon,6,Local
grocery,279.59,F,1,22,Mon,10,Regional
home,20.27,F,1,23,Mon,14,Long_Distance
shopping,1021.53,F,1,22,Mon,18,Commute
misc,669.3,M,1,68,Mon,21,Commute
shopping,1165.94,F,1,23,Mon,22,Long_Distance
shopping,942.93,F,1,23,Mon,22,Regional
shopping,913.21,M,1,68,Mon,22,Commute
misc,840.98,F,1,94,Mon,22,Regional
shopping,940.76,M,1,50,Mon,22,Commute
shopping,1085.73,F,1,94,Mon,22,Commute
grocery,116.77,M,1,50,Mon,22,Long_Distance
shopping,1078.92,F,1,23,Mon,22,Commute
shopping,964.75,F,1,22,Mon,22,Long_Distance
grocery,304.93,F,1,94,Mon,22,Regional
shopping,901.2,M,1,50,Mon,22,Commute
shopping,1010.74,F,1,82,Mon,22,Regional
shopping,1111.8,F,1,82,Mon,22,Regional
shopping,907.95,M,1,68,Mon,23,Regional
grocery,314.36,F,1,82,Mon,23,Long_Distance
misc,763.4,M,1,50,Mon,23,Long_Distance
shopping,898.42,F,1,82,Mon,23,Long_Distance
travel,9.15,F,1,23,Mon,23,Long_Distance
shopping,996.11,F,1,23,Mon,23,Long_Distance
misc,659.33,F,1,23,Mon,23,Long_Distance
travel,9.89,F,1,23,Mon,23,Long_Distance
misc,795.06,F,1,22,Mon,23,Remote
misc,811.46,F,1,82,Mon,23,Regional
misc,798.77,F,1,82,Mon,23,Long_Distance
shopping,956.7,F,1,23,Mon,23,Commute
misc,741.78,F,1,23,Mon,23,Commute
home,18.04,F,1,45,Mon,23,Regional
misc,803.49,F,1,94,Mon,23,Long_Distance
grocery,10.54,F,1,23,Tue,0,Commute
grocery,296.89,M,1,60,Tue,1,Remote
travel,13.49,F,1,78,Tue,1,Long_Distance
travel,10.91,F,1,94,Tue,1,Remote
grocery,307.7,F,1,23,Tue,1,Long_Distance
grocery,293.04,F,1,94,Tue,1,Long_Distance
grocery,328.75,F,1,23,Tue,1,Regional
grocery,315.99,M,1,60,Tue,2,Regional
travel,8.97,F,1,22,Tue,2,Regional
grocery,319.32,F,1,78,Tue,2,Commute
grocery,306.79,F,1,22,Tue,3,Long_Distance
grocery,294.51,F,1,94,Tue,3,Local
grocery,277.87,F,1,78,Tue,3,Commute
grocery,306.8,M,1,60,Tue,7,Long_Distance
grocery,310.49,M,1,50,Tue,17,Regional
misc,899.58,M,1,50,Tue,20,Long_Distance
travel,10.64,M,1,60,Tue,21,Long_Distance
grocery,316.87,M,1,50,Tue,22,Regional
shopping,1134.6,F,1,78,Tue,22,Regional
misc,817.64,F,1,82,Tue,22,Commute
shopping,846.25,M,1,50,Tue,22,Long_Distance
shopping,909.49,F,1,82,Tue,22,Long_Distance
shopping,1091.47,F,1,94,Tue,22,Regional
shopping,874.98,F,1,82,Tue,22,Commute
shopping,1041.68,F,1,78,Tue,22,Regional
misc,8.13,F,1,78,Tue,23,Commute
shopping,951.68,M,1,60,Tue,23,Long_Distance
entertainment,431.21,F,1,94,Tue,23,Remote
shopping,1002.61,F,1,82,Tue,23,Long_Distance
shopping,1139.57,M,1,60,Tue,23,Long_Distance
shopping,931.07,M,1,60,Tue,23,Commute
shopping,1131.0,F,1,22,Tue,23,Long_Distance
travel,8.9,M,1,60,Wed,0,Long_Distance
shopping,877.52,F,1,78,Wed,17,Long_Distance
misc,749.98,M,1,60,Wed,22,Long_Distance
home,23.01,F,1,78,Wed,22,Regional
grocery,353.39,F,1,26,Thu,0,Long_Distance
grocery,116.26,F,1,26,Thu,0,Long_Distance
travel,10.13,M,1,29,Thu,0,Long_Distance
misc,7.3,F,1,26,Thu,0,Commute
travel,10.29,M,1,29,Thu,1,Regional
travel,16.6,M,1,49,Thu,1,Long_Distance
misc,779.79,M,1,29,Thu,1,Long_Distance
travel,11.11,F,1,26,Thu,2,Long_Distance
grocery,289.23,M,1,49,Thu,3,Regional
travel,9.07,M,1,29,Thu,4,Long_Distance
health,21.29,F,1,26,Thu,15,Remote
shopping,1025.34,M,1,49,Thu,20,Regional
personal,49.17,M,1,49,Thu,22,Local
shopping,747.73,M,1,29,Thu,22,Long_Distance
shopping,869.29,M,1,49,Thu,22,Commute
misc,8.66,M,1,29,Thu,22,Long_Distance
shopping,946.02,M,1,29,Thu,22,Long_Distance
shopping,1238.3,M,1,29,Thu,22,Local
home,23.05,F,1,26,Thu,22,Commute
personal,19.64,F,1,26,Thu,22,Commute
home,18.52,F,1,26,Thu,23,Long_Distance
misc,862.09,M,1,49,Thu,23,Regional
shopping,880.99,M,1,49,Thu,23,Commute
grocery,14.69,M,1,49,Thu,0,Remote
shopping,788.9,F,1,26,Thu,1,Regional
shopping,755.85,F,1,26,Thu,1,Regional
misc,8.3,F,1,26,Thu,1,Regional
shopping,744.23,F,1,47,Thu,1,Commute
travel,18.71,M,1,49,Thu,2,Commute
grocery,13.1,F,1,26,Thu,3,Commute
misc,7.77,F,1,26,Thu,9,Long_Distance
entertainment,559.27,F,1,26,Thu,11,Commute
health,21.55,F,1,26,Thu,17,Long_Distance
shopping,758.33,M,1,49,Thu,19,Long_Distance
home,247.83,F,1,47,Thu,21,Commute
shopping,896.22,M,1,49,Thu,22,Remote
shopping,1022.46,M,1,29,Thu,22,Regional
grocery,328.03,M,1,49,Thu,22,Long_Distance
shopping,1033.69,M,1,49,Thu,22,Remote
personal,24.37,F,1,47,Thu,22,Long_Distance
grocery,113.7,M,1,49,Thu,23,Long_Distance
home,229.85,F,1,26,Thu,23,Regional
travel,9.68,M,1,29,Thu,23,Long_Distance
misc,796.29,M,1,49,Thu,23,Regional
travel,13.17,F,1,33,Fri,1,Commute
travel,11.74,F,1,33,Fri,2,Long_Distance
grocery,101.79,F,1,47,Fri,5,Long_Distance
health,20.17,F,1,47,Fri,16,Long_Distance
home,243.17,F,1,47,Fri,22,Long_Distance
personal,19.16,F,1,33,Fri,23,Long_Distance
travel,10.45,F,1,57,Sat,1,Local
grocery,12.46,F,1,57,Sat,11,Long_Distance
shopping,830.06,F,1,33,Sat,22,Regional
home,261.79,F,1,33,Sat,22,Long_Distance
entertainment,594.09,F,1,33,Sat,23,Long_Distance
grocery,130.08,F,1,33,Sat,23,Local
personal,20.41,F,1,33,Sat,23,Long_Distance
home,19.23,F,1,33,Sat,23,Local
shopping,952.43,F,1,57,Sat,23,Remote
grocery,281.19,F,1,57,Sun,1,Regional
grocery,10.12,F,1,57,Sun,1,Long_Distance
travel,6.93,F,1,57,Sun,1,Regional
travel,9.85,F,1,57,Sun,3,Long_Distance
misc,887.89,F,1,57,Sun,13,Long_Distance
misc,775.12,F,1,57,Sun,16,Long_Distance
shopping,968.56,F,1,57,Sun,22,Commute
shopping,1015.74,F,1,57,Sun,23,Regional
shopping,1060.77,F,1,57,Sun,23,Long_Distance
grocery,299.0,M,1,73,Mon,0,Long_Distance
grocery,281.28,M,1,73,Mon,1,Long_Distance
travel,10.09,M,1,73,Mon,1,Long_Distance
misc,800.75,F,1,28,Mon,1,Commute
grocery,311.46,M,1,73,Mon,2,Regional
grocery,346.75,F,1,28,Mon,2,Regional
grocery,309.75,M,1,73,Mon,3,Commute
entertainment,383.07,M,1,73,Mon,22,Commute
shopping,987.73,M,1,73,Mon,22,Regional
grocery,117.22,F,1,28,Mon,22,Long_Distance
misc,626.15,F,1,59,Mon,22,Regional
home,15.86,F,1,28,Mon,23,Commute
shopping,950.42,F,1,59,Mon,23,Long_Distance
grocery,9.95,F,1,59,Tue,0,Long_Distance
shopping,920.74,F,1,40,Tue,0,Commute
shopping,864.43,F,1,28,Tue,0,Regional
entertainment,465.34,F,1,40,Tue,1,Regional
shopping,1051.32,F,1,40,Tue,2,Long_Distance
shopping,803.93,F,1,40,Tue,2,Long_Distance
misc,8.9,F,1,40,Tue,3,Commute
grocery,11.01,M,1,73,Tue,3,Long_Distance
grocery,306.3,M,1,73,Tue,13,Long_Distance
home,261.6,F,1,28,Tue,15,Long_Distance
shopping,914.49,F,1,59,Tue,16,Local
grocery,335.29,M,1,73,Tue,16,Regional
shopping,1209.7,F,1,59,Tue,22,Local
home,18.69,F,1,59,Tue,22,Long_Distance
health,18.58,F,1,40,Tue,22,Regional
grocery,292.07,F,1,59,Tue,23,Long_Distance
health,19.36,F,1,40,Tue,23,Regional
entertainment,397.71,F,1,28,Tue,23,Long_Distance
misc,733.72,F,1,59,Tue,23,Local
grocery,371.98,F,1,40,Wed,0,Long_Distance
misc,7.52,F,1,32,Wed,0,Regional
misc,6.98,F,1,40,Wed,0,Remote
shopping,1039.27,F,1,32,Wed,1,Remote
misc,7.86,F,1,40,Wed,5,Regional
shopping,866.88,F,1,40,Wed,8,Long_Distance
home,19.58,F,1,32,Wed,17,Regional
personal,17.82,F,1,40,Wed,20,Commute
health,20.63,F,1,32,Wed,22,Commute
grocery,118.06,F,1,32,Wed,22,Long_Distance
travel,8.29,F,1,40,Wed,22,Long_Distance
health,18.86,F,1,40,Wed,23,Long_Distance
personal,19.38,F,1,40,Wed,23,Long_Distance
home,18.9,F,1,40,Wed,23,Commute
grocery,363.36,F,1,32,Thu,0,Regional
shopping,738.87,F,1,32,Thu,0,Long_Distance
grocery,120.36,F,1,32,Thu,1,Commute
shopping,981.21,F,1,32,Thu,1,Commute
travel,9.16,M,1,71,Thu,2,Commute
misc,799.55,F,1,46,Thu,2,Commute
grocery,357.15,F,1,73,Thu,2,Long_Distance
grocery,297.78,F,1,65,Thu,2,Commute
grocery,317.98,F,1,73,Thu,3,Long_Distance
grocery,347.46,F,1,46,Thu,6,Long_Distance
shopping,948.2,F,1,65,Thu,12,Commute
home,261.36,F,1,46,Thu,15,Regional
shopping,915.76,F,1,65,Thu,22,Long_Distance
misc,744.36,F,1,73,Thu,22,Regional
home,21.96,F,1,46,Thu,22,Regional
grocery,149.33,F,1,46,Thu,22,Remote
misc,50.11,F,1,73,Thu,22,Long_Distance
personal,17.17,F,1,46,Thu,22,Long_Distance
shopping,979.93,M,1,71,Thu,22,Regional
misc,48.43,F,1,73,Thu,22,Regional
misc,763.11,F,1,73,Thu,22,Long_Distance
shopping,900.57,F,1,65,Thu,23,Long_Distance
shopping,965.21,F,1,65,Thu,23,Remote
shopping,1206.65,M,1,71,Thu,23,Long_Distance
shopping,967.35,F,1,48,Fri,0,Long_Distance
grocery,296.18,F,1,65,Fri,0,Regional
grocery,342.9,F,1,46,Fri,1,Long_Distance
travel,5.93,M,1,71,Fri,1,Long_Distance
grocery,296.14,F,1,65,Fri,1,Long_Distance
shopping,990.96,F,1,48,Fri,2,Long_Distance
grocery,358.27,F,1,73,Fri,2,Commute
grocery,372.4,F,1,48,Fri,3,Long_Distance
grocery,335.18,F,1,46,Fri,3,Long_Distance
misc,950.47,F,1,46,Fri,3,Long_Distance
grocery,6.68,F,1,46,Fri,3,Regional
grocery,286.7,F,1,65,Fri,9,Long_Distance
shopping,1131.83,F,1,46,Fri,10,Regional
shopping,869.58,F,1,65,Fri,22,Long_Distance
shopping,924.81,M,1,71,Fri,22,Regional
home,21.01,F,1,46,Fri,22,Regional
home,21.28,F,1,48,Fri,22,Commute
entertainment,580.36,F,1,73,Fri,22,Long_Distance
misc,811.41,F,1,65,Fri,23,Commute
shopping,1126.12,M,1,71,Fri,23,Long_Distance
travel,9.71,M,1,71,Fri,23,Commute
shopping,983.84,F,1,65,Fri,23,Local
shopping,928.67,M,1,71,Fri,23,Regional
home,17.51,F,1,46,Fri,23,Regional
shopping,986.52,M,1,71,Fri,23,Long_Distance
misc,49.08,F,1,73,Fri,23,Regional
home,251.77,F,1,46,Fri,23,Regional
entertainment,492.84,F,1,46,Fri,23,Long_Distance
misc,770.8,F,1,43,Sat,0,Long_Distance
grocery,332.13,F,1,48,Sat,0,Commute
shopping,877.56,F,1,43,Sat,1,Regional
entertainment,497.67,F,1,43,Sat,22,Long_Distance
home,16.5,F,1,48,Sat,22,Long_Distance
shopping,1046.06,F,1,43,Sat,23,Regional
entertainment,527.75,F,1,48,Sat,23,Commute
home,18.93,F,1,48,Sat,23,Regional
travel,10.87,F,1,43,Sun,0,Remote
shopping,1257.8,F,1,43,Sun,0,Long_Distance
grocery,291.93,F,1,61,Sun,0,Commute
grocery,325.98,F,1,61,Sun,0,Long_Distance
travel,11.08,F,1,43,Sun,0,Commute
grocery,361.1,F,1,43,Sun,2,Regional
grocery,325.86,F,1,43,Sun,3,Long_Distance
travel,9.33,F,1,43,Sun,13,Regional
grocery,333.08,F,1,61,Sun,15,Long_Distance
grocery,307.03,F,1,61,Sun,21,Long_Distance
home,17.57,F,1,43,Sun,22,Regional
home,236.34,F,1,43,Sun,22,Local
shopping,774.74,F,1,61,Sun,22,Long_Distance
grocery,322.25,F,1,61,Sun,23,Regional
misc,652.76,F,1,61,Sun,23,Local
misc,861.16,F,1,61,Sun,23,Commute
grocery,104.45,F,1,43,Sun,23,Long_Distance
travel,18.83,M,1,77,Mon,0,Regional
grocery,312.89,M,1,54,Mon,0,Regional
travel,18.53,M,1,77,Mon,0,Long_Distance
grocery,316.98,M,1,34,Mon,0,Regional
grocery,343.31,F,1,61,Mon,0,Regional
travel,18.55,M,1,54,Mon,1,Long_Distance
grocery,18.24,F,1,61,Mon,1,Commute
grocery,280.25,M,1,34,Mon,2,Regional
grocery,307.27,M,1,77,Mon,7,Commute
grocery,285.62,M,1,34,Mon,8,Commute
shopping,1115.59,M,1,54,Mon,14,Long_Distance
entertainment,662.99,M,1,54,Mon,19,Long_Distance
misc,811.54,M,1,54,Mon,20,Commute
personal,49.22,M,1,54,Mon,22,Long_Distance
grocery,309.91,M,1,54,Mon,22,Commute
misc,48.51,M,1,77,Mon,22,Regional
grocery,307.29,F,1,61,Mon,22,Regional
grocery,304.7,F,1,61,Mon,22,Long_Distance
personal,52.21,F,1,61,Mon,22,Regional
shopping,1052.39,M,1,77,Mon,22,Long_Distance
shopping,826.45,M,1,34,Mon,23,Local
entertainment,579.7,M,1,54,Mon,23,Regional
entertainment,574.19,M,1,77,Mon,23,Commute
grocery,326.21,M,1,77,Mon,23,Regional
shopping,946.78,M,1,34,Mon,23,Commute
misc,773.79,M,1,54,Mon,23,Commute
personal,48.76,F,1,61,Mon,23,Regional
shopping,778.43,M,1,34,Mon,23,Commute
travel,5.69,F,1,61,Mon,23,Long_Distance
misc,851.27,M,1,77,Mon,23,Commute
travel,10.86,M,1,57,Tue,0,Long_Distance
grocery,237.04,M,1,57,Tue,2,Long_Distance
shopping,932.56,M,1,57,Tue,15,Long_Distance
shopping,933.0,M,1,34,Tue,17,Regional
shopping,743.89,M,1,54,Tue,17,Long_Distance
misc,921.82,M,1,57,Tue,20,Long_Distance
shopping,977.24,M,1,77,Tue,22,Long_Distance
misc,885.48,M,1,54,Tue,22,Commute
entertainment,535.49,M,1,34,Tue,22,Long_Distance
grocery,328.01,M,1,54,Tue,23,Commute
misc,873.41,M,1,57,Tue,23,Commute
misc,795.4,M,1,77,Tue,23,Commute
misc,871.93,M,1,77,Tue,23,Commute
shopping,1028.46,M,1,54,Tue,23,Regional
misc,979.38,M,1,32,Wed,1,Regional
grocery,281.41,M,1,32,Wed,3,Long_Distance
grocery,306.78,M,1,57,Wed,3,Commute
travel,11.51,M,1,57,Wed,6,Long_Distance
misc,967.96,M,1,32,Wed,7,Regional
grocery,326.97,M,1,32,Wed,10,Regional
shopping,1097.96,M,1,57,Wed,23,Regional
shopping,995.68,M,1,57,Wed,23,Long_Distance
shopping,1054.9,M,1,57,Wed,23,Long_Distance
home,20.08,M,1,57,Wed,23,Remote
grocery,266.85,M,1,32,Thu,0,Long_Distance
grocery,280.15,M,1,32,Thu,0,Commute
grocery,272.15,M,1,79,Thu,0,Commute
travel,11.93,M,1,55,Thu,1,Regional
grocery,317.39,M,1,61,Thu,2,Commute
grocery,273.94,M,1,55,Thu,2,Commute
grocery,13.97,M,1,61,Thu,2,Commute
travel,10.46,M,1,79,Thu,3,Regional
grocery,9.36,M,1,32,Thu,8,Commute
shopping,1222.17,M,1,61,Thu,13,Regional
grocery,305.28,M,1,79,Thu,14,Remote
shopping,847.95,M,1,61,Thu,16,Regional
shopping,948.12,M,1,55,Thu,22,Regional
shopping,964.32,M,1,32,Thu,22,Commute
misc,633.85,M,1,55,Thu,22,Commute
shopping,1082.08,M,1,32,Thu,22,Long_Distance
shopping,1042.06,M,1,61,Thu,22,Regional
shopping,902.9,M,1,79,Thu,22,Regional
shopping,951.95,M,1,79,Thu,22,Regional
shopping,885.72,M,1,55,Thu,22,Regional
misc,49.83,M,1,61,Thu,22,Commute
home,5.21,M,1,61,Thu,23,Long_Distance
shopping,942.89,M,1,55,Thu,23,Long_Distance
misc,833.02,M,1,79,Thu,23,Commute
shopping,1009.82,M,1,32,Thu,23,Commute
misc,910.69,M,1,55,Thu,23,Regional
shopping,873.82,M,1,32,Thu,23,Long_Distance
grocery,315.44,M,1,79,Thu,23,Commute
travel,21.31,M,1,61,Fri,0,Regional
grocery,355.37,M,1,79,Fri,1,Local
grocery,358.01,F,1,28,Fri,1,Long_Distance
shopping,858.92,F,1,28,Fri,1,Long_Distance
grocery,301.73,M,1,55,Fri,2,Long_Distance
misc,9.0,F,1,28,Fri,3,Long_Distance
grocery,288.99,F,1,56,Fri,3,Commute
travel,24.26,M,1,61,Fri,4,Long_Distance
misc,7.19,F,1,28,Fri,10,Commute
grocery,311.53,M,1,38,Fri,16,Commute
grocery,312.88,M,1,55,Fri,20,Long_Distance
shopping,1112.81,M,1,55,Fri,22,Commute
shopping,956.38,M,1,38,Fri,22,Regional
shopping,934.88,M,1,38,Fri,22,Commute
shopping,951.58,M,1,38,Fri,22,Long_Distance
grocery,310.03,M,1,38,Fri,22,Commute
shopping,927.82,M,1,38,Fri,22,Long_Distance
misc,702.75,M,1,55,Fri,22,Regional
shopping,870.91,M,1,79,Fri,22,Long_Distance
personal,17.81,F,1,28,Fri,22,Long_Distance
shopping,1016.82,M,1,38,Fri,23,Long_Distance
shopping,968.76,F,1,56,Fri,23,Commute
shopping,1053.93,M,1,61,Fri,23,Long_Distance
shopping,1094.12,M,1,55,Fri,23,Long_Distance
shopping,963.17,F,1,56,Fri,23,Regional
shopping,973.5,M,1,38,Fri,23,Commute
home,272.25,F,1,28,Fri,23,Regional
entertainment,463.74,F,1,28,Sat,0,Long_Distance
shopping,898.86,F,1,28,Sat,0,Long_Distance
shopping,1086.61,F,1,34,Sat,0,Commute
travel,7.52,M,1,38,Sat,0,Commute
shopping,797.81,F,1,28,Sat,1,Commute
grocery,278.4,M,1,38,Sat,1,Regional
entertainment,513.6,F,1,28,Sat,1,Long_Distance
grocery,312.3,M,1,38,Sat,1,Regional
shopping,910.76,F,1,28,Sat,2,Long_Distance
travel,19.96,M,1,50,Sat,2,Regional
travel,7.82,M,1,38,Sat,3,Long_Distance
shopping,1008.16,F,1,56,Sat,14,Regional
shopping,1050.98,M,1,38,Sat,21,Commute
misc,796.63,F,1,56,Sat,22,Long_Distance
personal,23.07,F,1,34,Sat,22,Commute
grocery,340.44,M,1,50,Sat,22,Commute
shopping,1204.44,M,1,50,Sat,22,Commute
personal,20.68,F,1,34,Sat,22,Long_Distance
misc,810.44,F,1,56,Sat,22,Commute
grocery,276.21,M,1,50,Sat,22,Commute
travel,8.98,F,1,34,Sat,23,Long_Distance
shopping,1101.74,M,1,38,Sat,23,Commute
misc,835.8,F,1,56,Sat,23,Remote
misc,50.57,M,1,50,Sat,23,Long_Distance
shopping,791.91,M,1,50,Sat,23,Long_Distance
shopping,962.98,M,1,50,Sat,23,Local
travel,17.95,M,1,50,Sun,0,Regional
grocery,381.39,F,1,34,Sun,1,Regional
travel,20.78,M,1,50,Sun,3,Regional
grocery,348.72,F,1,34,Sun,9,Commute
travel,23.33,M,1,50,Sun,11,Commute
shopping,957.27,M,1,50,Sun,22,Commute
shopping,864.55,M,1,50,Sun,23,Long_Distance
shopping,1059.12,F,1,47,Tue,0,Commute
grocery,354.0,F,1,47,Tue,1,Long_Distance
shopping,811.28,F,1,36,Tue,1,Regional
misc,837.95,F,1,47,Tue,2,Local
misc,690.94,F,1,36,Tue,2,Commute
grocery,353.55,F,1,25,Tue,3,Long_Distance
entertainment,466.76,F,1,25,Tue,3,Long_Distance
misc,868.4,F,1,36,Tue,3,Regional
misc,885.76,F,1,25,Tue,3,Local
shopping,1017.04,F,1,47,Tue,3,Commute
shopping,1143.13,F,1,36,Tue,9,Commute
shopping,884.54,F,1,36,Tue,18,Commute
entertainment,589.16,F,1,36,Tue,19,Regional
home,23.01,F,1,36,Tue,22,Long_Distance
home,257.87,F,1,36,Tue,22,Regional
home,18.42,F,1,25,Tue,23,Regional
home,18.47,F,1,36,Tue,23,Regional
grocery,367.34,F,1,36,Wed,0,Commute
entertainment,481.96,F,1,25,Wed,0,Commute
travel,10.24,F,1,92,Wed,0,Regional
travel,8.47,F,1,25,Wed,0,Long_Distance
shopping,1139.01,F,1,47,Wed,0,Regional
entertainment,476.38,F,1,25,Wed,1,Commute
shopping,766.98,F,1,25,Wed,1,Long_Distance
grocery,283.34,M,1,65,Wed,1,Regional
grocery,290.93,F,1,92,Wed,2,Long_Distance
grocery,359.7,F,1,36,Wed,2,Long_Distance
grocery,304.23,F,1,92,Wed,3,Commute
shopping,921.68,F,1,25,Wed,3,Commute
shopping,864.32,F,1,47,Wed,4,Long_Distance
travel,10.22,M,1,65,Wed,5,Remote
travel,11.39,M,1,65,Wed,6,Regional
home,20.71,F,1,47,Wed,12,Long_Distance
grocery,115.73,F,1,25,Wed,13,Regional
home,20.29,F,1,36,Wed,14,Commute
health,24.52,F,1,25,Wed,21,Long_Distance
travel,10.89,F,1,36,Wed,22,Commute
shopping,1009.46,M,1,65,Wed,22,Regional
shopping,926.32,M,1,65,Wed,22,Long_Distance
health,20.96,F,1,25,Wed,23,Commute
shopping,1030.79,F,1,92,Wed,23,Regional
grocery,140.67,F,1,47,Wed,23,Commute
grocery,315.49,M,1,65,Wed,23,Long_Distance
personal,21.8,F,1,36,Wed,23,Commute
grocery,311.43,F,1,92,Thu,0,Commute
travel,7.31,M,1,92,Thu,2,Commute
grocery,323.61,F,1,92,Thu,2,Local
grocery,311.16,F,1,92,Thu,11,Long_Distance
misc,7.37,F,1,92,Thu,12,Long_Distance
misc,919.63,F,1,92,Thu,16,Commute
grocery,273.41,F,1,92,Thu,22,Long_Distance
grocery,112.59,M,1,92,Thu,22,Regional
shopping,991.85,M,1,92,Thu,23,Long_Distance
shopping,1179.79,M,1,65,Thu,23,Regional
misc,705.52,M,1,92,Thu,23,Regional
personal,23.97,F,1,92,Thu,23,Local
grocery,339.45,M,1,56,Fri,0,Regional
grocery,302.1,M,1,23,Fri,0,Commute
travel,9.86,M,1,52,Fri,0,Long_Distance
travel,8.1,M,1,23,Fri,1,Commute
grocery,282.17,M,1,23,Fri,1,Regional
entertainment,533.89,F,1,38,Fri,2,Long_Distance
grocery,111.86,F,1,45,Fri,2,Long_Distance
travel,9.21,F,1,19,Fri,3,Long_Distance
entertainment,524.44,F,1,45,Fri,3,Long_Distance
grocery,279.67,M,1,92,Fri,7,Long_Distance
shopping,776.69,F,1,38,Fri,8,Commute
grocery,329.89,M,1,56,Fri,9,Long_Distance
misc,788.28,F,1,19,Fri,13,Commute
health,22.44,F,1,45,Fri,16,Commute
travel,10.23,M,1,92,Fri,16,Commute
home,22.69,F,1,45,Fri,17,Remote
shopping,1154.81,M,1,23,Fri,18,Long_Distance
grocery,314.09,M,1,56,Fri,18,Long_Distance
shopping,977.1,M,1,23,Fri,22,Regional
shopping,940.96,M,1,92,Fri,22,Regional
home,258.26,F,1,45,Fri,22,Long_Distance
misc,8.23,M,1,52,Fri,22,Long_Distance
shopping,1099.67,M,1,23,Fri,22,Long_Distance
personal,17.5,M,1,92,Fri,22,Long_Distance
misc,805.96,M,1,23,Fri,23,Local
grocery,295.04,M,1,92,Fri,23,Remote
shopping,1132.86,M,1,52,Fri,23,Local
misc,687.35,M,1,56,Fri,23,Long_Distance
misc,609.58,M,1,92,Fri,23,Regional
shopping,1143.67,M,1,92,Fri,23,Regional
grocery,298.33,M,1,52,Sat,0,Remote
travel,10.76,F,1,38,Sat,0,Commute
shopping,802.81,F,1,38,Sat,1,Local
travel,9.94,M,1,23,Sat,1,Commute
grocery,316.18,M,1,52,Sat,1,Long_Distance
grocery,302.28,F,1,19,Sat,1,Commute
travel,10.31,F,1,45,Sat,1,Long_Distance
shopping,785.63,F,1,38,Sat,2,Long_Distance
entertainment,453.58,F,1,45,Sat,2,Regional
grocery,318.37,M,1,23,Sat,3,Commute
grocery,16.63,M,1,56,Sat,5,Regional
grocery,279.99,M,1,52,Sat,11,Commute
misc,7.21,M,1,52,Sat,18,Commute
home,212.42,F,1,38,Sat,22,Local
shopping,1136.04,M,1,23,Sat,22,Regional
personal,19.24,F,1,45,Sat,22,Long_Distance
home,245.23,F,1,45,Sat,22,Long_Distance
shopping,973.84,M,1,23,Sat,22,Regional
shopping,945.66,F,1,19,Sat,22,Long_Distance
shopping,1204.67,F,1,19,Sat,22,Long_Distance
misc,745.25,M,1,56,Sat,22,Long_Distance
personal,18.35,F,1,45,Sat,22,Regional
misc,739.18,M,1,23,Sat,22,Commute
health,19.98,F,1,38,Sat,23,Long_Distance
travel,12.41,M,1,52,Sat,23,Long_Distance
travel,6.2,M,1,56,Sat,23,Commute
entertainment,495.05,F,1,19,Sat,23,Long_Distance
travel,9.91,F,1,20,Sun,1,Regional
travel,8.78,F,1,20,Sun,1,Long_Distance
grocery,295.16,F,1,20,Sun,1,Commute
grocery,269.76,F,1,20,Sun,2,Long_Distance
grocery,307.86,F,1,20,Sun,5,Commute
misc,1054.8,F,1,20,Sun,12,Long_Distance
shopping,1194.56,F,1,20,Sun,20,Regional
shopping,1256.43,F,1,20,Sun,23,Long_Distance
misc,708.06,F,1,20,Sun,23,Commute
misc,757.36,F,1,20,Sun,23,Regional
misc,6.33,F,1,20,Sun,23,Commute
travel,8.45,M,1,81,Mon,0,Long_Distance
grocery,301.9,F,1,20,Mon,1,Long_Distance
grocery,282.54,F,1,20,Mon,1,Commute
travel,10.41,F,1,47,Mon,1,Commute
grocery,297.29,F,1,90,Mon,3,Commute
grocery,315.55,M,1,81,Mon,3,Regional
travel,9.86,M,1,81,Mon,3,Regional
travel,7.97,F,1,20,Mon,3,Commute
shopping,955.52,F,1,47,Mon,9,Long_Distance
personal,21.96,F,1,47,Mon,15,Long_Distance
shopping,1162.35,M,1,81,Mon,17,Long_Distance
misc,8.65,F,1,90,Mon,22,Long_Distance
health,18.08,M,1,81,Mon,22,Long_Distance
shopping,932.41,M,1,81,Mon,22,Commute
health,26.13,F,1,47,Mon,22,Regional
shopping,951.47,F,1,90,Mon,22,Long_Distance
misc,730.3,F,1,90,Mon,22,Commute
health,18.2,F,1,47,Mon,23,Long_Distance
health,19.57,F,1,47,Mon,23,Commute
shopping,858.93,F,1,90,Mon,23,Long_Distance
shopping,866.89,F,1,90,Mon,23,Long_Distance
shopping,797.05,M,1,81,Mon,23,Commute
misc,6.39,F,1,20,Mon,23,Regional
home,231.12,F,1,47,Mon,23,Commute
home,270.28,F,1,47,Mon,23,Regional
health,19.82,F,1,47,Mon,23,Regional
home,22.45,F,1,90,Mon,23,Commute
misc,758.05,F,1,47,Tue,0,Regional
grocery,316.84,M,1,81,Tue,0,Long_Distance
grocery,315.96,M,1,81,Tue,1,Commute
travel,8.12,F,1,47,Tue,2,Commute
travel,9.21,M,1,81,Tue,3,Commute
grocery,289.41,M,1,81,Tue,3,Regional
shopping,1051.21,F,1,90,Tue,16,Remote
shopping,1057.1,F,1,90,Tue,23,Commute
shopping,1034.07,F,1,90,Tue,23,Commute
home,236.87,F,1,47,Tue,23,Long_Distance
grocery,336.08,M,1,71,Wed,2,Long_Distance
shopping,850.83,F,1,61,Wed,17,Commute
shopping,1142.62,F,1,61,Wed,20,Commute
grocery,335.02,M,1,71,Wed,22,Regional
shopping,1011.94,M,1,71,Wed,23,Long_Distance
misc,821.02,F,1,61,Wed,23,Long_Distance
travel,7.55,M,1,71,Wed,23,Long_Distance
travel,20.15,F,1,61,Thu,1,Commute
grocery,16.21,F,1,61,Thu,1,Commute
travel,19.71,F,1,61,Thu,1,Long_Distance
shopping,823.05,F,1,61,Thu,13,Long_Distance
shopping,1045.91,M,1,71,Thu,22,Regional
entertainment,621.8,M,1,71,Thu,22,Regional
shopping,1126.82,F,1,61,Thu,22,Commute
shopping,908.46,F,1,61,Thu,23,Long_Distance
grocery,17.8,F,1,22,Sat,0,Commute
shopping,844.43,F,1,25,Sat,1,Regional
grocery,287.07,F,1,22,Sat,1,Long_Distance
grocery,320.93,F,1,22,Sat,3,Commute
shopping,686.01,F,1,22,Sat,22,Long_Distance
shopping,874.83,F,1,22,Sat,22,Long_Distance
shopping,866.48,F,1,25,Sat,22,Remote
entertainment,487.15,F,1,25,Sat,22,Long_Distance
shopping,1051.95,F,1,22,Sat,22,Regional
shopping,1014.26,F,1,25,Sat,22,Long_Distance
home,22.1,F,1,22,Sat,23,Long_Distance
home,15.95,F,1,25,Sat,23,Commute
shopping,955.57,F,1,22,Sat,23,Regional
shopping,934.9,F,1,22,Sat,23,Commute
grocery,310.48,F,1,22,Sun,0,Commute
travel,8.82,F,1,22,Sun,1,Regional
misc,837.11,F,1,22,Sun,3,Commute
shopping,1108.62,M,1,55,Sun,15,Long_Distance
shopping,1170.83,F,1,22,Sun,17,Long_Distance
health,17.91,F,1,25,Sun,22,Long_Distance
shopping,1080.47,F,1,22,Sun,22,Long_Distance
shopping,1048.63,F,1,22,Sun,22,Commute
misc,694.57,M,1,55,Sun,22,Commute
shopping,1185.32,M,1,55,Sun,22,Long_Distance
shopping,856.78,M,1,55,Sun,23,Commute
misc,942.82,M,1,55,Sun,23,Long_Distance
health,19.74,F,1,25,Sun,23,Regional
shopping,623.89,F,1,22,Sun,23,Regional
shopping,875.12,M,1,55,Sun,23,Regional
grocery,98.7,F,1,48,Mon,0,Regional
grocery,13.53,M,1,55,Mon,2,Long_Distance
grocery,128.49,F,1,48,Mon,3,Long_Distance
health,19.3,M,1,55,Mon,16,Commute
misc,773.4,M,1,55,Mon,22,Regional
shopping,992.2,M,1,55,Mon,22,Commute
grocery,391.43,F,1,29,Tue,0,Long_Distance
shopping,1038.29,F,1,48,Tue,1,Remote
shopping,897.66,F,1,29,Tue,2,Long_Distance
grocery,331.74,F,1,29,Tue,3,Long_Distance
personal,21.18,F,1,29,Tue,22,Long_Distance
misc,795.73,F,1,29,Wed,0,Long_Distance
travel,9.47,M,1,18,Wed,2,Regional
shopping,907.95,F,1,29,Wed,2,Long_Distance
grocery,369.14,F,1,26,Wed,2,Regional
grocery,269.84,M,1,18,Wed,3,Long_Distance
shopping,895.53,F,1,29,Wed,3,Long_Distance
grocery,345.67,F,1,29,Wed,3,Commute
misc,798.46,M,1,18,Wed,3,Regional
grocery,282.82,M,1,38,Wed,6,Local
shopping,928.19,M,1,38,Wed,22,Long_Distance
shopping,871.92,M,1,18,Wed,22,Regional
shopping,958.38,M,1,38,Wed,23,Commute
home,18.52,F,1,26,Wed,23,Long_Distance
home,269.86,F,1,26,Wed,23,Regional
grocery,282.97,M,1,38,Wed,23,Remote
shopping,809.46,M,1,18,Wed,23,Commute
shopping,1083.02,M,1,38,Wed,23,Long_Distance
shopping,994.0,M,1,18,Wed,23,Remote
grocery,295.47,M,1,38,Thu,0,Regional
grocery,358.55,F,1,26,Thu,0,Commute
misc,857.34,M,1,18,Thu,0,Remote
grocery,335.96,M,1,18,Thu,1,Long_Distance
travel,11.7,M,1,38,Thu,1,Commute
shopping,791.92,F,1,26,Thu,2,Long_Distance
shopping,933.08,F,1,26,Thu,4,Regional
misc,907.76,M,1,18,Thu,15,Long_Distance
misc,816.43,F,1,54,Thu,22,Commute
shopping,1213.87,M,1,18,Thu,22,Regional
shopping,814.74,M,1,38,Thu,23,Commute
shopping,853.84,M,1,38,Thu,23,Remote
home,403.93,F,1,54,Thu,23,Commute
travel,24.84,F,1,54,Fri,0,Commute
grocery,319.57,F,1,54,Fri,1,Long_Distance
shopping,872.79,F,1,54,Fri,22,Regional
personal,50.3,F,1,54,Fri,22,Regional
grocery,307.8,F,1,54,Fri,23,Local
grocery,316.5,M,1,41,Sat,0,Local
travel,8.71,M,1,41,Sat,2,Commute
grocery,285.75,M,1,41,Sat,3,Regional
travel,9.36,M,1,41,Sat,3,Commute
shopping,900.17,M,1,41,Sat,23,Long_Distance
shopping,744.64,M,1,41,Sat,23,Commute
shopping,1173.54,M,1,41,Sat,23,Regional
travel,7.87,F,1,61,Sun,1,Long_Distance
misc,793.53,M,1,38,Sun,1,Long_Distance
misc,659.64,M,1,38,Sun,1,Long_Distance
misc,650.82,M,1,38,Sun,2,Remote
travel,12.82,M,1,38,Sun,2,Regional
shopping,948.76,M,1,38,Sun,13,Regional
shopping,885.19,F,1,61,Sun,19,Long_Distance
shopping,997.25,F,1,61,Sun,22,Long_Distance
home,21.04,M,1,38,Sun,22,Commute
grocery,310.44,F,1,61,Sun,23,Remote
travel,9.99,F,1,61,Sun,23,Regional
shopping,940.16,F,1,61,Sun,23,Long_Distance
shopping,1053.8,F,1,61,Sun,23,Commute
travel,17.65,M,1,51,Mon,0,Long_Distance
grocery,339.61,M,1,51,Mon,1,Regional
grocery,307.56,M,1,38,Mon,2,Regional
grocery,311.01,M,1,51,Mon,2,Commute
grocery,350.75,M,1,51,Mon,2,Commute
grocery,7.65,M,1,38,Mon,3,Long_Distance
grocery,302.16,M,1,51,Mon,3,Commute
travel,12.13,M,1,38,Mon,3,Commute
grocery,300.98,M,1,51,Mon,6,Local
shopping,884.05,M,1,51,Mon,17,Long_Distance
grocery,276.48,F,1,61,Mon,18,Long_Distance
shopping,887.45,M,1,38,Mon,22,Regional
misc,913.18,F,1,61,Mon,22,Regional
misc,818.46,M,1,51,Mon,22,Regional
shopping,1071.8,F,1,61,Mon,22,Local
entertainment,537.36,M,1,51,Mon,22,Long_Distance
misc,826.39,F,1,61,Mon,23,Long_Distance
shopping,918.24,M,1,51,Mon,23,Long_Distance
misc,862.11,F,1,61,Mon,23,Commute
shopping,1012.71,M,1,38,Mon,23,Regional
travel,17.28,M,1,51,Tue,1,Commute
grocery,350.7,M,1,51,Tue,19,Long_Distance
misc,910.76,F,1,90,Tue,22,Long_Distance
entertainment,612.5,M,1,51,Tue,23,Commute
misc,697.52,F,1,90,Tue,23,Commute
home,390.85,M,1,51,Tue,23,Long_Distance
misc,49.83,F,1,90,Tue,23,Commute
shopping,946.04,M,1,51,Tue,23,Long_Distance
travel,23.02,F,1,90,Wed,0,Long_Distance
grocery,12.0,F,1,90,Wed,2,Long_Distance
grocery,349.7,F,1,90,Wed,2,Long_Distance
grocery,326.64,F,1,90,Wed,2,Commute
shopping,974.95,F,1,90,Wed,12,Regional
grocery,337.68,F,1,90,Wed,22,Long_Distance
misc,847.19,F,1,90,Wed,23,Regional
grocery,340.41,F,1,90,Wed,23,Remote
shopping,873.75,F,1,90,Wed,23,Long_Distance
grocery,297.86,M,1,37,Thu,1,Regional
grocery,279.01,M,1,37,Thu,2,Regional
grocery,322.29,M,1,37,Thu,2,Commute
shopping,1020.45,M,1,37,Thu,14,Long_Distance
personal,22.51,M,1,37,Thu,15,Long_Distance
shopping,990.74,F,1,54,Thu,22,Commute
grocery,319.85,F,1,54,Thu,23,Commute
shopping,970.76,M,1,37,Thu,23,Commute
travel,19.94,M,1,87,Fri,0,Commute
travel,18.41,M,1,87,Fri,0,Commute
travel,22.8,F,1,54,Fri,1,Long_Distance
grocery,323.44,F,1,54,Fri,2,Commute
grocery,293.14,M,1,37,Fri,2,Long_Distance
grocery,345.91,M,1,87,Fri,3,Remote
travel,17.72,M,1,87,Fri,3,Commute
travel,21.71,M,1,87,Fri,9,Regional
grocery,299.93,M,1,37,Fri,21,Commute
shopping,1071.78,M,1,87,Fri,22,Long_Distance
shopping,929.44,M,1,87,Fri,22,Long_Distance
grocery,312.6,M,1,37,Fri,23,Commute
grocery,302.12,M,1,37,Fri,23,Commute
grocery,340.95,M,1,87,Sat,1,Long_Distance
grocery,13.19,M,1,87,Sat,1,Regional
grocery,346.44,M,1,87,Sat,8,Long_Distance
misc,742.26,M,1,51,Sat,15,Regional
misc,49.85,M,1,87,Sat,22,Commute
misc,758.99,M,1,51,Sat,22,Long_Distance
misc,732.99,M,1,51,Sat,22,Long_Distance
shopping,932.2,M,1,87,Sat,22,Long_Distance
travel,1.18,M,1,87,Sat,22,Long_Distance
shopping,931.0,M,1,51,Sat,23,Long_Distance
shopping,1029.83,M,1,51,Sat,23,Regional
misc,868.14,M,1,87,Sat,23,Regional
shopping,815.38,M,1,51,Sat,23,Regional
grocery,17.56,M,1,51,Sun,1,Remote
grocery,332.61,M,1,51,Sun,3,Long_Distance
shopping,1160.47,M,1,54,Sun,19,Local
shopping,985.49,M,1,54,Sun,22,Long_Distance
shopping,713.24,M,1,51,Sun,22,Long_Distance
misc,978.91,M,1,54,Sun,22,Regional
grocery,103.9,M,1,54,Sun,22,Long_Distance
misc,799.11,M,1,51,Sun,23,Commute
shopping,890.87,M,1,54,Sun,23,Regional
grocery,11.28,M,1,54,Mon,2,Commute
travel,9.07,M,1,54,Mon,3,Long_Distance
shopping,829.05,M,1,54,Mon,22,Long_Distance
misc,733.51,M,1,54,Mon,23,Commute
shopping,860.53,M,1,54,Mon,23,Long_Distance
shopping,927.78,M,1,54,Mon,23,Remote
misc,859.7,M,1,54,Mon,23,Long_Distance
grocery,264.87,M,1,35,Tue,0,Regional
grocery,289.11,M,1,43,Tue,3,Long_Distance
travel,8.73,M,1,35,Tue,3,Long_Distance
grocery,308.25,M,1,43,Tue,3,Long_Distance
travel,8.86,M,1,43,Tue,5,Long_Distance
home,18.62,M,1,35,Tue,12,Long_Distance
shopping,1094.57,M,1,35,Tue,19,Remote
misc,727.32,M,1,43,Tue,20,Regional
misc,683.14,M,1,35,Tue,22,Commute
misc,782.4,M,1,43,Tue,22,Long_Distance
shopping,997.32,M,1,35,Tue,22,Commute
shopping,928.13,M,1,35,Tue,22,Commute
grocery,119.29,M,1,35,Tue,22,Long_Distance
misc,734.75,M,1,92,Tue,22,Long_Distance
shopping,888.44,M,1,92,Tue,22,Commute
shopping,1045.75,M,1,43,Tue,23,Regional
misc,613.99,M,1,92,Tue,23,Regional
shopping,989.17,M,1,43,Tue,23,Long_Distance
shopping,1053.81,M,1,43,Tue,23,Long_Distance
grocery,8.05,M,1,77,Wed,0,Long_Distance
grocery,296.69,M,1,43,Wed,1,Long_Distance
grocery,309.33,M,1,77,Wed,1,Commute
grocery,306.6,M,1,77,Wed,2,Local
grocery,287.26,M,1,41,Wed,10,Regional
misc,7.13,M,1,77,Wed,16,Regional
grocery,346.58,M,1,92,Wed,16,Regional
shopping,1000.47,M,1,41,Wed,18,Regional
shopping,1164.36,M,1,43,Wed,19,Long_Distance
shopping,993.93,M,1,35,Wed,22,Commute
shopping,1128.77,M,1,43,Wed,22,Commute
misc,757.82,M,1,43,Wed,22,Commute
grocery,350.64,M,1,92,Wed,22,Regional
shopping,988.04,M,1,77,Wed,22,Long_Distance
grocery,331.2,M,1,92,Wed,22,Remote
shopping,929.76,M,1,77,Wed,23,Regional
shopping,774.11,M,1,43,Wed,23,Regional
shopping,974.78,M,1,41,Wed,23,Long_Distance
shopping,1173.4,M,1,35,Wed,23,Long_Distance
grocery,319.37,M,1,43,Wed,23,Remote
grocery,264.88,M,1,77,Thu,0,Long_Distance
grocery,316.73,M,1,41,Thu,9,Long_Distance
misc,8.4,M,1,41,Thu,13,Commute
shopping,933.83,M,1,77,Thu,14,Long_Distance
shopping,877.57,M,1,77,Thu,22,Regional
shopping,879.31,M,1,41,Thu,22,Long_Distance
shopping,940.74,M,1,77,Thu,22,Commute
shopping,1036.43,M,1,77,Thu,23,Long_Distance
shopping,897.82,M,1,77,Thu,23,Remote
shopping,1069.44,M,1,41,Thu,23,Regional
shopping,802.95,F,1,27,Fri,1,Long_Distance
grocery,306.26,M,1,33,Fri,2,Local
grocery,295.59,M,1,43,Fri,3,Regional
misc,870.34,M,1,33,Fri,3,Commute
grocery,271.17,M,1,33,Fri,5,Long_Distance
travel,6.47,F,1,27,Fri,5,Long_Distance
shopping,899.06,M,1,33,Fri,20,Long_Distance
shopping,973.89,M,1,43,Fri,22,Long_Distance
shopping,1089.5,M,1,43,Fri,22,Long_Distance
entertainment,495.11,M,1,43,Fri,22,Regional
grocery,110.39,M,1,43,Fri,23,Long_Distance
shopping,1052.8,M,1,43,Fri,23,Long_Distance
entertainment,577.62,F,1,27,Sat,1,Regional
misc,7.61,F,1,27,Sat,1,Regional
grocery,307.42,M,1,43,Sat,1,Long_Distance
shopping,983.87,F,1,27,Sat,2,Commute
misc,845.48,M,1,43,Sat,2,Long_Distance
grocery,312.32,M,1,33,Sat,3,Commute
misc,771.14,M,1,43,Sat,3,Regional
misc,725.31,M,1,33,Sat,3,Regional
travel,10.05,M,1,43,Sat,4,Commute
shopping,772.91,F,1,27,Sat,6,Regional
personal,19.41,F,1,27,Sat,14,Long_Distance
shopping,869.52,M,1,33,Sat,22,Regional
shopping,948.93,M,1,43,Sat,22,Commute
shopping,1092.74,M,1,33,Sat,23,Commute
shopping,719.06,M,1,33,Sat,23,Commute
grocery,289.02,M,1,71,Sun,22,Commute
shopping,835.73,M,1,71,Sun,22,Long_Distance
shopping,851.8,M,1,71,Sun,23,Long_Distance
misc,698.55,M,1,71,Sun,23,Commute
grocery,255.87,M,1,71,Mon,1,Long_Distance
travel,11.87,M,1,71,Mon,1,Long_Distance
grocery,239.07,M,1,71,Mon,2,Long_Distance
grocery,273.06,M,1,71,Mon,8,Regional
shopping,980.37,M,1,71,Mon,22,Regional
shopping,913.02,M,1,71,Mon,23,Remote
travel,18.59,M,1,50,Tue,0,Long_Distance
grocery,339.86,M,1,50,Tue,1,Regional
grocery,15.61,M,1,50,Tue,1,Long_Distance
grocery,315.03,M,1,50,Tue,3,Commute
shopping,920.59,M,1,50,Tue,22,Long_Distance
shopping,780.81,M,1,50,Tue,22,Regional
shopping,1065.52,M,1,50,Tue,23,Long_Distance
travel,21.07,M,1,50,Wed,3,Commute
grocery,351.32,M,1,50,Wed,11,Commute
shopping,779.33,M,1,50,Wed,13,Long_Distance
shopping,991.83,M,1,50,Wed,22,Long_Distance
home,4.79,M,1,50,Wed,22,Commute
shopping,895.84,M,1,50,Wed,22,Long_Distance
shopping,798.71,M,1,50,Wed,23,Long_Distance
shopping,1029.09,M,1,50,Wed,23,Remote
misc,929.5,M,1,20,Thu,0,Long_Distance
travel,11.61,M,1,20,Thu,1,Long_Distance
misc,723.19,M,1,20,Thu,3,Long_Distance
travel,14.01,F,1,55,Thu,5,Regional
shopping,861.34,F,1,55,Thu,22,Regional
grocery,289.51,F,1,55,Thu,22,Long_Distance
misc,865.88,F,1,55,Thu,23,Long_Distance
personal,20.51,M,1,20,Thu,23,Long_Distance
shopping,999.18,M,1,20,Thu,23,Regional
shopping,736.18,M,1,20,Thu,23,Local
shopping,756.01,M,1,20,Thu,23,Commute
grocery,309.33,F,1,55,Fri,0,Long_Distance
grocery,262.56,F,1,55,Fri,0,Commute
grocery,289.82,M,1,20,Fri,0,Commute
travel,9.57,F,1,59,Fri,0,Regional
grocery,309.88,M,1,20,Fri,1,Regional
travel,11.93,F,1,55,Fri,1,Commute
grocery,297.95,F,1,55,Fri,1,Regional
grocery,321.81,M,1,20,Fri,2,Commute
misc,792.33,M,1,39,Fri,2,Regional
grocery,296.76,M,1,39,Fri,2,Long_Distance
grocery,304.1,M,1,20,Fri,3,Long_Distance
grocery,293.09,M,1,20,Fri,9,Regional
shopping,999.84,F,1,55,Fri,12,Long_Distance
shopping,790.36,M,1,20,Fri,15,Long_Distance
misc,676.39,F,1,84,Fri,18,Long_Distance
misc,925.43,M,1,39,Fri,20,Long_Distance
shopping,872.94,F,1,55,Fri,22,Regional
shopping,964.86,M,1,20,Fri,22,Remote
shopping,883.54,M,1,20,Fri,22,Commute
shopping,1046.02,M,1,20,Fri,22,Remote
shopping,991.86,F,1,84,Fri,22,Long_Distance
shopping,945.07,F,1,55,Fri,22,Commute
shopping,823.24,F,1,59,Fri,23,Regional
shopping,776.37,M,1,39,Fri,23,Regional
shopping,1102.19,F,1,59,Fri,23,Regional
grocery,277.2,F,1,55,Fri,23,Regional
entertainment,557.02,F,1,84,Fri,23,Regional
grocery,314.42,F,1,15,Sat,0,Commute
travel,7.19,M,1,39,Sat,1,Regional
travel,13.58,M,1,39,Sat,1,Long_Distance
misc,790.78,M,1,39,Sat,2,Long_Distance
travel,8.62,M,1,39,Sat,2,Long_Distance
travel,10.15,F,1,59,Sat,2,Long_Distance
misc,899.6,M,1,39,Sat,3,Regional
grocery,292.07,F,1,59,Sat,3,Long_Distance
shopping,1223.77,F,1,59,Sat,15,Long_Distance
misc,777.94,M,1,39,Sat,20,Long_Distance
shopping,1088.06,F,1,59,Sat,22,Long_Distance
misc,656.01,M,1,39,Sat,22,Commute
travel,10.92,F,1,59,Sat,22,Regional
home,21.77,F,1,15,Sat,22,Commute
shopping,1094.71,F,1,15,Sat,22,Long_Distance
grocery,287.63,F,1,59,Sat,23,Long_Distance
misc,8.57,F,1,59,Sat,23,Long_Distance
shopping,906.39,F,1,59,Sat,23,Long_Distance
home,4.8,F,1,84,Sat,23,Commute
shopping,752.7,F,1,84,Sat,23,Long_Distance
travel,20.53,M,1,58,Sun,0,Long_Distance
travel,18.06,M,1,58,Sun,0,Commute
grocery,294.91,F,1,19,Sun,0,Regional
grocery,311.8,M,1,79,Sun,1,Long_Distance
misc,868.29,F,1,19,Sun,1,Commute
travel,8.99,F,1,15,Sun,2,Commute
grocery,280.26,F,1,19,Sun,2,Long_Distance
grocery,296.25,F,1,19,Sun,10,Commute
grocery,301.82,M,1,79,Sun,19,Commute
grocery,348.41,M,1,58,Sun,22,Local
shopping,1224.1,F,1,15,Sun,22,Remote
shopping,944.92,M,1,79,Sun,22,Commute
home,18.87,F,1,29,Sun,22,Commute
shopping,1003.41,M,1,58,Sun,23,Regional
home,266.59,M,1,79,Sun,23,Long_Distance
health,20.58,F,1,19,Sun,23,Commute
home,24.25,F,1,29,Sun,23,Commute
misc,719.08,M,1,79,Sun,23,Long_Distance
grocery,331.56,M,1,58,Sun,23,Commute
shopping,1012.77,F,1,19,Sun,23,Long_Distance
grocery,341.8,M,1,58,Mon,0,Regional
grocery,340.02,M,1,54,Mon,0,Commute
travel,18.55,F,1,52,Mon,0,Remote
grocery,307.53,M,1,54,Mon,0,Long_Distance
grocery,298.19,F,1,52,Mon,0,Regional
entertainment,554.94,F,1,29,Mon,1,Regional
grocery,286.12,M,1,79,Mon,1,Regional
grocery,344.48,M,1,54,Mon,1,Commute
misc,885.96,F,1,19,Mon,3,Remote
grocery,12.43,F,1,29,Mon,3,Commute
grocery,10.93,F,1,19,Mon,10,Remote
travel,20.3,M,1,54,Mon,10,Long_Distance
travel,2.13,F,1,52,Mon,14,Regional
shopping,909.36,M,1,79,Mon,19,Remote
shopping,973.38,M,1,54,Mon,22,Long_Distance
grocery,327.57,M,1,58,Mon,22,Regional
personal,18.81,F,1,29,Mon,22,Regional
misc,882.64,M,1,58,Mon,22,Regional
misc,794.06,M,1,54,Mon,22,Regional
shopping,977.96,M,1,79,Mon,22,Regional
shopping,1135.74,M,1,79,Mon,22,Commute
grocery,119.42,M,1,58,Mon,22,Local
grocery,296.02,M,1,79,Mon,23,Regional
misc,806.16,M,1,54,Mon,23,Long_Distance
grocery,333.17,F,1,52,Mon,23,Commute
grocery,336.71,F,1,52,Mon,23,Commute
shopping,960.49,F,1,19,Mon,23,Commute
misc,965.16,M,1,54,Mon,23,Commute
grocery,310.9,M,1,54,Tue,2,Long_Distance
travel,23.29,M,1,58,Tue,2,Long_Distance
grocery,313.33,F,1,52,Tue,2,Regional
grocery,302.59,F,1,52,Tue,3,Regional
grocery,348.39,M,1,58,Tue,3,Long_Distance
grocery,8.94,M,1,63,Tue,8,Commute
shopping,921.04,M,1,63,Tue,22,Regional
shopping,1093.55,M,1,54,Tue,22,Regional
grocery,305.5,F,1,52,Tue,22,Regional
grocery,290.88,M,1,58,Tue,22,Regional
grocery,328.99,M,1,63,Tue,23,Long_Distance
grocery,368.08,M,1,58,Tue,23,Long_Distance
shopping,938.4,M,1,54,Tue,23,Long_Distance
misc,49.49,F,1,52,Tue,23,Long_Distance
misc,843.99,M,1,58,Tue,23,Long_Distance
travel,10.45,F,1,49,Wed,0,Commute
grocery,326.74,M,1,58,Wed,1,Long_Distance
grocery,353.26,M,1,63,Wed,1,Regional
grocery,299.97,M,1,63,Wed,2,Commute
grocery,14.33,M,1,58,Wed,2,Commute
travel,9.55,M,1,63,Wed,3,Regional
shopping,1124.85,F,1,49,Wed,16,Long_Distance
shopping,1066.46,M,1,63,Wed,22,Long_Distance
shopping,848.16,M,1,58,Wed,22,Remote
shopping,1193.21,M,1,58,Wed,23,Regional
shopping,888.74,F,1,49,Wed,23,Long_Distance
shopping,999.62,M,1,63,Wed,23,Regional
personal,21.99,F,1,49,Wed,23,Commute
shopping,956.19,M,1,63,Wed,23,Regional
shopping,1153.13,M,1,58,Wed,23,Regional
shopping,971.12,F,1,47,Thu,0,Commute
travel,12.02,F,1,47,Thu,1,Regional
grocery,354.92,F,1,47,Thu,1,Long_Distance
shopping,1082.36,F,1,47,Thu,1,Regional
grocery,309.91,F,1,49,Thu,2,Regional
grocery,301.68,F,1,49,Thu,3,Long_Distance
grocery,262.04,F,1,49,Thu,3,Long_Distance
home,6.03,F,1,49,Thu,22,Long_Distance
grocery,298.28,F,1,49,Thu,22,Long_Distance
home,21.28,F,1,47,Thu,22,Long_Distance
shopping,853.98,F,1,49,Thu,22,Regional
shopping,1125.96,F,1,49,Thu,22,Long_Distance
misc,691.31,F,1,49,Thu,23,Long_Distance
personal,19.49,F,1,47,Thu,23,Long_Distance
grocery,303.79,F,1,58,Fri,0,Long_Distance
grocery,306.72,F,1,58,Fri,0,Commute
grocery,337.56,F,1,47,Fri,1,Remote
grocery,14.77,F,1,55,Fri,1,Regional
grocery,282.74,F,1,58,Fri,3,Commute
grocery,325.92,F,1,49,Fri,4,Regional
shopping,1022.06,F,1,55,Fri,12,Commute
shopping,1023.37,F,1,49,Fri,19,Long_Distance
travel,7.46,F,1,49,Fri,22,Regional
misc,814.8,F,1,49,Fri,22,Commute
shopping,975.74,F,1,58,Fri,22,Long_Distance
shopping,846.66,F,1,58,Fri,22,Commute
misc,820.32,F,1,58,Fri,22,Commute
home,19.21,F,1,47,Fri,23,Long_Distance
shopping,1145.78,F,1,58,Fri,23,Commute
home,239.8,F,1,47,Fri,23,Regional
travel,2.45,F,1,49,Fri,23,Long_Distance
travel,6.02,M,1,46,Sat,0,Regional
grocery,292.98,F,1,58,Sat,1,Commute
grocery,338.57,F,1,55,Sat,1,Regional
travel,9.71,M,1,46,Sat,3,Long_Distance
shopping,960.2,F,1,58,Sat,18,Commute
misc,821.37,M,1,46,Sat,22,Long_Distance
shopping,966.42,F,1,55,Sat,22,Regional
misc,642.16,M,1,46,Sat,22,Commute
shopping,830.2,F,1,55,Sat,22,Long_Distance
shopping,748.49,F,1,55,Sat,23,Remote
misc,889.2,F,1,58,Sat,23,Commute
home,19.8,F,1,58,Sat,23,Remote
grocery,117.07,F,1,55,Sat,23,Long_Distance
misc,50.21,F,1,55,Sat,23,Commute
grocery,319.27,M,1,46,Sun,14,Long_Distance
shopping,903.55,M,1,46,Sun,22,Regional
grocery,296.06,M,1,46,Sun,22,Commute
shopping,936.54,M,1,46,Sun,22,Regional
shopping,927.87,M,1,46,Sun,23,Commute
grocery,317.07,M,1,43,Mon,1,Long_Distance
grocery,300.28,M,1,43,Mon,2,Commute
shopping,738.41,F,1,27,Mon,3,Long_Distance
grocery,277.17,M,1,43,Mon,3,Commute
home,18.81,F,1,27,Mon,22,Commute
home,21.68,F,1,27,Mon,22,Local
shopping,1000.13,M,1,43,Mon,22,Long_Distance
personal,21.88,F,1,27,Mon,22,Commute
travel,9.38,F,1,27,Mon,23,Regional
shopping,879.81,F,1,27,Tue,2,Long_Distance
grocery,270.17,M,1,43,Tue,3,Long_Distance
travel,9.48,M,1,43,Tue,8,Long_Distance
misc,866.57,M,1,43,Tue,22,Local
shopping,1078.2,M,1,43,Tue,22,Regional
home,233.95,F,1,27,Tue,22,Long_Distance
entertainment,508.52,F,1,38,Fri,0,Regional
shopping,714.34,F,1,38,Fri,2,Regional
shopping,907.53,F,1,38,Fri,3,Commute
grocery,137.27,F,1,38,Fri,18,Long_Distance
health,19.65,F,1,38,Fri,22,Regional
home,19.66,F,1,38,Fri,23,Regional
travel,8.52,F,1,43,Sat,0,Regional
misc,6.3,F,1,43,Sat,0,Regional
shopping,830.38,F,1,43,Sat,0,Regional
shopping,772.65,F,1,38,Sat,1,Commute
travel,6.38,M,1,22,Sat,2,Long_Distance
grocery,338.29,F,1,43,Sat,2,Commute
grocery,335.39,F,1,38,Sat,3,Long_Distance
misc,6.8,F,1,38,Sat,3,Commute
grocery,315.39,M,1,22,Sat,8,Commute
health,18.85,F,1,38,Sat,15,Commute
shopping,760.07,M,1,22,Sat,22,Long_Distance
home,22.32,F,1,43,Sat,22,Long_Distance
personal,19.17,F,1,38,Sat,23,Long_Distance
home,19.94,F,1,38,Sat,23,Regional
home,18.84,F,1,38,Sat,23,Regional
health,26.14,F,1,38,Sat,23,Long_Distance
entertainment,535.28,M,1,22,Sat,23,Regional
misc,808.21,F,1,47,Sun,0,Remote
misc,899.1,F,1,47,Sun,0,Long_Distance
travel,10.79,F,1,47,Sun,0,Regional
shopping,1016.88,F,1,43,Sun,0,Regional
grocery,11.16,M,1,22,Sun,0,Remote
entertainment,494.73,F,1,43,Sun,1,Commute
shopping,1152.92,F,1,43,Sun,1,Regional
entertainment,580.32,F,1,43,Sun,1,Long_Distance
travel,10.64,F,1,47,Sun,2,Long_Distance
travel,12.34,M,1,22,Sun,4,Long_Distance
travel,6.7,M,1,22,Sun,6,Regional
shopping,892.48,M,1,22,Sun,15,Long_Distance
shopping,849.39,M,1,22,Sun,16,Long_Distance
health,17.38,F,1,43,Sun,17,Regional
shopping,1006.63,F,1,63,Sun,18,Long_Distance
shopping,993.66,M,1,31,Sun,22,Long_Distance
home,242.48,F,1,43,Sun,22,Regional
travel,1.91,F,1,63,Sun,23,Long_Distance
shopping,740.25,M,1,31,Sun,23,Long_Distance
shopping,1086.16,M,1,22,Sun,23,Regional
health,17.53,F,1,47,Sun,23,Long_Distance
travel,8.74,F,1,43,Sun,23,Regional
home,20.57,F,1,47,Sun,23,Regional
personal,51.0,F,1,63,Sun,23,Commute
grocery,276.33,M,1,31,Mon,0,Commute
grocery,299.87,M,1,31,Mon,1,Regional
grocery,289.58,M,1,31,Mon,1,Long_Distance
grocery,341.59,F,1,47,Mon,2,Commute
grocery,300.92,M,1,31,Mon,3,Regional
shopping,892.04,F,1,47,Mon,3,Long_Distance
shopping,991.3,F,1,47,Mon,3,Regional
shopping,701.48,M,1,31,Mon,16,Long_Distance
shopping,1059.44,M,1,31,Mon,22,Commute
shopping,1123.17,M,1,31,Mon,23,Long_Distance
home,7.18,F,1,63,Mon,23,Long_Distance
home,298.97,F,1,47,Mon,23,Long_Distance
shopping,1079.81,M,1,31,Mon,23,Regional
misc,690.66,F,1,18,Tue,1,Long_Distance
grocery,309.98,F,1,18,Tue,1,Long_Distance
travel,11.86,F,1,18,Tue,2,Long_Distance
grocery,295.36,F,1,18,Tue,3,Commute
shopping,887.07,F,1,18,Tue,22,Commute
shopping,776.21,F,1,18,Tue,23,Regional
misc,8.84,F,1,18,Tue,23,Regional
shopping,936.42,F,1,18,Tue,23,Regional
misc,694.32,F,1,18,Tue,23,Commute
shopping,1015.2,F,1,18,Tue,23,Commute
travel,11.91,F,1,18,Wed,0,Long_Distance
grocery,280.96,F,1,18,Wed,1,Long_Distance
grocery,334.72,F,1,67,Wed,1,Regional
misc,750.57,F,1,18,Wed,2,Commute
travel,6.81,F,1,18,Wed,2,Commute
shopping,1018.88,F,1,18,Wed,13,Long_Distance
shopping,1076.77,F,1,67,Wed,14,Commute
shopping,984.26,F,1,18,Wed,19,Commute
grocery,307.88,F,1,67,Wed,22,Long_Distance
grocery,259.24,F,1,67,Wed,22,Long_Distance
shopping,1131.15,F,1,67,Wed,23,Commute
grocery,350.88,F,1,79,Thu,1,Local
travel,22.57,F,1,79,Thu,1,Long_Distance
travel,11.34,F,1,85,Thu,5,Long_Distance
misc,869.74,F,1,67,Thu,16,Long_Distance
shopping,964.17,F,1,67,Thu,20,Commute
misc,874.45,F,1,79,Thu,22,Commute
misc,784.69,F,1,79,Thu,22,Commute
shopping,1000.56,F,1,67,Thu,22,Commute
grocery,288.45,F,1,67,Thu,23,Long_Distance
misc,823.01,F,1,67,Thu,23,Long_Distance
shopping,989.16,F,1,67,Thu,23,Long_Distance
misc,803.64,F,1,79,Thu,23,Long_Distance
shopping,1016.56,F,1,67,Thu,23,Remote
shopping,823.49,F,1,85,Thu,23,Regional
shopping,945.82,F,1,85,Thu,23,Long_Distance
grocery,298.66,F,1,85,Fri,0,Regional
travel,8.27,M,1,30,Fri,0,Long_Distance
travel,21.11,F,1,79,Fri,1,Commute
grocery,288.62,M,1,30,Fri,2,Long_Distance
travel,7.81,M,1,30,Fri,2,Long_Distance
travel,6.94,F,1,85,Fri,2,Commute
grocery,351.2,F,1,65,Fri,3,Commute
travel,23.84,F,1,65,Fri,3,Regional
grocery,304.52,M,1,30,Fri,6,Long_Distance
shopping,1069.68,F,1,79,Fri,13,Remote
shopping,874.29,F,1,79,Fri,22,Commute
grocery,303.68,F,1,79,Fri,22,Regional
shopping,920.34,F,1,85,Fri,22,Commute
shopping,1175.88,F,1,79,Fri,22,Commute
grocery,343.27,F,1,79,Fri,22,Long_Distance
shopping,873.24,F,1,65,Fri,22,Long_Distance
shopping,1069.41,F,1,85,Fri,23,Long_Distance
grocery,126.78,F,1,79,Fri,23,Local
shopping,1006.34,M,1,30,Fri,23,Long_Distance
shopping,1158.16,F,1,79,Fri,23,Commute
misc,635.33,F,1,65,Fri,23,Regional
shopping,1026.88,F,1,65,Fri,23,Long_Distance
shopping,1017.3,F,1,25,Sat,1,Commute
travel,9.63,M,1,30,Sat,1,Regional
shopping,1217.09,F,1,25,Sat,2,Regional
grocery,283.21,M,1,30,Sat,2,Long_Distance
grocery,352.09,F,1,25,Sat,3,Long_Distance
grocery,335.77,F,1,25,Sat,5,Local
shopping,827.78,F,1,65,Sat,15,Regional
shopping,826.2,F,1,65,Sat,20,Long_Distance
travel,9.94,F,1,25,Sat,22,Long_Distance
health,26.47,F,1,25,Sat,22,Commute
shopping,1018.08,F,1,65,Sat,22,Commute
grocery,124.67,F,1,25,Sat,22,Commute
grocery,313.21,F,1,65,Sat,22,Long_Distance
shopping,1040.49,M,1,30,Sat,22,Regional
shopping,881.95,M,1,30,Sat,22,Long_Distance
entertainment,495.83,F,1,25,Sat,23,Commute
misc,799.36,F,1,65,Sat,23,Commute
grocery,268.23,M,1,31,Sun,1,Regional
misc,812.69,M,1,22,Sun,1,Local
grocery,322.8,M,1,22,Sun,2,Commute
grocery,317.53,F,1,25,Sun,2,Commute
shopping,966.07,F,1,25,Sun,3,Regional
grocery,307.58,M,1,34,Sun,3,Commute
misc,749.17,M,1,22,Sun,3,Commute
grocery,338.19,F,1,25,Sun,3,Regional
misc,921.05,F,1,25,Sun,3,Long_Distance
grocery,315.49,M,1,31,Sun,3,Regional
shopping,1007.47,M,1,34,Sun,13,Commute
shopping,1072.94,M,1,22,Sun,16,Commute
shopping,905.88,M,1,22,Sun,18,Commute
shopping,1019.96,M,1,34,Sun,22,Long_Distance
home,17.33,M,1,22,Sun,22,Long_Distance
travel,10.51,F,1,25,Sun,22,Long_Distance
shopping,916.79,M,1,31,Sun,22,Regional
shopping,1148.2,M,1,31,Sun,22,Local
shopping,1009.55,M,1,22,Sun,22,Remote
shopping,915.78,F,1,25,Sun,23,Long_Distance
entertainment,519.54,F,1,25,Sun,23,Regional
shopping,1206.13,M,1,34,Sun,23,Commute
grocery,11.83,M,1,22,Mon,0,Long_Distance
shopping,909.24,F,1,26,Mon,1,Long_Distance
entertainment,449.67,F,1,26,Mon,1,Long_Distance
grocery,10.36,M,1,34,Mon,1,Long_Distance
misc,850.47,F,1,26,Mon,1,Long_Distance
grocery,306.7,M,1,31,Mon,1,Long_Distance
shopping,972.82,F,1,26,Mon,1,Long_Distance
grocery,300.46,F,1,93,Mon,1,Long_Distance
misc,7.52,F,1,26,Mon,2,Commute
travel,10.74,M,1,22,Mon,2,Commute
shopping,958.33,F,1,26,Mon,2,Commute
grocery,315.48,M,1,56,Mon,3,Long_Distance
grocery,297.07,M,1,31,Mon,3,Commute
grocery,307.24,M,1,22,Mon,3,Long_Distance
shopping,1025.83,F,1,26,Mon,3,Long_Distance
travel,11.15,M,1,34,Mon,4,Long_Distance
grocery,320.87,M,1,22,Mon,10,Regional
misc,916.46,M,1,31,Mon,15,Regional
home,19.82,F,1,26,Mon,17,Commute
entertainment,561.06,M,1,22,Mon,22,Regional
grocery,126.96,F,1,26,Mon,22,Commute
shopping,1042.49,F,1,93,Mon,22,Local
shopping,978.75,M,1,22,Mon,22,Long_Distance
misc,8.65,M,1,34,Mon,22,Long_Distance
entertainment,407.08,F,1,93,Mon,22,Commute
misc,770.45,M,1,56,Mon,22,Regional
shopping,985.99,M,1,22,Mon,22,Commute
shopping,924.0,M,1,34,Mon,22,Long_Distance
shopping,1053.47,M,1,31,Mon,22,Regional
misc,7.73,M,1,31,Mon,22,Regional
shopping,1030.02,M,1,31,Mon,22,Regional
shopping,1031.55,M,1,31,Mon,22,Long_Distance
shopping,1125.63,M,1,22,Mon,22,Commute
misc,761.93,M,1,56,Mon,22,Long_Distance
misc,869.16,M,1,31,Mon,23,Commute
shopping,1262.19,M,1,22,Mon,23,Commute
home,24.14,F,1,26,Mon,23,Commute
misc,7.72,M,1,56,Mon,23,Regional
misc,665.68,F,1,93,Mon,23,Commute
misc,888.97,M,1,56,Mon,23,Local
shopping,988.92,M,1,56,Mon,23,Long_Distance
shopping,1060.74,M,1,31,Mon,23,Regional
misc,10.1,M,1,56,Mon,23,Remote
shopping,1145.9,M,1,56,Mon,23,Commute
grocery,292.9,F,1,93,Tue,0,Long_Distance
grocery,330.51,F,1,93,Tue,2,Regional
grocery,371.7,F,1,26,Tue,2,Long_Distance
travel,11.14,M,1,56,Tue,3,Regional
grocery,14.43,F,1,26,Tue,4,Local
shopping,1041.69,F,1,93,Tue,15,Regional
shopping,957.4,M,1,56,Tue,23,Regional
personal,20.17,F,1,26,Tue,23,Long_Distance
personal,22.51,F,1,26,Tue,23,Regional
shopping,852.16,F,1,93,Tue,23,Commute
misc,704.16,F,1,93,Tue,23,Remote
grocery,9.71,M,1,44,Wed,0,Commute
grocery,326.13,M,1,44,Wed,0,Long_Distance
shopping,1048.41,F,1,36,Wed,2,Local
misc,828.47,F,1,36,Wed,2,Regional
grocery,397.97,F,1,36,Wed,2,Long_Distance
entertainment,544.63,F,1,36,Wed,22,Long_Distance
shopping,925.49,M,1,44,Wed,22,Long_Distance
grocery,124.71,F,1,36,Wed,23,Long_Distance
travel,8.84,M,1,25,Thu,0,Commute
travel,9.75,M,1,25,Thu,0,Commute
grocery,319.58,M,1,44,Thu,1,Long_Distance
grocery,280.47,M,1,44,Thu,2,Commute
grocery,350.77,F,1,36,Thu,2,Long_Distance
misc,754.98,M,1,44,Thu,2,Commute
grocery,310.24,M,1,44,Thu,2,Regional
travel,11.98,M,1,44,Thu,3,Local
grocery,320.76,M,1,25,Thu,3,Commute
entertainment,544.9,M,1,44,Thu,22,Regional
shopping,1009.31,M,1,44,Thu,22,Long_Distance
shopping,853.5,M,1,25,Thu,22,Long_Distance
misc,850.38,M,1,25,Thu,22,Regional
entertainment,485.64,F,1,36,Thu,22,Remote
shopping,909.0,M,1,44,Thu,23,Long_Distance
grocery,331.05,M,1,61,Fri,1,Long_Distance
grocery,328.67,M,1,61,Fri,2,Local
grocery,271.11,M,1,25,Fri,2,Commute
grocery,347.31,M,1,30,Fri,2,Commute
grocery,323.37,M,1,30,Fri,2,Commute
travel,10.15,M,1,25,Fri,3,Regional
grocery,298.4,M,1,30,Fri,5,Commute
travel,11.04,M,1,25,Fri,8,Commute
misc,757.99,M,1,30,Fri,9,Commute
grocery,303.67,M,1,30,Fri,9,Long_Distance
grocery,321.38,M,1,61,Fri,10,Commute
grocery,305.47,M,1,61,Fri,22,Long_Distance
shopping,923.22,M,1,61,Fri,22,Commute
shopping,957.51,M,1,61,Fri,23,Long_Distance
travel,18.55,M,1,61,Sat,0,Long_Distance
travel,21.45,M,1,61,Sat,2,Regional
shopping,971.49,M,1,61,Sat,14,Long_Distance
shopping,799.74,M,1,30,Sat,16,Commute
misc,790.1,M,1,61,Sat,22,Commute
shopping,980.15,M,1,30,Sat,22,Commute
health,21.74,F,1,45,Sat,22,Commute
shopping,924.87,M,1,61,Sat,22,Long_Distance
shopping,928.19,M,1,34,Sat,22,Long_Distance
home,215.28,F,1,45,Sat,22,Regional
shopping,1099.98,M,1,34,Sat,22,Regional
shopping,785.52,M,1,30,Sat,22,Commute
misc,7.95,M,1,34,Sat,22,Regional
personal,21.25,M,1,34,Sat,22,Remote
shopping,1113.44,F,1,45,Sat,22,Commute
travel,9.52,F,1,45,Sat,23,Long_Distance
shopping,886.21,M,1,34,Sat,23,Commute
health,19.36,F,1,45,Sat,23,Regional
shopping,843.58,M,1,34,Sat,23,Regional
home,297.09,F,1,45,Sat,23,Commute
grocery,355.87,F,1,45,Sun,0,Commute
travel,9.05,F,1,45,Sun,0,Regional
travel,12.11,M,1,23,Sun,0,Commute
shopping,865.22,F,1,45,Sun,1,Local
grocery,365.13,F,1,64,Sun,2,Commute
travel,13.55,M,1,23,Sun,2,Long_Distance
grocery,313.29,M,1,23,Sun,2,Local
shopping,885.32,F,1,45,Sun,3,Long_Distance
shopping,816.62,F,1,45,Sun,3,Regional
travel,9.46,M,1,34,Sun,3,Long_Distance
grocery,298.53,M,1,34,Sun,4,Long_Distance
travel,10.42,M,1,23,Sun,5,Local
grocery,308.68,M,1,23,Sun,5,Regional
misc,963.9,M,1,23,Sun,22,Long_Distance
personal,19.14,M,1,23,Sun,22,Regional
misc,769.6,M,1,23,Sun,22,Commute
home,281.96,F,1,45,Sun,22,Long_Distance
entertainment,589.27,F,1,64,Sun,22,Long_Distance
entertainment,536.59,F,1,45,Sun,22,Local
home,3.19,F,1,64,Sun,23,Long_Distance
misc,49.78,F,1,64,Sun,23,Long_Distance
shopping,1151.15,M,1,34,Sun,23,Long_Distance
personal,19.02,F,1,45,Sun,23,Commute
shopping,909.81,F,1,64,Sun,23,Commute
shopping,900.02,M,1,34,Sun,23,Regional
personal,24.76,F,1,45,Sun,23,Regional
shopping,1090.66,M,1,34,Sun,23,Commute
shopping,1228.27,M,1,23,Sun,23,Long_Distance
shopping,850.26,M,1,34,Sun,23,Long_Distance
travel,8.29,M,1,23,Mon,0,Long_Distance
travel,10.09,M,1,23,Mon,0,Long_Distance
grocery,275.35,M,1,23,Mon,0,Regional
travel,9.68,M,1,23,Mon,0,Long_Distance
shopping,857.84,M,1,23,Mon,22,Regional
shopping,1221.91,M,1,23,Mon,23,Long_Distance
misc,813.98,F,1,43,Tue,2,Long_Distance
grocery,355.13,M,1,57,Tue,3,Long_Distance
shopping,1014.68,M,1,26,Tue,15,Long_Distance
misc,924.45,M,1,26,Wed,1,Commute
travel,6.84,M,1,26,Wed,1,Long_Distance
grocery,339.21,M,1,26,Wed,3,Local
grocery,15.95,M,1,57,Wed,3,Long_Distance
grocery,338.62,M,1,57,Wed,3,Long_Distance
grocery,127.53,F,1,43,Wed,3,Regional
shopping,857.79,M,1,26,Wed,20,Long_Distance
shopping,1121.83,M,1,57,Wed,22,Regional
misc,877.55,M,1,57,Wed,22,Commute
personal,19.79,F,1,43,Wed,23,Long_Distance
shopping,793.81,M,1,26,Wed,23,Long_Distance
grocery,316.37,M,1,57,Wed,23,Commute
shopping,1020.23,M,1,26,Wed,23,Regional
grocery,286.05,M,1,55,Thu,1,Long_Distance
shopping,994.15,M,1,55,Thu,23,Commute
grocery,259.06,M,1,55,Fri,0,Commute
grocery,297.57,M,1,55,Fri,2,Long_Distance
travel,8.41,M,1,55,Fri,3,Long_Distance
shopping,929.73,M,1,55,Fri,22,Long_Distance
shopping,806.28,M,1,55,Fri,23,Long_Distance
grocery,132.79,M,1,55,Fri,23,Regional
misc,777.44,M,1,19,Sun,22,Long_Distance
shopping,1115.25,M,1,19,Sun,22,Commute
shopping,1107.96,M,1,19,Sun,23,Commute
shopping,776.56,F,1,40,Mon,0,Regional
travel,11.89,M,1,19,Mon,0,Long_Distance
grocery,320.65,F,1,40,Mon,0,Long_Distance
travel,9.81,F,1,35,Mon,1,Regional
shopping,1050.47,F,1,35,Mon,2,Commute
travel,9.69,F,1,40,Mon,2,Commute
travel,8.53,F,1,67,Mon,2,Commute
grocery,12.62,F,1,40,Mon,2,Long_Distance
travel,9.61,F,1,35,Mon,3,Commute
grocery,304.72,F,1,67,Mon,3,Long_Distance
travel,10.32,F,1,67,Mon,3,Regional
grocery,313.17,F,1,35,Mon,3,Long_Distance
misc,868.37,F,1,67,Mon,12,Long_Distance
shopping,1157.26,M,1,19,Mon,16,Commute
shopping,957.11,M,1,19,Mon,22,Regional
shopping,1288.29,M,1,19,Mon,22,Regional
home,242.6,F,1,35,Mon,22,Long_Distance
shopping,1024.15,F,1,67,Mon,22,Regional
home,19.36,F,1,40,Mon,22,Regional
misc,852.93,M,1,19,Mon,22,Long_Distance
shopping,1179.99,F,1,67,Mon,22,Long_Distance
shopping,1067.28,M,1,19,Mon,23,Long_Distance
shopping,788.66,F,1,35,Mon,23,Commute
entertainment,356.81,F,1,67,Mon,23,Regional
shopping,852.22,F,1,35,Tue,0,Local
grocery,299.5,F,1,67,Tue,0,Long_Distance
grocery,367.51,F,1,47,Tue,1,Long_Distance
shopping,853.03,F,1,47,Tue,1,Long_Distance
grocery,391.79,F,1,40,Tue,1,Commute
misc,851.05,F,1,47,Tue,2,Long_Distance
shopping,970.12,F,1,35,Tue,3,Regional
travel,10.13,F,1,47,Tue,13,Commute
entertainment,504.66,F,1,47,Tue,17,Regional
misc,781.52,M,1,55,Tue,20,Regional
shopping,1067.64,M,1,55,Tue,22,Long_Distance
home,22.31,F,1,47,Tue,22,Commute
personal,50.65,M,1,55,Tue,23,Long_Distance
misc,893.23,F,1,67,Tue,23,Commute
home,257.59,F,1,40,Tue,23,Commute
shopping,768.47,M,1,55,Tue,23,Long_Distance
home,24.21,F,1,35,Tue,23,Commute
shopping,895.66,F,1,47,Wed,1,Commute
grocery,343.14,M,1,55,Wed,1,Long_Distance
grocery,331.18,M,1,55,Wed,2,Regional
travel,1.18,M,1,55,Wed,17,Regional
shopping,856.89,M,1,55,Wed,22,Long_Distance
grocery,110.8,F,1,47,Wed,22,Long_Distance
grocery,107.33,F,1,47,Wed,22,Commute
health,18.04,F,1,47,Wed,22,Long_Distance
personal,20.19,F,1,47,Wed,22,Long_Distance
shopping,766.25,M,1,55,Wed,22,Long_Distance
grocery,336.2,M,1,55,Wed,23,Regional
shopping,891.97,M,1,55,Wed,23,Long_Distance
grocery,296.97,F,1,72,Thu,2,Regional
misc,788.2,F,1,72,Thu,12,Long_Distance
misc,782.76,F,1,72,Thu,22,Commute
personal,21.34,F,1,72,Thu,22,Commute
shopping,955.18,F,1,72,Thu,23,Regional
grocery,337.74,F,1,72,Thu,23,Long_Distance
shopping,817.35,F,1,72,Fri,23,Long_Distance
shopping,942.65,F,1,72,Fri,23,Regional
shopping,1061.96,F,1,28,Sun,1,Long_Distance
travel,11.0,F,1,28,Sun,2,Long_Distance
shopping,1045.27,F,1,28,Sun,2,Long_Distance
grocery,329.36,F,1,28,Sun,3,Commute
grocery,108.74,F,1,28,Sun,16,Long_Distance
home,265.37,F,1,28,Sun,22,Regional
home,20.33,F,1,28,Sun,22,Commute
home,301.59,F,1,28,Sun,23,Commute
grocery,320.0,F,1,61,Mon,0,Long_Distance
travel,11.18,F,1,34,Mon,0,Long_Distance
grocery,333.78,F,1,34,Mon,2,Long_Distance
grocery,304.45,F,1,61,Mon,2,Long_Distance
grocery,8.58,M,1,14,Mon,2,Commute
shopping,890.74,F,1,28,Mon,3,Long_Distance
travel,11.62,F,1,34,Mon,3,Long_Distance
travel,10.34,F,1,28,Mon,7,Long_Distance
shopping,970.96,F,1,28,Mon,10,Long_Distance
misc,899.8,F,1,61,Mon,14,Commute
shopping,929.38,F,1,34,Mon,22,Long_Distance
home,21.48,F,1,28,Mon,22,Regional
health,23.5,F,1,34,Mon,22,Long_Distance
entertainment,539.05,F,1,34,Mon,22,Long_Distance
misc,9.51,M,1,14,Mon,22,Commute
misc,750.14,F,1,61,Mon,22,Long_Distance
home,19.87,F,1,28,Mon,22,Commute
home,22.16,F,1,29,Mon,22,Regional
travel,9.25,F,1,61,Mon,22,Regional
home,18.99,F,1,28,Mon,22,Commute
shopping,1239.22,M,1,14,Mon,23,Remote
misc,737.68,M,1,14,Mon,23,Regional
shopping,968.96,F,1,29,Mon,23,Long_Distance
shopping,882.67,F,1,34,Mon,23,Long_Distance
shopping,1039.1,M,1,14,Mon,23,Commute
home,283.75,F,1,34,Mon,23,Local
misc,797.69,F,1,29,Tue,0,Long_Distance
travel,8.93,M,1,14,Tue,1,Commute
shopping,1018.93,F,1,34,Tue,1,Commute
shopping,1001.09,F,1,34,Tue,3,Long_Distance
grocery,352.73,F,1,29,Tue,8,Regional
grocery,129.24,F,1,34,Tue,17,Long_Distance
misc,984.82,F,1,61,Tue,18,Long_Distance
shopping,1055.7,M,1,14,Tue,20,Remote
home,261.05,F,1,29,Tue,21,Commute
shopping,959.67,F,1,29,Tue,22,Remote
home,5.49,F,1,61,Tue,23,Long_Distance
health,20.81,F,1,29,Tue,23,Long_Distance
grocery,136.14,F,1,29,Tue,23,Regional
shopping,955.86,F,1,61,Tue,23,Long_Distance
grocery,288.7,F,1,58,Thu,9,Commute
misc,49.24,F,1,58,Thu,22,Commute
misc,835.45,F,1,58,Thu,22,Commute
grocery,298.67,F,1,58,Thu,23,Long_Distance
shopping,854.12,F,1,58,Thu,23,Long_Distance
grocery,313.83,F,1,58,Fri,0,Regional
grocery,17.37,F,1,58,Fri,1,Regional
grocery,263.15,F,1,22,Fri,2,Remote
grocery,300.62,F,1,22,Fri,2,Remote
misc,819.53,F,1,22,Fri,3,Regional
grocery,298.99,F,1,22,Fri,3,Commute
shopping,832.39,F,1,58,Fri,21,Commute
shopping,903.51,F,1,58,Fri,22,Long_Distance
shopping,1035.24,F,1,58,Fri,23,Long_Distance
personal,53.19,F,1,58,Fri,23,Commute
misc,733.32,F,1,58,Fri,23,Regional
misc,769.91,M,1,26,Sat,0,Commute
grocery,288.41,F,1,22,Sat,1,Long_Distance
misc,780.58,F,1,22,Sat,1,Commute
travel,13.19,M,1,26,Sat,2,Regional
travel,10.2,M,1,35,Sat,6,Remote
shopping,1205.18,M,1,78,Sat,22,Long_Distance
misc,870.82,M,1,78,Sat,22,Commute
shopping,968.77,M,1,26,Sat,22,Regional
shopping,973.97,M,1,78,Sat,22,Long_Distance
misc,7.11,M,1,78,Sat,23,Regional
shopping,826.66,M,1,26,Sat,23,Remote
shopping,1082.07,F,1,22,Sat,23,Regional
grocery,322.02,M,1,35,Sat,23,Long_Distance
misc,8.97,F,1,22,Sat,23,Commute
home,239.16,M,1,35,Sat,23,Long_Distance
shopping,791.6,F,1,22,Sat,23,Long_Distance
shopping,993.05,F,1,48,Sun,0,Regional
grocery,363.09,F,1,48,Sun,0,Regional
grocery,310.66,M,1,78,Sun,0,Remote
grocery,11.23,M,1,35,Sun,1,Commute
grocery,272.12,M,1,35,Sun,1,Regional
shopping,963.63,F,1,48,Sun,1,Commute
travel,11.77,F,1,48,Sun,2,Regional
grocery,309.14,M,1,26,Sun,2,Long_Distance
misc,780.87,F,1,48,Sun,2,Commute
grocery,319.46,M,1,78,Sun,2,Regional
travel,11.88,M,1,35,Sun,3,Long_Distance
misc,686.32,F,1,48,Sun,8,Commute
grocery,238.78,M,1,78,Sun,12,Regional
home,20.93,M,1,78,Sun,13,Long_Distance
health,18.85,F,1,48,Sun,14,Long_Distance
shopping,984.69,M,1,35,Sun,17,Commute
grocery,277.88,M,1,78,Sun,22,Commute
shopping,937.29,M,1,35,Sun,22,Long_Distance
shopping,1046.22,M,1,26,Sun,22,Long_Distance
shopping,807.35,F,1,48,Sun,22,Long_Distance
grocery,132.1,F,1,48,Sun,22,Commute
shopping,1061.31,M,1,35,Sun,22,Regional
misc,7.96,M,1,35,Sun,22,Long_Distance
shopping,898.72,M,1,26,Sun,23,Long_Distance
misc,840.71,M,1,78,Sun,23,Long_Distance
misc,731.23,M,1,35,Sun,23,Long_Distance
travel,7.8,F,1,48,Mon,1,Commute
misc,822.15,F,1,48,Mon,2,Long_Distance
misc,650.5,M,1,58,Mon,13,Long_Distance
entertainment,658.74,M,1,58,Mon,14,Long_Distance
health,22.12,F,1,48,Mon,15,Long_Distance
misc,49.44,M,1,58,Mon,20,Commute
grocery,290.92,M,1,58,Mon,21,Local
personal,48.28,M,1,58,Mon,22,Commute
personal,20.13,F,1,48,Mon,23,Long_Distance
health,18.52,F,1,48,Mon,23,Remote
misc,891.4,F,1,35,Tue,2,Remote
entertainment,499.09,F,1,35,Tue,2,Long_Distance
entertainment,570.47,F,1,35,Tue,2,Local
grocery,324.94,F,1,35,Tue,3,Commute
home,18.92,F,1,35,Tue,14,Regional
health,15.38,F,1,35,Tue,22,Commute
personal,15.95,F,1,35,Tue,22,Long_Distance
home,18.91,F,1,35,Tue,22,Long_Distance
misc,773.63,F,1,35,Wed,1,Remote
grocery,347.88,F,1,35,Wed,1,Regional
entertainment,473.53,F,1,35,Wed,1,Commute
misc,8.32,F,1,35,Wed,3,Long_Distance
shopping,839.35,F,1,35,Wed,3,Regional
home,247.47,F,1,35,Wed,22,Long_Distance
personal,15.41,F,1,35,Wed,23,Long_Distance
grocery,307.58,F,1,59,Thu,0,Long_Distance
travel,22.6,F,1,59,Thu,3,Commute
grocery,313.94,F,1,59,Thu,7,Commute
shopping,872.27,F,1,59,Thu,22,Commute
shopping,880.6,F,1,59,Thu,23,Regional
grocery,316.57,F,1,59,Fri,0,Long_Distance
grocery,301.01,F,1,59,Fri,2,Long_Distance
grocery,335.19,F,1,59,Fri,2,Commute
shopping,1027.22,F,1,59,Fri,17,Long_Distance
personal,49.88,F,1,59,Fri,19,Regional
shopping,1139.15,F,1,59,Fri,20,Long_Distance
shopping,932.51,F,1,59,Fri,23,Long_Distance
shopping,918.74,F,1,59,Fri,23,Regional
grocery,309.97,F,1,59,Fri,23,Regional
grocery,338.26,F,1,59,Fri,23,Long_Distance
shopping,875.26,F,1,24,Sat,0,Regional
travel,18.66,F,1,57,Sat,1,Commute
misc,868.52,F,1,29,Sat,1,Regional
misc,701.96,M,1,40,Sat,2,Commute
grocery,340.22,F,1,29,Sat,2,Commute
grocery,381.82,F,1,57,Sat,3,Commute
misc,718.09,F,1,29,Sat,3,Regional
grocery,314.39,M,1,40,Sat,3,Remote
shopping,995.17,F,1,57,Sat,14,Remote
shopping,893.53,F,1,57,Sat,14,Remote
personal,22.37,F,1,24,Sat,17,Long_Distance
grocery,312.09,F,1,57,Sat,17,Long_Distance
home,262.94,F,1,29,Sat,22,Commute
shopping,995.42,F,1,24,Sat,22,Regional
personal,17.81,M,1,40,Sat,22,Commute
shopping,702.64,M,1,40,Sat,22,Long_Distance
grocery,335.97,F,1,57,Sat,22,Regional
health,20.52,F,1,24,Sat,23,Long_Distance
shopping,867.28,M,1,40,Sat,23,Commute
shopping,902.67,F,1,24,Sat,23,Commute
home,18.45,F,1,29,Sat,23,Long_Distance
travel,9.22,F,1,24,Sat,23,Regional
grocery,346.49,F,1,57,Sat,23,Remote
shopping,788.44,F,1,29,Sun,0,Long_Distance
grocery,297.16,M,1,40,Sun,0,Long_Distance
shopping,903.44,F,1,29,Sun,0,Regional
misc,742.73,F,1,29,Sun,1,Commute
shopping,1084.16,F,1,29,Sun,1,Long_Distance
grocery,350.69,M,1,40,Sun,1,Long_Distance
misc,671.97,F,1,24,Sun,2,Regional
grocery,320.87,F,1,57,Sun,2,Long_Distance
misc,752.39,F,1,29,Sun,2,Regional
shopping,973.94,F,1,29,Sun,3,Long_Distance
misc,8.62,M,1,40,Sun,14,Long_Distance
grocery,96.97,F,1,57,Sun,16,Long_Distance
shopping,658.74,F,1,24,Sun,22,Regional
health,17.27,F,1,29,Sun,22,Long_Distance
shopping,750.66,F,1,57,Sun,22,Long_Distance
travel,10.91,F,1,24,Sun,23,Long_Distance
shopping,625.52,F,1,29,Sun,23,Commute
entertainment,489.58,F,1,29,Sun,23,Regional
shopping,941.21,M,1,40,Sun,23,Commute
home,19.03,F,1,24,Sun,23,Long_Distance
shopping,1157.53,F,1,57,Sun,23,Long_Distance
misc,768.12,F,1,57,Sun,23,Regional
entertainment,398.84,F,1,35,Mon,2,Long_Distance
misc,7.2,F,1,35,Mon,2,Commute
travel,9.88,F,1,35,Mon,3,Commute
misc,9.1,F,1,35,Mon,3,Regional
misc,7.49,F,1,35,Mon,8,Regional
home,207.35,F,1,35,Mon,22,Long_Distance
grocery,351.52,F,1,35,Tue,6,Commute
travel,11.61,M,1,41,Wed,3,Long_Distance
grocery,299.32,M,1,41,Wed,11,Regional
misc,676.37,M,1,41,Wed,12,Long_Distance
grocery,325.83,M,1,41,Wed,22,Regional
shopping,1007.57,M,1,41,Wed,22,Commute
grocery,295.39,M,1,41,Thu,0,Commute
grocery,294.66,M,1,41,Thu,1,Regional
grocery,300.41,M,1,41,Thu,2,Long_Distance
grocery,300.47,M,1,41,Thu,2,Long_Distance
grocery,288.95,M,1,41,Thu,3,Commute
misc,763.54,M,1,41,Thu,22,Long_Distance
misc,778.05,M,1,41,Thu,22,Long_Distance
grocery,114.0,M,1,41,Thu,23,Long_Distance
shopping,962.04,M,1,41,Thu,23,Commute
shopping,980.36,F,1,27,Fri,0,Regional
misc,1008.22,M,1,47,Fri,1,Long_Distance
shopping,765.5,M,1,74,Fri,16,Regional
shopping,1124.86,F,1,27,Fri,18,Long_Distance
shopping,935.03,M,1,38,Fri,20,Commute
grocery,261.49,M,1,38,Fri,21,Long_Distance
shopping,931.04,M,1,58,Fri,22,Long_Distance
home,21.17,F,1,27,Fri,22,Long_Distance
shopping,748.73,M,1,58,Fri,22,Commute
shopping,822.01,M,1,47,Fri,22,Long_Distance
grocery,305.54,M,1,74,Fri,22,Long_Distance
grocery,314.13,M,1,74,Fri,22,Long_Distance
personal,52.45,M,1,58,Fri,22,Long_Distance
shopping,1010.36,M,1,28,Fri,23,Remote
shopping,827.17,M,1,58,Fri,23,Regional
shopping,1054.06,M,1,74,Fri,23,Commute
shopping,977.69,M,1,58,Fri,23,Commute
misc,694.01,M,1,58,Fri,23,Commute
misc,712.35,M,1,47,Fri,23,Long_Distance
shopping,1063.28,M,1,74,Fri,23,Regional
grocery,287.55,M,1,28,Sat,0,Commute
misc,824.92,F,1,27,Sat,0,Regional
grocery,294.89,M,1,28,Sat,0,Long_Distance
grocery,296.82,M,1,28,Sat,0,Regional
travel,9.68,M,1,28,Sat,0,Long_Distance
travel,10.06,M,1,38,Sat,1,Long_Distance
grocery,310.54,M,1,38,Sat,1,Long_Distance
grocery,298.4,M,1,28,Sat,2,Commute
grocery,293.04,M,1,28,Sat,2,Regional
grocery,298.62,M,1,47,Sat,2,Long_Distance
travel,20.06,M,1,58,Sat,2,Regional
misc,756.17,M,1,47,Sat,2,Long_Distance
grocery,331.27,M,1,38,Sat,3,Commute
travel,20.55,M,1,74,Sat,3,Commute
misc,904.15,M,1,28,Sat,3,Commute
grocery,17.61,F,1,59,Sat,3,Regional
grocery,303.49,M,1,28,Sat,5,Regional
misc,50.28,M,1,58,Sat,18,Long_Distance
shopping,1268.18,M,1,58,Sat,22,Regional
grocery,316.25,F,1,59,Sat,22,Commute
misc,744.63,M,1,28,Sat,22,Long_Distance
shopping,957.31,M,1,58,Sat,22,Commute
grocery,351.11,M,1,58,Sat,22,Long_Distance
shopping,955.89,M,1,58,Sat,22,Long_Distance
home,22.34,F,1,27,Sat,22,Regional
misc,765.07,M,1,38,Sat,22,Regional
personal,49.15,M,1,74,Sat,22,Long_Distance
shopping,759.52,M,1,58,Sat,22,Regional
misc,768.84,M,1,74,Sat,22,Regional
shopping,780.01,M,1,47,Sat,23,Regional
shopping,751.61,M,1,47,Sat,23,Regional
grocery,339.17,M,1,74,Sat,23,Long_Distance
home,19.47,F,1,27,Sat,23,Long_Distance
shopping,806.06,M,1,74,Sat,23,Regional
shopping,988.15,F,1,65,Sat,23,Regional
shopping,1153.57,M,1,38,Sat,23,Commute
shopping,947.22,M,1,58,Sat,23,Commute
shopping,769.48,M,1,38,Sat,23,Regional
shopping,1021.55,M,1,58,Sat,23,Remote
shopping,865.48,M,1,38,Sat,23,Commute
grocery,333.43,M,1,74,Sat,23,Remote
shopping,983.93,F,1,27,Sat,23,Regional
shopping,779.36,M,1,74,Sat,23,Remote
grocery,324.16,F,1,65,Sun,0,Commute
grocery,374.46,F,1,65,Sun,1,Local
grocery,360.77,F,1,65,Sun,2,Regional
grocery,333.34,F,1,65,Sun,2,Long_Distance
grocery,331.08,F,1,59,Sun,3,Commute
travel,18.03,F,1,65,Sun,3,Long_Distance
shopping,798.79,F,1,59,Sun,12,Regional
grocery,325.5,F,1,65,Sun,15,Regional
shopping,980.76,F,1,59,Sun,22,Long_Distance
shopping,895.04,F,1,59,Sun,22,Regional
shopping,886.59,F,1,65,Sun,22,Long_Distance
grocery,329.28,F,1,65,Sun,22,Long_Distance
grocery,120.75,F,1,65,Sun,22,Commute
misc,916.03,F,1,59,Sun,23,Regional
shopping,890.66,F,1,59,Sun,23,Commute
travel,9.85,M,1,28,Tue,10,Commute
shopping,1116.11,M,1,28,Tue,14,Long_Distance
shopping,767.23,M,1,74,Tue,15,Long_Distance
shopping,925.84,M,1,74,Tue,22,Local
shopping,1075.76,M,1,74,Tue,22,Regional
shopping,749.84,M,1,28,Tue,22,Regional
shopping,798.88,M,1,28,Tue,22,Long_Distance
entertainment,672.48,M,1,74,Tue,22,Long_Distance
shopping,1047.13,M,1,28,Tue,23,Commute
shopping,903.96,M,1,74,Tue,23,Long_Distance
shopping,1081.57,M,1,28,Tue,23,Long_Distance
travel,21.9,M,1,74,Wed,1,Regional
grocery,15.13,M,1,74,Wed,1,Long_Distance
grocery,268.73,M,1,28,Wed,1,Regional
grocery,294.94,M,1,28,Wed,2,Commute
shopping,1034.06,M,1,28,Wed,22,Long_Distance
shopping,904.87,M,1,28,Wed,22,Long_Distance
shopping,754.42,M,1,74,Wed,22,Regional
shopping,921.46,M,1,74,Wed,22,Long_Distance
shopping,871.92,M,1,74,Wed,22,Long_Distance
misc,809.74,M,1,74,Wed,23,Remote
shopping,1012.77,M,1,74,Wed,23,Commute
misc,828.49,M,1,74,Wed,23,Long_Distance
shopping,915.54,M,1,28,Wed,23,Commute
misc,802.85,F,1,45,Thu,0,Long_Distance
shopping,1032.41,F,1,45,Thu,0,Long_Distance
personal,19.24,F,1,45,Thu,22,Long_Distance
health,24.09,F,1,45,Thu,22,Commute
home,223.89,F,1,45,Thu,23,Regional
shopping,915.93,F,1,45,Fri,3,Commute
grocery,331.83,F,1,45,Fri,3,Long_Distance
travel,7.43,F,1,45,Fri,3,Commute
grocery,333.83,F,1,55,Fri,8,Long_Distance
shopping,1007.24,F,1,53,Fri,12,Long_Distance
personal,20.86,F,1,45,Fri,20,Commute
shopping,1079.44,F,1,53,Fri,21,Commute
shopping,982.24,F,1,55,Fri,22,Regional
shopping,980.72,F,1,53,Fri,22,Long_Distance
personal,20.38,F,1,45,Fri,22,Long_Distance
entertainment,492.51,F,1,45,Fri,23,Long_Distance
grocery,12.81,F,1,55,Sat,0,Long_Distance
grocery,329.57,F,1,53,Sat,1,Regional
grocery,308.27,F,1,49,Sat,1,Regional
grocery,15.63,F,1,51,Sat,1,Regional
grocery,336.82,F,1,49,Sat,2,Local
grocery,15.16,F,1,49,Sat,2,Commute
travel,20.89,F,1,51,Sat,2,Regional
grocery,294.56,F,1,55,Sat,3,Regional
shopping,900.05,F,1,55,Sat,18,Local
entertainment,374.08,F,1,53,Sat,22,Commute
shopping,1086.75,F,1,55,Sat,22,Long_Distance
shopping,974.02,F,1,53,Sat,22,Long_Distance
shopping,1144.6,F,1,49,Sat,22,Regional
shopping,1020.24,F,1,55,Sat,22,Regional
shopping,938.98,F,1,55,Sat,22,Regional
grocery,321.07,F,1,53,Sat,22,Regional
misc,804.39,F,1,49,Sat,22,Regional
shopping,997.93,F,1,55,Sat,23,Long_Distance
shopping,888.99,F,1,55,Sat,23,Regional
personal,21.28,F,1,55,Sat,23,Commute
grocery,296.23,F,1,53,Sat,23,Long_Distance
misc,844.55,F,1,49,Sat,23,Local
grocery,9.55,F,1,20,Sun,0,Local
grocery,325.74,F,1,49,Sun,1,Long_Distance
grocery,314.33,F,1,51,Sun,1,Regional
grocery,321.8,F,1,49,Sun,1,Long_Distance
grocery,307.09,F,1,49,Sun,1,Long_Distance
shopping,1171.78,F,1,49,Sun,12,Long_Distance
shopping,714.97,F,1,51,Sun,14,Regional
shopping,936.47,F,1,49,Sun,22,Long_Distance
misc,848.62,F,1,51,Sun,22,Long_Distance
shopping,835.94,F,1,20,Sun,22,Long_Distance
shopping,1062.13,F,1,49,Sun,23,Commute
shopping,858.91,F,1,49,Sun,23,Commute
shopping,1020.13,F,1,49,Sun,23,Commute
grocery,333.91,F,1,49,Sun,23,Long_Distance
travel,11.25,F,1,20,Sun,23,Regional
shopping,1096.85,F,1,20,Mon,14,Regional
shopping,1145.36,F,1,69,Mon,15,Commute
shopping,955.45,F,1,69,Mon,21,Long_Distance
entertainment,569.01,F,1,20,Mon,22,Long_Distance
shopping,922.33,F,1,69,Mon,22,Regional
shopping,1082.66,F,1,20,Mon,22,Regional
shopping,1106.68,F,1,69,Mon,22,Long_Distance
travel,9.79,F,1,69,Mon,23,Commute
misc,832.47,F,1,69,Mon,23,Long_Distance
misc,716.27,F,1,69,Mon,23,Long_Distance
misc,812.4,F,1,69,Mon,23,Commute
grocery,310.06,F,1,69,Tue,0,Remote
shopping,819.56,F,1,69,Tue,17,Regional
shopping,860.1,F,1,69,Tue,21,Long_Distance
grocery,283.11,M,1,50,Wed,2,Local
travel,8.62,M,1,50,Wed,3,Regional
grocery,361.38,F,1,53,Wed,3,Long_Distance
grocery,319.42,M,1,50,Wed,8,Long_Distance
shopping,1070.23,F,1,53,Wed,14,Long_Distance
shopping,864.02,M,1,24,Wed,17,Commute
misc,746.45,F,1,53,Wed,22,Long_Distance
misc,808.72,F,1,53,Wed,22,Long_Distance
shopping,866.19,M,1,50,Wed,22,Long_Distance
shopping,1205.19,F,1,53,Wed,22,Long_Distance
shopping,982.62,M,1,50,Wed,22,Regional
shopping,872.04,M,1,24,Wed,22,Long_Distance
misc,693.6,F,1,53,Wed,23,Long_Distance
shopping,1159.39,F,1,53,Wed,23,Long_Distance
shopping,774.25,F,1,53,Wed,23,Long_Distance
travel,8.94,M,1,50,Wed,23,Long_Distance
travel,7.56,M,1,50,Thu,0,Commute
travel,11.58,F,1,58,Thu,1,Commute
travel,18.36,F,1,53,Thu,1,Long_Distance
grocery,320.18,M,1,24,Thu,2,Regional
grocery,316.36,M,1,24,Thu,2,Local
misc,598.28,M,1,24,Thu,11,Regional
shopping,1080.13,M,1,50,Thu,20,Remote
grocery,348.92,F,1,65,Thu,22,Long_Distance
shopping,992.15,F,1,65,Thu,22,Long_Distance
shopping,829.43,F,1,65,Thu,22,Local
misc,866.16,F,1,53,Thu,22,Commute
shopping,895.19,M,1,24,Thu,22,Long_Distance
home,415.74,F,1,53,Thu,22,Long_Distance
shopping,929.39,M,1,24,Thu,23,Long_Distance
shopping,887.77,M,1,50,Thu,23,Long_Distance
shopping,1143.74,F,1,53,Thu,23,Regional
shopping,954.71,F,1,58,Thu,23,Regional
misc,852.0,F,1,53,Thu,23,Long_Distance
home,4.24,F,1,65,Thu,23,Long_Distance
travel,17.32,F,1,65,Fri,0,Long_Distance
grocery,292.51,F,1,58,Fri,1,Long_Distance
grocery,290.01,F,1,58,Fri,1,Regional
grocery,295.23,F,1,58,Fri,3,Long_Distance
shopping,843.3,F,1,65,Fri,22,Local
shopping,1051.63,M,1,30,Fri,22,Long_Distance
misc,866.28,F,1,65,Fri,22,Commute
shopping,797.55,M,1,30,Fri,22,Long_Distance
shopping,1153.58,M,1,30,Fri,22,Regional
shopping,968.99,F,1,58,Fri,22,Regional
shopping,991.46,F,1,58,Fri,23,Long_Distance
misc,911.24,F,1,58,Fri,23,Commute
misc,576.1,M,1,30,Fri,23,Long_Distance
shopping,1042.58,F,1,65,Fri,23,Regional
shopping,996.29,F,1,65,Fri,23,Long_Distance
grocery,291.98,M,1,30,Sat,0,Regional
grocery,281.6,F,1,70,Sat,1,Regional
grocery,273.91,F,1,70,Sat,3,Long_Distance
grocery,288.76,M,1,30,Sat,12,Long_Distance
grocery,359.86,M,1,30,Sat,22,Long_Distance
entertainment,434.55,M,1,30,Sat,23,Long_Distance
shopping,1031.8,F,1,70,Sat,23,Long_Distance
grocery,264.77,M,1,30,Sun,0,Regional
grocery,13.04,F,1,82,Sun,1,Long_Distance
grocery,332.48,F,1,70,Sun,1,Long_Distance
grocery,292.0,M,1,30,Sun,3,Long_Distance
travel,17.93,F,1,82,Sun,3,Long_Distance
travel,7.42,F,1,70,Sun,3,Regional
shopping,849.31,F,1,70,Sun,17,Regional
shopping,939.51,F,1,82,Sun,22,Commute
grocery,327.9,F,1,82,Sun,22,Long_Distance
shopping,948.28,F,1,82,Sun,22,Commute
shopping,1037.83,M,1,30,Sun,22,Regional
shopping,965.23,F,1,70,Sun,22,Long_Distance
misc,855.41,F,1,82,Sun,23,Commute
shopping,887.08,M,1,30,Sun,23,Long_Distance
shopping,911.85,F,1,82,Sun,23,Long_Distance
grocery,309.32,F,1,82,Mon,1,Regional
travel,11.16,M,1,30,Mon,1,Long_Distance
travel,11.62,M,1,30,Mon,13,Long_Distance
grocery,319.14,M,1,30,Mon,15,Long_Distance
shopping,1118.58,M,1,30,Mon,20,Long_Distance
home,2.36,F,1,82,Mon,22,Regional
shopping,1148.75,F,1,82,Mon,22,Long_Distance
misc,905.5,M,1,30,Mon,23,Long_Distance
misc,771.43,F,1,82,Mon,23,Long_Distance
misc,50.68,F,1,82,Mon,23,Regional
shopping,1006.58,F,1,82,Mon,23,Regional
personal,17.95,F,1,39,Tue,22,Long_Distance
health,23.83,F,1,39,Tue,22,Long_Distance
travel,13.43,F,1,39,Wed,1,Regional
grocery,289.6,F,1,22,Sun,2,Long_Distance
grocery,319.5,F,1,22,Sun,3,Long_Distance
misc,746.95,F,1,22,Sun,3,Commute
grocery,317.85,F,1,22,Sun,3,Commute
travel,9.46,M,1,54,Sun,3,Long_Distance
misc,746.54,F,1,22,Sun,3,Long_Distance
travel,7.66,M,1,54,Sun,3,Commute
misc,738.78,F,1,22,Sun,3,Long_Distance
grocery,304.89,F,1,22,Sun,4,Long_Distance
travel,10.84,M,1,54,Sun,8,Long_Distance
grocery,327.33,M,1,75,Sun,9,Long_Distance
shopping,778.1,M,1,54,Sun,14,Commute
entertainment,497.01,F,1,22,Sun,22,Regional
shopping,967.75,M,1,54,Sun,23,Regional
grocery,289.48,M,1,54,Mon,0,Regional
travel,13.8,F,1,22,Mon,0,Long_Distance
travel,10.72,M,1,54,Mon,0,Long_Distance
travel,11.83,F,1,22,Mon,0,Long_Distance
grocery,334.34,F,1,57,Mon,1,Local
travel,18.32,F,1,57,Mon,1,Commute
misc,867.53,F,1,22,Mon,1,Regional
grocery,263.34,F,1,22,Mon,2,Regional
travel,21.2,F,1,57,Mon,2,Commute
travel,17.97,M,1,75,Mon,3,Remote
grocery,326.71,F,1,57,Mon,3,Long_Distance
health,19.68,M,1,75,Mon,13,Long_Distance
shopping,776.62,M,1,75,Mon,13,Regional
shopping,901.83,F,1,57,Mon,22,Long_Distance
shopping,945.96,F,1,22,Mon,22,Long_Distance
shopping,953.75,M,1,54,Mon,22,Commute
shopping,1230.42,F,1,57,Mon,22,Commute
misc,7.67,M,1,54,Mon,22,Regional
shopping,951.49,F,1,57,Mon,22,Remote
misc,792.1,F,1,57,Mon,23,Commute
shopping,1049.94,F,1,57,Mon,23,Commute
misc,779.25,F,1,57,Mon,23,Commute
misc,49.76,F,1,57,Mon,23,Long_Distance
grocery,278.77,M,1,54,Mon,23,Regional
shopping,674.94,F,1,57,Mon,23,Regional
shopping,841.98,M,1,75,Mon,23,Regional
shopping,881.29,F,1,57,Tue,22,Commute
misc,886.9,F,1,57,Tue,23,Commute
grocery,13.01,M,1,60,Wed,0,Local
grocery,333.31,M,1,76,Wed,1,Long_Distance
travel,10.4,M,1,60,Wed,2,Long_Distance
grocery,357.32,M,1,76,Wed,15,Long_Distance
misc,1112.91,M,1,76,Wed,19,Long_Distance
travel,2.25,M,1,76,Wed,23,Long_Distance
shopping,1041.82,M,1,76,Wed,23,Long_Distance
grocery,295.06,M,1,60,Thu,2,Regional
grocery,341.13,M,1,60,Thu,7,Commute
shopping,1011.4,M,1,76,Thu,21,Regional
shopping,1174.24,M,1,54,Thu,22,Long_Distance
shopping,924.78,M,1,60,Thu,22,Regional
shopping,862.15,M,1,76,Thu,22,Commute
personal,48.96,M,1,76,Thu,22,Long_Distance
misc,822.94,M,1,76,Thu,23,Remote
shopping,911.99,M,1,60,Thu,23,Long_Distance
shopping,1146.79,M,1,76,Thu,23,Commute
shopping,706.3,M,1,54,Thu,23,Long_Distance
shopping,906.15,M,1,60,Thu,23,Long_Distance
shopping,864.26,M,1,76,Thu,23,Long_Distance
misc,838.48,M,1,60,Thu,23,Commute
shopping,1053.41,M,1,60,Thu,23,Long_Distance
grocery,306.93,M,1,83,Fri,0,Regional
grocery,306.14,M,1,62,Fri,1,Long_Distance
grocery,12.99,M,1,54,Fri,3,Long_Distance
grocery,370.61,M,1,54,Fri,8,Commute
shopping,931.63,M,1,54,Fri,18,Long_Distance
misc,772.87,M,1,83,Fri,20,Remote
shopping,992.13,M,1,83,Fri,22,Long_Distance
misc,834.52,M,1,62,Fri,22,Long_Distance
grocery,336.11,M,1,54,Fri,22,Long_Distance
shopping,972.44,M,1,54,Fri,22,Commute
entertainment,589.69,M,1,52,Fri,23,Long_Distance
travel,11.47,M,1,83,Sat,0,Long_Distance
grocery,309.91,M,1,29,Sat,0,Commute
travel,21.71,M,1,51,Sat,0,Long_Distance
travel,19.04,M,1,62,Sat,0,Long_Distance
misc,9.88,F,1,32,Sat,0,Long_Distance
entertainment,453.96,F,1,32,Sat,1,Long_Distance
travel,17.95,M,1,51,Sat,1,Long_Distance
grocery,11.76,M,1,51,Sat,2,Remote
travel,10.06,M,1,29,Sat,2,Remote
misc,851.92,M,1,29,Sat,3,Regional
grocery,7.64,M,1,45,Sat,4,Long_Distance
shopping,974.36,M,1,52,Sat,12,Commute
misc,744.47,M,1,45,Sat,12,Long_Distance
misc,671.44,M,1,51,Sat,13,Commute
shopping,794.94,M,1,62,Sat,22,Long_Distance
shopping,914.69,M,1,83,Sat,22,Regional
shopping,977.16,M,1,51,Sat,22,Regional
shopping,976.42,M,1,83,Sat,22,Commute
shopping,1041.34,M,1,83,Sat,22,Commute
shopping,1032.03,M,1,83,Sat,22,Long_Distance
shopping,936.56,M,1,29,Sat,22,Commute
shopping,1006.25,M,1,51,Sat,22,Long_Distance
personal,50.64,M,1,51,Sat,23,Regional
grocery,338.99,M,1,62,Sat,23,Long_Distance
shopping,935.87,M,1,52,Sat,23,Long_Distance
shopping,728.38,M,1,52,Sat,23,Long_Distance
shopping,1094.93,M,1,52,Sat,23,Long_Distance
grocery,120.91,M,1,83,Sat,23,Long_Distance
grocery,306.7,M,1,45,Sat,23,Commute
grocery,310.23,M,1,45,Sat,23,Long_Distance
shopping,902.95,M,1,51,Sat,23,Commute
shopping,739.29,F,1,32,Sun,0,Commute
grocery,5.97,M,1,29,Sun,1,Commute
misc,7.13,F,1,32,Sun,2,Commute
grocery,313.38,M,1,63,Sun,3,Regional
grocery,333.39,M,1,63,Sun,3,Commute
grocery,297.06,F,1,79,Sun,3,Regional
grocery,309.86,M,1,29,Sun,3,Regional
travel,10.87,F,1,79,Sun,4,Commute
grocery,15.89,M,1,63,Sun,8,Commute
travel,12.17,M,1,45,Sun,9,Regional
grocery,9.42,M,1,45,Sun,11,Long_Distance
grocery,124.15,M,1,29,Sun,12,Long_Distance
shopping,1031.52,F,1,79,Sun,16,Long_Distance
home,25.54,M,1,45,Sun,18,Commute
travel,10.69,M,1,45,Sun,19,Regional
health,21.49,F,1,32,Sun,22,Regional
shopping,636.46,M,1,51,Sun,22,Long_Distance
shopping,1039.92,M,1,29,Sun,22,Commute
misc,790.17,M,1,63,Sun,22,Regional
home,7.04,M,1,63,Sun,22,Commute
misc,682.53,F,1,79,Sun,22,Regional
shopping,1009.68,M,1,45,Sun,22,Long_Distance
travel,11.46,F,1,32,Sun,22,Regional
grocery,297.94,M,1,45,Sun,22,Regional
shopping,836.42,M,1,45,Sun,22,Regional
grocery,350.44,M,1,51,Sun,23,Long_Distance
home,19.21,F,1,79,Sun,23,Commute
home,410.94,M,1,63,Sun,23,Remote
shopping,1013.23,F,1,79,Sun,23,Regional
shopping,1124.22,F,1,79,Sun,23,Commute
travel,24.03,M,1,63,Mon,1,Local
grocery,344.89,F,1,46,Mon,2,Regional
grocery,349.61,F,1,46,Mon,3,Long_Distance
grocery,324.38,M,1,63,Mon,8,Commute
shopping,885.6,M,1,63,Mon,13,Regional
health,22.56,F,1,46,Mon,18,Regional
misc,941.94,F,1,79,Mon,22,Long_Distance
grocery,317.71,M,1,63,Mon,22,Commute
shopping,983.88,M,1,63,Mon,22,Long_Distance
personal,22.82,F,1,46,Mon,22,Remote
shopping,987.33,F,1,79,Mon,22,Regional
grocery,116.45,F,1,46,Mon,22,Regional
shopping,1043.82,F,1,79,Mon,23,Commute
grocery,110.19,F,1,46,Mon,23,Long_Distance
shopping,1148.13,F,1,79,Mon,23,Commute
misc,925.99,M,1,63,Mon,23,Regional
shopping,1012.83,F,1,79,Mon,23,Long_Distance
grocery,343.47,F,1,46,Tue,2,Long_Distance
misc,824.99,M,1,32,Fri,1,Long_Distance
grocery,367.28,F,1,27,Fri,8,Long_Distance
entertainment,665.33,M,1,57,Fri,15,Commute
shopping,900.88,M,1,57,Fri,22,Regional
personal,18.89,F,1,27,Fri,22,Commute
misc,918.23,M,1,57,Fri,22,Regional
shopping,1084.5,M,1,32,Fri,22,Commute
home,16.49,F,1,27,Fri,22,Long_Distance
health,22.61,M,1,57,Fri,22,Local
shopping,1125.1,M,1,32,Fri,23,Long_Distance
misc,744.12,M,1,57,Fri,23,Commute
grocery,287.57,M,1,57,Fri,23,Long_Distance
shopping,825.81,M,1,32,Fri,23,Regional
travel,16.24,M,1,57,Sat,0,Commute
misc,701.44,M,1,32,Sat,0,Local
grocery,351.65,F,1,27,Sat,1,Regional
grocery,322.61,M,1,32,Sat,1,Commute
grocery,293.85,M,1,32,Sat,1,Long_Distance
misc,780.63,F,1,27,Sat,2,Regional
travel,15.78,M,1,57,Sat,2,Commute
misc,687.1,M,1,32,Sat,3,Commute
travel,10.12,M,1,32,Sat,5,Commute
shopping,777.48,F,1,27,Sat,7,Commute
shopping,857.01,M,1,57,Sat,13,Commute
shopping,1020.2,M,1,25,Sat,20,Commute
travel,6.41,M,1,57,Sat,22,Commute
home,24.19,F,1,27,Sat,22,Long_Distance
shopping,1031.35,M,1,32,Sat,22,Long_Distance
misc,801.71,M,1,57,Sat,22,Commute
shopping,1174.44,M,1,32,Sat,22,Long_Distance
shopping,1125.7,M,1,57,Sat,22,Commute
grocery,118.19,M,1,57,Sat,23,Long_Distance
personal,25.01,F,1,27,Sat,23,Long_Distance
shopping,886.15,M,1,32,Sat,23,Regional
grocery,342.38,M,1,57,Sat,23,Long_Distance
misc,996.09,M,1,25,Sun,0,Long_Distance
grocery,293.18,M,1,71,Sun,0,Long_Distance
misc,761.0,F,1,35,Sun,1,Regional
grocery,293.92,M,1,71,Sun,1,Long_Distance
grocery,331.29,F,1,35,Sun,1,Long_Distance
misc,758.08,M,1,25,Sun,3,Regional
grocery,309.9,M,1,25,Sun,3,Long_Distance
shopping,907.71,F,1,35,Sun,7,Long_Distance
shopping,969.13,M,1,25,Sun,22,Regional
personal,20.77,M,1,71,Sun,22,Remote
entertainment,473.95,M,1,25,Sun,22,Long_Distance
shopping,966.41,M,1,25,Sun,23,Long_Distance
travel,14.72,M,1,71,Mon,0,Long_Distance
misc,6.69,F,1,35,Mon,0,Commute
misc,817.88,F,1,35,Mon,0,Commute
travel,10.92,F,1,35,Mon,0,Regional
shopping,762.15,F,1,35,Mon,0,Regional
grocery,104.82,F,1,35,Mon,1,Commute
shopping,969.32,F,1,35,Mon,1,Long_Distance
shopping,1158.25,F,1,35,Mon,3,Regional
grocery,282.52,M,1,71,Mon,11,Long_Distance
personal,18.27,F,1,35,Mon,22,Local
home,19.85,F,1,35,Mon,22,Long_Distance
home,254.4,F,1,35,Mon,22,Regional
shopping,992.66,M,1,71,Mon,23,Commute
shopping,963.73,M,1,71,Mon,23,Long_Distance
home,227.13,F,1,35,Mon,23,Long_Distance
shopping,906.41,F,1,27,Tue,0,Long_Distance
grocery,341.22,F,1,68,Wed,2,Long_Distance
travel,10.57,F,1,27,Wed,2,Regional
health,19.26,F,1,68,Wed,15,Long_Distance
shopping,1120.05,F,1,68,Wed,22,Long_Distance
home,207.48,F,1,27,Wed,23,Commute
grocery,281.22,M,1,80,Thu,2,Commute
travel,19.38,F,1,68,Thu,2,Long_Distance
grocery,274.22,M,1,80,Thu,3,Remote
misc,7.27,M,1,80,Thu,13,Local
shopping,1004.6,M,1,80,Thu,21,Regional
shopping,906.61,F,1,68,Thu,23,Long_Distance
shopping,910.37,M,1,80,Thu,23,Long_Distance
misc,810.59,M,1,80,Thu,23,Regional
grocery,315.38,M,1,80,Fri,0,Commute
misc,7.04,M,1,80,Fri,22,Commute
shopping,928.93,M,1,80,Fri,23,Commute
grocery,291.59,M,1,21,Sat,0,Commute
grocery,315.37,M,1,20,Sat,1,Long_Distance
grocery,359.25,M,1,20,Sat,1,Long_Distance
misc,742.7,M,1,21,Sat,2,Long_Distance
travel,7.33,M,1,20,Sat,3,Commute
misc,825.45,M,1,20,Sat,8,Long_Distance
shopping,710.43,M,1,21,Sat,14,Commute
shopping,1371.81,M,1,20,Sat,22,Regional
shopping,1059.96,M,1,20,Sat,22,Commute
shopping,1088.07,M,1,20,Sat,22,Long_Distance
shopping,807.23,M,1,20,Sat,22,Long_Distance
shopping,1133.39,M,1,20,Sat,23,Regional
shopping,967.35,M,1,21,Sat,23,Long_Distance
grocery,313.72,M,1,20,Sun,0,Regional
shopping,948.3,F,1,33,Sun,0,Long_Distance
grocery,295.23,M,1,21,Sun,0,Long_Distance
grocery,350.79,F,1,33,Sun,1,Regional
travel,11.73,M,1,20,Sun,2,Long_Distance
grocery,340.63,M,1,21,Sun,2,Remote
grocery,9.94,M,1,20,Sun,3,Long_Distance
grocery,9.27,M,1,20,Sun,3,Commute
grocery,294.39,M,1,20,Sun,7,Regional
health,20.55,F,1,33,Sun,16,Long_Distance
shopping,1073.88,M,1,21,Sun,19,Commute
personal,19.77,M,1,20,Sun,19,Commute
shopping,973.28,M,1,21,Sun,22,Long_Distance
shopping,1009.36,F,1,33,Sun,22,Regional
shopping,747.15,M,1,21,Sun,22,Commute
shopping,797.46,M,1,21,Sun,22,Long_Distance
shopping,927.78,F,1,33,Sun,22,Long_Distance
home,265.88,F,1,33,Sun,22,Long_Distance
shopping,888.06,M,1,21,Sun,23,Long_Distance
home,273.3,F,1,33,Sun,23,Remote
home,324.89,F,1,33,Sun,23,Regional
shopping,900.47,M,1,21,Sun,23,Long_Distance
grocery,298.73,M,1,37,Mon,1,Long_Distance
misc,666.73,F,1,33,Mon,2,Long_Distance
grocery,310.77,M,1,37,Mon,3,Regional
travel,7.28,M,1,37,Mon,3,Long_Distance
grocery,335.35,F,1,33,Mon,3,Long_Distance
entertainment,413.75,F,1,33,Mon,18,Local
shopping,998.42,M,1,37,Mon,22,Commute
misc,771.81,M,1,37,Mon,22,Long_Distance
entertainment,480.98,M,1,37,Mon,22,Long_Distance
shopping,862.73,M,1,37,Mon,22,Long_Distance
shopping,962.98,M,1,37,Mon,22,Commute
shopping,947.84,M,1,37,Mon,22,Long_Distance
shopping,1007.76,M,1,37,Mon,22,Long_Distance
shopping,850.7,M,1,37,Mon,23,Commute
shopping,1111.31,M,1,37,Mon,23,Commute
grocery,330.94,M,1,37,Mon,23,Long_Distance
shopping,814.46,M,1,37,Mon,23,Commute
misc,774.65,M,1,37,Mon,23,Commute
shopping,774.52,M,1,37,Mon,23,Regional
shopping,875.2,M,1,37,Mon,23,Regional
entertainment,499.5,F,1,33,Mon,23,Long_Distance
home,288.35,F,1,33,Mon,23,Long_Distance
entertainment,519.65,F,1,33,Mon,23,Long_Distance
personal,16.99,F,1,33,Mon,23,Long_Distance
grocery,12.2,M,1,37,Tue,0,Long_Distance
grocery,313.13,M,1,30,Tue,2,Regional
travel,9.46,M,1,37,Tue,3,Long_Distance
shopping,864.85,M,1,30,Tue,12,Commute
misc,804.9,M,1,30,Tue,22,Regional
shopping,964.11,M,1,37,Tue,22,Regional
shopping,1090.18,M,1,37,Tue,22,Regional
shopping,1011.28,M,1,37,Tue,23,Long_Distance
shopping,885.42,M,1,37,Tue,23,Long_Distance
shopping,808.03,M,1,30,Tue,23,Commute
shopping,870.11,M,1,30,Tue,23,Long_Distance
shopping,989.31,M,1,30,Tue,23,Remote
travel,11.62,M,1,30,Wed,19,Commute
shopping,920.9,M,1,30,Wed,22,Long_Distance
misc,7.64,M,1,30,Wed,22,Remote
shopping,795.04,F,1,49,Fri,2,Commute
shopping,935.22,F,1,49,Fri,3,Regional
misc,791.9,F,1,79,Fri,22,Long_Distance
misc,797.58,F,1,79,Fri,22,Long_Distance
misc,790.55,F,1,79,Fri,22,Regional
shopping,876.11,F,1,79,Fri,22,Long_Distance
misc,654.83,F,1,79,Fri,23,Long_Distance
travel,11.29,F,1,49,Fri,23,Regional
travel,17.64,F,1,79,Sat,0,Commute
shopping,925.9,F,1,49,Sat,0,Long_Distance
grocery,320.49,F,1,79,Sat,0,Long_Distance
shopping,838.43,F,1,42,Sat,0,Long_Distance
shopping,1289.89,F,1,49,Sat,1,Commute
grocery,390.0,F,1,42,Sat,2,Long_Distance
grocery,308.97,F,1,79,Sat,3,Regional
grocery,15.03,F,1,74,Sat,3,Regional
grocery,13.57,F,1,79,Sat,6,Long_Distance
shopping,843.69,F,1,42,Sat,7,Commute
shopping,697.97,F,1,79,Sat,22,Regional
misc,903.22,F,1,74,Sat,22,Long_Distance
shopping,1033.92,F,1,74,Sat,22,Commute
shopping,1058.84,M,1,58,Sat,22,Regional
shopping,926.13,F,1,74,Sat,22,Commute
home,19.48,F,1,49,Sat,22,Regional
home,220.43,F,1,42,Sat,22,Long_Distance
shopping,1040.85,F,1,79,Sat,22,Regional
shopping,1028.84,F,1,74,Sat,23,Regional
shopping,722.05,F,1,74,Sat,23,Long_Distance
shopping,1122.27,F,1,79,Sat,23,Commute
personal,17.02,F,1,49,Sat,23,Commute
shopping,1025.63,F,1,79,Sat,23,Regional
shopping,993.07,F,1,74,Sat,23,Commute
misc,880.19,M,1,58,Sat,23,Long_Distance
misc,738.68,F,1,79,Sat,23,Commute
misc,729.93,F,1,79,Sat,23,Long_Distance
grocery,317.26,M,1,58,Sun,0,Long_Distance
grocery,394.49,F,1,42,Sun,0,Regional
grocery,329.84,F,1,74,Sun,2,Long_Distance
grocery,299.55,M,1,81,Sun,2,Regional
grocery,368.96,F,1,74,Sun,3,Long_Distance
grocery,9.15,M,1,58,Sun,3,Commute
grocery,351.36,M,1,81,Sun,3,Long_Distance
grocery,317.05,M,1,58,Sun,8,Commute
home,2.46,F,1,74,Sun,14,Regional
shopping,975.25,M,1,58,Sun,17,Long_Distance
shopping,949.43,M,1,81,Sun,21,Long_Distance
shopping,1115.67,M,1,81,Sun,22,Regional
travel,11.39,M,1,58,Sun,22,Regional
shopping,721.54,F,1,74,Sun,22,Commute
shopping,876.76,F,1,74,Sun,22,Regional
grocery,326.93,F,1,74,Sun,22,Commute
home,237.86,F,1,42,Sun,22,Long_Distance
entertainment,377.65,M,1,81,Sun,23,Regional
misc,736.81,M,1,58,Sun,23,Long_Distance
shopping,834.22,M,1,58,Sun,23,Regional
misc,844.6,F,1,74,Sun,23,Regional
shopping,978.19,F,1,27,Mon,0,Long_Distance
travel,9.21,F,1,27,Mon,0,Long_Distance
misc,753.77,F,1,27,Mon,2,Commute
home,236.0,F,1,27,Mon,16,Regional
misc,882.7,M,1,81,Mon,17,Commute
travel,13.11,F,1,27,Mon,17,Long_Distance
home,21.69,F,1,27,Mon,22,Long_Distance
grocery,289.75,M,1,81,Mon,22,Commute
grocery,282.9,M,1,81,Mon,23,Long_Distance
misc,719.3,M,1,81,Mon,23,Regional
travel,8.65,F,1,27,Mon,23,Commute
home,237.78,F,1,27,Mon,23,Commute
grocery,365.86,F,1,27,Tue,2,Commute
misc,7.21,F,1,27,Tue,2,Commute
misc,735.87,F,1,27,Tue,3,Long_Distance
grocery,119.03,F,1,29,Sat,0,Regional
travel,15.57,M,1,66,Sat,1,Commute
misc,880.33,M,1,21,Sat,2,Regional
grocery,283.28,M,1,21,Sat,2,Long_Distance
travel,18.26,M,1,66,Sat,2,Long_Distance
grocery,326.2,M,1,66,Sat,2,Long_Distance
travel,9.86,M,1,21,Sat,2,Long_Distance
grocery,347.94,F,1,58,Sat,3,Commute
grocery,347.91,F,1,29,Sat,5,Regional
grocery,306.93,M,1,21,Sat,5,Regional
shopping,1101.16,F,1,29,Sat,10,Long_Distance
misc,737.76,M,1,66,Sat,12,Regional
personal,19.8,F,1,29,Sat,22,Long_Distance
home,18.34,F,1,29,Sat,22,Remote
shopping,1031.18,M,1,21,Sat,22,Long_Distance
shopping,1079.99,M,1,66,Sat,22,Long_Distance
personal,18.31,F,1,29,Sat,22,Regional
home,20.28,F,1,29,Sat,22,Long_Distance
shopping,844.27,M,1,21,Sat,23,Long_Distance
home,18.48,F,1,29,Sat,23,Long_Distance
misc,733.45,F,1,58,Sat,23,Remote
shopping,896.08,F,1,58,Sat,23,Long_Distance
grocery,337.67,M,1,66,Sun,0,Long_Distance
grocery,296.26,F,1,58,Sun,0,Long_Distance
grocery,330.59,M,1,66,Sun,1,Commute
grocery,281.48,M,1,21,Sun,1,Regional
grocery,317.72,M,1,39,Sun,1,Local
grocery,317.33,F,1,58,Sun,1,Long_Distance
grocery,300.11,M,1,21,Sun,2,Long_Distance
travel,8.51,F,1,29,Sun,2,Regional
shopping,972.82,F,1,29,Sun,8,Long_Distance
shopping,870.55,M,1,21,Sun,12,Commute
shopping,881.39,M,1,21,Sun,18,Commute
shopping,840.65,M,1,21,Sun,20,Commute
shopping,1167.88,F,1,58,Sun,21,Long_Distance
shopping,1170.79,M,1,66,Sun,22,Remote
home,19.7,F,1,29,Sun,22,Regional
shopping,1128.77,M,1,21,Sun,22,Regional
shopping,1082.62,M,1,66,Sun,22,Regional
grocery,307.29,M,1,39,Sun,22,Commute
home,294.42,F,1,29,Sun,22,Long_Distance
shopping,976.46,F,1,58,Sun,22,Regional
shopping,893.77,M,1,21,Sun,22,Local
misc,713.79,F,1,58,Sun,22,Commute
misc,742.53,M,1,39,Sun,23,Long_Distance
shopping,1079.14,F,1,58,Sun,23,Long_Distance
shopping,860.69,M,1,21,Sun,23,Long_Distance
entertainment,421.92,F,1,58,Sun,23,Regional
misc,851.68,M,1,66,Sun,23,Commute
shopping,991.71,M,1,21,Sun,23,Local
entertainment,517.93,M,1,66,Sun,23,Regional
shopping,947.12,F,1,44,Mon,0,Long_Distance
shopping,1022.82,F,1,44,Mon,1,Commute
grocery,119.54,F,1,44,Mon,2,Regional
shopping,935.2,F,1,44,Mon,2,Regional
travel,10.55,F,1,44,Mon,3,Regional
misc,6.95,F,1,44,Mon,3,Commute
shopping,779.55,F,1,44,Mon,3,Long_Distance
travel,11.36,F,1,44,Mon,3,Long_Distance
misc,7.52,F,1,44,Mon,5,Long_Distance
grocery,116.96,F,1,44,Mon,9,Regional
personal,22.06,F,1,44,Mon,14,Long_Distance
shopping,792.23,M,1,39,Mon,17,Long_Distance
home,207.26,F,1,44,Mon,22,Regional
shopping,742.37,M,1,39,Mon,22,Remote
shopping,890.16,M,1,39,Mon,22,Long_Distance
shopping,899.63,M,1,39,Mon,22,Commute
home,191.87,F,1,44,Mon,23,Long_Distance
grocery,294.77,M,1,39,Mon,23,Long_Distance
travel,10.47,F,1,44,Mon,23,Commute
grocery,329.94,F,1,44,Tue,0,Regional
travel,8.78,F,1,44,Tue,1,Long_Distance
grocery,321.37,F,1,44,Tue,1,Long_Distance
shopping,812.57,F,1,44,Tue,2,Commute
grocery,325.11,F,1,44,Tue,5,Long_Distance
home,22.21,F,1,44,Tue,16,Long_Distance
home,266.28,F,1,44,Tue,22,Regional
travel,20.2,M,1,64,Wed,0,Commute
grocery,320.88,M,1,64,Wed,2,Long_Distance
shopping,1017.15,M,1,64,Wed,22,Long_Distance
shopping,1063.73,M,1,64,Wed,22,Regional
entertainment,524.86,M,1,64,Wed,23,Regional
shopping,885.64,M,1,64,Wed,23,Commute
grocery,377.99,F,1,47,Thu,1,Long_Distance
grocery,274.34,M,1,57,Thu,3,Regional
grocery,323.61,M,1,64,Thu,3,Remote
grocery,329.01,M,1,64,Thu,3,Long_Distance
travel,8.15,M,1,57,Thu,8,Local
misc,853.27,M,1,64,Thu,22,Long_Distance
misc,822.52,M,1,64,Thu,22,Commute
shopping,977.82,M,1,64,Thu,22,Regional
home,18.06,F,1,47,Thu,22,Long_Distance
shopping,1094.26,M,1,57,Thu,23,Commute
grocery,301.54,F,1,54,Fri,0,Long_Distance
travel,8.76,M,1,57,Fri,0,Long_Distance
grocery,276.94,M,1,32,Fri,2,Commute
grocery,336.02,M,1,32,Fri,2,Long_Distance
grocery,284.62,M,1,32,Fri,2,Long_Distance
grocery,302.07,F,1,54,Fri,3,Long_Distance
travel,16.34,M,1,86,Fri,3,Long_Distance
entertainment,469.22,F,1,47,Fri,3,Long_Distance
grocery,312.6,M,1,57,Fri,5,Long_Distance
grocery,333.66,M,1,86,Fri,9,Long_Distance
grocery,310.38,M,1,32,Fri,9,Commute
misc,836.37,M,1,86,Fri,15,Commute
shopping,901.99,M,1,49,Fri,20,Long_Distance
entertainment,444.32,M,1,49,Fri,22,Commute
shopping,1029.02,M,1,57,Fri,22,Long_Distance
misc,893.19,M,1,57,Fri,22,Long_Distance
shopping,939.58,M,1,86,Fri,22,Commute
shopping,930.99,M,1,86,Fri,22,Commute
misc,740.07,F,1,54,Fri,23,Long_Distance
personal,15.87,F,1,54,Fri,23,Remote
shopping,774.06,M,1,49,Fri,23,Long_Distance
shopping,949.61,M,1,57,Fri,23,Regional
shopping,967.49,M,1,32,Fri,23,Regional
home,17.4,F,1,47,Fri,23,Long_Distance
shopping,1148.19,M,1,86,Fri,23,Long_Distance
shopping,933.24,M,1,49,Fri,23,Commute
grocery,272.99,M,1,49,Sat,0,Commute
travel,13.78,M,1,30,Sat,0,Commute
travel,12.89,M,1,30,Sat,0,Commute
travel,12.84,F,1,54,Sat,0,Long_Distance
grocery,326.65,M,1,32,Sat,0,Regional
grocery,298.96,F,1,50,Sat,0,Regional
grocery,324.74,M,1,49,Sat,0,Long_Distance
travel,9.67,M,1,40,Sat,0,Commute
travel,6.7,M,1,32,Sat,1,Regional
grocery,265.68,M,1,49,Sat,1,Commute
travel,10.72,M,1,30,Sat,1,Long_Distance
grocery,311.63,M,1,40,Sat,2,Long_Distance
travel,7.41,M,1,30,Sat,2,Regional
misc,822.29,M,1,32,Sat,2,Long_Distance
grocery,277.87,M,1,49,Sat,2,Regional
grocery,293.92,F,1,54,Sat,2,Commute
grocery,291.15,M,1,30,Sat,3,Remote
grocery,322.34,M,1,86,Sat,3,Commute
grocery,302.42,M,1,49,Sat,3,Long_Distance
shopping,782.18,M,1,49,Sat,12,Long_Distance
grocery,349.52,M,1,49,Sat,13,Regional
grocery,331.38,F,1,50,Sat,13,Long_Distance
shopping,1018.47,F,1,54,Sat,14,Long_Distance
shopping,987.16,M,1,49,Sat,16,Long_Distance
misc,731.55,M,1,30,Sat,17,Long_Distance
grocery,354.81,F,1,50,Sat,18,Commute
misc,854.92,F,1,50,Sat,20,Commute
misc,786.09,F,1,54,Sat,21,Commute
shopping,958.66,M,1,86,Sat,22,Commute
shopping,1077.27,M,1,30,Sat,22,Long_Distance
shopping,908.32,F,1,54,Sat,22,Long_Distance
home,18.01,M,1,49,Sat,22,Long_Distance
grocery,126.28,M,1,86,Sat,23,Remote
home,2.48,M,1,86,Sat,23,Commute
shopping,991.88,F,1,54,Sat,23,Long_Distance
shopping,1281.51,F,1,50,Sat,23,Long_Distance
shopping,946.78,M,1,32,Sat,23,Regional
health,18.39,M,1,86,Sat,23,Long_Distance
misc,8.61,M,1,40,Sat,23,Regional
travel,11.44,M,1,40,Sun,0,Long_Distance
travel,20.01,F,1,50,Sun,0,Commute
travel,17.85,F,1,50,Sun,1,Regional
travel,18.07,F,1,50,Sun,1,Regional
grocery,300.56,M,1,63,Sun,2,Commute
grocery,272.06,M,1,30,Sun,2,Regional
grocery,294.6,M,1,40,Sun,3,Long_Distance
misc,850.18,M,1,30,Sun,3,Long_Distance
travel,20.42,F,1,50,Sun,3,Regional
entertainment,436.78,M,1,40,Sun,15,Long_Distance
grocery,286.23,M,1,63,Sun,18,Commute
health,24.45,F,1,50,Sun,21,Long_Distance
misc,837.54,F,1,50,Sun,22,Long_Distance
travel,9.71,M,1,30,Sun,22,Regional
shopping,697.68,F,1,50,Sun,22,Remote
misc,743.3,M,1,63,Sun,22,Long_Distance
shopping,833.05,M,1,63,Sun,22,Long_Distance
shopping,1065.33,M,1,30,Sun,22,Long_Distance
shopping,849.0,F,1,50,Sun,22,Regional
shopping,927.42,F,1,50,Sun,22,Regional
misc,658.17,M,1,63,Sun,23,Regional
shopping,914.9,M,1,40,Sun,23,Long_Distance
misc,788.72,M,1,30,Sun,23,Long_Distance
shopping,1002.17,M,1,40,Sun,23,Long_Distance
grocery,299.46,M,1,63,Mon,0,Long_Distance
grocery,325.11,M,1,63,Mon,1,Regional
shopping,1055.61,M,1,63,Mon,16,Remote
misc,846.07,M,1,63,Mon,22,Remote
shopping,845.63,F,1,38,Tue,1,Long_Distance
travel,10.59,F,1,38,Tue,2,Local
grocery,292.73,M,1,24,Tue,3,Commute
home,242.24,F,1,38,Tue,19,Commute
home,20.35,F,1,38,Tue,21,Commute
home,19.9,F,1,38,Tue,22,Long_Distance
entertainment,537.37,F,1,38,Wed,0,Regional
travel,9.25,M,1,24,Wed,3,Regional
shopping,931.13,M,1,24,Wed,21,Long_Distance
shopping,821.14,M,1,24,Wed,22,Commute
shopping,978.77,M,1,24,Wed,22,Long_Distance
shopping,906.07,M,1,24,Wed,22,Long_Distance
personal,17.49,F,1,38,Wed,23,Commute
misc,9.29,M,1,24,Wed,23,Commute
shopping,905.72,M,1,24,Wed,23,Commute
travel,8.02,M,1,38,Thu,0,Commute
grocery,271.33,M,1,38,Thu,0,Commute
travel,7.0,M,1,38,Thu,0,Regional
grocery,7.21,M,1,38,Thu,3,Long_Distance
shopping,1149.92,M,1,38,Thu,14,Long_Distance
misc,8.27,M,1,38,Thu,22,Long_Distance
shopping,1191.33,M,1,38,Thu,23,Commute
misc,825.33,M,1,38,Fri,2,Long_Distance
grocery,299.03,M,1,38,Fri,3,Regional
shopping,1155.46,F,1,58,Fri,22,Regional
shopping,1088.61,M,1,38,Fri,23,Regional
grocery,277.54,F,1,58,Fri,23,Long_Distance
travel,9.66,F,1,58,Sat,0,Regional
grocery,316.92,M,1,74,Sat,0,Commute
grocery,287.86,M,1,74,Sat,1,Regional
grocery,306.52,M,1,74,Sat,1,Commute
travel,11.88,M,1,74,Sat,3,Long_Distance
grocery,309.71,F,1,58,Sat,4,Regional
travel,9.18,M,1,74,Sat,5,Local
misc,900.8,F,1,58,Sat,22,Commute
misc,688.58,M,1,74,Sat,22,Long_Distance
home,22.51,F,1,58,Sat,22,Commute
shopping,901.18,M,1,74,Sat,22,Commute
entertainment,398.82,F,1,58,Sat,22,Commute
shopping,1114.22,M,1,74,Sat,22,Long_Distance
shopping,963.64,M,1,74,Sat,22,Long_Distance
misc,783.49,F,1,58,Sat,23,Commute
misc,743.47,M,1,74,Sat,23,Commute
shopping,889.68,M,1,74,Sat,23,Commute
misc,752.3,M,1,74,Sat,23,Long_Distance
grocery,290.77,M,1,81,Mon,3,Remote
grocery,324.66,M,1,81,Mon,3,Commute
shopping,1113.9,M,1,81,Mon,14,Commute
shopping,936.42,M,1,81,Mon,16,Commute
misc,6.58,M,1,81,Mon,22,Long_Distance
misc,750.82,M,1,81,Mon,22,Local
shopping,970.36,M,1,81,Mon,22,Long_Distance
shopping,976.48,M,1,81,Mon,23,Commute
shopping,1090.93,F,1,40,Tue,0,Regional
grocery,109.48,F,1,41,Tue,1,Commute
grocery,277.69,M,1,50,Tue,1,Long_Distance
grocery,339.79,F,1,40,Tue,3,Long_Distance
shopping,987.6,F,1,41,Tue,3,Long_Distance
grocery,110.0,F,1,41,Tue,5,Commute
misc,7.19,F,1,41,Tue,8,Long_Distance
grocery,382.41,F,1,41,Tue,8,Commute
misc,7.5,F,1,41,Tue,9,Regional
shopping,965.55,F,1,70,Tue,13,Commute
misc,8.95,M,1,81,Tue,15,Long_Distance
misc,754.99,F,1,70,Tue,17,Regional
shopping,915.14,M,1,81,Tue,17,Long_Distance
home,213.3,F,1,40,Tue,21,Long_Distance
grocery,259.65,M,1,46,Tue,22,Long_Distance
grocery,315.42,M,1,81,Tue,22,Remote
shopping,875.77,F,1,40,Tue,22,Long_Distance
home,223.56,F,1,41,Tue,22,Commute
shopping,1021.63,F,1,70,Tue,22,Long_Distance
shopping,1020.35,M,1,50,Tue,22,Regional
travel,8.21,F,1,41,Tue,22,Long_Distance
travel,9.1,M,1,46,Tue,22,Long_Distance
misc,797.73,F,1,70,Tue,22,Commute
grocery,315.31,F,1,70,Tue,22,Regional
home,23.06,F,1,40,Tue,23,Long_Distance
misc,48.42,M,1,62,Tue,23,Long_Distance
entertainment,436.27,M,1,81,Tue,23,Commute
misc,841.07,M,1,62,Tue,23,Commute
shopping,995.42,M,1,50,Tue,23,Regional
misc,742.26,M,1,46,Tue,23,Commute
shopping,909.8,F,1,40,Wed,0,Commute
travel,12.41,F,1,40,Wed,0,Remote
misc,793.81,F,1,40,Wed,0,Long_Distance
shopping,851.59,F,1,40,Wed,0,Long_Distance
misc,9.21,F,1,41,Wed,0,Commute
grocery,13.49,M,1,47,Wed,0,Commute
entertainment,492.67,F,1,41,Wed,0,Remote
grocery,287.35,F,1,70,Wed,1,Commute
grocery,312.41,M,1,47,Wed,1,Long_Distance
travel,11.34,F,1,70,Wed,1,Long_Distance
travel,10.34,M,1,46,Wed,2,Commute
grocery,376.23,F,1,40,Wed,2,Commute
shopping,941.63,F,1,41,Wed,2,Long_Distance
travel,11.34,F,1,41,Wed,2,Commute
grocery,113.03,F,1,41,Wed,3,Long_Distance
grocery,299.35,M,1,50,Wed,5,Long_Distance
grocery,284.72,M,1,46,Wed,6,Commute
misc,844.23,F,1,70,Wed,12,Regional
misc,49.36,M,1,62,Wed,12,Long_Distance
home,20.1,M,1,46,Wed,14,Regional
shopping,903.38,M,1,50,Wed,17,Long_Distance
grocery,126.51,F,1,40,Wed,17,Commute
home,17.97,M,1,56,Wed,18,Regional
shopping,930.86,M,1,56,Wed,21,Long_Distance
shopping,978.39,M,1,56,Wed,22,Local
misc,820.01,M,1,46,Wed,22,Regional
grocery,147.41,F,1,41,Wed,22,Long_Distance
home,286.87,F,1,40,Wed,22,Long_Distance
home,248.04,F,1,40,Wed,22,Long_Distance
grocery,277.9,M,1,56,Wed,22,Commute
shopping,904.31,M,1,50,Wed,22,Commute
health,19.38,F,1,41,Wed,23,Long_Distance
shopping,812.56,M,1,62,Wed,23,Long_Distance
grocery,120.48,M,1,47,Wed,23,Regional
grocery,291.69,M,1,46,Wed,23,Commute
home,23.42,F,1,41,Wed,23,Regional
shopping,1012.94,M,1,50,Wed,23,Long_Distance
home,22.1,F,1,40,Wed,23,Commute
shopping,953.49,F,1,70,Wed,23,Long_Distance
misc,856.13,F,1,70,Wed,23,Remote
shopping,986.88,M,1,50,Wed,23,Regional
grocery,324.59,M,1,77,Thu,0,Long_Distance
grocery,254.94,M,1,56,Thu,0,Regional
travel,9.95,M,1,56,Thu,1,Regional
grocery,352.37,M,1,77,Thu,1,Long_Distance
grocery,327.84,F,1,49,Thu,1,Long_Distance
grocery,306.9,M,1,47,Thu,1,Long_Distance
grocery,353.45,M,1,77,Thu,1,Commute
entertainment,471.28,F,1,49,Thu,1,Long_Distance
grocery,346.3,M,1,77,Thu,2,Commute
shopping,1066.06,F,1,49,Thu,3,Commute
misc,897.25,F,1,49,Thu,4,Regional
grocery,293.44,M,1,47,Thu,8,Commute
misc,909.75,M,1,47,Thu,12,Long_Distance
travel,9.44,F,1,49,Thu,15,Long_Distance
misc,683.03,M,1,77,Thu,22,Long_Distance
grocery,287.93,M,1,47,Thu,23,Commute
misc,804.42,M,1,47,Thu,23,Long_Distance
misc,859.99,M,1,47,Thu,23,Commute
entertainment,406.48,M,1,56,Thu,23,Long_Distance
home,18.22,M,1,56,Thu,23,Long_Distance
grocery,283.57,F,1,56,Fri,0,Long_Distance
grocery,321.76,M,1,77,Fri,0,Long_Distance
grocery,323.37,M,1,77,Fri,0,Regional
grocery,318.87,M,1,78,Fri,0,Long_Distance
grocery,309.49,F,1,56,Fri,2,Commute
misc,862.65,M,1,77,Fri,14,Commute
grocery,302.98,M,1,78,Fri,16,Long_Distance
misc,866.15,M,1,77,Fri,20,Commute
shopping,927.66,M,1,78,Fri,22,Remote
personal,18.38,F,1,49,Fri,22,Commute
misc,776.94,M,1,77,Fri,22,Commute
shopping,1002.29,M,1,78,Fri,22,Long_Distance
home,19.82,F,1,49,Fri,22,Long_Distance
misc,7.84,M,1,78,Fri,22,Long_Distance
shopping,933.01,F,1,64,Fri,23,Long_Distance
grocery,280.32,M,1,77,Fri,23,Regional
travel,8.33,M,1,77,Fri,23,Commute
misc,785.11,F,1,56,Fri,23,Long_Distance
home,221.78,F,1,56,Fri,23,Long_Distance
grocery,283.29,F,1,64,Fri,23,Commute
grocery,333.66,M,1,77,Fri,23,Long_Distance
grocery,321.67,M,1,78,Sat,0,Long_Distance
grocery,328.16,F,1,64,Sat,1,Regional
travel,9.84,M,1,78,Sat,1,Regional
travel,16.33,F,1,64,Sat,2,Regional
grocery,330.03,F,1,64,Sat,3,Long_Distance
grocery,314.7,M,1,78,Sat,3,Long_Distance
grocery,275.61,M,1,65,Sat,3,Regional
misc,738.74,F,1,56,Sat,12,Long_Distance
misc,874.52,F,1,64,Sat,12,Long_Distance
shopping,954.72,F,1,64,Sat,15,Long_Distance
grocery,331.13,F,1,64,Sat,17,Long_Distance
shopping,831.0,F,1,56,Sat,18,Commute
shopping,1000.81,M,1,65,Sat,19,Commute
grocery,335.72,M,1,65,Sat,22,Long_Distance
grocery,311.52,M,1,78,Sat,22,Commute
misc,49.55,F,1,64,Sat,22,Regional
misc,761.63,M,1,78,Sat,22,Remote
shopping,1063.77,M,1,78,Sat,22,Long_Distance
shopping,839.06,F,1,56,Sat,22,Commute
shopping,1023.45,M,1,65,Sat,22,Regional
shopping,1058.49,F,1,64,Sat,23,Long_Distance
shopping,879.3,M,1,65,Sat,23,Long_Distance
entertainment,419.75,M,1,65,Sat,23,Commute
shopping,984.22,M,1,65,Sat,23,Regional
shopping,953.76,M,1,65,Sat,23,Commute
grocery,309.72,M,1,65,Sun,2,Long_Distance
shopping,1008.65,M,1,65,Sun,22,Long_Distance
misc,809.64,M,1,65,Sun,23,Regional
shopping,1040.08,M,1,65,Sun,23,Long_Distance
shopping,1050.84,M,1,42,Mon,22,Commute
shopping,731.55,M,1,42,Mon,22,Regional
home,240.53,M,1,42,Mon,23,Commute
shopping,759.1,M,1,42,Tue,22,Long_Distance
misc,737.71,M,1,42,Tue,22,Long_Distance
shopping,1107.13,M,1,42,Tue,22,Long_Distance
travel,8.82,M,1,42,Tue,23,Commute
shopping,1159.35,M,1,42,Tue,23,Regional
entertainment,463.98,M,1,42,Tue,23,Long_Distance
shopping,902.07,M,1,72,Wed,15,Commute
shopping,1054.68,M,1,72,Wed,23,Commute
misc,8.67,F,1,26,Thu,0,Regional
grocery,294.51,M,1,72,Thu,0,Commute
shopping,998.13,F,1,26,Thu,0,Long_Distance
travel,10.94,M,1,72,Thu,0,Long_Distance
grocery,343.84,F,1,26,Thu,1,Long_Distance
grocery,308.55,M,1,44,Thu,1,Remote
misc,820.28,M,1,44,Thu,1,Long_Distance
shopping,992.41,F,1,26,Thu,2,Remote
grocery,297.31,M,1,44,Thu,2,Regional
grocery,134.72,F,1,26,Thu,3,Long_Distance
grocery,123.68,F,1,26,Thu,7,Commute
entertainment,469.03,F,1,26,Thu,7,Long_Distance
shopping,903.41,M,1,44,Thu,13,Long_Distance
health,22.86,F,1,26,Thu,17,Long_Distance
home,264.65,F,1,26,Thu,22,Long_Distance
shopping,1022.76,M,1,44,Thu,22,Regional
personal,19.95,F,1,26,Thu,22,Regional
misc,905.31,M,1,72,Thu,23,Regional
grocery,311.71,M,1,72,Thu,23,Long_Distance
entertainment,415.24,M,1,72,Thu,23,Remote
misc,736.29,M,1,44,Fri,0,Regional
grocery,284.05,M,1,44,Fri,1,Long_Distance
grocery,282.24,M,1,44,Fri,1,Regional
grocery,281.71,M,1,44,Fri,1,Long_Distance
travel,10.43,M,1,44,Fri,2,Regional
misc,792.4,M,1,44,Fri,2,Commute
grocery,342.03,F,1,26,Fri,3,Long_Distance
shopping,717.37,F,1,26,Fri,11,Remote
misc,815.4,M,1,67,Fri,14,Long_Distance
misc,769.73,M,1,67,Fri,21,Long_Distance
home,253.33,F,1,26,Fri,22,Long_Distance
misc,726.43,M,1,44,Fri,22,Commute
home,265.76,F,1,26,Fri,23,Remote
home,19.15,F,1,26,Fri,23,Long_Distance
misc,783.38,M,1,67,Fri,23,Long_Distance
shopping,907.51,M,1,67,Fri,23,Long_Distance
grocery,300.93,M,1,67,Sat,0,Long_Distance
grocery,281.53,M,1,56,Sat,0,Commute
travel,7.54,M,1,56,Sat,1,Local
grocery,310.23,M,1,67,Sat,1,Long_Distance
grocery,277.92,M,1,67,Sat,3,Long_Distance
grocery,283.76,M,1,56,Sat,3,Remote
shopping,979.57,M,1,67,Sat,16,Long_Distance
shopping,905.66,M,1,56,Sat,17,Remote
grocery,137.86,M,1,67,Sat,22,Long_Distance
shopping,954.05,M,1,67,Sat,22,Regional
shopping,993.47,M,1,56,Sat,23,Commute
shopping,1026.61,M,1,56,Sat,23,Long_Distance
travel,7.79,M,1,56,Sun,0,Regional
grocery,298.23,M,1,56,Sun,0,Regional
grocery,318.96,M,1,49,Sun,1,Long_Distance
travel,12.25,M,1,56,Sun,1,Regional
travel,10.59,M,1,56,Sun,2,Regional
grocery,295.18,M,1,49,Sun,3,Long_Distance
grocery,352.84,M,1,52,Sun,3,Long_Distance
grocery,13.22,M,1,49,Sun,10,Commute
misc,899.23,M,1,49,Sun,12,Commute
misc,48.03,M,1,52,Sun,14,Long_Distance
shopping,832.47,M,1,49,Sun,15,Long_Distance
shopping,915.77,M,1,56,Sun,16,Long_Distance
shopping,827.2,M,1,49,Sun,22,Remote
home,2.61,M,1,52,Sun,22,Long_Distance
travel,6.94,M,1,52,Sun,22,Commute
shopping,1032.1,M,1,49,Sun,22,Commute
shopping,1191.57,M,1,52,Sun,22,Regional
shopping,989.39,M,1,52,Sun,23,Commute
shopping,1021.36,M,1,49,Sun,23,Remote
misc,668.94,M,1,56,Sun,23,Regional
travel,2.77,M,1,52,Sun,23,Remote
shopping,844.57,M,1,49,Sun,23,Long_Distance
shopping,698.28,F,1,25,Mon,0,Long_Distance
grocery,343.08,F,1,27,Mon,0,Commute
grocery,116.44,F,1,27,Mon,0,Long_Distance
shopping,636.83,F,1,25,Mon,0,Long_Distance
grocery,14.76,M,1,49,Mon,1,Regional
grocery,298.93,M,1,49,Mon,1,Long_Distance
grocery,112.75,F,1,27,Mon,2,Long_Distance
grocery,321.05,M,1,52,Mon,2,Commute
shopping,744.32,F,1,25,Mon,3,Regional
shopping,909.7,F,1,27,Mon,3,Long_Distance
shopping,785.5,F,1,25,Mon,3,Regional
travel,20.99,M,1,49,Mon,3,Remote
grocery,353.88,F,1,25,Mon,6,Commute
grocery,305.63,M,1,49,Mon,7,Long_Distance
shopping,949.27,F,1,25,Mon,7,Long_Distance
shopping,973.37,M,1,52,Mon,15,Regional
shopping,880.7,M,1,32,Mon,19,Regional
personal,18.16,F,1,25,Mon,22,Local
home,266.38,F,1,25,Mon,22,Regional
health,21.55,F,1,27,Mon,22,Regional
personal,51.7,M,1,52,Mon,22,Regional
health,18.74,M,1,32,Mon,22,Regional
shopping,1051.53,M,1,52,Mon,22,Long_Distance
grocery,140.88,M,1,49,Mon,22,Regional
shopping,875.71,M,1,32,Mon,22,Regional
shopping,884.08,M,1,32,Mon,22,Commute
personal,22.46,F,1,25,Mon,23,Long_Distance
shopping,847.11,M,1,49,Mon,23,Regional
misc,777.55,M,1,52,Mon,23,Remote
shopping,980.38,M,1,52,Mon,23,Commute
shopping,855.28,M,1,32,Mon,23,Long_Distance
health,19.1,F,1,27,Mon,23,Regional
shopping,1214.39,M,1,32,Mon,23,Long_Distance
shopping,1053.56,M,1,52,Mon,23,Commute
grocery,297.08,M,1,52,Mon,23,Commute
personal,26.54,F,1,25,Mon,23,Commute
entertainment,541.06,M,1,32,Mon,23,Long_Distance
travel,11.02,M,1,32,Tue,2,Commute
misc,743.26,F,1,27,Tue,2,Regional
shopping,760.76,F,1,25,Tue,3,Long_Distance
entertainment,482.3,F,1,25,Tue,3,Commute
travel,10.73,F,1,27,Tue,7,Long_Distance
grocery,302.84,M,1,32,Tue,12,Long_Distance
home,303.23,F,1,25,Tue,20,Regional
home,232.88,F,1,25,Tue,22,Long_Distance
shopping,1113.37,M,1,32,Tue,22,Regional
misc,821.25,M,1,32,Tue,22,Commute
home,253.44,F,1,40,Tue,23,Long_Distance
misc,6.83,F,1,40,Wed,1,Regional
grocery,346.51,F,1,40,Wed,1,Long_Distance
misc,719.92,M,1,64,Wed,12,Long_Distance
shopping,967.03,M,1,64,Wed,18,Long_Distance
misc,711.32,M,1,64,Wed,23,Long_Distance
shopping,779.28,M,1,64,Wed,23,Commute
shopping,1001.79,M,1,64,Wed,23,Regional
shopping,1012.31,M,1,64,Wed,23,Regional
home,248.95,F,1,40,Wed,23,Commute
shopping,1089.38,M,1,64,Thu,22,Long_Distance
misc,792.97,M,1,64,Thu,23,Regional
travel,7.85,M,1,24,Fri,1,Long_Distance
misc,909.14,M,1,24,Fri,20,Long_Distance
shopping,773.55,F,1,24,Fri,22,Regional
shopping,1117.91,M,1,24,Fri,23,Long_Distance
shopping,852.79,M,1,24,Fri,23,Long_Distance
shopping,941.18,F,1,24,Fri,23,Commute
grocery,326.43,F,1,33,Sat,0,Long_Distance
grocery,297.74,F,1,62,Sat,0,Commute
grocery,306.65,F,1,24,Sat,0,Commute
grocery,317.41,F,1,62,Sat,1,Regional
misc,796.81,F,1,24,Sat,1,Long_Distance
travel,10.23,F,1,24,Sat,1,Long_Distance
grocery,317.62,F,1,24,Sat,2,Long_Distance
shopping,720.66,F,1,33,Sat,3,Regional
grocery,282.07,M,1,24,Sat,3,Regional
grocery,323.46,M,1,24,Sat,3,Commute
grocery,369.31,F,1,33,Sat,3,Remote
shopping,1003.92,F,1,24,Sat,19,Commute
shopping,1037.03,F,1,24,Sat,22,Commute
shopping,992.14,M,1,24,Sat,22,Long_Distance
shopping,890.46,M,1,24,Sat,22,Long_Distance
home,21.36,F,1,33,Sat,22,Long_Distance
home,206.38,F,1,33,Sat,22,Commute
shopping,891.35,F,1,62,Sat,22,Long_Distance
shopping,997.0,M,1,24,Sat,22,Regional
shopping,906.3,F,1,62,Sat,22,Remote
entertainment,461.13,M,1,24,Sat,23,Regional
misc,6.78,F,1,24,Sat,23,Long_Distance
shopping,1080.2,F,1,24,Sat,23,Commute
shopping,1118.61,F,1,24,Sat,23,Regional
grocery,274.22,F,1,62,Sun,0,Local
grocery,367.28,F,1,28,Sun,0,Long_Distance
grocery,336.73,F,1,33,Sun,1,Long_Distance
shopping,957.79,F,1,33,Sun,2,Long_Distance
travel,8.94,F,1,33,Sun,2,Remote
travel,7.94,F,1,71,Sun,2,Long_Distance
grocery,366.79,F,1,33,Sun,3,Long_Distance
misc,856.01,F,1,33,Sun,7,Long_Distance
misc,790.29,F,1,71,Sun,17,Regional
travel,10.23,F,1,28,Sun,22,Remote
shopping,870.8,F,1,62,Sun,22,Long_Distance
shopping,1017.68,F,1,62,Sun,22,Local
shopping,880.88,F,1,71,Sun,22,Long_Distance
misc,767.01,F,1,62,Sun,22,Regional
grocery,290.9,F,1,71,Sun,22,Long_Distance
shopping,886.45,F,1,62,Sun,22,Commute
shopping,1016.21,F,1,62,Sun,22,Commute
shopping,1011.75,F,1,71,Sun,22,Long_Distance
misc,696.84,F,1,71,Sun,23,Long_Distance
misc,7.59,F,1,71,Sun,23,Commute
shopping,1002.36,F,1,62,Sun,23,Long_Distance
shopping,1047.43,F,1,71,Sun,23,Long_Distance
shopping,1005.42,F,1,71,Mon,22,Long_Distance
shopping,923.5,F,1,71,Mon,22,Commute
grocery,134.62,F,1,28,Mon,23,Long_Distance
shopping,935.71,F,1,71,Mon,23,Long_Distance
grocery,10.54,F,1,58,Tue,1,Regional
grocery,315.86,F,1,87,Tue,2,Commute
shopping,1036.09,F,1,58,Tue,18,Regional
misc,1004.44,F,1,87,Tue,22,Commute
grocery,303.85,M,1,82,Tue,22,Long_Distance
personal,21.36,M,1,82,Tue,22,Commute
shopping,849.91,M,1,82,Tue,22,Long_Distance
shopping,898.72,F,1,58,Tue,22,Long_Distance
shopping,990.48,M,1,82,Tue,22,Long_Distance
shopping,961.46,F,1,58,Tue,23,Long_Distance
grocery,326.18,F,1,87,Tue,23,Long_Distance
entertainment,441.28,F,1,58,Tue,23,Long_Distance
shopping,783.16,F,1,87,Tue,23,Regional
grocery,313.68,M,1,82,Tue,23,Long_Distance
grocery,332.44,M,1,82,Wed,0,Long_Distance
travel,20.17,F,1,56,Wed,0,Commute
grocery,321.5,F,1,56,Wed,0,Commute
grocery,346.6,F,1,87,Wed,1,Commute
grocery,314.3,F,1,87,Wed,2,Regional
grocery,289.65,F,1,87,Wed,2,Long_Distance
grocery,330.83,F,1,87,Wed,3,Long_Distance
grocery,275.52,F,1,58,Wed,3,Long_Distance
grocery,325.72,M,1,82,Wed,4,Commute
grocery,12.1,F,1,87,Wed,7,Regional
travel,19.78,F,1,56,Wed,11,Regional
grocery,293.44,M,1,82,Wed,22,Regional
shopping,789.14,F,1,87,Wed,22,Regional
misc,51.13,F,1,87,Wed,22,Regional
shopping,912.83,F,1,87,Wed,22,Long_Distance
entertainment,421.19,M,1,82,Wed,22,Commute
misc,790.45,F,1,56,Wed,22,Regional
shopping,830.56,F,1,56,Wed,22,Commute
shopping,980.39,F,1,58,Wed,22,Commute
shopping,912.37,F,1,58,Wed,23,Long_Distance
grocery,300.08,M,1,82,Wed,23,Commute
misc,736.56,F,1,58,Wed,23,Commute
shopping,910.65,M,1,82,Wed,23,Long_Distance
grocery,270.04,F,1,57,Thu,0,Long_Distance
grocery,302.34,F,1,56,Thu,1,Regional
travel,8.14,F,1,57,Thu,1,Long_Distance
travel,18.69,F,1,56,Thu,1,Long_Distance
personal,54.69,F,1,56,Thu,13,Remote
shopping,1010.96,F,1,57,Thu,22,Long_Distance
misc,863.13,F,1,57,Thu,23,Long_Distance
grocery,303.36,F,1,57,Fri,8,Commute
shopping,1083.3,M,1,66,Fri,22,Local
shopping,983.04,F,1,57,Fri,22,Regional
personal,20.94,F,1,57,Fri,22,Long_Distance
shopping,983.88,M,1,66,Fri,22,Commute
grocery,259.1,F,1,57,Fri,23,Long_Distance
grocery,310.69,F,1,22,Sat,2,Regional
grocery,330.82,M,1,66,Sat,2,Long_Distance
grocery,294.03,M,1,66,Sat,3,Long_Distance
travel,7.65,M,1,66,Sat,3,Long_Distance
grocery,268.92,F,1,22,Sat,6,Commute
travel,9.04,F,1,22,Sat,7,Long_Distance
travel,10.31,F,1,22,Sat,11,Commute
shopping,820.05,F,1,22,Sat,12,Regional
misc,804.06,F,1,22,Sat,12,Regional
misc,719.88,F,1,22,Sat,18,Regional
misc,800.94,F,1,22,Sat,22,Regional
grocery,328.72,F,1,78,Sat,22,Regional
shopping,816.01,F,1,78,Sat,22,Commute
misc,857.18,F,1,78,Sat,22,Long_Distance
shopping,1245.75,F,1,78,Sat,23,Local
shopping,1145.91,F,1,78,Sat,23,Commute
shopping,1117.76,F,1,22,Sat,23,Regional
misc,790.69,M,1,66,Sat,23,Regional
shopping,1010.77,M,1,66,Sat,23,Long_Distance
grocery,272.23,F,1,22,Sun,0,Regional
misc,839.8,F,1,22,Sun,0,Commute
grocery,299.49,F,1,22,Sun,0,Long_Distance
travel,11.19,F,1,22,Sun,1,Commute
travel,7.44,M,1,37,Sun,1,Long_Distance
travel,12.16,M,1,37,Sun,1,Remote
travel,13.4,M,1,37,Sun,3,Long_Distance
grocery,323.89,F,1,38,Sun,5,Long_Distance
shopping,705.84,F,1,78,Sun,14,Commute
shopping,935.64,F,1,22,Sun,18,Commute
shopping,1256.8,F,1,22,Sun,19,Long_Distance
entertainment,457.21,F,1,22,Sun,19,Commute
misc,780.05,F,1,78,Sun,20,Commute
misc,859.74,M,1,37,Sun,22,Long_Distance
home,19.74,F,1,22,Sun,22,Long_Distance
grocery,282.04,M,1,37,Sun,22,Commute
grocery,360.54,F,1,78,Sun,22,Commute
shopping,827.33,M,1,37,Sun,22,Remote
misc,6.54,F,1,22,Sun,22,Commute
grocery,343.55,M,1,37,Sun,23,Commute
shopping,1087.81,F,1,78,Sun,23,Commute
personal,49.51,F,1,78,Sun,23,Regional
grocery,352.69,F,1,78,Sun,23,Long_Distance
personal,50.87,F,1,78,Sun,23,Regional
shopping,1062.26,M,1,37,Sun,23,Regional
grocery,331.98,F,1,34,Mon,4,Regional
personal,19.17,F,1,34,Mon,16,Long_Distance
home,20.85,F,1,38,Mon,23,Long_Distance
home,18.11,F,1,34,Mon,23,Long_Distance
grocery,310.3,M,1,26,Tue,0,Commute
grocery,10.49,M,1,24,Tue,10,Long_Distance
shopping,884.9,M,1,26,Tue,14,Long_Distance
misc,663.66,M,1,24,Tue,22,Regional
misc,888.98,M,1,24,Tue,23,Commute
misc,9.94,M,1,26,Tue,23,Commute
shopping,750.82,M,1,26,Tue,23,Local
grocery,290.42,M,1,26,Wed,0,Regional
travel,9.66,M,1,24,Wed,0,Commute
grocery,329.4,M,1,26,Wed,0,Regional
grocery,276.35,M,1,28,Wed,1,Long_Distance
grocery,287.62,M,1,24,Wed,1,Regional
grocery,10.16,M,1,70,Wed,3,Long_Distance
misc,769.26,M,1,70,Wed,17,Commute
shopping,1030.92,M,1,26,Wed,22,Commute
health,18.79,M,1,26,Wed,22,Commute
misc,779.13,M,1,26,Wed,22,Long_Distance
personal,18.31,M,1,24,Wed,22,Regional
misc,7.1,M,1,28,Wed,22,Commute
shopping,880.92,M,1,70,Wed,23,Regional
misc,881.98,M,1,24,Wed,23,Remote
shopping,866.34,M,1,26,Wed,23,Regional
grocery,286.88,M,1,28,Wed,23,Long_Distance
misc,755.32,M,1,70,Wed,23,Commute
shopping,834.38,M,1,28,Wed,23,Regional
grocery,275.6,M,1,70,Wed,23,Long_Distance
shopping,1067.49,M,1,24,Wed,23,Long_Distance
grocery,289.34,F,1,24,Thu,0,Commute
grocery,274.06,F,1,24,Thu,1,Long_Distance
shopping,1022.19,M,1,70,Thu,16,Long_Distance
shopping,934.76,M,1,70,Thu,19,Regional
personal,19.91,M,1,28,Thu,22,Commute
grocery,293.47,M,1,28,Thu,22,Regional
shopping,883.82,F,1,24,Thu,22,Commute
shopping,1066.31,M,1,70,Thu,22,Commute
grocery,274.37,M,1,28,Thu,22,Regional
shopping,1008.74,M,1,70,Thu,22,Commute
shopping,1134.52,F,1,24,Thu,22,Long_Distance
grocery,303.88,M,1,28,Thu,23,Commute
shopping,1007.13,M,1,70,Thu,23,Long_Distance
shopping,667.88,M,1,28,Thu,23,Regional
home,233.89,F,1,24,Thu,23,Regional
entertainment,511.02,F,1,24,Thu,23,Long_Distance
misc,729.18,F,1,24,Fri,0,Regional
misc,738.27,F,1,24,Fri,2,Commute
travel,9.69,M,1,38,Fri,2,Regional
misc,932.65,F,1,24,Fri,3,Commute
grocery,380.28,M,1,63,Fri,9,Long_Distance
shopping,1009.3,F,1,24,Fri,17,Commute
shopping,1041.65,M,1,63,Fri,22,Long_Distance
misc,683.67,M,1,63,Fri,22,Commute
shopping,922.35,F,1,24,Fri,22,Regional
entertainment,641.34,M,1,63,Fri,22,Commute
shopping,818.0,F,1,24,Fri,23,Remote
shopping,899.05,F,1,24,Fri,23,Long_Distance
shopping,916.58,F,1,24,Fri,23,Regional
misc,702.73,F,1,24,Fri,23,Long_Distance
entertainment,595.07,M,1,63,Fri,23,Regional
grocery,347.42,M,1,63,Sat,1,Long_Distance
travel,13.62,M,1,38,Sat,2,Regional
misc,821.32,M,1,38,Sat,3,Commute
grocery,291.43,M,1,66,Sat,5,Commute
misc,8.38,M,1,38,Sat,17,Long_Distance
misc,837.95,M,1,63,Sat,21,Regional
shopping,905.52,M,1,66,Sat,22,Long_Distance
shopping,969.7,M,1,63,Sat,22,Long_Distance
misc,868.23,M,1,63,Sat,22,Long_Distance
shopping,768.28,M,1,63,Sat,22,Commute
shopping,863.8,M,1,66,Sat,22,Long_Distance
shopping,1120.12,M,1,38,Sat,22,Commute
shopping,988.45,M,1,74,Sat,22,Long_Distance
misc,783.22,M,1,63,Sat,22,Long_Distance
home,4.38,M,1,63,Sat,23,Regional
shopping,939.7,M,1,38,Sat,23,Long_Distance
misc,9.14,M,1,38,Sat,23,Long_Distance
shopping,938.13,M,1,38,Sat,23,Long_Distance
misc,759.4,M,1,63,Sat,23,Long_Distance
misc,713.97,M,1,66,Sat,23,Long_Distance
shopping,1083.88,M,1,63,Sat,23,Regional
shopping,946.05,M,1,38,Sat,23,Commute
misc,891.69,M,1,38,Sat,23,Long_Distance
shopping,982.64,F,1,47,Sun,0,Regional
grocery,326.65,F,1,76,Sun,1,Local
grocery,332.09,M,1,74,Sun,1,Commute
grocery,292.85,M,1,50,Sun,2,Long_Distance
grocery,334.59,M,1,50,Sun,2,Commute
grocery,358.98,F,1,47,Sun,3,Commute
shopping,935.95,F,1,47,Sun,3,Regional
grocery,318.49,M,1,74,Sun,3,Long_Distance
travel,20.02,M,1,66,Sun,5,Commute
travel,8.01,M,1,43,Sun,9,Regional
home,22.72,F,1,47,Sun,12,Regional
personal,20.66,F,1,47,Sun,13,Long_Distance
home,19.02,F,1,47,Sun,15,Long_Distance
misc,859.08,M,1,74,Sun,18,Regional
grocery,290.71,M,1,50,Sun,18,Commute
shopping,919.3,M,1,74,Sun,21,Long_Distance
shopping,864.7,M,1,43,Sun,22,Long_Distance
misc,736.16,M,1,66,Sun,22,Commute
shopping,809.39,M,1,74,Sun,22,Regional
home,222.37,F,1,47,Sun,23,Long_Distance
shopping,948.78,M,1,50,Sun,23,Long_Distance
shopping,1116.53,M,1,66,Sun,23,Remote
shopping,1055.09,M,1,74,Sun,23,Regional
misc,866.65,M,1,74,Sun,23,Regional
shopping,1051.21,M,1,43,Sun,23,Regional
shopping,765.25,F,1,76,Sun,23,Regional
home,259.53,F,1,47,Sun,23,Long_Distance
shopping,830.76,M,1,66,Sun,23,Commute
shopping,942.33,M,1,66,Sun,23,Local
personal,51.88,M,1,74,Sun,23,Regional
grocery,289.18,M,1,58,Mon,0,Long_Distance
travel,12.26,M,1,58,Mon,0,Regional
grocery,308.39,M,1,50,Mon,1,Commute
travel,9.4,M,1,58,Mon,2,Commute
grocery,354.47,F,1,47,Mon,3,Long_Distance
grocery,324.45,F,1,76,Mon,3,Long_Distance
grocery,308.58,F,1,76,Mon,3,Long_Distance
misc,1036.63,F,1,47,Mon,3,Long_Distance
travel,11.68,M,1,50,Mon,3,Long_Distance
misc,7.92,M,1,43,Mon,12,Commute
shopping,971.83,M,1,50,Mon,16,Long_Distance
shopping,1044.27,M,1,50,Mon,19,Regional
shopping,860.18,M,1,50,Mon,22,Commute
grocery,115.5,F,1,47,Mon,22,Long_Distance
misc,795.57,F,1,76,Mon,22,Regional
misc,691.48,M,1,58,Mon,22,Commute
shopping,906.52,M,1,58,Mon,22,Regional
misc,735.1,M,1,50,Mon,22,Commute
shopping,1090.93,M,1,50,Mon,22,Long_Distance
entertainment,379.42,M,1,58,Mon,22,Long_Distance
shopping,909.98,F,1,76,Mon,22,Long_Distance
shopping,1234.32,M,1,50,Mon,22,Regional
shopping,903.44,M,1,43,Mon,22,Regional
shopping,980.82,M,1,43,Mon,22,Commute
travel,8.56,M,1,43,Mon,23,Regional
health,18.96,M,1,58,Mon,23,Commute
shopping,1045.92,M,1,58,Tue,22,Long_Distance
travel,11.28,F,1,55,Thu,2,Local
grocery,303.93,M,1,24,Thu,2,Commute
grocery,12.68,F,1,55,Thu,2,Long_Distance
travel,11.07,M,1,24,Thu,3,Commute
misc,930.15,M,1,24,Thu,3,Regional
grocery,327.89,M,1,24,Thu,4,Long_Distance
grocery,291.48,F,1,55,Thu,5,Long_Distance
shopping,788.87,M,1,57,Thu,22,Long_Distance
shopping,1124.04,M,1,24,Thu,22,Remote
misc,720.89,M,1,57,Thu,22,Long_Distance
misc,771.69,F,1,55,Thu,22,Long_Distance
shopping,940.99,F,1,55,Thu,22,Long_Distance
travel,1.51,M,1,57,Thu,22,Regional
shopping,1049.12,M,1,24,Thu,22,Long_Distance
shopping,988.32,F,1,55,Thu,23,Regional
grocery,111.46,F,1,55,Thu,23,Commute
health,18.05,F,1,55,Thu,23,Local
misc,675.57,M,1,57,Thu,23,Long_Distance
shopping,941.53,F,1,55,Thu,23,Commute
shopping,713.93,M,1,24,Thu,23,Commute
grocery,328.78,F,1,34,Fri,0,Long_Distance
grocery,305.65,M,1,31,Fri,1,Long_Distance
misc,796.19,F,1,34,Fri,2,Long_Distance
misc,778.91,M,1,31,Fri,2,Regional
grocery,290.46,M,1,55,Fri,2,Regional
travel,7.04,M,1,55,Fri,3,Regional
travel,10.35,F,1,55,Fri,3,Commute
shopping,769.12,M,1,31,Fri,13,Commute
shopping,957.91,M,1,55,Fri,13,Regional
misc,848.19,F,1,85,Fri,17,Regional
shopping,1015.53,F,1,85,Fri,19,Long_Distance
home,20.17,M,1,31,Fri,19,Commute
shopping,900.15,F,1,34,Fri,19,Commute
home,225.88,F,1,34,Fri,22,Regional
entertainment,502.25,F,1,34,Fri,22,Long_Distance
home,17.84,F,1,34,Fri,22,Commute
shopping,1128.1,M,1,55,Fri,22,Long_Distance
shopping,805.02,M,1,24,Fri,22,Regional
misc,922.26,F,1,85,Fri,23,Regional
shopping,736.59,F,1,85,Fri,23,Long_Distance
misc,864.75,M,1,55,Fri,23,Long_Distance
shopping,1123.9,M,1,57,Fri,23,Commute
shopping,918.05,M,1,55,Fri,23,Regional
shopping,1096.36,M,1,55,Fri,23,Long_Distance
shopping,1160.14,M,1,31,Fri,23,Long_Distance
shopping,1096.53,M,1,24,Fri,23,Regional
home,266.05,F,1,34,Fri,23,Commute
grocery,294.0,M,1,71,Sat,0,Long_Distance
travel,9.98,M,1,71,Sat,1,Long_Distance
grocery,331.77,M,1,31,Sat,1,Local
grocery,317.22,F,1,85,Sat,1,Long_Distance
grocery,374.17,F,1,34,Sat,1,Long_Distance
grocery,269.34,M,1,55,Sat,2,Regional
grocery,376.03,F,1,34,Sat,2,Long_Distance
misc,711.63,M,1,23,Sat,3,Remote
grocery,323.67,M,1,55,Sat,10,Regional
travel,11.08,M,1,23,Sat,22,Long_Distance
shopping,907.08,M,1,55,Sat,22,Regional
shopping,951.86,F,1,85,Sat,22,Long_Distance
personal,22.43,M,1,23,Sat,22,Remote
health,25.26,F,1,34,Sat,22,Commute
shopping,995.57,M,1,71,Sat,22,Regional
shopping,1165.58,F,1,85,Sat,22,Long_Distance
misc,799.67,M,1,55,Sat,22,Long_Distance
misc,8.04,F,1,85,Sat,22,Long_Distance
home,18.29,F,1,34,Sat,22,Long_Distance
shopping,1009.59,M,1,23,Sat,22,Long_Distance
health,21.64,F,1,34,Sat,22,Long_Distance
shopping,799.5,F,1,85,Sat,23,Long_Distance
shopping,1063.85,M,1,31,Sat,23,Commute
shopping,1105.82,M,1,31,Sat,23,Long_Distance
shopping,947.07,M,1,23,Sat,23,Regional
shopping,1091.61,M,1,71,Sat,23,Regional
health,21.72,F,1,34,Sat,23,Remote
home,21.58,F,1,34,Sat,23,Long_Distance
shopping,1064.07,M,1,23,Sat,23,Long_Distance
grocery,336.65,M,1,23,Sun,0,Local
travel,19.92,F,1,57,Sun,0,Regional
grocery,306.89,F,1,70,Sun,0,Commute
entertainment,498.86,F,1,28,Sun,1,Long_Distance
shopping,991.94,F,1,28,Sun,1,Long_Distance
grocery,333.07,F,1,63,Sun,2,Long_Distance
grocery,266.92,M,1,23,Sun,2,Commute
shopping,1077.82,F,1,28,Sun,2,Local
travel,19.79,F,1,57,Sun,2,Regional
misc,784.42,M,1,23,Sun,2,Long_Distance
travel,9.08,M,1,23,Sun,3,Commute
grocery,117.34,F,1,28,Sun,3,Long_Distance
travel,17.77,M,1,59,Sun,3,Remote
grocery,286.44,M,1,23,Sun,3,Regional
grocery,346.26,F,1,57,Sun,3,Long_Distance
misc,7.05,F,1,28,Sun,7,Long_Distance
grocery,343.05,F,1,63,Sun,13,Long_Distance
entertainment,486.57,F,1,70,Sun,13,Long_Distance
shopping,1215.07,M,1,59,Sun,17,Long_Distance
shopping,1000.46,M,1,71,Sun,22,Long_Distance
shopping,958.76,M,1,23,Sun,22,Long_Distance
shopping,916.14,M,1,23,Sun,22,Long_Distance
misc,658.57,F,1,57,Sun,22,Long_Distance
personal,49.53,M,1,59,Sun,22,Regional
shopping,911.61,M,1,71,Sun,22,Commute
shopping,1018.86,M,1,71,Sun,22,Regional
travel,10.76,F,1,28,Sun,22,Long_Distance
shopping,932.47,M,1,59,Sun,22,Long_Distance
shopping,852.54,F,1,70,Sun,22,Remote
shopping,1061.7,M,1,23,Sun,22,Commute
shopping,998.05,M,1,23,Sun,23,Commute
misc,874.24,F,1,57,Sun,23,Commute
misc,811.8,F,1,70,Sun,23,Commute
misc,875.86,M,1,71,Sun,23,Long_Distance
misc,51.28,F,1,70,Sun,23,Regional
shopping,1097.8,F,1,63,Sun,23,Local
misc,766.05,F,1,70,Sun,23,Long_Distance
misc,9.12,F,1,28,Mon,0,Long_Distance
grocery,300.95,F,1,70,Mon,2,Regional
shopping,835.29,F,1,28,Mon,2,Commute
grocery,329.2,F,1,28,Mon,3,Long_Distance
grocery,315.05,F,1,70,Mon,4,Long_Distance
misc,756.49,F,1,28,Mon,7,Regional
grocery,306.04,F,1,70,Mon,8,Long_Distance
entertainment,471.04,F,1,28,Mon,11,Long_Distance
home,18.6,F,1,28,Mon,14,Regional
shopping,1059.15,F,1,70,Mon,22,Long_Distance
shopping,983.28,M,1,59,Mon,22,Commute
misc,750.81,M,1,59,Mon,22,Commute
personal,20.01,F,1,28,Mon,22,Long_Distance
entertainment,571.74,M,1,59,Mon,22,Commute
shopping,1086.91,F,1,63,Mon,22,Regional
shopping,828.04,F,1,70,Mon,23,Regional
shopping,1074.45,F,1,70,Mon,23,Long_Distance
travel,5.1,M,1,59,Mon,23,Long_Distance
grocery,335.16,M,1,59,Mon,23,Regional
misc,642.43,M,1,87,Tue,23,Regional
travel,11.39,M,1,39,Wed,1,Long_Distance
travel,12.33,M,1,87,Wed,1,Long_Distance
misc,787.34,M,1,39,Wed,1,Long_Distance
grocery,307.15,M,1,39,Wed,5,Regional
shopping,948.47,M,1,39,Wed,13,Regional
misc,921.25,M,1,87,Wed,22,Commute
shopping,989.01,M,1,87,Wed,22,Regional
shopping,929.54,M,1,39,Wed,22,Regional
shopping,944.06,M,1,87,Wed,22,Long_Distance
entertainment,487.35,M,1,87,Wed,22,Commute
misc,799.22,M,1,87,Wed,22,Long_Distance
shopping,914.36,M,1,39,Wed,23,Regional
travel,13.57,M,1,39,Thu,0,Commute
misc,806.93,M,1,39,Thu,1,Local
misc,829.48,M,1,39,Thu,2,Long_Distance
shopping,1051.26,M,1,39,Thu,22,Long_Distance
grocery,274.42,M,1,79,Fri,0,Regional
travel,6.61,M,1,67,Sat,1,Commute
travel,14.39,M,1,79,Sat,2,Commute
grocery,290.5,M,1,79,Sat,2,Long_Distance
travel,7.2,M,1,67,Sat,3,Long_Distance
grocery,297.71,M,1,79,Sat,3,Commute
grocery,15.33,F,1,65,Sat,5,Regional
shopping,999.15,M,1,79,Sat,14,Commute
misc,742.05,M,1,79,Sat,21,Long_Distance
shopping,1124.23,M,1,67,Sat,22,Commute
shopping,1078.83,M,1,79,Sat,22,Commute
shopping,1086.3,M,1,67,Sat,23,Long_Distance
misc,774.88,M,1,79,Sat,23,Long_Distance
grocery,314.77,F,1,65,Sat,23,Regional
shopping,1019.98,F,1,65,Sat,23,Commute
entertainment,436.64,M,1,79,Sat,23,Long_Distance
shopping,959.74,M,1,67,Sun,13,Long_Distance
shopping,1115.39,M,1,67,Sun,22,Commute
misc,781.3,M,1,67,Sun,23,Regional
shopping,1033.4,F,1,65,Sun,23,Long_Distance
shopping,1112.15,M,1,67,Sun,23,Long_Distance
misc,776.45,F,1,65,Sun,23,Local
misc,729.44,F,1,62,Mon,14,Long_Distance
shopping,1021.5,F,1,62,Mon,22,Long_Distance
shopping,1047.46,F,1,62,Mon,23,Regional
misc,716.09,F,1,62,Mon,23,Commute
shopping,975.66,F,1,62,Mon,23,Regional
grocery,296.14,F,1,62,Mon,23,Regional
grocery,288.35,M,1,30,Tue,0,Commute
shopping,1027.3,M,1,30,Tue,20,Long_Distance
shopping,1097.09,F,1,62,Tue,22,Long_Distance
shopping,1086.79,M,1,30,Tue,22,Commute
shopping,854.47,F,1,62,Tue,22,Commute
shopping,1070.83,M,1,30,Tue,22,Long_Distance
shopping,1111.45,M,1,30,Tue,22,Commute
shopping,1100.47,M,1,30,Tue,22,Regional
shopping,796.91,F,1,33,Wed,0,Local
grocery,338.26,F,1,33,Wed,0,Commute
grocery,286.42,M,1,30,Wed,0,Long_Distance
grocery,360.92,F,1,33,Wed,1,Long_Distance
travel,8.95,M,1,30,Wed,1,Long_Distance
travel,11.8,F,1,33,Wed,2,Remote
grocery,352.72,F,1,33,Wed,3,Regional
health,18.75,F,1,33,Wed,22,Long_Distance
shopping,1061.68,M,1,30,Wed,23,Long_Distance
grocery,285.14,M,1,30,Wed,23,Long_Distance
misc,9.1,M,1,30,Wed,23,Long_Distance
shopping,798.22,F,1,33,Thu,0,Long_Distance
grocery,340.98,M,1,63,Thu,2,Long_Distance
grocery,294.42,F,1,58,Thu,2,Regional
shopping,727.91,F,1,33,Thu,2,Local
shopping,953.48,F,1,33,Thu,4,Long_Distance
shopping,963.01,F,1,58,Thu,12,Remote
shopping,951.66,M,1,58,Thu,14,Regional
home,281.59,F,1,33,Thu,22,Commute
grocery,335.77,M,1,58,Thu,22,Long_Distance
misc,734.87,M,1,58,Thu,22,Commute
travel,10.29,M,1,58,Thu,22,Long_Distance
home,255.39,F,1,33,Thu,22,Regional
grocery,105.97,F,1,33,Thu,22,Long_Distance
shopping,824.98,F,1,58,Thu,22,Regional
shopping,931.92,M,1,63,Thu,23,Commute
grocery,347.84,F,1,58,Thu,23,Commute
home,251.69,F,1,33,Thu,23,Long_Distance
travel,10.12,M,1,58,Thu,23,Commute
home,20.84,F,1,33,Thu,23,Commute
home,5.44,F,1,58,Thu,23,Regional
shopping,802.9,M,1,63,Thu,23,Long_Distance
shopping,961.4,M,1,63,Thu,23,Regional
grocery,259.83,M,1,58,Fri,0,Remote
grocery,325.32,F,1,58,Fri,0,Commute
travel,20.07,M,1,59,Fri,0,Commute
grocery,13.13,M,1,59,Fri,2,Remote
travel,18.15,M,1,59,Fri,2,Long_Distance
grocery,302.91,M,1,63,Fri,2,Long_Distance
travel,20.63,M,1,59,Fri,3,Commute
grocery,334.99,M,1,59,Fri,5,Commute
grocery,333.82,F,1,58,Fri,10,Long_Distance
shopping,1025.23,M,1,58,Fri,14,Local
shopping,911.88,F,1,58,Fri,14,Commute
shopping,1091.87,M,1,63,Fri,14,Long_Distance
shopping,1026.57,M,1,77,Fri,19,Commute
entertainment,581.16,M,1,59,Fri,21,Commute
shopping,977.45,M,1,58,Fri,22,Long_Distance
shopping,1050.88,M,1,63,Fri,22,Long_Distance
personal,47.29,F,1,58,Fri,22,Long_Distance
shopping,969.66,M,1,63,Fri,22,Regional
misc,715.88,F,1,58,Fri,22,Regional
shopping,1062.84,M,1,58,Fri,23,Long_Distance
shopping,748.35,F,1,58,Fri,23,Regional
entertainment,596.2,M,1,77,Fri,23,Commute
misc,806.95,M,1,59,Fri,23,Commute
shopping,1070.61,F,1,58,Fri,23,Remote
shopping,1152.77,M,1,59,Fri,23,Long_Distance
travel,9.84,M,1,49,Sat,0,Commute
grocery,339.31,M,1,59,Sat,0,Regional
grocery,308.87,M,1,77,Sat,0,Commute
grocery,132.01,F,1,49,Sat,1,Commute
entertainment,524.78,F,1,49,Sat,1,Regional
grocery,288.77,M,1,77,Sat,1,Regional
shopping,766.6,F,1,49,Sat,2,Long_Distance
grocery,328.85,M,1,77,Sat,2,Commute
grocery,332.61,M,1,77,Sat,2,Commute
grocery,327.34,M,1,59,Sat,2,Regional
grocery,328.3,M,1,59,Sat,2,Long_Distance
misc,8.38,F,1,49,Sat,2,Long_Distance
travel,18.32,M,1,59,Sat,3,Long_Distance
misc,8.9,F,1,49,Sat,3,Commute
grocery,349.06,M,1,77,Sat,4,Long_Distance
shopping,852.98,F,1,49,Sat,8,Long_Distance
misc,697.41,M,1,77,Sat,12,Commute
personal,52.43,M,1,77,Sat,13,Commute
shopping,718.11,M,1,59,Sat,15,Remote
grocery,362.92,M,1,77,Sat,16,Regional
shopping,1018.98,M,1,49,Sat,17,Commute
home,3.44,M,1,59,Sat,22,Long_Distance
grocery,128.18,F,1,49,Sat,22,Commute
shopping,905.43,M,1,77,Sat,22,Local
shopping,1098.84,M,1,77,Sat,22,Commute
grocery,296.73,M,1,49,Sat,22,Commute
entertainment,623.5,M,1,77,Sat,23,Commute
misc,888.13,M,1,49,Sat,23,Commute
shopping,850.66,M,1,77,Sat,23,Regional
shopping,1022.29,M,1,77,Sat,23,Commute
grocery,304.86,M,1,49,Sat,23,Commute
personal,18.03,F,1,49,Sat,23,Long_Distance
grocery,283.15,M,1,49,Sun,0,Regional
grocery,352.55,M,1,49,Sun,0,Regional
shopping,855.33,F,1,49,Sun,2,Regional
misc,9.02,F,1,49,Sun,3,Commute
misc,6.87,F,1,49,Sun,3,Commute
shopping,907.21,F,1,56,Sun,16,Long_Distance
home,260.0,F,1,49,Sun,22,Commute
grocery,143.54,M,1,49,Sun,22,Long_Distance
health,18.89,F,1,49,Sun,22,Local
grocery,300.69,F,1,56,Sun,23,Commute
shopping,1073.49,F,1,56,Sun,23,Regional
misc,706.46,F,1,56,Sun,23,Commute
shopping,1106.38,M,1,49,Sun,23,Long_Distance
grocery,323.64,F,1,56,Mon,1,Long_Distance
grocery,369.09,F,1,56,Mon,10,Long_Distance
travel,17.17,F,1,56,Mon,11,Commute
shopping,1073.82,F,1,56,Mon,13,Long_Distance
shopping,907.36,F,1,56,Mon,22,Regional
grocery,316.54,F,1,56,Mon,23,Commute
grocery,300.59,M,1,28,Tue,1,Regional
travel,7.2,M,1,28,Tue,2,Long_Distance
misc,861.45,M,1,28,Tue,22,Commute
personal,23.09,M,1,28,Tue,23,Long_Distance
grocery,296.45,M,1,28,Wed,2,Long_Distance
grocery,314.3,M,1,28,Wed,22,Regional
misc,783.23,M,1,28,Wed,22,Long_Distance
entertainment,504.3,M,1,28,Wed,23,Long_Distance
shopping,1017.4,M,1,45,Thu,12,Commute
shopping,1033.34,M,1,53,Thu,14,Commute
shopping,847.92,M,1,53,Thu,15,Local
grocery,286.21,M,1,45,Thu,22,Commute
misc,857.62,M,1,53,Thu,22,Regional
shopping,764.06,M,1,45,Thu,23,Long_Distance
shopping,951.35,M,1,45,Thu,23,Commute
travel,9.95,M,1,45,Fri,3,Commute
entertainment,637.33,M,1,53,Fri,20,Long_Distance
misc,796.78,M,1,53,Fri,21,Remote
shopping,785.4,M,1,45,Fri,22,Regional
misc,731.04,M,1,45,Fri,22,Long_Distance
shopping,1210.19,M,1,53,Fri,22,Long_Distance
shopping,1029.47,M,1,45,Fri,23,Long_Distance
grocery,120.57,M,1,45,Fri,23,Regional
shopping,912.68,M,1,53,Fri,23,Long_Distance
entertainment,497.68,M,1,45,Fri,23,Commute
grocery,296.56,F,1,89,Sat,1,Long_Distance
shopping,1029.22,F,1,89,Sat,18,Regional
misc,785.18,F,1,89,Sat,21,Commute
misc,7.74,F,1,89,Sat,22,Regional
shopping,1094.88,M,1,39,Sat,22,Long_Distance
home,277.15,F,1,89,Sat,23,Commute
home,282.21,M,1,39,Sat,23,Commute
grocery,340.92,F,1,89,Sun,0,Long_Distance
travel,10.21,M,1,39,Sun,2,Commute
travel,9.92,M,1,39,Sun,3,Long_Distance
grocery,293.99,M,1,39,Sun,3,Long_Distance
grocery,298.66,M,1,39,Sun,14,Regional
shopping,1083.77,M,1,39,Sun,18,Commute
shopping,1012.13,M,1,53,Sun,19,Long_Distance
shopping,819.52,M,1,39,Sun,21,Long_Distance
shopping,1124.91,M,1,39,Sun,22,Long_Distance
shopping,971.87,M,1,53,Sun,22,Regional
entertainment,395.3,M,1,53,Sun,22,Long_Distance
entertainment,373.48,F,1,89,Sun,22,Regional
grocery,294.55,F,1,89,Sun,23,Long_Distance
shopping,1011.73,M,1,53,Sun,23,Long_Distance
grocery,320.57,F,1,56,Mon,0,Long_Distance
travel,20.57,F,1,67,Mon,0,Commute
grocery,296.45,F,1,67,Mon,0,Commute
grocery,278.84,M,1,53,Mon,0,Long_Distance
grocery,297.54,F,1,56,Mon,2,Long_Distance
grocery,294.87,M,1,53,Mon,7,Long_Distance
grocery,347.23,F,1,67,Mon,10,Remote
shopping,1042.13,F,1,56,Mon,16,Long_Distance
entertainment,589.97,F,1,67,Mon,20,Regional
shopping,1111.54,F,1,56,Mon,22,Long_Distance
shopping,895.87,M,1,53,Mon,22,Long_Distance
misc,789.2,F,1,56,Mon,23,Local
shopping,998.8,F,1,56,Mon,23,Regional
shopping,812.87,F,1,56,Mon,23,Commute
misc,822.17,F,1,56,Mon,23,Regional
shopping,991.42,F,1,56,Mon,23,Regional
misc,804.0,F,1,67,Mon,23,Commute
home,265.39,M,1,53,Mon,23,Long_Distance
grocery,325.04,F,1,56,Tue,4,Regional
grocery,301.63,M,1,28,Wed,2,Long_Distance
grocery,273.71,M,1,28,Wed,3,Long_Distance
grocery,302.91,M,1,28,Wed,3,Regional
misc,968.47,M,1,28,Wed,3,Commute
misc,829.28,M,1,28,Wed,23,Long_Distance
grocery,333.48,M,1,35,Thu,0,Regional
travel,7.09,F,1,51,Thu,0,Commute
grocery,288.49,M,1,28,Thu,0,Long_Distance
travel,12.37,M,1,40,Thu,1,Regional
grocery,300.28,M,1,35,Thu,1,Long_Distance
grocery,307.42,M,1,35,Thu,2,Regional
travel,9.56,M,1,28,Thu,2,Commute
grocery,281.7,M,1,28,Thu,2,Long_Distance
grocery,325.37,F,1,51,Thu,2,Regional
travel,8.75,M,1,35,Thu,4,Long_Distance
grocery,335.05,M,1,35,Thu,8,Regional
grocery,329.8,F,1,51,Thu,10,Long_Distance
shopping,957.28,F,1,51,Thu,15,Commute
entertainment,557.6,M,1,35,Thu,21,Regional
shopping,773.78,M,1,28,Thu,22,Commute
shopping,799.88,M,1,28,Thu,22,Regional
shopping,969.97,M,1,35,Thu,22,Regional
shopping,895.17,F,1,51,Thu,22,Remote
misc,712.14,M,1,40,Thu,22,Regional
shopping,999.76,M,1,28,Thu,23,Local
misc,857.69,F,1,51,Thu,23,Long_Distance
grocery,318.22,M,1,51,Fri,0,Commute
travel,20.15,M,1,51,Fri,1,Regional
grocery,287.18,M,1,35,Fri,2,Regional
grocery,264.75,F,1,51,Fri,2,Regional
grocery,13.9,M,1,51,Fri,3,Regional
grocery,310.66,M,1,51,Fri,3,Commute
grocery,308.4,F,1,51,Fri,3,Regional
travel,23.78,M,1,51,Fri,3,Long_Distance
grocery,279.83,F,1,51,Fri,4,Commute
shopping,1074.72,M,1,51,Fri,21,Commute
shopping,982.17,M,1,40,Fri,22,Regional
shopping,883.25,F,1,51,Fri,22,Regional
grocery,327.57,M,1,51,Fri,22,Remote
shopping,914.05,M,1,40,Fri,22,Long_Distance
travel,11.91,M,1,35,Fri,22,Regional
misc,715.15,M,1,40,Fri,22,Regional
misc,941.5,M,1,40,Fri,23,Commute
shopping,932.21,M,1,40,Fri,23,Regional
shopping,939.75,M,1,40,Fri,23,Remote
shopping,956.44,F,1,51,Fri,23,Long_Distance
grocery,12.97,M,1,51,Sat,0,Long_Distance
travel,20.48,M,1,51,Sat,11,Regional
misc,694.82,M,1,51,Sat,18,Regional
misc,50.35,M,1,51,Sat,19,Regional
shopping,861.29,M,1,51,Sat,22,Commute
grocery,298.61,M,1,43,Tue,0,Regional
grocery,292.71,M,1,43,Tue,6,Commute
shopping,906.27,M,1,55,Tue,17,Regional
shopping,1100.75,M,1,55,Tue,19,Remote
misc,8.75,M,1,55,Tue,22,Commute
shopping,914.0,M,1,21,Tue,22,Commute
shopping,948.33,M,1,43,Tue,22,Long_Distance
shopping,959.09,M,1,55,Tue,22,Long_Distance
misc,764.14,M,1,55,Tue,22,Long_Distance
misc,932.84,M,1,43,Tue,23,Commute
shopping,954.72,M,1,55,Tue,23,Regional
misc,696.29,M,1,21,Wed,0,Regional
travel,9.13,M,1,43,Wed,0,Long_Distance
grocery,281.39,M,1,43,Wed,0,Long_Distance
misc,926.91,M,1,21,Wed,0,Regional
travel,9.49,M,1,55,Wed,1,Commute
travel,10.03,M,1,43,Wed,2,Local
grocery,349.95,M,1,21,Wed,2,Local
misc,8.32,F,1,35,Wed,3,Commute
travel,8.07,M,1,21,Wed,3,Long_Distance
home,19.52,M,1,21,Wed,21,Commute
misc,740.34,M,1,43,Wed,22,Long_Distance
misc,760.18,M,1,43,Wed,22,Regional
shopping,938.55,M,1,21,Wed,22,Commute
grocery,312.51,M,1,43,Wed,22,Commute
shopping,921.62,M,1,26,Wed,22,Remote
grocery,321.43,M,1,26,Wed,22,Commute
shopping,1047.73,M,1,26,Wed,22,Long_Distance
grocery,297.64,M,1,55,Wed,22,Commute
shopping,1005.66,M,1,55,Wed,22,Regional
health,17.08,F,1,35,Wed,22,Commute
grocery,256.7,M,1,55,Wed,23,Regional
shopping,960.06,M,1,26,Wed,23,Regional
shopping,845.28,M,1,21,Wed,23,Long_Distance
misc,882.54,M,1,43,Wed,23,Regional
shopping,858.24,M,1,43,Wed,23,Regional
grocery,300.21,M,1,43,Wed,23,Regional
grocery,297.1,M,1,26,Thu,0,Long_Distance
grocery,334.89,M,1,26,Thu,0,Regional
grocery,295.9,M,1,26,Thu,1,Long_Distance
shopping,798.56,M,1,26,Thu,22,Commute
shopping,1017.9,M,1,26,Thu,23,Remote
shopping,717.14,F,1,34,Fri,0,Long_Distance
shopping,1088.85,F,1,34,Fri,0,Local
grocery,333.98,F,1,34,Fri,0,Remote
grocery,350.0,F,1,34,Fri,2,Long_Distance
grocery,128.06,F,1,34,Fri,2,Long_Distance
home,213.31,F,1,34,Fri,22,Long_Distance
personal,19.73,F,1,34,Fri,23,Long_Distance
travel,9.1,M,1,50,Sat,0,Commute
grocery,307.3,M,1,24,Sat,1,Regional
shopping,895.7,F,1,34,Sat,2,Long_Distance
shopping,722.07,F,1,34,Sat,3,Long_Distance
shopping,1029.91,M,1,50,Sat,14,Long_Distance
shopping,1072.09,M,1,24,Sat,22,Regional
misc,756.9,M,1,50,Sat,22,Long_Distance
misc,8.4,M,1,24,Sat,23,Regional
home,285.39,F,1,34,Sat,23,Remote
misc,719.57,M,1,24,Sat,23,Long_Distance
home,219.11,F,1,34,Sat,23,Long_Distance
grocery,119.52,F,1,34,Sat,23,Commute
shopping,985.55,M,1,24,Sat,23,Commute
grocery,258.82,M,1,24,Sun,0,Commute
misc,671.93,M,1,24,Sun,0,Commute
travel,7.24,M,1,50,Sun,1,Commute
grocery,324.43,M,1,24,Sun,2,Commute
grocery,323.71,M,1,24,Sun,3,Long_Distance
travel,9.56,M,1,24,Sun,3,Commute
grocery,308.82,M,1,49,Sun,3,Long_Distance
grocery,292.59,M,1,24,Sun,5,Long_Distance
grocery,319.86,M,1,24,Sun,7,Commute
shopping,780.7,M,1,50,Sun,22,Long_Distance
shopping,943.64,M,1,24,Sun,22,Long_Distance
grocery,284.23,M,1,50,Sun,22,Long_Distance
home,16.53,M,1,49,Sun,23,Commute
shopping,904.66,M,1,50,Sun,23,Long_Distance
grocery,10.68,M,1,22,Mon,0,Regional
travel,10.59,M,1,22,Mon,0,Long_Distance
travel,9.59,M,1,22,Mon,1,Commute
grocery,283.17,M,1,22,Mon,2,Regional
grocery,319.09,M,1,22,Mon,2,Long_Distance
travel,12.63,M,1,49,Mon,3,Commute
misc,784.56,M,1,22,Mon,10,Long_Distance
shopping,825.94,M,1,22,Mon,18,Regional
shopping,1074.33,M,1,49,Mon,22,Regional
grocery,320.26,M,1,49,Mon,22,Commute
grocery,127.81,M,1,49,Mon,22,Regional
shopping,968.41,M,1,49,Mon,22,Commute
shopping,1076.69,M,1,22,Mon,22,Long_Distance
shopping,832.41,M,1,22,Mon,22,Regional
shopping,1010.97,M,1,22,Mon,22,Long_Distance
shopping,1074.41,M,1,22,Mon,23,Commute
shopping,948.05,M,1,49,Mon,23,Commute
shopping,986.11,F,1,42,Tue,1,Regional
shopping,1176.2,F,1,42,Tue,2,Regional
grocery,312.06,F,1,42,Tue,2,Regional
shopping,1141.09,F,1,42,Tue,2,Regional
travel,9.66,M,1,22,Tue,3,Commute
grocery,276.4,M,1,22,Tue,3,Long_Distance
grocery,351.4,F,1,42,Tue,3,Commute
entertainment,385.22,F,1,42,Tue,9,Long_Distance
travel,8.09,F,1,42,Tue,11,Commute
shopping,996.5,M,1,62,Tue,17,Commute
personal,48.12,M,1,62,Tue,22,Commute
home,246.0,F,1,42,Tue,22,Commute
home,282.38,F,1,42,Tue,22,Long_Distance
misc,8.41,M,1,22,Tue,22,Regional
travel,10.89,F,1,42,Tue,22,Local
home,243.81,M,1,22,Tue,23,Commute
home,303.81,F,1,42,Tue,23,Remote
shopping,966.33,M,1,62,Tue,23,Regional
travel,10.23,F,1,43,Wed,0,Commute
grocery,304.2,M,1,62,Wed,2,Remote
travel,17.67,M,1,62,Wed,3,Long_Distance
grocery,368.78,F,1,42,Wed,3,Long_Distance
grocery,317.84,M,1,61,Wed,3,Long_Distance
home,255.88,F,1,42,Wed,12,Commute
personal,21.03,F,1,42,Wed,13,Commute
grocery,135.53,F,1,43,Wed,19,Long_Distance
home,287.83,F,1,43,Wed,20,Commute
shopping,1051.78,M,1,62,Wed,22,Commute
grocery,333.53,M,1,62,Wed,22,Commute
home,19.7,F,1,42,Wed,22,Commute
misc,827.59,M,1,62,Wed,23,Remote
shopping,1028.63,M,1,61,Wed,23,Commute
misc,813.34,M,1,62,Wed,23,Regional
health,18.72,F,1,43,Wed,23,Commute
entertainment,617.75,M,1,61,Wed,23,Long_Distance
shopping,989.81,F,1,33,Thu,0,Long_Distance
grocery,14.97,M,1,61,Thu,0,Regional
travel,19.65,F,1,66,Thu,1,Long_Distance
grocery,313.19,M,1,61,Thu,1,Long_Distance
shopping,1000.5,F,1,33,Thu,1,Long_Distance
shopping,1053.56,F,1,33,Thu,2,Commute
misc,718.38,F,1,43,Thu,2,Long_Distance
misc,751.52,F,1,33,Thu,4,Long_Distance
grocery,113.15,F,1,43,Thu,13,Long_Distance
grocery,323.16,F,1,66,Thu,14,Commute
shopping,801.12,F,1,66,Thu,14,Regional
health,21.03,F,1,33,Thu,22,Remote
personal,20.91,F,1,43,Thu,22,Long_Distance
shopping,942.63,M,1,61,Thu,22,Regional
misc,792.33,F,1,66,Thu,22,Commute
travel,11.28,F,1,43,Thu,22,Commute
entertainment,565.08,F,1,43,Thu,23,Long_Distance
shopping,946.74,F,1,66,Thu,23,Long_Distance
entertainment,634.64,M,1,61,Thu,23,Regional
health,19.72,F,1,43,Thu,23,Long_Distance
grocery,338.89,F,1,66,Fri,0,Regional
shopping,845.57,F,1,33,Fri,1,Long_Distance
misc,616.98,F,1,33,Fri,1,Long_Distance
grocery,334.52,F,1,66,Fri,3,Commute
travel,22.04,F,1,66,Fri,8,Commute
grocery,100.76,F,1,33,Fri,22,Long_Distance
entertainment,588.24,F,1,66,Fri,22,Commute
grocery,286.25,M,1,52,Fri,22,Commute
shopping,882.7,M,1,52,Fri,22,Remote
shopping,880.77,M,1,52,Fri,22,Regional
shopping,881.08,F,1,66,Fri,22,Regional
personal,20.13,F,1,33,Fri,22,Long_Distance
shopping,1031.95,M,1,52,Fri,22,Long_Distance
home,290.33,F,1,33,Fri,22,Remote
home,279.86,F,1,33,Fri,22,Commute
shopping,828.37,F,1,66,Fri,23,Long_Distance
home,18.96,F,1,33,Fri,23,Long_Distance
shopping,690.41,F,1,66,Fri,23,Long_Distance
travel,11.88,F,1,33,Fri,23,Long_Distance
grocery,311.41,M,1,56,Sat,0,Commute
grocery,269.64,F,1,62,Sat,1,Regional
grocery,318.71,F,1,62,Sat,2,Long_Distance
grocery,355.08,M,1,91,Sat,3,Long_Distance
grocery,361.04,M,1,52,Sat,3,Long_Distance
grocery,311.64,M,1,56,Sat,11,Commute
misc,50.24,M,1,91,Sat,12,Regional
misc,814.58,F,1,62,Sat,14,Long_Distance
misc,823.17,F,1,62,Sat,15,Regional
shopping,838.68,F,1,62,Sat,17,Commute
shopping,1027.85,F,1,62,Sat,22,Long_Distance
shopping,1044.92,M,1,52,Sat,22,Local
shopping,901.8,F,1,62,Sat,22,Regional
shopping,864.29,M,1,56,Sat,22,Commute
misc,725.76,M,1,52,Sat,22,Commute
shopping,801.29,M,1,52,Sat,22,Long_Distance
misc,678.31,M,1,52,Sat,22,Regional
entertainment,615.35,M,1,91,Sat,22,Regional
misc,798.21,M,1,52,Sat,22,Commute
misc,809.92,F,1,62,Sat,22,Long_Distance
misc,49.9,M,1,56,Sat,22,Commute
grocery,332.01,M,1,56,Sat,23,Regional
misc,659.87,M,1,91,Sat,23,Regional
misc,49.96,M,1,52,Sat,23,Commute
shopping,627.87,M,1,91,Sat,23,Long_Distance
grocery,306.03,M,1,52,Sat,23,Long_Distance
entertainment,561.82,M,1,52,Sat,23,Commute
home,5.66,M,1,52,Sat,23,Long_Distance
shopping,1086.87,M,1,91,Sat,23,Regional
grocery,333.11,M,1,91,Sun,1,Long_Distance
grocery,315.84,M,1,91,Sun,2,Long_Distance
travel,8.65,F,1,62,Sun,2,Regional
travel,23.02,M,1,56,Sun,2,Commute
misc,730.45,M,1,16,Sun,2,Long_Distance
grocery,14.31,M,1,91,Sun,2,Regional
travel,9.22,M,1,16,Sun,3,Long_Distance
grocery,11.15,M,1,56,Sun,6,Commute
shopping,1071.82,M,1,56,Sun,20,Commute
grocery,110.54,M,1,56,Sun,20,Remote
shopping,924.55,M,1,91,Sun,22,Long_Distance
shopping,1067.1,M,1,56,Sun,22,Long_Distance
shopping,776.84,M,1,91,Sun,22,Regional
misc,777.68,M,1,16,Sun,22,Long_Distance
grocery,103.55,M,1,16,Sun,23,Regional
shopping,884.65,F,1,62,Sun,23,Long_Distance
misc,629.78,M,1,16,Sun,23,Regional
shopping,999.66,M,1,56,Sun,23,Local
grocery,330.54,M,1,37,Mon,1,Commute
grocery,9.99,M,1,37,Mon,1,Long_Distance
grocery,285.27,M,1,41,Mon,2,Regional
misc,757.87,M,1,37,Mon,2,Long_Distance
misc,857.49,M,1,41,Mon,14,Regional
misc,749.36,M,1,16,Mon,16,Long_Distance
shopping,1013.48,M,1,16,Mon,22,Regional
shopping,1057.22,M,1,16,Mon,22,Regional
personal,20.19,M,1,41,Mon,22,Regional
shopping,940.05,M,1,37,Mon,23,Regional
shopping,834.12,M,1,41,Mon,23,Regional
shopping,947.25,M,1,16,Mon,23,Commute
misc,678.26,M,1,41,Mon,23,Remote
shopping,976.1,M,1,37,Mon,23,Regional
shopping,1013.22,M,1,37,Mon,23,Commute
misc,716.95,M,1,41,Mon,23,
shopping,798.95,M,1,16,Mon,23,Long_Distance
entertainment,479.62,M,1,37,Mon,23,Regional
shopping,1017.84,M,1,37,Mon,23,Commute
shopping,1089.82,M,1,41,Mon,23,Long_Distance
shopping,958.16,M,1,41,Mon,23,Long_Distance
shopping,853.59,M,1,16,Mon,23,Commute
misc,783.46,M,1,37,Tue,0,Long_Distance
travel,10.87,M,1,37,Tue,3,Commute
personal,21.05,M,1,41,Tue,19,Long_Distance
home,19.45,M,1,37,Tue,19,Long_Distance
shopping,875.38,M,1,41,Tue,22,Regional
shopping,1025.64,M,1,41,Tue,22,Long_Distance
entertainment,565.3,M,1,41,Tue,23,Long_Distance
personal,51.04,F,1,60,Tue,23,Commute
misc,908.57,F,1,60,Tue,23,Long_Distance
personal,21.85,M,1,37,Tue,23,Long_Distance
grocery,333.79,M,1,78,Wed,0,Regional
misc,772.1,M,1,32,Wed,0,Regional
grocery,310.1,F,1,73,Wed,0,Long_Distance
grocery,306.59,F,1,60,Wed,0,Long_Distance
grocery,304.1,M,1,32,Wed,1,Long_Distance
grocery,326.82,M,1,78,Wed,1,Regional
shopping,673.33,F,1,35,Wed,1,Long_Distance
grocery,264.1,M,1,32,Wed,1,Regional
travel,19.03,M,1,78,Wed,1,Regional
grocery,14.7,F,1,60,Wed,2,Long_Distance
grocery,294.59,F,1,60,Wed,3,Regional
grocery,259.63,F,1,73,Wed,3,Commute
grocery,284.56,F,1,73,Wed,14,Regional
shopping,1131.73,F,1,60,Wed,22,Commute
shopping,705.57,F,1,60,Wed,22,Remote
shopping,982.8,F,1,60,Wed,22,Long_Distance
entertainment,553.79,F,1,60,Wed,22,Regional
shopping,899.93,M,1,78,Wed,22,Commute
personal,19.77,F,1,35,Wed,22,Long_Distance
shopping,850.21,M,1,78,Wed,22,Commute
grocery,113.81,F,1,73,Wed,22,Remote
shopping,1113.12,F,1,60,Wed,23,Long_Distance
home,5.9,F,1,60,Wed,23,Remote
home,262.82,F,1,35,Wed,23,Long_Distance
shopping,781.95,F,1,60,Wed,23,Regional
shopping,889.38,F,1,60,Wed,23,Long_Distance
personal,23.65,F,1,73,Wed,23,Commute
misc,797.13,F,1,60,Wed,23,Commute
grocery,12.54,M,1,78,Thu,0,Commute
grocery,303.92,M,1,32,Thu,0,Long_Distance
travel,11.76,F,1,73,Thu,0,Commute
grocery,293.46,M,1,24,Thu,0,Long_Distance
grocery,322.45,M,1,57,Thu,1,Regional
travel,11.79,M,1,24,Thu,1,Commute
misc,678.9,M,1,32,Thu,2,Long_Distance
travel,7.78,F,1,73,Thu,2,Commute
travel,22.98,M,1,57,Thu,11,Long_Distance
shopping,1048.18,M,1,78,Thu,22,Long_Distance
shopping,1028.2,M,1,32,Thu,22,Long_Distance
shopping,1005.34,M,1,78,Thu,22,Long_Distance
shopping,879.05,M,1,24,Thu,22,Regional
misc,742.01,M,1,78,Thu,22,Commute
shopping,942.75,M,1,24,Thu,23,Long_Distance
misc,904.09,M,1,78,Thu,23,Regional
shopping,959.59,M,1,32,Thu,23,Long_Distance
entertainment,337.24,F,1,73,Thu,23,Long_Distance
home,9.44,M,1,78,Thu,23,Long_Distance
shopping,790.36,M,1,32,Thu,23,Long_Distance
entertainment,680.26,M,1,57,Thu,23,Commute
misc,979.43,F,1,48,Fri,0,Long_Distance
travel,10.55,M,1,24,Fri,0,Regional
grocery,324.59,M,1,24,Fri,0,Regional
grocery,311.97,M,1,24,Fri,0,Regional
misc,864.04,F,1,48,Fri,1,Long_Distance
grocery,334.25,F,1,48,Fri,2,Commute
travel,9.22,M,1,24,Fri,2,Regional
grocery,289.89,M,1,24,Fri,3,Regional
travel,11.07,F,1,48,Fri,3,Long_Distance
shopping,1072.54,M,1,24,Fri,13,Regional
shopping,771.31,M,1,57,Fri,22,Regional
home,272.09,F,1,48,Fri,22,Long_Distance
shopping,716.15,M,1,24,Fri,22,Commute
shopping,949.79,M,1,57,Fri,22,Long_Distance
personal,18.17,F,1,48,Fri,22,Long_Distance
shopping,777.62,M,1,24,Fri,22,Long_Distance
grocery,124.02,F,1,48,Fri,23,Remote
health,22.75,F,1,48,Fri,23,Long_Distance
grocery,335.56,F,1,89,Sat,0,Long_Distance
travel,18.85,F,1,80,Sat,1,Local
grocery,347.79,F,1,80,Sat,1,Long_Distance
grocery,355.1,F,1,89,Sat,2,Commute
misc,918.58,F,1,20,Sat,13,Regional
home,23.75,F,1,48,Sat,17,Commute
shopping,975.61,F,1,20,Sat,17,Long_Distance
shopping,819.42,F,1,89,Sat,22,Long_Distance
misc,922.87,F,1,80,Sat,22,Commute
shopping,1058.87,F,1,80,Sat,22,Commute
personal,19.77,F,1,48,Sat,22,Regional
home,269.01,F,1,48,Sat,22,Commute
grocery,338.03,F,1,80,Sat,22,Long_Distance
shopping,949.44,F,1,20,Sat,23,Long_Distance
misc,716.47,F,1,80,Sat,23,Commute
misc,680.0,F,1,20,Sat,23,Commute
shopping,744.34,F,1,80,Sat,23,Commute
travel,9.42,F,1,80,Sat,23,Long_Distance
shopping,931.28,F,1,80,Sat,23,Long_Distance
grocery,275.98,F,1,89,Sun,0,Regional
grocery,283.51,M,1,47,Sun,0,Regional
misc,908.77,M,1,47,Sun,0,Commute
grocery,299.41,F,1,80,Sun,1,Long_Distance
grocery,297.44,F,1,80,Sun,1,Regional
grocery,312.62,F,1,20,Sun,1,Regional
grocery,307.98,F,1,80,Sun,2,Long_Distance
shopping,939.35,F,1,80,Sun,17,Regional
shopping,794.8,F,1,80,Sun,22,Long_Distance
shopping,972.11,F,1,20,Sun,22,Regional
shopping,1025.7,M,1,47,Sun,23,Commute
misc,798.97,F,1,89,Sun,23,Commute
shopping,856.21,F,1,89,Sun,23,Commute
shopping,1313.18,F,1,20,Sun,23,Commute
grocery,282.82,M,1,47,Mon,0,Long_Distance
travel,8.22,F,1,59,Mon,1,Long_Distance
travel,12.93,M,1,47,Mon,2,Commute
grocery,316.82,M,1,47,Mon,3,Long_Distance
grocery,313.28,F,1,59,Mon,5,Long_Distance
travel,11.14,M,1,47,Mon,15,Long_Distance
shopping,992.69,M,1,50,Mon,22,Regional
misc,776.16,F,1,59,Mon,22,Remote
shopping,986.82,M,1,50,Mon,22,Regional
shopping,981.16,F,1,59,Mon,22,Remote
misc,1079.3,F,1,59,Mon,23,Long_Distance
misc,5.99,M,1,47,Mon,23,Regional
shopping,1003.66,F,1,59,Mon,23,Regional
shopping,985.41,M,1,47,Mon,23,Regional
misc,753.62,F,1,59,Mon,23,Regional
grocery,327.36,F,1,59,Tue,3,Commute
grocery,303.25,M,1,50,Tue,3,Commute
shopping,1078.9,M,1,50,Tue,13,Commute
shopping,834.76,M,1,50,Tue,13,Long_Distance
entertainment,387.99,M,1,50,Tue,22,Commute
entertainment,377.14,F,1,59,Tue,22,Regional
grocery,298.45,M,1,50,Tue,22,Long_Distance
misc,788.22,F,1,59,Tue,23,Long_Distance
grocery,266.77,F,1,15,Wed,0,Long_Distance
grocery,297.42,F,1,15,Wed,0,Long_Distance
grocery,311.38,M,1,33,Wed,1,Commute
grocery,260.11,M,1,33,Wed,1,Remote
grocery,284.74,M,1,33,Wed,2,Commute
misc,846.77,M,1,20,Wed,2,Commute
travel,12.18,F,1,15,Wed,3,Long_Distance
grocery,289.58,M,1,20,Wed,11,Long_Distance
shopping,961.51,M,1,33,Wed,22,Regional
shopping,836.86,M,1,33,Wed,22,Regional
misc,749.92,F,1,15,Wed,22,Local
shopping,868.0,F,1,15,Wed,22,Long_Distance
shopping,969.92,M,1,33,Wed,23,Local
shopping,1012.54,M,1,20,Wed,23,Commute
shopping,866.69,M,1,33,Wed,23,Regional
personal,18.32,M,1,20,Wed,23,Long_Distance
home,250.51,F,1,15,Wed,23,Commute
shopping,1256.21,F,1,47,Thu,0,Regional
shopping,785.52,F,1,47,Thu,0,Regional
grocery,287.62,M,1,30,Thu,0,Remote
grocery,347.22,M,1,30,Thu,0,Long_Distance
shopping,974.37,F,1,35,Thu,1,Commute
shopping,940.02,F,1,35,Thu,1,Regional
misc,650.64,M,1,30,Thu,1,Commute
shopping,1122.06,F,1,35,Thu,1,Long_Distance
grocery,273.92,M,1,30,Thu,2,Regional
shopping,954.46,F,1,35,Thu,2,Long_Distance
misc,903.09,M,1,20,Thu,2,Long_Distance
misc,788.49,M,1,20,Thu,2,Long_Distance
shopping,1046.53,F,1,47,Thu,2,Long_Distance
misc,734.62,F,1,47,Thu,2,Remote
grocery,298.83,M,1,33,Thu,2,Local
grocery,347.3,F,1,15,Thu,3,Long_Distance
grocery,280.61,F,1,15,Thu,3,Regional
misc,778.32,M,1,20,Thu,11,Long_Distance
home,18.47,F,1,47,Thu,13,Regional
health,18.66,M,1,33,Thu,16,Long_Distance
entertainment,490.96,M,1,33,Thu,16,Long_Distance
personal,19.72,F,1,47,Thu,17,Long_Distance
shopping,838.3,M,1,33,Thu,18,Commute
shopping,675.22,M,1,20,Thu,21,Regional
misc,670.26,F,1,15,Thu,22,Long_Distance
personal,20.0,M,1,30,Thu,22,Regional
home,290.62,F,1,47,Thu,22,Commute
misc,805.32,F,1,15,Thu,22,Regional
shopping,1036.05,M,1,33,Thu,22,Regional
health,18.05,F,1,47,Thu,22,Local
personal,23.05,F,1,47,Thu,22,Local
misc,8.74,F,1,15,Thu,22,Commute
entertainment,434.66,F,1,35,Thu,23,Long_Distance
grocery,315.51,M,1,33,Thu,23,Local
home,17.42,F,1,35,Thu,23,Commute
personal,18.47,F,1,35,Thu,23,Regional
shopping,1163.15,M,1,30,Thu,23,Commute
misc,6.86,M,1,33,Thu,23,Regional
grocery,373.31,F,1,47,Fri,0,Commute
shopping,958.97,F,1,35,Fri,1,Commute
grocery,299.32,M,1,42,Fri,2,Remote
grocery,259.26,M,1,30,Fri,3,Long_Distance
grocery,303.67,M,1,42,Fri,3,Regional
personal,19.03,F,1,47,Fri,21,Long_Distance
misc,891.62,M,1,30,Fri,22,Commute
travel,10.61,M,1,42,Fri,23,Commute
grocery,125.89,F,1,35,Fri,23,Regional
shopping,813.46,F,1,35,Fri,23,Commute
home,256.44,F,1,47,Fri,23,Long_Distance
grocery,293.71,M,1,45,Sat,0,Long_Distance
grocery,299.33,M,1,45,Sat,1,Regional
grocery,9.49,M,1,42,Sat,2,Commute
travel,11.82,M,1,45,Sat,2,Long_Distance
grocery,292.71,M,1,45,Sat,3,Commute
misc,740.08,M,1,42,Sat,3,Commute
shopping,808.67,M,1,45,Sat,16,Regional
shopping,900.08,M,1,45,Sat,16,Regional
entertainment,523.27,M,1,45,Sat,18,Long_Distance
shopping,956.96,M,1,42,Sat,20,Commute
shopping,1174.68,M,1,45,Sat,22,Long_Distance
shopping,1085.17,M,1,42,Sat,22,Long_Distance
grocery,272.4,M,1,45,Sat,22,Commute
shopping,793.67,M,1,45,Sat,23,Long_Distance
grocery,311.58,F,1,70,Sun,0,Regional
shopping,1034.39,F,1,70,Sun,22,Long_Distance
shopping,1116.59,F,1,70,Sun,22,Long_Distance
shopping,916.72,F,1,70,Sun,23,Long_Distance
shopping,921.76,F,1,70,Sun,23,Long_Distance
shopping,1124.34,F,1,70,Sun,23,Long_Distance
shopping,972.28,F,1,70,Sun,23,Regional
grocery,324.93,M,1,19,Mon,2,Long_Distance
grocery,321.43,M,1,16,Mon,3,Long_Distance
grocery,302.02,M,1,16,Mon,3,Regional
grocery,289.01,M,1,19,Mon,3,Long_Distance
grocery,296.83,M,1,16,Mon,3,Remote
shopping,1151.76,M,1,19,Mon,13,Long_Distance
shopping,916.74,M,1,19,Mon,22,Long_Distance
health,17.02,M,1,16,Mon,22,Long_Distance
shopping,1110.64,M,1,16,Mon,22,Commute
shopping,965.24,F,1,70,Mon,22,Long_Distance
shopping,1160.76,M,1,16,Mon,22,Commute
shopping,1098.32,F,1,70,Mon,22,Commute
shopping,1143.24,M,1,16,Mon,22,Regional
shopping,1052.92,F,1,70,Mon,22,Long_Distance
shopping,1153.61,M,1,19,Mon,23,Commute
shopping,1064.53,M,1,16,Mon,23,Commute
shopping,922.86,F,1,70,Mon,23,Long_Distance
grocery,307.97,M,1,29,Tue,2,Commute
travel,10.55,M,1,16,Tue,3,Long_Distance
shopping,1234.22,M,1,19,Tue,12,Long_Distance
shopping,965.77,M,1,29,Tue,22,Regional
shopping,974.0,M,1,19,Tue,22,Regional
shopping,1064.31,M,1,19,Tue,23,Commute
shopping,766.9,M,1,29,Tue,23,Long_Distance
shopping,768.06,M,1,29,Tue,23,Remote
shopping,1029.56,M,1,29,Tue,23,Long_Distance
home,177.41,M,1,29,Tue,23,Long_Distance
shopping,1119.78,M,1,16,Tue,23,Remote
grocery,8.66,M,1,29,Wed,1,Long_Distance
shopping,991.74,M,1,29,Wed,16,Long_Distance
shopping,790.34,M,1,29,Wed,21,Long_Distance
health,20.85,M,1,29,Wed,22,Long_Distance
shopping,1065.32,M,1,29,Wed,22,Regional
shopping,966.51,M,1,29,Wed,23,Regional
grocery,285.07,M,1,44,Thu,0,Long_Distance
grocery,312.8,M,1,51,Thu,22,Long_Distance
shopping,992.61,M,1,51,Thu,22,Regional
shopping,1094.81,M,1,51,Thu,22,Long_Distance
shopping,920.18,M,1,51,Thu,22,Long_Distance
misc,776.64,M,1,51,Thu,22,Long_Distance
grocery,139.45,M,1,51,Thu,23,Commute
shopping,974.87,M,1,51,Thu,23,Long_Distance
shopping,1143.75,M,1,44,Thu,23,Commute
grocery,329.71,M,1,51,Fri,0,Regional
misc,772.04,M,1,44,Fri,0,Regional
travel,14.02,M,1,44,Fri,1,Regional
misc,801.28,M,1,44,Fri,1,Commute
travel,15.0,M,1,44,Fri,2,Long_Distance
grocery,296.56,M,1,44,Fri,3,Commute
grocery,280.91,M,1,51,Fri,3,Commute
entertainment,535.22,F,1,27,Fri,4,Long_Distance
shopping,870.95,M,1,44,Fri,14,Commute
shopping,970.6,F,1,21,Fri,20,Regional
shopping,837.87,M,1,44,Fri,22,Long_Distance
shopping,1183.35,F,1,21,Fri,22,Regional
shopping,908.31,M,1,51,Fri,22,Long_Distance
shopping,943.49,M,1,44,Fri,22,Commute
misc,783.61,M,1,44,Fri,22,Regional
personal,22.47,F,1,27,Fri,22,Long_Distance
shopping,947.8,M,1,51,Fri,23,Remote
shopping,842.4,M,1,51,Fri,23,Commute
home,197.33,F,1,27,Fri,23,Local
shopping,1294.83,M,1,44,Fri,23,Long_Distance
shopping,821.35,F,1,21,Fri,23,Regional
shopping,818.48,F,1,27,Sat,0,Commute
grocery,338.7,F,1,32,Sat,0,Regional
shopping,993.83,F,1,40,Sat,0,Long_Distance
shopping,812.02,F,1,27,Sat,1,Long_Distance
shopping,798.82,F,1,27,Sat,1,Long_Distance
travel,12.3,F,1,21,Sat,1,Commute
grocery,117.39,F,1,27,Sat,1,Long_Distance
shopping,948.34,F,1,40,Sat,1,Long_Distance
shopping,866.74,F,1,40,Sat,2,Commute
misc,788.22,F,1,21,Sat,2,Commute
entertainment,489.76,F,1,27,Sat,3,Regional
shopping,1044.1,F,1,32,Sat,5,Long_Distance
misc,940.87,F,1,32,Sat,6,Long_Distance
health,20.16,F,1,32,Sat,18,Regional
grocery,120.93,F,1,32,Sat,18,Local
shopping,1106.9,F,1,21,Sat,19,Commute
shopping,1062.8,F,1,21,Sat,23,Long_Distance
home,21.18,F,1,32,Sat,23,Long_Distance
shopping,1289.07,F,1,21,Sat,23,Long_Distance
home,252.55,F,1,40,Sat,23,Commute
personal,16.49,F,1,27,Sat,23,Long_Distance
shopping,1031.24,F,1,21,Sat,23,Commute
personal,19.89,F,1,40,Sat,23,Long_Distance
misc,840.37,F,1,40,Sun,0,Commute
shopping,1012.73,F,1,28,Sun,0,Commute
grocery,6.42,F,1,28,Sun,0,Commute
grocery,319.4,F,1,77,Sun,1,Long_Distance
travel,20.29,F,1,77,Sun,1,Regional
shopping,952.58,F,1,32,Sun,1,Long_Distance
shopping,1110.42,F,1,28,Sun,1,Long_Distance
misc,757.26,F,1,32,Sun,2,Regional
shopping,1121.62,F,1,40,Sun,2,Long_Distance
grocery,390.9,F,1,32,Sun,3,Remote
misc,796.91,F,1,28,Sun,3,Commute
shopping,1043.67,F,1,32,Sun,3,Long_Distance
grocery,342.49,F,1,77,Sun,3,Long_Distance
grocery,296.3,F,1,77,Sun,5,Long_Distance
misc,766.59,F,1,77,Sun,15,Regional
shopping,799.05,F,1,77,Sun,21,Regional
entertainment,623.87,F,1,32,Sun,22,Commute
misc,832.61,F,1,77,Sun,22,Regional
misc,49.47,F,1,62,Sun,22,Long_Distance
shopping,989.37,F,1,40,Sun,22,Regional
travel,8.73,F,1,32,Sun,22,Regional
personal,43.04,F,1,62,Sun,22,Regional
grocery,122.94,F,1,32,Sun,22,Long_Distance
health,15.18,F,1,28,Sun,23,Regional
health,22.36,F,1,77,Sun,23,Regional
grocery,339.79,F,1,62,Sun,23,Regional
shopping,652.05,F,1,40,Sun,23,Commute
home,23.2,F,1,40,Sun,23,Commute
grocery,302.26,F,1,62,Sun,23,Long_Distance
entertainment,589.11,F,1,62,Sun,23,Long_Distance
personal,51.5,F,1,62,Sun,23,Commute
grocery,284.46,F,1,67,Mon,0,Long_Distance
grocery,300.93,F,1,67,Mon,0,Regional
grocery,285.35,F,1,67,Mon,0,Local
travel,20.3,F,1,77,Mon,0,Long_Distance
shopping,887.35,F,1,41,Mon,1,Commute
grocery,15.84,M,1,49,Mon,2,Commute
travel,19.66,M,1,49,Mon,3,Long_Distance
grocery,353.14,F,1,62,Mon,3,Long_Distance
travel,7.14,F,1,67,Mon,3,Local
travel,9.15,F,1,67,Mon,3,Remote
shopping,961.7,F,1,28,Mon,3,Regional
grocery,316.31,M,1,53,Mon,5,Regional
misc,765.93,F,1,67,Mon,16,Long_Distance
personal,22.0,F,1,67,Mon,17,Regional
shopping,1050.27,M,1,53,Mon,21,Regional
shopping,1122.93,F,1,77,Mon,21,Long_Distance
grocery,328.02,M,1,53,Mon,22,Regional
travel,7.84,M,1,53,Mon,22,Remote
shopping,1031.45,M,1,53,Mon,22,Regional
grocery,319.76,F,1,62,Mon,22,Long_Distance
home,443.25,M,1,49,Mon,22,Commute
shopping,1166.02,M,1,49,Mon,22,Long_Distance
personal,23.43,F,1,28,Mon,22,Commute
misc,725.12,M,1,53,Mon,22,Regional
home,274.6,F,1,41,Mon,22,Long_Distance
grocery,345.48,M,1,49,Mon,22,Long_Distance
grocery,315.77,F,1,77,Mon,22,Long_Distance
shopping,1023.02,F,1,62,Mon,22,Commute
misc,917.12,F,1,67,Mon,23,Long_Distance
misc,864.17,F,1,62,Mon,23,Commute
shopping,1115.5,F,1,67,Mon,23,Commute
entertainment,408.6,M,1,53,Mon,23,Regional
shopping,772.44,F,1,62,Mon,23,Long_Distance
entertainment,537.22,M,1,49,Mon,23,Long_Distance
shopping,961.03,F,1,77,Mon,23,Commute
misc,751.78,F,1,62,Mon,23,Long_Distance
shopping,846.92,M,1,49,Mon,23,Regional
shopping,1039.01,F,1,62,Mon,23,Long_Distance
shopping,1010.05,M,1,49,Mon,23,Long_Distance
shopping,997.29,F,1,62,Mon,23,Regional
grocery,300.81,M,1,53,Tue,0,Regional
grocery,367.59,M,1,49,Tue,1,Commute
grocery,291.88,F,1,67,Tue,1,Long_Distance
misc,686.71,F,1,31,Tue,2,Long_Distance
misc,948.34,F,1,31,Tue,2,Long_Distance
grocery,101.57,F,1,41,Tue,2,Regional
grocery,349.44,F,1,41,Tue,3,Long_Distance
shopping,1074.66,M,1,29,Tue,13,Remote
misc,849.01,M,1,49,Tue,22,Remote
home,21.52,F,1,41,Tue,22,Local
shopping,1097.42,M,1,53,Tue,22,Commute
shopping,876.9,M,1,49,Tue,22,Local
shopping,737.77,M,1,49,Tue,22,Long_Distance
shopping,971.76,M,1,53,Tue,22,Commute
grocery,289.87,M,1,29,Tue,22,Regional
home,17.48,F,1,31,Tue,22,Commute
misc,799.71,F,1,67,Tue,23,Commute
health,23.12,M,1,29,Tue,23,Long_Distance
grocery,110.89,M,1,29,Tue,23,Long_Distance
misc,829.32,M,1,53,Tue,23,Regional
grocery,299.4,F,1,67,Tue,23,Commute
health,18.16,F,1,31,Tue,23,Commute
grocery,336.91,M,1,29,Tue,23,Long_Distance
shopping,990.92,M,1,29,Tue,23,Commute
misc,875.31,M,1,49,Tue,23,Commute
shopping,1161.02,F,1,31,Wed,0,Long_Distance
grocery,283.56,M,1,29,Wed,0,Regional
grocery,352.32,F,1,31,Wed,0,Long_Distance
grocery,285.92,M,1,29,Wed,2,Commute
home,21.01,M,1,29,Wed,15,Long_Distance
shopping,997.13,M,1,29,Wed,22,Regional
shopping,771.42,F,1,31,Wed,22,Commute
shopping,883.87,M,1,29,Wed,22,Commute
home,226.82,F,1,31,Wed,23,Commute
shopping,883.36,M,1,29,Wed,23,Local
shopping,1065.98,M,1,29,Wed,23,Regional
shopping,834.24,F,1,44,Thu,0,Regional
shopping,953.76,F,1,44,Thu,1,Local
shopping,951.41,F,1,44,Thu,1,Long_Distance
grocery,107.36,F,1,43,Thu,2,Long_Distance
grocery,355.27,M,1,73,Thu,3,Regional
misc,6.43,F,1,43,Thu,3,Regional
shopping,1024.16,F,1,43,Thu,5,Commute
grocery,323.91,M,1,73,Thu,5,Commute
travel,9.82,F,1,85,Fri,0,Regional
shopping,913.18,F,1,36,Fri,0,Commute
misc,883.7,F,1,36,Fri,1,Local
shopping,871.53,F,1,43,Fri,1,Commute
entertainment,499.28,F,1,43,Fri,2,Remote
shopping,981.17,F,1,44,Fri,2,Commute
grocery,365.86,F,1,43,Fri,2,Long_Distance
travel,14.05,F,1,85,Fri,3,Long_Distance
personal,21.67,F,1,44,Fri,22,Long_Distance
home,22.52,F,1,43,Fri,22,Long_Distance
home,218.02,F,1,44,Fri,23,Commute
shopping,780.81,M,1,73,Fri,23,Commute
home,6.63,M,1,73,Fri,23,Commute
grocery,105.9,F,1,43,Fri,23,Regional
health,17.95,F,1,36,Fri,23,Long_Distance
home,19.26,F,1,43,Fri,23,Commute
home,296.61,F,1,43,Fri,23,Long_Distance
grocery,310.79,M,1,46,Sat,0,Long_Distance
grocery,319.51,M,1,46,Sat,0,Long_Distance
misc,772.39,F,1,46,Sat,0,Long_Distance
grocery,325.1,F,1,36,Sat,1,Remote
grocery,327.01,M,1,78,Sat,1,Long_Distance
grocery,296.31,F,1,85,Sat,1,Long_Distance
grocery,341.14,F,1,85,Sat,1,Long_Distance
grocery,333.29,M,1,46,Sat,1,Long_Distance
shopping,941.83,F,1,36,Sat,1,Local
shopping,764.95,F,1,46,Sat,3,Long_Distance
travel,17.09,M,1,78,Sat,3,Long_Distance
misc,893.18,M,1,46,Sat,3,Long_Distance
travel,9.94,F,1,36,Sat,3,Regional
grocery,279.46,M,1,78,Sat,9,Long_Distance
home,20.14,F,1,46,Sat,22,Long_Distance
home,6.51,M,1,78,Sat,22,Commute
home,7.27,M,1,78,Sat,22,Long_Distance
health,21.97,F,1,85,Sat,22,Commute
shopping,945.4,M,1,46,Sat,22,Long_Distance
health,19.17,M,1,46,Sat,22,Long_Distance
shopping,817.89,F,1,85,Sat,22,Long_Distance
grocery,313.53,F,1,85,Sat,22,Long_Distance
health,18.15,F,1,46,Sat,22,Commute
shopping,1028.72,F,1,46,Sat,22,Regional
personal,18.8,F,1,46,Sat,23,Long_Distance
health,21.29,F,1,36,Sat,23,Long_Distance
home,298.13,F,1,46,Sat,23,Local
entertainment,577.6,F,1,46,Sat,23,Commute
entertainment,510.95,F,1,46,Sat,23,Long_Distance
misc,818.71,F,1,85,Sat,23,Long_Distance
shopping,883.49,F,1,85,Sat,23,Long_Distance
home,262.93,F,1,36,Sat,23,Commute
entertainment,524.53,M,1,46,Sat,23,Long_Distance
grocery,325.59,F,1,46,Sun,1,Commute
misc,813.21,M,1,46,Sun,3,Commute
misc,818.45,M,1,46,Sun,3,Commute
misc,698.6,F,1,46,Sun,3,Regional
travel,20.86,M,1,78,Sun,3,Regional
shopping,901.28,F,1,46,Sun,8,Long_Distance
grocery,11.29,F,1,62,Sun,11,Regional
travel,17.86,F,1,52,Sun,11,Long_Distance
shopping,957.75,M,1,78,Sun,15,Long_Distance
shopping,1197.23,F,1,62,Sun,17,Commute
misc,8.71,M,1,46,Sun,22,Remote
entertainment,590.55,M,1,78,Sun,22,Regional
shopping,837.97,F,1,46,Sun,22,Local
entertainment,570.24,M,1,78,Sun,22,Long_Distance
home,247.02,F,1,46,Sun,22,Regional
shopping,834.59,M,1,78,Sun,22,Commute
grocery,325.9,F,1,52,Sun,22,Commute
misc,776.34,M,1,78,Sun,22,Commute
shopping,1026.09,F,1,62,Sun,22,Long_Distance
shopping,1001.97,F,1,52,Sun,22,Long_Distance
shopping,831.68,F,1,52,Sun,23,Long_Distance
shopping,885.44,F,1,62,Sun,23,Regional
shopping,989.25,F,1,62,Sun,23,Long_Distance
misc,812.12,F,1,62,Sun,23,Remote
shopping,954.97,M,1,46,Sun,23,Regional
travel,8.27,M,1,41,Mon,0,Local
grocery,300.66,M,1,43,Mon,0,Commute
grocery,318.75,F,1,92,Mon,1,Long_Distance
grocery,265.12,M,1,41,Mon,2,Commute
grocery,315.76,F,1,62,Mon,2,Long_Distance
grocery,301.29,M,1,41,Mon,2,Commute
grocery,341.96,F,1,52,Mon,3,Commute
grocery,281.48,F,1,62,Mon,3,Long_Distance
grocery,270.78,M,1,41,Mon,3,Local
grocery,333.56,F,1,92,Mon,8,Long_Distance
shopping,791.62,F,1,92,Mon,12,Long_Distance
shopping,1155.44,F,1,62,Mon,16,Regional
shopping,669.39,M,1,43,Mon,19,Commute
shopping,877.23,F,1,92,Mon,19,Long_Distance
shopping,808.28,F,1,92,Mon,22,Commute
personal,19.7,F,1,62,Mon,22,Remote
shopping,1058.76,F,1,62,Mon,22,Long_Distance
shopping,1177.64,M,1,41,Mon,22,Long_Distance
shopping,917.79,F,1,92,Mon,22,Remote
grocery,293.39,M,1,43,Mon,22,Long_Distance
misc,759.35,F,1,62,Mon,22,Commute
misc,774.71,M,1,41,Mon,23,Long_Distance
grocery,325.43,F,1,92,Mon,23,Commute
misc,882.81,M,1,43,Mon,23,Long_Distance
shopping,972.02,M,1,41,Mon,23,Regional
misc,841.19,F,1,52,Mon,23,Long_Distance
misc,51.41,F,1,92,Mon,23,Long_Distance
shopping,973.99,M,1,43,Mon,23,Commute
personal,49.3,F,1,52,Mon,23,Long_Distance
shopping,1115.07,M,1,43,Mon,23,Long_Distance
grocery,326.57,M,1,43,Mon,23,Long_Distance
misc,729.29,M,1,41,Mon,23,Regional
grocery,302.07,M,1,41,Tue,0,Long_Distance
travel,11.0,M,1,43,Tue,2,Long_Distance
grocery,293.09,M,1,41,Tue,2,Regional
travel,9.12,M,1,43,Tue,3,Commute
grocery,286.93,M,1,43,Tue,9,Commute
misc,917.85,F,1,92,Tue,12,Long_Distance
misc,938.89,M,1,41,Tue,13,Long_Distance
shopping,814.54,M,1,59,Tue,14,Long_Distance
misc,793.37,F,1,92,Tue,16,Long_Distance
misc,808.97,F,1,66,Tue,22,Regional
shopping,940.37,M,1,59,Tue,22,Commute
shopping,977.42,F,1,66,Tue,22,Commute
shopping,1055.57,M,1,43,Tue,22,Regional
shopping,940.77,F,1,66,Tue,22,Regional
shopping,916.24,M,1,59,Tue,22,Regional
misc,699.76,F,1,92,Tue,22,Long_Distance
shopping,1195.5,M,1,43,Tue,22,Long_Distance
shopping,1130.56,M,1,41,Tue,23,Regional
misc,802.49,M,1,59,Tue,23,Long_Distance
shopping,863.66,F,1,92,Tue,23,Long_Distance
grocery,279.22,M,1,59,Tue,23,Remote
misc,752.56,M,1,59,Tue,23,Long_Distance
shopping,1203.86,M,1,41,Tue,23,Commute
grocery,291.24,F,1,67,Wed,3,Long_Distance
shopping,834.49,M,1,60,Wed,22,Regional
misc,764.92,M,1,60,Wed,23,Regional
grocery,259.57,M,1,66,Thu,1,Regional
grocery,316.64,M,1,66,Thu,1,Long_Distance
grocery,305.71,M,1,66,Thu,3,Remote
travel,8.91,M,1,66,Fri,0,Long_Distance
travel,11.32,M,1,36,Fri,0,Local
grocery,265.52,M,1,66,Fri,1,Commute
grocery,12.3,M,1,36,Fri,2,Commute
grocery,324.39,M,1,36,Fri,2,Commute
misc,950.46,M,1,45,Fri,3,Commute
grocery,286.46,M,1,66,Fri,22,Regional
misc,737.99,M,1,66,Fri,22,Regional
misc,885.8,M,1,45,Fri,23,Long_Distance
misc,757.9,M,1,66,Fri,23,Regional
shopping,843.72,M,1,45,Fri,23,Remote
grocery,277.45,M,1,36,Sat,0,Commute
misc,777.16,M,1,45,Sat,1,Long_Distance
grocery,286.39,M,1,64,Sat,1,Regional
misc,688.73,F,1,50,Sat,2,Regional
grocery,351.61,F,1,50,Sat,3,Long_Distance
grocery,349.66,F,1,50,Sat,3,Regional
misc,832.04,M,1,45,Sat,3,Commute
grocery,288.72,M,1,45,Sat,3,Regional
travel,8.97,M,1,36,Sat,3,Regional
travel,12.82,M,1,36,Sat,9,Regional
shopping,966.13,M,1,64,Sat,12,Long_Distance
shopping,1051.0,M,1,36,Sat,13,Commute
home,270.5,F,1,50,Sat,15,Long_Distance
shopping,1054.14,M,1,64,Sat,18,Commute
shopping,918.91,M,1,45,Sat,22,Remote
shopping,1061.9,M,1,45,Sat,22,Commute
personal,21.69,F,1,50,Sat,22,Commute
grocery,132.42,M,1,64,Sat,23,Regional
grocery,120.26,M,1,45,Sat,23,Commute
shopping,867.21,M,1,36,Sat,23,Long_Distance
personal,17.83,F,1,50,Sat,23,Commute
home,21.67,M,1,64,Sat,23,Long_Distance
entertainment,519.98,F,1,50,Sat,23,Regional
grocery,311.84,M,1,64,Sun,0,Long_Distance
grocery,301.53,M,1,64,Sun,1,Regional
shopping,799.0,F,1,50,Sun,1,Long_Distance
shopping,927.09,F,1,50,Sun,2,Regional
grocery,355.86,F,1,50,Sun,2,Long_Distance
travel,10.81,F,1,50,Sun,6,Local
personal,20.88,F,1,50,Sun,16,Long_Distance
misc,852.23,M,1,64,Sun,22,Long_Distance
grocery,116.33,F,1,50,Sun,22,Regional
entertainment,437.52,F,1,50,Sun,22,Long_Distance
misc,930.63,M,1,64,Sun,22,Long_Distance
shopping,1000.72,M,1,64,Sun,22,Commute
grocery,320.82,M,1,64,Sun,22,Regional
home,233.7,F,1,50,Sun,22,Long_Distance
grocery,308.87,M,1,26,Mon,1,Commute
grocery,306.14,M,1,26,Mon,3,Commute
shopping,1110.73,M,1,26,Mon,23,Regional
grocery,310.39,M,1,34,Tue,0,Long_Distance
grocery,269.52,F,1,52,Tue,0,Long_Distance
travel,8.75,M,1,26,Tue,1,Long_Distance
grocery,321.12,M,1,26,Tue,2,Long_Distance
grocery,308.55,M,1,26,Tue,4,Commute
shopping,1039.82,M,1,26,Tue,15,Long_Distance
shopping,977.55,F,1,52,Tue,21,Commute
shopping,1042.75,F,1,52,Tue,22,Regional
misc,9.79,F,1,52,Tue,22,Remote
misc,821.36,M,1,34,Tue,22,Remote
misc,851.99,M,1,34,Tue,23,Long_Distance
grocery,311.47,F,1,25,Wed,0,Commute
grocery,300.0,F,1,25,Wed,0,Commute
travel,14.06,M,1,34,Wed,1,Commute
grocery,293.04,M,1,34,Wed,1,Commute
grocery,269.05,F,1,52,Wed,1,Long_Distance
travel,11.99,F,1,25,Wed,2,Commute
personal,18.46,F,1,52,Wed,17,Long_Distance
grocery,281.01,F,1,52,Wed,19,Commute
shopping,1097.05,M,1,34,Wed,22,Long_Distance
shopping,921.03,F,1,25,Wed,22,Long_Distance
shopping,1029.2,F,1,25,Wed,22,Commute
shopping,915.89,F,1,52,Wed,22,Long_Distance
shopping,1031.71,F,1,52,Wed,22,Long_Distance
shopping,1205.11,F,1,25,Wed,22,Commute
misc,845.65,M,1,34,Wed,22,Long_Distance
personal,22.89,M,1,34,Wed,22,Regional
misc,863.23,M,1,34,Wed,23,Long_Distance
misc,853.9,M,1,34,Wed,23,Long_Distance
misc,894.06,F,1,25,Thu,0,Long_Distance
grocery,294.28,F,1,25,Thu,0,Long_Distance
misc,739.41,F,1,25,Thu,1,Regional
misc,695.8,F,1,25,Thu,3,Regional
grocery,310.18,F,1,25,Thu,9,Long_Distance
shopping,1136.81,F,1,25,Thu,16,Commute
shopping,923.03,F,1,25,Thu,20,Commute
shopping,1015.85,F,1,25,Thu,22,Regional
shopping,917.6,F,1,25,Thu,22,Regional
misc,656.05,F,1,35,Fri,2,Commute
shopping,932.95,M,1,41,Fri,12,Regional
home,285.88,F,1,35,Fri,22,Regional
shopping,928.47,M,1,86,Fri,22,Long_Distance
shopping,963.05,M,1,86,Fri,22,Commute
home,15.71,F,1,35,Fri,23,Long_Distance
grocery,274.73,M,1,86,Fri,23,Long_Distance
shopping,958.65,M,1,41,Fri,23,Commute
grocery,333.28,M,1,86,Sat,0,Long_Distance
travel,13.79,M,1,86,Sat,1,Long_Distance
grocery,277.26,M,1,41,Sat,1,Regional
grocery,265.09,M,1,86,Sat,1,Long_Distance
travel,12.71,M,1,41,Sat,1,Regional
entertainment,542.85,F,1,35,Sat,2,Commute
grocery,336.12,F,1,35,Sat,2,Commute
shopping,929.96,F,1,35,Sat,2,Long_Distance
travel,11.4,M,1,86,Sat,7,Commute
misc,871.07,F,1,61,Sat,19,Long_Distance
travel,9.18,F,1,35,Sat,22,Long_Distance
travel,9.76,M,1,86,Sat,22,Regional
home,268.44,F,1,35,Sat,22,Long_Distance
shopping,1014.61,M,1,86,Sat,22,Long_Distance
personal,20.62,F,1,35,Sat,22,Regional
shopping,935.81,M,1,41,Sat,22,Long_Distance
grocery,311.18,M,1,41,Sat,23,Long_Distance
shopping,974.01,M,1,86,Sat,23,Long_Distance
misc,733.23,M,1,41,Sat,23,Remote
shopping,1021.93,M,1,41,Sat,23,Local
grocery,297.9,F,1,51,Sun,0,Regional
grocery,306.06,M,1,37,Sun,2,Regional
travel,7.55,F,1,51,Sun,2,Regional
grocery,314.84,F,1,51,Sun,2,Long_Distance
grocery,305.89,F,1,61,Sun,2,Long_Distance
travel,7.58,M,1,36,Sun,3,Long_Distance
travel,7.13,M,1,36,Sun,4,Long_Distance
shopping,954.21,M,1,37,Sun,12,Long_Distance
shopping,961.01,F,1,61,Sun,12,Commute
shopping,1016.14,F,1,61,Sun,13,Commute
shopping,842.05,M,1,37,Sun,14,Commute
shopping,867.09,M,1,36,Sun,22,Remote
shopping,936.16,F,1,61,Sun,22,Long_Distance
misc,928.08,M,1,36,Sun,22,Long_Distance
shopping,983.82,M,1,36,Sun,22,Commute
shopping,1042.27,M,1,36,Sun,22,Regional
shopping,899.49,F,1,61,Sun,22,Regional
shopping,1018.85,F,1,51,Sun,22,Long_Distance
grocery,281.27,M,1,37,Sun,22,Commute
grocery,292.23,M,1,37,Sun,23,Regional
shopping,1132.52,F,1,51,Sun,23,Local
misc,802.24,M,1,36,Sun,23,Regional
misc,852.03,F,1,61,Sun,23,Commute
shopping,1009.65,F,1,51,Sun,23,Commute
grocery,290.95,M,1,36,Mon,0,Long_Distance
grocery,275.75,F,1,51,Mon,1,Long_Distance
grocery,317.82,M,1,36,Mon,2,Commute
grocery,321.79,M,1,37,Mon,3,Regional
grocery,262.56,M,1,36,Mon,3,Long_Distance
travel,7.98,M,1,36,Mon,6,Commute
entertainment,408.43,M,1,37,Mon,16,Long_Distance
misc,755.51,M,1,37,Mon,18,Long_Distance
shopping,902.1,F,1,51,Mon,22,Long_Distance
shopping,1061.88,F,1,51,Mon,22,Commute
shopping,1029.0,M,1,36,Mon,22,Regional
shopping,1066.01,F,1,51,Mon,23,Regional
shopping,853.04,M,1,36,Mon,23,Long_Distance
shopping,1050.4,F,1,51,Mon,23,Regional
grocery,332.1,F,1,41,Wed,2,Regional
misc,8.96,F,1,41,Wed,3,Regional
grocery,304.27,M,1,25,Wed,3,Long_Distance
misc,797.57,M,1,25,Wed,6,Long_Distance
travel,10.16,M,1,25,Wed,22,Long_Distance
shopping,895.02,M,1,25,Wed,23,Long_Distance
misc,7.99,M,1,25,Wed,23,Commute
shopping,768.07,M,1,25,Wed,23,Long_Distance
grocery,302.18,M,1,25,Thu,1,Long_Distance
grocery,357.62,F,1,66,Thu,3,Commute
shopping,846.06,M,1,25,Thu,23,Commute
grocery,300.29,M,1,29,Fri,0,Remote
grocery,326.29,M,1,55,Fri,1,Regional
grocery,378.97,F,1,48,Fri,2,Long_Distance
grocery,359.01,F,1,48,Fri,2,Regional
travel,9.05,M,1,55,Fri,2,Long_Distance
health,19.97,F,1,48,Fri,13,Commute
home,204.96,M,1,29,Fri,19,Commute
grocery,322.87,F,1,66,Fri,22,Regional
shopping,935.4,M,1,29,Fri,22,Long_Distance
misc,839.41,M,1,55,Fri,22,Local
home,236.24,F,1,48,Fri,22,Commute
shopping,918.5,F,1,66,Fri,23,Long_Distance
grocery,295.37,M,1,55,Fri,23,Long_Distance
grocery,307.02,F,1,66,Fri,23,Regional
misc,836.6,M,1,29,Fri,23,Commute
home,242.02,F,1,48,Fri,23,Long_Distance
shopping,865.63,M,1,55,Fri,23,Long_Distance
personal,21.21,F,1,48,Fri,23,Commute
misc,765.65,M,1,55,Fri,23,Long_Distance
shopping,665.03,F,1,31,Sat,0,Long_Distance
grocery,355.18,F,1,31,Sat,0,Long_Distance
grocery,299.89,M,1,29,Sat,1,Long_Distance
travel,10.59,F,1,46,Sat,1,Long_Distance
grocery,339.38,F,1,48,Sat,2,Long_Distance
shopping,787.72,F,1,48,Sat,2,Commute
shopping,1193.72,F,1,48,Sat,2,Commute
shopping,986.7,F,1,31,Sat,3,Commute
shopping,1040.2,F,1,46,Sat,3,Long_Distance
shopping,606.65,M,1,29,Sat,19,Long_Distance
shopping,1031.94,M,1,55,Sat,22,Commute
grocery,117.75,F,1,48,Sat,22,Commute
shopping,900.74,M,1,29,Sat,22,Long_Distance
home,21.84,F,1,31,Sat,23,Regional
misc,8.76,M,1,55,Sat,23,Regional
shopping,1039.11,M,1,29,Sat,23,Commute
misc,850.47,M,1,55,Sat,23,Local
shopping,732.81,M,1,29,Sat,23,Regional
home,245.64,F,1,48,Sat,23,Commute
shopping,741.07,F,1,46,Sun,0,Long_Distance
shopping,759.29,F,1,31,Sun,0,Remote
grocery,129.11,F,1,43,Sun,0,Long_Distance
grocery,358.76,F,1,46,Sun,2,Local
shopping,1016.4,F,1,43,Sun,2,Regional
entertainment,505.19,F,1,43,Sun,2,Commute
travel,8.33,F,1,46,Sun,2,Regional
misc,705.8,F,1,46,Sun,2,Regional
shopping,792.54,F,1,43,Sun,2,Commute
travel,8.79,F,1,46,Sun,2,Regional
shopping,1057.44,F,1,46,Sun,3,Commute
shopping,988.84,F,1,43,Sun,3,Regional
grocery,380.61,F,1,31,Sun,3,Regional
misc,860.19,F,1,31,Sun,3,Commute
shopping,1019.25,F,1,43,Sun,4,Local
misc,843.72,F,1,31,Sun,5,Regional
grocery,113.53,F,1,31,Sun,22,Long_Distance
health,22.79,F,1,46,Sun,22,Long_Distance
home,18.46,F,1,46,Sun,22,Long_Distance
health,19.67,F,1,31,Sun,23,Long_Distance
grocery,144.98,F,1,43,Mon,0,Long_Distance
shopping,659.61,F,1,43,Mon,1,Regional
misc,880.4,F,1,43,Mon,1,Commute
entertainment,542.43,F,1,43,Mon,2,Commute
grocery,373.36,F,1,43,Mon,2,Commute
grocery,128.17,F,1,43,Mon,6,Regional
shopping,751.85,F,1,43,Mon,8,Local
personal,17.97,F,1,43,Mon,23,Commute
personal,24.08,F,1,43,Mon,23,Commute
home,269.17,F,1,43,Mon,23,Commute
grocery,302.46,M,1,60,Wed,3,Regional
grocery,280.51,M,1,60,Wed,3,Long_Distance
misc,830.24,M,1,60,Wed,22,Commute
personal,20.4,M,1,60,Wed,23,Regional
misc,700.91,M,1,60,Wed,23,Regional
grocery,301.77,M,1,45,Thu,1,Commute
grocery,320.71,M,1,45,Thu,2,Regional
grocery,10.23,M,1,60,Thu,3,Local
travel,10.38,M,1,45,Thu,8,Remote
travel,8.93,M,1,60,Thu,12,Regional
shopping,941.57,M,1,60,Thu,14,Commute
shopping,966.08,M,1,60,Thu,22,Long_Distance
shopping,914.93,M,1,60,Thu,22,Commute
shopping,773.07,F,1,35,Fri,0,Regional
misc,646.51,F,1,35,Fri,2,Regional
grocery,285.54,M,1,45,Fri,3,Commute
grocery,10.95,M,1,45,Fri,6,Local
misc,815.01,F,1,67,Fri,15,Commute
shopping,938.98,M,1,45,Fri,21,Remote
misc,760.11,F,1,67,Fri,21,Commute
shopping,992.37,M,1,45,Fri,22,Long_Distance
grocery,278.65,M,1,45,Fri,23,Long_Distance
misc,829.89,F,1,67,Fri,23,Long_Distance
shopping,754.13,F,1,67,Fri,23,Regional
shopping,858.32,F,1,67,Fri,23,Long_Distance
misc,796.74,F,1,67,Fri,23,Regional
grocery,115.51,F,1,35,Sat,0,Regional
entertainment,463.41,F,1,35,Sat,1,Long_Distance
shopping,1075.31,F,1,35,Sat,5,Long_Distance
misc,50.68,F,1,67,Sat,13,Commute
misc,48.99,F,1,67,Sat,18,Local
shopping,855.14,M,1,30,Sat,22,Regional
misc,809.88,F,1,67,Sat,22,Commute
home,241.43,F,1,35,Sat,22,Commute
shopping,858.59,M,1,30,Sat,23,Long_Distance
shopping,845.71,M,1,30,Sat,23,Commute
shopping,929.0,M,1,30,Sat,23,Regional
grocery,281.23,M,1,30,Sat,23,Long_Distance
travel,10.08,M,1,30,Sun,0,Local
grocery,311.17,M,1,30,Sun,0,Commute
grocery,298.6,M,1,37,Sun,1,Commute
misc,888.17,M,1,37,Sun,1,Long_Distance
travel,12.54,M,1,37,Sun,9,Commute
shopping,947.02,M,1,30,Sun,22,Regional
shopping,818.58,M,1,37,Sun,23,Long_Distance
shopping,833.54,M,1,30,Sun,23,Long_Distance
shopping,959.97,M,1,37,Sun,23,Commute
grocery,316.42,M,1,30,Sun,23,Commute
shopping,959.27,M,1,30,Sun,23,Commute
grocery,9.51,M,1,37,Mon,0,Long_Distance
entertainment,455.12,F,1,43,Mon,2,Commute
travel,7.45,M,1,37,Mon,2,Long_Distance
misc,739.5,F,1,43,Mon,3,Regional
travel,12.29,F,1,43,Mon,22,Regional
shopping,1024.32,M,1,37,Mon,22,Commute
home,19.13,F,1,43,Mon,22,Long_Distance
travel,9.97,F,1,43,Mon,22,Commute
shopping,969.18,M,1,37,Mon,23,Long_Distance
personal,17.76,F,1,43,Mon,23,Regional
entertainment,472.51,M,1,37,Mon,23,Regional
home,21.46,F,1,43,Mon,23,Commute
home,240.94,F,1,43,Mon,23,Long_Distance
shopping,729.0,F,1,43,Tue,0,Commute
home,20.82,F,1,43,Tue,21,Long_Distance
grocery,131.09,F,1,43,Tue,22,Commute
home,248.23,F,1,43,Tue,23,Local
travel,22.22,M,1,54,Wed,0,Long_Distance
grocery,321.77,M,1,54,Wed,3,Commute
grocery,318.43,M,1,54,Wed,4,Long_Distance
shopping,863.97,M,1,54,Wed,15,Commute
shopping,1099.48,M,1,54,Wed,18,Long_Distance
grocery,361.11,M,1,54,Thu,0,Commute
travel,20.86,M,1,63,Thu,1,Long_Distance
grocery,310.24,M,1,54,Thu,8,Long_Distance
entertainment,556.78,M,1,63,Thu,14,Commute
shopping,905.44,M,1,63,Thu,22,Long_Distance
misc,883.63,M,1,54,Thu,22,Remote
shopping,876.6,M,1,54,Thu,22,Long_Distance
misc,681.11,M,1,54,Thu,22,Local
shopping,994.99,M,1,63,Thu,22,Long_Distance
grocery,326.04,M,1,63,Thu,22,Long_Distance
shopping,985.21,M,1,54,Thu,22,Commute
entertainment,389.57,M,1,54,Thu,23,Long_Distance
misc,703.31,M,1,63,Thu,23,Regional
shopping,1080.62,M,1,54,Thu,23,Long_Distance
grocery,283.26,M,1,54,Thu,23,Long_Distance
misc,815.9,M,1,54,Thu,23,Regional
shopping,933.0,M,1,54,Thu,23,Regional
grocery,277.95,F,1,71,Fri,1,Commute
grocery,247.55,M,1,61,Fri,3,Commute
travel,6.65,M,1,61,Fri,3,Commute
grocery,309.2,M,1,83,Fri,3,Regional
shopping,998.9,M,1,83,Fri,18,Regional
misc,7.25,F,1,71,Fri,19,Commute
shopping,1001.9,F,1,71,Fri,22,Commute
shopping,936.55,M,1,54,Fri,22,Long_Distance
shopping,1150.64,M,1,54,Fri,22,Long_Distance
grocery,281.93,F,1,71,Fri,22,Regional
shopping,926.69,F,1,71,Fri,22,Long_Distance
shopping,1031.92,M,1,61,Fri,22,Long_Distance
shopping,856.92,M,1,83,Fri,23,Long_Distance
entertainment,456.06,M,1,61,Fri,23,Long_Distance
shopping,923.77,M,1,54,Fri,23,Long_Distance
travel,18.5,M,1,83,Sat,0,Commute
grocery,125.08,F,1,46,Sat,2,Long_Distance
travel,18.12,M,1,83,Sat,2,Long_Distance
grocery,269.84,F,1,71,Sat,2,Long_Distance
grocery,284.66,M,1,61,Sat,2,Long_Distance
grocery,366.72,M,1,83,Sat,2,Remote
grocery,352.33,F,1,46,Sat,3,Long_Distance
grocery,16.02,M,1,83,Sat,3,Commute
grocery,263.99,M,1,61,Sat,8,Long_Distance
shopping,1011.34,F,1,71,Sat,14,Remote
misc,7.77,M,1,61,Sat,18,Commute
shopping,1101.56,M,1,83,Sat,22,Long_Distance
shopping,964.5,M,1,83,Sat,22,Long_Distance
shopping,1013.79,F,1,71,Sat,22,Long_Distance
personal,18.58,F,1,46,Sat,22,Regional
shopping,879.54,M,1,83,Sat,22,Long_Distance
shopping,748.92,M,1,83,Sat,22,Regional
misc,938.77,M,1,83,Sat,23,Commute
health,19.62,F,1,71,Sat,23,Regional
misc,818.62,M,1,61,Sat,23,Commute
shopping,946.12,F,1,71,Sat,23,Long_Distance
shopping,862.12,F,1,46,Sun,0,Regional
grocery,296.99,F,1,22,Sun,0,Long_Distance
grocery,304.86,F,1,22,Sun,1,Long_Distance
misc,736.61,F,1,46,Sun,1,Commute
grocery,286.36,F,1,22,Sun,1,Commute
grocery,282.42,F,1,22,Sun,1,Commute
grocery,352.89,F,1,46,Sun,2,Long_Distance
entertainment,498.19,F,1,46,Sun,2,Regional
travel,8.75,F,1,22,Sun,3,Commute
shopping,946.81,F,1,46,Sun,3,Commute
grocery,320.52,F,1,46,Sun,3,Long_Distance
grocery,322.33,F,1,22,Sun,8,Regional
grocery,315.26,F,1,22,Sun,11,Remote
shopping,877.46,F,1,22,Sun,22,Commute
home,245.73,F,1,46,Sun,22,Regional
grocery,124.99,F,1,46,Sun,22,Long_Distance
health,20.8,F,1,46,Sun,22,Long_Distance
home,17.71,F,1,46,Sun,22,Regional
shopping,1202.36,F,1,22,Sun,22,Long_Distance
home,20.53,F,1,46,Sun,23,Long_Distance
shopping,1026.35,F,1,22,Sun,23,Long_Distance
shopping,1011.53,F,1,22,Sun,23,Commute
grocery,317.76,F,1,22,Mon,0,Commute
grocery,327.8,F,1,59,Mon,0,Long_Distance
grocery,13.28,F,1,73,Mon,1,Commute
grocery,272.83,M,1,69,Mon,1,Commute
grocery,303.74,F,1,22,Mon,1,Long_Distance
grocery,327.52,M,1,69,Mon,1,Long_Distance
travel,10.7,F,1,22,Mon,1,Long_Distance
misc,8.09,M,1,69,Mon,15,Commute
misc,6.65,M,1,69,Mon,22,Regional
misc,761.27,F,1,59,Mon,22,Long_Distance
shopping,995.11,F,1,22,Mon,22,Long_Distance
shopping,988.01,M,1,69,Mon,22,Commute
shopping,1008.29,F,1,73,Mon,22,Local
travel,2.78,F,1,59,Mon,23,Commute
personal,47.23,F,1,59,Mon,23,Long_Distance
shopping,1072.86,F,1,59,Mon,23,Long_Distance
shopping,1045.75,M,1,69,Mon,23,Long_Distance
misc,924.21,F,1,59,Mon,23,Commute
grocery,335.13,F,1,59,Tue,0,Regional
grocery,331.73,F,1,73,Tue,0,Long_Distance
grocery,306.63,F,1,73,Tue,3,Regional
shopping,1145.83,M,1,69,Tue,22,Commute
shopping,893.46,M,1,69,Tue,22,Commute
misc,8.48,M,1,69,Tue,23,Long_Distance
grocery,287.52,M,1,35,Fri,1,Commute
grocery,306.43,M,1,35,Fri,2,Regional
grocery,9.47,M,1,35,Fri,2,Commute
shopping,890.66,F,1,35,Fri,2,Long_Distance
shopping,846.35,F,1,35,Fri,2,Commute
grocery,309.99,M,1,35,Fri,2,Commute
misc,785.08,M,1,35,Fri,2,Regional
misc,806.03,F,1,35,Fri,3,Regional
shopping,899.05,M,1,35,Fri,22,Long_Distance
health,22.9,M,1,35,Fri,22,Regional
health,20.94,F,1,35,Fri,23,Commute
grocery,252.79,M,1,35,Sat,0,Long_Distance
shopping,727.2,F,1,35,Sat,0,Commute
grocery,298.98,F,1,56,Sat,0,Commute
misc,842.63,F,1,35,Sat,1,Regional
grocery,282.31,M,1,45,Sat,1,Long_Distance
grocery,288.67,M,1,45,Sat,2,Long_Distance
shopping,921.14,F,1,35,Sat,5,Long_Distance
shopping,915.56,M,1,45,Sat,22,Long_Distance
shopping,973.1,F,1,56,Sat,22,Long_Distance
home,217.24,F,1,35,Sat,22,Commute
shopping,1001.38,M,1,45,Sat,22,Long_Distance
shopping,995.86,M,1,35,Sat,23,Commute
misc,839.31,M,1,35,Sat,23,Commute
shopping,962.61,F,1,56,Sat,23,Regional
grocery,282.31,M,1,45,Sun,0,Regional
grocery,281.57,M,1,45,Sun,0,Commute
travel,9.89,F,1,56,Sun,0,Long_Distance
grocery,299.61,M,1,45,Sun,2,Remote
travel,6.26,F,1,56,Sun,3,Commute
grocery,274.28,M,1,45,Sun,3,Commute
grocery,337.11,M,1,45,Sun,3,Long_Distance
misc,7.7,F,1,56,Sun,19,Long_Distance
travel,10.93,M,1,45,Sun,20,Long_Distance
shopping,875.77,M,1,45,Sun,22,Long_Distance
travel,9.75,F,1,56,Sun,22,Long_Distance
shopping,974.6,F,1,56,Sun,23,Commute
shopping,881.47,M,1,45,Sun,23,Commute
travel,21.74,F,1,92,Mon,7,Long_Distance
grocery,304.91,F,1,92,Mon,7,Regional
grocery,301.08,F,1,92,Mon,22,Regional
shopping,733.98,F,1,92,Mon,22,Commute
shopping,1100.0,F,1,92,Mon,22,Commute
misc,709.61,F,1,92,Mon,23,Regional
entertainment,645.21,F,1,92,Mon,23,Long_Distance
misc,764.72,F,1,92,Mon,23,Long_Distance
misc,739.44,F,1,49,Tue,1,Regional
grocery,349.58,F,1,49,Tue,1,Long_Distance
shopping,718.89,F,1,49,Tue,1,Regional
misc,895.96,F,1,49,Tue,2,Regional
grocery,355.09,F,1,49,Tue,2,Commute
entertainment,584.94,F,1,92,Tue,22,Regional
home,248.97,F,1,49,Tue,22,Regional
shopping,936.08,F,1,92,Tue,22,Regional
travel,3.1,F,1,92,Tue,23,Long_Distance
entertainment,457.21,F,1,49,Wed,0,Local
shopping,942.21,F,1,49,Wed,1,Commute
shopping,1009.11,F,1,49,Wed,1,Regional
shopping,982.68,F,1,49,Wed,2,Regional
grocery,353.7,F,1,49,Wed,3,Regional
grocery,300.43,F,1,72,Thu,3,Long_Distance
misc,833.85,F,1,72,Thu,22,Long_Distance
misc,868.58,F,1,72,Thu,23,Regional
misc,857.84,F,1,72,Thu,23,Long_Distance
grocery,320.56,F,1,72,Fri,0,Commute
grocery,343.12,F,1,64,Fri,1,Commute
grocery,319.09,F,1,64,Fri,1,Commute
grocery,296.72,F,1,64,Fri,2,Long_Distance
grocery,15.55,F,1,64,Fri,3,Long_Distance
grocery,313.89,F,1,72,Fri,3,Local
home,6.76,F,1,64,Fri,12,Long_Distance
shopping,932.73,F,1,64,Fri,14,Regional
shopping,1139.52,F,1,72,Fri,15,Long_Distance
shopping,1013.9,F,1,72,Fri,17,Commute
shopping,1036.15,F,1,72,Fri,21,Commute
personal,50.43,F,1,64,Fri,22,Long_Distance
shopping,906.95,F,1,72,Fri,23,Long_Distance
misc,891.19,M,1,40,Sat,0,Long_Distance
grocery,267.75,M,1,40,Sat,1,Commute
grocery,283.6,M,1,40,Sat,1,Long_Distance
misc,750.98,M,1,40,Sat,2,Remote
travel,19.06,F,1,64,Sat,2,Commute
grocery,305.45,M,1,40,Sat,7,Long_Distance
shopping,863.14,F,1,64,Sat,17,Commute
shopping,866.93,M,1,40,Sat,18,Long_Distance
entertainment,434.76,M,1,92,Sat,20,Commute
shopping,956.59,M,1,92,Sat,22,Long_Distance
misc,821.67,F,1,64,Sat,22,Commute
shopping,906.86,F,1,64,Sat,22,Commute
shopping,972.15,F,1,64,Sat,22,Long_Distance
misc,698.9,F,1,64,Sat,22,Long_Distance
shopping,855.07,M,1,92,Sat,23,Commute
misc,719.38,M,1,92,Sat,23,Commute
grocery,112.09,F,1,64,Sat,23,Regional
shopping,899.14,M,1,92,Sat,23,Commute
grocery,262.35,M,1,40,Sun,2,Regional
travel,7.62,M,1,40,Sun,3,Regional
home,244.03,M,1,92,Sun,22,Long_Distance
shopping,736.9,M,1,40,Sun,22,Regional
shopping,895.43,M,1,92,Sun,23,Regional
shopping,886.88,M,1,92,Sun,23,Long_Distance
misc,754.16,M,1,92,Sun,23,Long_Distance
misc,8.51,M,1,40,Sun,23,Long_Distance
misc,906.03,M,1,92,Sun,23,Long_Distance
shopping,924.6,M,1,40,Sun,23,Remote
misc,761.08,F,1,25,Mon,2,Regional
misc,714.34,F,1,25,Mon,2,Long_Distance
grocery,362.28,F,1,25,Mon,3,Long_Distance
home,16.98,F,1,25,Mon,22,Long_Distance
entertainment,470.75,F,1,25,Mon,23,Long_Distance
home,18.95,F,1,25,Mon,23,Commute
grocery,309.88,F,1,25,Tue,0,Regional
misc,669.15,F,1,25,Tue,10,Regional
shopping,832.6,F,1,25,Tue,23,Regional
grocery,326.42,M,1,69,Wed,0,Long_Distance
grocery,283.02,F,1,52,Wed,0,Commute
travel,19.04,M,1,69,Wed,3,Long_Distance
travel,18.86,M,1,69,Wed,3,Commute
shopping,1010.53,F,1,52,Wed,17,Long_Distance
shopping,1146.72,F,1,52,Wed,22,Commute
misc,1045.4,F,1,52,Wed,22,Long_Distance
misc,749.12,M,1,69,Wed,22,Commute
shopping,1048.8,M,1,69,Wed,23,Long_Distance
misc,852.75,M,1,69,Wed,23,Commute
grocery,300.37,M,1,69,Thu,0,Regional
travel,10.57,F,1,52,Thu,0,Commute
travel,7.73,F,1,52,Thu,0,Commute
grocery,293.05,M,1,33,Thu,1,Long_Distance
grocery,339.39,M,1,69,Thu,1,Commute
grocery,330.07,M,1,69,Thu,1,Commute
grocery,312.44,M,1,69,Thu,1,Commute
grocery,312.06,M,1,33,Thu,3,Long_Distance
grocery,344.93,F,1,60,Thu,5,Commute
shopping,796.29,F,1,60,Thu,13,Long_Distance
entertainment,666.29,F,1,60,Thu,14,Local
shopping,957.32,F,1,52,Thu,21,Long_Distance
shopping,1187.81,M,1,33,Thu,21,Remote
shopping,975.64,F,1,52,Thu,22,Long_Distance
misc,740.52,F,1,52,Thu,22,Commute
shopping,850.2,F,1,60,Thu,22,Local
shopping,959.62,F,1,52,Thu,22,Regional
misc,766.14,F,1,52,Thu,22,Local
shopping,976.94,F,1,52,Thu,22,Regional
shopping,1121.57,M,1,30,Thu,22,Regional
shopping,1082.52,F,1,60,Thu,22,Long_Distance
shopping,1058.62,M,1,33,Thu,22,Long_Distance
shopping,1197.66,M,1,33,Thu,23,Long_Distance
misc,881.95,F,1,52,Thu,23,Commute
misc,952.71,M,1,69,Thu,23,Commute
grocery,15.46,M,1,53,Fri,0,Long_Distance
grocery,303.92,M,1,33,Fri,0,Regional
travel,8.09,F,1,52,Fri,0,Commute
grocery,261.74,M,1,33,Fri,1,Long_Distance
misc,744.47,M,1,33,Fri,1,Long_Distance
grocery,279.74,M,1,30,Fri,1,Commute
misc,934.61,M,1,30,Fri,1,Regional
travel,10.65,M,1,33,Fri,1,Commute
grocery,256.61,F,1,52,Fri,2,Commute
grocery,296.31,M,1,30,Fri,2,Regional
grocery,331.61,M,1,53,Fri,3,Commute
personal,49.1,M,1,53,Fri,14,Long_Distance
misc,771.86,F,1,52,Fri,17,Regional
misc,810.12,F,1,52,Fri,22,Long_Distance
shopping,843.5,M,1,33,Fri,22,Commute
shopping,919.04,F,1,60,Fri,22,Remote
shopping,1049.13,F,1,52,Fri,22,Long_Distance
shopping,1065.56,M,1,30,Fri,22,Long_Distance
grocery,333.2,M,1,53,Fri,22,Regional
misc,8.01,F,1,62,Fri,23,Commute
misc,795.14,F,1,52,Fri,23,Regional
shopping,1203.08,M,1,53,Fri,23,Commute
shopping,911.2,M,1,30,Fri,23,Regional
shopping,933.51,F,1,52,Fri,23,Regional
misc,740.22,F,1,52,Fri,23,Long_Distance
shopping,740.88,M,1,30,Fri,23,Regional
shopping,795.17,M,1,33,Fri,23,Long_Distance
shopping,948.65,F,1,60,Fri,23,Commute
travel,11.14,F,1,62,Sat,0,Regional
travel,12.44,F,1,62,Sat,0,Regional
travel,11.92,M,1,45,Sat,1,Long_Distance
travel,8.47,F,1,62,Sat,1,Long_Distance
grocery,277.43,M,1,45,Sat,3,Long_Distance
grocery,274.29,F,1,62,Sat,3,Regional
home,22.44,F,1,62,Sat,22,Long_Distance
misc,760.67,M,1,53,Sat,22,Commute
grocery,124.56,F,1,62,Sat,22,Long_Distance
shopping,1006.25,F,1,62,Sat,22,Long_Distance
misc,758.93,M,1,45,Sat,23,Regional
misc,831.25,M,1,45,Sat,23,Long_Distance
misc,805.42,F,1,62,Sat,23,Long_Distance
misc,668.2,M,1,53,Sat,23,Remote
shopping,753.34,M,1,45,Sat,23,Long_Distance
personal,48.98,M,1,53,Sat,23,Long_Distance
shopping,1000.0,F,1,62,Sat,23,Commute
travel,13.81,M,1,45,Sun,1,Long_Distance
travel,11.15,M,1,45,Sun,1,Commute
grocery,292.64,M,1,53,Sun,10,Long_Distance
shopping,1170.45,M,1,45,Sun,22,Regional
shopping,891.66,M,1,45,Sun,23,Long_Distance
misc,715.01,M,1,45,Sun,23,Regional
travel,12.32,M,1,45,Sun,23,Local
shopping,779.75,M,1,45,Sun,23,Long_Distance
shopping,1010.72,M,1,53,Sun,23,Regional
shopping,848.7,M,1,53,Sun,23,Regional
grocery,338.44,M,1,53,Sun,23,Regional
home,18.01,M,1,45,Sun,23,Remote
shopping,1070.81,M,1,53,Sun,23,Remote
grocery,12.73,M,1,53,Mon,2,Regional
misc,759.92,M,1,53,Mon,22,Regional
misc,50.26,M,1,53,Mon,23,Commute
shopping,1071.55,M,1,53,Mon,23,Long_Distance
misc,844.8,M,1,53,Mon,23,Regional
shopping,989.44,M,1,53,Mon,23,Long_Distance
grocery,282.4,F,1,21,Tue,1,Long_Distance
grocery,300.89,F,1,21,Tue,2,Regional
grocery,288.03,F,1,21,Tue,8,Commute
misc,905.07,F,1,21,Tue,22,Long_Distance
shopping,1006.38,F,1,21,Tue,22,Commute
misc,748.18,F,1,21,Tue,22,Long_Distance
misc,724.88,F,1,21,Tue,23,Long_Distance
shopping,974.87,F,1,21,Wed,22,Long_Distance
grocery,300.31,M,1,46,Thu,0,Regional
travel,9.18,F,1,30,Thu,0,Regional
travel,13.14,F,1,30,Thu,0,Local
shopping,997.49,F,1,30,Thu,0,Regional
grocery,298.45,M,1,46,Thu,0,Regional
grocery,9.01,M,1,46,Thu,1,Long_Distance
shopping,794.74,F,1,30,Thu,1,Long_Distance
shopping,766.77,F,1,30,Thu,1,Regional
grocery,286.4,F,1,61,Thu,1,Regional
grocery,314.47,F,1,61,Thu,2,Long_Distance
grocery,294.73,M,1,58,Thu,2,Regional
grocery,321.87,M,1,58,Thu,3,Long_Distance
grocery,341.21,F,1,30,Thu,3,Long_Distance
grocery,17.3,M,1,58,Thu,3,Long_Distance
shopping,1154.83,F,1,30,Thu,10,Long_Distance
shopping,753.61,M,1,58,Thu,14,Long_Distance
home,22.98,F,1,61,Thu,16,Long_Distance
misc,763.37,F,1,61,Thu,16,Remote
shopping,765.34,M,1,46,Thu,22,Long_Distance
home,259.52,F,1,30,Thu,22,Long_Distance
shopping,1029.22,F,1,61,Thu,22,Regional
misc,752.36,M,1,46,Thu,22,Long_Distance
home,248.66,F,1,30,Thu,23,Commute
home,247.96,F,1,30,Thu,23,Commute
misc,672.71,F,1,61,Thu,23,Long_Distance
misc,736.87,M,1,46,Thu,23,Regional
misc,807.09,F,1,30,Fri,0,Regional
shopping,856.76,F,1,30,Fri,0,Long_Distance
grocery,334.1,F,1,30,Fri,1,Regional
travel,17.3,F,1,57,Fri,1,Regional
travel,22.1,M,1,58,Fri,2,Regional
grocery,355.06,F,1,30,Fri,2,Long_Distance
grocery,12.6,F,1,57,Fri,2,Regional
travel,13.93,M,1,46,Fri,3,Long_Distance
shopping,1075.51,F,1,30,Fri,11,Long_Distance
shopping,932.02,F,1,61,Fri,18,Commute
shopping,873.31,F,1,61,Fri,20,Commute
misc,847.22,F,1,61,Fri,21,Regional
grocery,339.6,M,1,58,Fri,22,Commute
home,16.81,M,1,46,Fri,22,Regional
entertainment,458.41,M,1,46,Fri,22,Long_Distance
shopping,1032.55,M,1,46,Fri,22,Commute
shopping,1088.26,M,1,58,Fri,22,Regional
shopping,1061.58,M,1,58,Fri,22,Regional
shopping,1140.22,M,1,46,Fri,22,Long_Distance
misc,811.86,M,1,46,Fri,23,Regional
home,221.76,F,1,30,Fri,23,Regional
shopping,870.25,F,1,57,Fri,23,Long_Distance
grocery,311.78,F,1,63,Sun,0,Regional
grocery,321.73,F,1,32,Sun,0,Local
grocery,317.09,F,1,57,Sun,0,Commute
grocery,306.45,F,1,57,Sun,1,Long_Distance
shopping,1124.48,F,1,32,Sun,1,Commute
grocery,11.72,M,1,49,Sun,2,Long_Distance
grocery,376.59,F,1,32,Sun,2,Commute
grocery,317.61,F,1,63,Sun,2,Long_Distance
grocery,299.02,F,1,57,Sun,3,Commute
shopping,1113.79,F,1,32,Sun,6,Regional
grocery,326.86,F,1,57,Sun,10,Commute
misc,845.41,F,1,57,Sun,16,Long_Distance
travel,8.58,F,1,32,Sun,22,Commute
shopping,1083.8,M,1,49,Sun,22,Long_Distance
shopping,1037.39,M,1,49,Sun,22,Long_Distance
grocery,317.53,F,1,57,Sun,23,Long_Distance
shopping,1022.18,F,1,63,Sun,23,Long_Distance
home,20.41,F,1,32,Sun,23,Commute
misc,702.33,F,1,63,Sun,23,Long_Distance
grocery,320.41,M,1,49,Mon,0,Commute
shopping,1055.35,F,1,32,Mon,0,Commute
grocery,292.53,M,1,36,Mon,0,Long_Distance
grocery,327.98,M,1,36,Mon,1,Long_Distance
shopping,786.02,F,1,32,Mon,1,Long_Distance
grocery,309.97,M,1,36,Mon,1,Commute
misc,735.44,F,1,32,Mon,2,Regional
grocery,8.17,M,1,49,Mon,2,Long_Distance
travel,8.01,M,1,49,Mon,2,Regional
travel,11.1,F,1,32,Mon,2,Regional
grocery,341.3,F,1,32,Mon,3,Long_Distance
shopping,1073.89,F,1,32,Mon,3,Regional
shopping,968.03,F,1,63,Mon,13,Long_Distance
entertainment,476.62,M,1,49,Mon,13,Long_Distance
misc,735.45,M,1,49,Mon,18,Long_Distance
shopping,958.88,M,1,49,Mon,20,Remote
shopping,1008.0,M,1,36,Mon,22,Regional
personal,21.24,F,1,32,Mon,22,Long_Distance
shopping,964.64,F,1,63,Mon,22,Commute
grocery,111.61,F,1,32,Mon,22,Long_Distance
shopping,978.97,F,1,63,Mon,22,Long_Distance
misc,8.58,M,1,36,Mon,22,Long_Distance
grocery,303.13,F,1,63,Mon,22,Commute
misc,820.89,F,1,63,Mon,22,Long_Distance
misc,1004.26,M,1,49,Mon,22,Regional
shopping,754.16,M,1,36,Mon,23,Long_Distance
shopping,829.79,M,1,36,Mon,23,Long_Distance
grocery,12.53,M,1,36,Tue,1,Long_Distance
grocery,331.0,M,1,46,Tue,2,Regional
misc,881.09,M,1,46,Tue,10,Commute
shopping,900.4,M,1,46,Tue,16,Long_Distance
shopping,1030.28,M,1,36,Tue,19,Long_Distance
shopping,876.6,M,1,46,Tue,22,Long_Distance
shopping,953.89,M,1,46,Tue,22,Regional
misc,8.78,M,1,46,Tue,23,Long_Distance
shopping,1033.53,M,1,46,Tue,23,Commute
shopping,1008.54,F,1,49,Wed,0,Long_Distance
grocery,350.48,F,1,49,Wed,1,Long_Distance
misc,873.73,F,1,49,Wed,1,Long_Distance
grocery,319.55,M,1,46,Wed,9,Regional
misc,796.55,M,1,46,Wed,23,Regional
personal,19.9,F,1,49,Wed,23,Regional
shopping,835.85,F,1,49,Thu,0,Regional
grocery,344.49,F,1,49,Thu,3,Commute
shopping,1201.24,F,1,49,Thu,7,Regional
personal,21.25,F,1,49,Thu,22,Long_Distance
home,253.93,F,1,49,Thu,22,Regional
home,277.72,F,1,49,Thu,22,Long_Distance
home,19.41,F,1,49,Thu,23,Long_Distance
home,24.09,F,1,49,Thu,23,Long_Distance
grocery,384.91,F,1,32,Sat,1,Regional
misc,800.91,F,1,32,Sat,2,Commute
travel,10.02,F,1,32,Sat,2,Regional
travel,22.22,F,1,91,Sat,8,Commute
health,19.06,F,1,32,Sat,22,Long_Distance
home,20.19,F,1,32,Sat,22,Long_Distance
grocery,115.37,F,1,32,Sat,23,Regional
misc,802.05,F,1,32,Sun,0,Regional
travel,18.96,F,1,91,Sun,0,Regional
shopping,976.26,F,1,32,Sun,1,Long_Distance
grocery,303.31,F,1,57,Sun,3,Regional
home,19.8,F,1,57,Sun,12,Long_Distance
travel,10.62,F,1,32,Sun,13,Regional
grocery,129.81,F,1,32,Sun,15,Commute
shopping,756.81,F,1,57,Sun,16,Regional
home,17.36,F,1,32,Sun,19,Remote
entertainment,504.18,F,1,32,Sun,22,Long_Distance
misc,830.09,F,1,57,Sun,22,Commute
shopping,1087.53,F,1,91,Sun,22,Regional
shopping,991.22,F,1,91,Sun,22,Regional
home,279.43,F,1,32,Sun,23,Long_Distance
personal,23.71,F,1,32,Sun,23,Long_Distance
travel,9.6,F,1,57,Mon,0,Commute
grocery,294.91,F,1,57,Mon,1,Commute
grocery,292.57,F,1,57,Mon,7,Commute
travel,11.56,F,1,57,Mon,22,Regional
misc,668.01,F,1,57,Mon,22,Remote
shopping,938.92,F,1,57,Mon,23,Long_Distance
misc,882.02,F,1,57,Mon,23,Long_Distance
grocery,339.83,F,1,48,Tue,0,Regional
shopping,991.51,F,1,48,Tue,1,Regional
travel,7.61,F,1,48,Tue,1,Regional
grocery,289.37,M,1,36,Tue,3,Regional
misc,690.49,F,1,48,Tue,3,Regional
grocery,324.74,M,1,36,Tue,4,Long_Distance
grocery,331.33,F,1,48,Tue,4,Regional
grocery,356.2,F,1,48,Tue,8,Commute
home,249.56,F,1,48,Tue,12,Remote
grocery,123.13,F,1,48,Tue,19,Regional
shopping,1047.6,M,1,36,Tue,19,Long_Distance
entertainment,527.58,F,1,48,Tue,20,Long_Distance
shopping,1258.38,M,1,36,Tue,22,Remote
entertainment,509.5,M,1,36,Tue,22,Commute
shopping,852.52,M,1,36,Tue,22,Long_Distance
shopping,672.46,M,1,36,Tue,23,Long_Distance
shopping,983.68,M,1,36,Tue,23,Long_Distance
home,20.59,F,1,48,Tue,23,Regional
misc,849.21,M,1,36,Wed,0,Regional
grocery,346.99,F,1,48,Wed,1,Regional
grocery,7.41,F,1,37,Wed,2,Regional
misc,784.85,F,1,48,Wed,9,Long_Distance
shopping,829.62,F,1,48,Wed,10,Long_Distance
shopping,1124.39,F,1,37,Wed,11,Regional
home,243.3,F,1,37,Wed,17,Long_Distance
shopping,1093.28,M,1,30,Wed,19,Commute
home,23.72,F,1,37,Wed,20,Commute
grocery,347.52,M,1,30,Wed,20,Commute
home,243.63,F,1,48,Wed,20,Long_Distance
shopping,876.63,F,1,48,Wed,22,Local
shopping,882.45,F,1,53,Wed,22,Long_Distance
personal,23.42,F,1,37,Wed,22,Regional
shopping,795.98,F,1,53,Wed,22,Commute
entertainment,515.79,F,1,48,Wed,22,Regional
shopping,1067.57,M,1,36,Wed,22,Commute
entertainment,535.23,M,1,36,Wed,22,Regional
shopping,1006.41,M,1,30,Wed,23,Regional
misc,753.33,F,1,53,Wed,23,Commute
shopping,1082.35,F,1,53,Wed,23,Long_Distance
misc,950.14,M,1,30,Wed,23,Commute
grocery,299.98,M,1,27,Thu,0,Commute
travel,7.62,M,1,30,Thu,0,Commute
shopping,1174.93,F,1,37,Thu,0,Regional
grocery,376.06,F,1,37,Thu,1,Regional
travel,8.54,M,1,44,Thu,3,Regional
grocery,272.4,M,1,44,Thu,3,Commute
grocery,299.92,M,1,30,Thu,3,Commute
grocery,269.15,F,1,52,Thu,7,Regional
grocery,309.03,M,1,30,Thu,7,Regional
grocery,349.83,F,1,37,Thu,7,Commute
shopping,896.32,M,1,27,Thu,14,Long_Distance
shopping,1229.99,M,1,27,Thu,14,Commute
misc,8.22,M,1,27,Thu,15,Long_Distance
misc,813.03,F,1,52,Thu,16,Commute
grocery,286.51,M,1,27,Thu,18,Regional
shopping,1066.84,M,1,30,Thu,18,Long_Distance
shopping,950.67,M,1,27,Thu,18,Long_Distance
shopping,1153.76,F,1,52,Thu,22,Regional
shopping,1117.28,M,1,27,Thu,22,Local
grocery,302.31,M,1,30,Thu,22,Commute
misc,810.66,M,1,30,Thu,22,Regional
misc,818.01,F,1,52,Thu,22,Long_Distance
personal,22.1,F,1,37,Thu,22,Commute
shopping,877.38,M,1,30,Thu,22,Long_Distance
grocery,314.03,M,1,27,Thu,23,Regional
shopping,746.73,M,1,44,Thu,23,Commute
shopping,815.78,M,1,30,Thu,23,Long_Distance
shopping,846.24,F,1,52,Thu,23,Long_Distance
shopping,991.36,M,1,27,Thu,23,Commute
shopping,1039.23,F,1,52,Thu,23,Commute
shopping,1193.52,M,1,27,Thu,23,Regional
travel,10.19,M,1,42,Fri,9,Commute
shopping,1065.73,M,1,27,Fri,13,Local
shopping,755.66,M,1,27,Fri,19,Commute
grocery,297.64,M,1,44,Fri,22,Long_Distance
shopping,914.23,M,1,27,Fri,22,Long_Distance
shopping,859.91,M,1,44,Fri,22,Commute
misc,9.63,M,1,44,Fri,22,Long_Distance
misc,993.27,F,1,52,Fri,22,Long_Distance
shopping,1061.19,M,1,44,Fri,23,Long_Distance
shopping,899.68,M,1,44,Fri,23,Regional
shopping,935.15,F,1,52,Fri,23,Regional
grocery,109.53,M,1,42,Fri,23,Commute
misc,871.47,M,1,27,Fri,23,Long_Distance
grocery,356.49,M,1,38,Sat,2,Regional
travel,9.36,M,1,42,Sat,3,Long_Distance
grocery,304.14,M,1,38,Sat,22,Commute
grocery,327.9,M,1,42,Sat,22,Long_Distance
shopping,1073.2,M,1,42,Sat,22,Regional
grocery,368.47,M,1,42,Sat,22,Long_Distance
health,20.68,M,1,42,Sat,22,Long_Distance
misc,638.58,M,1,42,Sat,23,Long_Distance
travel,16.44,F,1,64,Sun,1,Long_Distance
grocery,311.02,M,1,38,Sun,2,Commute
grocery,325.92,F,1,64,Sun,3,Commute
grocery,292.27,M,1,38,Sun,12,Long_Distance
shopping,996.79,M,1,38,Sun,22,Regional
shopping,799.47,M,1,38,Sun,22,Long_Distance
shopping,1206.74,M,1,38,Sun,22,Remote
shopping,639.83,M,1,38,Sun,22,Regional
grocery,324.28,M,1,38,Sun,22,Long_Distance
shopping,1060.28,M,1,38,Sun,23,Remote
misc,857.88,M,1,38,Sun,23,Long_Distance
entertainment,541.87,F,1,64,Sun,23,Commute
entertainment,580.75,F,1,64,Sun,23,Commute
misc,749.73,M,1,38,Sun,23,Regional
shopping,1107.33,M,1,38,Sun,23,Remote
home,368.65,F,1,64,Sun,23,Regional
shopping,824.08,F,1,64,Sun,23,Regional
shopping,962.97,F,1,64,Sun,23,Regional
misc,816.56,F,1,34,Mon,1,Long_Distance
travel,20.41,F,1,64,Mon,1,Long_Distance
travel,21.52,M,1,53,Mon,1,Remote
grocery,11.07,M,1,38,Mon,1,Long_Distance
grocery,321.43,F,1,64,Mon,2,Regional
misc,667.18,F,1,34,Mon,2,Local
misc,858.02,F,1,34,Mon,3,Long_Distance
travel,19.65,M,1,53,Mon,3,Long_Distance
grocery,293.58,M,1,53,Mon,3,Commute
home,22.0,F,1,34,Mon,15,Regional
entertainment,560.92,M,1,38,Mon,17,Commute
shopping,805.72,M,1,53,Mon,19,Regional
home,260.45,F,1,34,Mon,22,Long_Distance
home,9.77,F,1,64,Mon,22,Commute
home,17.52,F,1,34,Mon,22,Regional
shopping,861.79,F,1,64,Mon,22,Long_Distance
misc,762.65,M,1,53,Mon,23,Long_Distance
shopping,1051.66,M,1,38,Mon,23,Long_Distance
misc,50.83,F,1,64,Mon,23,Regional
misc,723.97,F,1,34,Tue,0,Regional
shopping,965.83,F,1,34,Tue,0,Regional
travel,19.54,M,1,94,Tue,1,Regional
grocery,311.41,M,1,38,Tue,1,Long_Distance
grocery,354.03,F,1,34,Tue,2,Long_Distance
grocery,10.5,M,1,38,Tue,2,Commute
travel,16.32,M,1,53,Tue,3,Regional
grocery,325.55,M,1,38,Tue,6,Regional
shopping,761.92,M,1,38,Tue,19,Regional
entertainment,620.51,M,1,94,Tue,19,Local
shopping,909.8,M,1,53,Tue,22,Long_Distance
misc,8.86,M,1,38,Tue,22,Regional
shopping,1006.73,M,1,38,Tue,22,Long_Distance
shopping,898.73,M,1,53,Tue,22,Long_Distance
entertainment,520.76,M,1,53,Tue,22,Remote
shopping,955.79,M,1,38,Tue,22,Long_Distance
shopping,1080.63,M,1,53,Tue,22,Commute
home,218.81,F,1,34,Tue,23,Long_Distance
home,240.55,F,1,34,Tue,23,Commute
personal,20.68,F,1,34,Tue,23,Long_Distance
misc,809.36,M,1,94,Tue,23,Regional
shopping,650.33,M,1,38,Tue,23,Long_Distance
home,260.23,F,1,34,Tue,23,Long_Distance
grocery,309.58,M,1,38,Tue,23,Long_Distance
misc,49.14,M,1,53,Tue,23,Regional
home,5.99,M,1,53,Tue,23,Commute
shopping,798.84,M,1,94,Tue,23,Long_Distance
shopping,980.76,M,1,38,Tue,23,Long_Distance
entertainment,434.19,M,1,38,Tue,23,Long_Distance
shopping,1065.68,F,1,34,Tue,23,Regional
travel,1.06,M,1,94,Tue,23,Regional
personal,19.36,F,1,34,Tue,23,Commute
travel,21.49,M,1,94,Wed,0,Commute
misc,760.54,F,1,49,Wed,0,Commute
entertainment,464.19,F,1,49,Wed,0,Commute
grocery,319.65,F,1,16,Wed,2,Long_Distance
grocery,284.55,F,1,16,Wed,3,Long_Distance
grocery,307.1,F,1,16,Wed,3,Long_Distance
travel,10.46,F,1,63,Wed,3,Regional
grocery,294.37,F,1,63,Wed,11,Long_Distance
misc,6.22,F,1,63,Wed,21,Commute
shopping,987.09,F,1,63,Wed,22,Long_Distance
shopping,1019.54,F,1,16,Wed,22,Long_Distance
shopping,1026.92,M,1,94,Wed,22,Long_Distance
personal,17.33,F,1,16,Wed,23,Long_Distance
personal,21.24,F,1,63,Wed,23,Commute
grocery,266.42,F,1,63,Thu,0,Commute
grocery,312.42,F,1,16,Thu,0,Regional
shopping,894.73,F,1,49,Thu,0,Long_Distance
misc,849.35,F,1,49,Thu,0,Long_Distance
shopping,1019.02,F,1,27,Thu,1,Commute
grocery,292.72,F,1,63,Thu,1,Commute
grocery,337.88,M,1,56,Thu,1,Long_Distance
shopping,825.94,F,1,27,Thu,1,Regional
shopping,862.5,F,1,27,Thu,2,Long_Distance
grocery,279.59,M,1,56,Thu,2,Remote
grocery,339.19,F,1,49,Thu,3,Commute
travel,9.33,F,1,16,Thu,3,Commute
grocery,260.29,F,1,16,Thu,11,Commute
misc,7.21,F,1,63,Thu,14,Remote
health,18.55,F,1,27,Thu,18,Long_Distance
shopping,1186.46,F,1,16,Thu,19,Commute
shopping,741.09,F,1,16,Thu,21,Regional
home,219.73,F,1,16,Thu,21,Regional
personal,18.37,F,1,27,Thu,22,Commute
misc,765.02,M,1,56,Thu,22,Long_Distance
grocery,116.98,F,1,63,Thu,22,Long_Distance
misc,788.73,F,1,63,Thu,22,Long_Distance
shopping,862.51,F,1,63,Thu,22,Regional
home,274.16,F,1,27,Thu,22,Regional
entertainment,394.72,M,1,56,Thu,22,Regional
grocery,300.42,F,1,63,Thu,22,Remote
personal,18.34,F,1,16,Thu,22,Commute
shopping,1013.74,F,1,16,Thu,22,Long_Distance
shopping,891.82,M,1,56,Thu,22,Commute
personal,21.54,F,1,27,Thu,23,Long_Distance
misc,765.63,M,1,54,Thu,23,Regional
health,19.94,F,1,49,Thu,23,Long_Distance
shopping,919.36,F,1,16,Thu,23,Regional
home,261.42,F,1,27,Thu,23,Remote
home,19.51,F,1,16,Thu,23,Regional
home,256.89,F,1,49,Thu,23,Long_Distance
shopping,926.06,F,1,16,Thu,23,Regional
grocery,322.67,M,1,54,Fri,0,Regional
grocery,386.04,F,1,27,Fri,0,Regional
grocery,339.95,M,1,54,Fri,0,Commute
grocery,306.94,M,1,54,Fri,1,Remote
misc,8.7,F,1,27,Fri,1,Regional
grocery,282.09,F,1,89,Fri,1,Regional
grocery,317.85,F,1,57,Fri,1,Commute
grocery,312.36,F,1,89,Fri,2,Regional
grocery,290.25,M,1,37,Fri,2,Local
grocery,293.94,M,1,54,Fri,3,Commute
travel,9.84,M,1,91,Fri,3,Long_Distance
grocery,325.6,F,1,89,Fri,3,Long_Distance
shopping,996.48,F,1,27,Fri,3,Commute
grocery,317.1,M,1,56,Fri,11,Long_Distance
misc,860.58,M,1,37,Fri,12,Long_Distance
home,20.22,F,1,27,Fri,12,Long_Distance
shopping,1045.65,M,1,37,Fri,15,Regional
misc,794.37,M,1,37,Fri,17,Long_Distance
travel,11.04,M,1,91,Fri,22,Long_Distance
home,19.9,F,1,27,Fri,22,Long_Distance
misc,6.62,F,1,89,Fri,22,Commute
shopping,896.58,F,1,57,Fri,22,Regional
grocery,104.08,F,1,27,Fri,22,Commute
home,241.99,F,1,27,Fri,22,Long_Distance
shopping,796.08,F,1,57,Fri,23,Regional
grocery,275.05,M,1,37,Fri,23,Regional
misc,696.68,M,1,91,Fri,23,Commute
grocery,342.78,M,1,54,Fri,23,Regional
shopping,790.9,M,1,37,Fri,23,Long_Distance
shopping,854.32,M,1,91,Fri,23,Commute
shopping,902.43,F,1,89,Fri,23,Long_Distance
personal,21.33,M,1,56,Fri,23,Commute
shopping,964.42,F,1,89,Fri,23,Commute
shopping,1153.68,M,1,37,Fri,23,Regional
shopping,1012.87,M,1,37,Fri,23,Commute
shopping,981.23,F,1,89,Fri,23,Long_Distance
misc,7.92,M,1,37,Fri,23,Commute
shopping,1188.86,M,1,37,Fri,23,Long_Distance
home,20.89,M,1,56,Fri,23,Regional
shopping,779.87,F,1,57,Fri,23,Long_Distance
shopping,959.75,M,1,91,Fri,23,Regional
grocery,14.52,F,1,57,Sat,0,Commute
travel,11.84,M,1,91,Sat,1,Long_Distance
grocery,282.87,M,1,37,Sat,2,Commute
grocery,7.8,M,1,91,Sat,2,Commute
grocery,310.89,F,1,57,Sat,2,Long_Distance
grocery,323.75,F,1,57,Sat,3,Long_Distance
grocery,298.64,F,1,89,Sat,3,Long_Distance
shopping,890.31,F,1,89,Sat,22,Local
shopping,956.87,F,1,57,Sat,22,Commute
home,23.16,M,1,37,Sat,22,Regional
shopping,996.36,F,1,57,Sat,22,Commute
shopping,669.92,F,1,57,Sat,22,Long_Distance
misc,702.24,M,1,91,Sat,23,Commute
shopping,909.81,F,1,57,Sat,23,Remote
shopping,893.65,F,1,89,Sat,23,Long_Distance
travel,8.96,M,1,33,Sun,6,Commute
misc,818.13,M,1,33,Sun,14,Regional
shopping,753.95,M,1,33,Sun,22,Long_Distance
shopping,940.89,M,1,33,Sun,23,Long_Distance
misc,8.64,M,1,33,Sun,23,Regional
grocery,312.5,M,1,33,Mon,2,Regional
grocery,337.61,M,1,33,Mon,3,Long_Distance
misc,727.56,M,1,33,Mon,22,Long_Distance
shopping,1118.84,M,1,33,Mon,22,Commute
shopping,747.72,M,1,33,Mon,22,Long_Distance
shopping,1059.78,M,1,33,Mon,23,Commute
grocery,305.82,F,1,57,Tue,0,Long_Distance
grocery,288.09,F,1,86,Tue,0,Regional
grocery,315.74,F,1,86,Tue,1,Commute
travel,10.8,F,1,86,Tue,2,Regional
shopping,1016.59,F,1,86,Tue,12,Long_Distance
home,19.44,F,1,86,Tue,22,Long_Distance
entertainment,412.8,F,1,86,Tue,22,Long_Distance
shopping,1057.14,F,1,86,Tue,22,Regional
grocery,347.36,F,1,57,Tue,22,Regional
shopping,811.63,F,1,57,Tue,22,Commute
shopping,966.36,F,1,86,Tue,23,Commute
travel,9.7,F,1,86,Wed,3,Regional
misc,866.4,F,1,57,Wed,22,Remote
entertainment,553.24,F,1,57,Wed,23,Regional
travel,11.01,M,1,54,Sat,22,Regional
shopping,925.43,F,1,74,Sat,22,Long_Distance
misc,683.53,F,1,74,Sat,22,Regional
shopping,1040.19,M,1,54,Sat,23,Long_Distance
misc,751.26,M,1,54,Sat,23,Long_Distance
travel,7.31,F,1,74,Sun,2,Local
travel,9.92,F,1,74,Sun,3,Regional
grocery,308.46,M,1,54,Sun,7,Long_Distance
shopping,915.93,F,1,74,Sun,15,Regional
shopping,928.58,F,1,74,Sun,15,Commute
shopping,905.2,F,1,74,Sun,22,Regional
shopping,1020.15,M,1,54,Sun,22,Long_Distance
misc,773.54,M,1,54,Sun,22,Regional
shopping,938.98,F,1,74,Sun,23,Remote
shopping,940.94,M,1,54,Sun,23,Long_Distance
grocery,282.53,M,1,54,Sun,23,Commute
grocery,324.04,M,1,51,Mon,1,Remote
grocery,317.33,M,1,51,Mon,1,Regional
grocery,324.86,M,1,51,Mon,23,Regional
shopping,983.79,M,1,51,Mon,23,Long_Distance
grocery,311.93,M,1,54,Tue,0,Long_Distance
travel,8.02,F,1,84,Tue,1,Long_Distance
travel,21.57,M,1,54,Tue,1,Long_Distance
travel,7.75,F,1,85,Tue,1,Remote
grocery,344.0,M,1,54,Tue,1,Commute
grocery,283.93,F,1,85,Tue,1,Long_Distance
grocery,341.19,M,1,54,Tue,2,Long_Distance
grocery,316.25,F,1,85,Tue,2,Commute
grocery,9.25,F,1,84,Tue,3,Remote
travel,8.92,F,1,85,Tue,3,Long_Distance
shopping,995.49,F,1,84,Tue,13,Long_Distance
shopping,923.96,F,1,84,Tue,14,Commute
shopping,789.8,M,1,54,Tue,20,Commute
misc,873.51,M,1,54,Tue,22,Regional
shopping,968.48,M,1,54,Tue,22,Commute
misc,648.73,M,1,54,Tue,22,Remote
shopping,865.64,M,1,54,Tue,22,Long_Distance
shopping,1025.97,M,1,54,Tue,22,Long_Distance
shopping,952.54,F,1,84,Tue,22,Long_Distance
shopping,1026.4,F,1,85,Tue,22,Commute
misc,737.07,F,1,85,Tue,22,Remote
grocery,320.96,M,1,51,Tue,22,Long_Distance
misc,8.75,F,1,85,Tue,22,Long_Distance
shopping,914.09,F,1,84,Tue,22,Long_Distance
shopping,974.08,M,1,54,Tue,22,Commute
shopping,1010.04,F,1,84,Tue,22,Long_Distance
grocery,112.24,M,1,51,Tue,22,Commute
misc,818.45,M,1,51,Tue,22,Commute
shopping,1058.8,F,1,84,Tue,22,Long_Distance
personal,48.8,M,1,54,Tue,23,Commute
entertainment,383.42,F,1,84,Tue,23,Regional
shopping,1015.13,M,1,54,Tue,23,Long_Distance
entertainment,366.76,M,1,54,Tue,23,Commute
grocery,276.93,M,1,49,Wed,0,Long_Distance
grocery,327.93,F,1,84,Wed,2,Long_Distance
travel,6.68,M,1,49,Wed,2,Regional
grocery,335.35,M,1,49,Wed,2,Long_Distance
grocery,303.69,M,1,49,Wed,3,Commute
misc,714.82,M,1,49,Wed,11,Local
shopping,1155.19,F,1,84,Wed,15,Long_Distance
shopping,980.49,F,1,84,Wed,22,Regional
shopping,1074.42,F,1,85,Wed,22,Long_Distance
misc,676.71,F,1,85,Wed,22,Long_Distance
shopping,862.0,F,1,85,Wed,22,Long_Distance
grocery,133.62,M,1,54,Wed,23,Local
grocery,293.56,M,1,70,Thu,0,Long_Distance
grocery,287.29,M,1,49,Thu,1,Long_Distance
grocery,326.85,M,1,49,Thu,3,Long_Distance
shopping,981.96,M,1,49,Thu,20,Long_Distance
misc,9.07,M,1,49,Thu,21,Long_Distance
shopping,878.77,M,1,70,Thu,22,Commute
shopping,931.21,M,1,49,Thu,22,Regional
shopping,1093.9,M,1,49,Thu,22,Long_Distance
shopping,996.71,M,1,70,Thu,22,Commute
shopping,1082.49,M,1,70,Thu,23,Long_Distance
grocery,270.59,M,1,46,Fri,0,Local
grocery,302.68,M,1,70,Fri,0,Commute
grocery,291.76,M,1,70,Fri,0,Long_Distance
grocery,320.73,M,1,46,Fri,1,Regional
travel,10.84,M,1,46,Fri,3,Regional
grocery,302.18,M,1,70,Fri,4,Long_Distance
travel,9.11,M,1,70,Fri,10,Long_Distance
grocery,284.16,M,1,70,Fri,17,Commute
misc,771.85,M,1,70,Fri,17,Long_Distance
misc,755.38,M,1,46,Fri,22,Long_Distance
shopping,1041.04,M,1,46,Fri,22,Commute
shopping,894.3,M,1,46,Fri,22,Long_Distance
shopping,1043.87,M,1,70,Fri,22,Commute
grocery,305.61,M,1,46,Fri,23,Regional
grocery,322.96,M,1,46,Fri,23,Local
grocery,302.9,M,1,46,Sat,15,Long_Distance
grocery,318.84,F,1,56,Mon,0,Commute
grocery,364.91,F,1,32,Mon,1,Commute
grocery,333.06,F,1,56,Mon,3,Long_Distance
shopping,960.22,F,1,56,Mon,21,Long_Distance
shopping,970.89,F,1,56,Mon,22,Long_Distance
grocery,311.96,F,1,54,Tue,0,Regional
grocery,302.47,F,1,88,Tue,1,Long_Distance
grocery,7.25,F,1,56,Tue,1,Long_Distance
grocery,295.05,F,1,54,Tue,1,Long_Distance
shopping,925.54,F,1,37,Tue,1,Commute
shopping,1054.15,F,1,37,Tue,2,Long_Distance
grocery,281.2,F,1,88,Tue,2,Commute
shopping,932.45,F,1,37,Tue,2,Regional
grocery,8.59,F,1,54,Tue,2,Long_Distance
shopping,938.02,F,1,37,Tue,3,Long_Distance
travel,9.28,F,1,54,Tue,3,Long_Distance
travel,9.36,F,1,54,Tue,3,Regional
grocery,379.0,F,1,32,Tue,3,Regional
travel,9.79,F,1,88,Tue,3,Remote
grocery,358.04,F,1,37,Tue,5,Long_Distance
home,230.35,F,1,37,Tue,12,Long_Distance
personal,19.22,F,1,32,Tue,15,Long_Distance
shopping,1051.0,F,1,54,Tue,18,Local
home,18.67,F,1,32,Tue,18,Long_Distance
home,21.48,F,1,32,Tue,22,Commute
grocery,322.54,F,1,56,Tue,22,Commute
misc,880.96,F,1,54,Tue,22,Long_Distance
shopping,917.85,F,1,56,Tue,22,Regional
shopping,881.4,F,1,54,Tue,23,Commute
home,18.89,F,1,37,Tue,23,Regional
health,18.66,F,1,37,Tue,23,Commute
grocery,299.63,F,1,88,Tue,23,Commute
shopping,1084.6,F,1,88,Tue,23,Long_Distance
entertainment,543.98,F,1,37,Wed,1,Long_Distance
grocery,126.55,F,1,37,Wed,2,Local
shopping,1165.42,F,1,37,Wed,2,Regional
travel,9.38,F,1,54,Wed,3,Long_Distance
grocery,334.87,F,1,37,Wed,3,Remote
entertainment,550.36,F,1,37,Wed,5,Regional
grocery,140.03,F,1,88,Wed,17,Commute
health,19.55,F,1,37,Wed,22,Remote
grocery,306.69,F,1,88,Wed,23,Regional
home,20.12,F,1,88,Wed,23,Long_Distance
travel,9.95,F,1,92,Thu,0,Commute
misc,8.16,F,1,33,Thu,3,Remote
shopping,1072.55,F,1,33,Thu,3,Long_Distance
shopping,1053.71,F,1,33,Thu,3,Commute
health,23.05,F,1,33,Thu,19,Long_Distance
home,238.7,F,1,33,Thu,22,Commute
misc,825.99,F,1,92,Thu,22,Long_Distance
travel,10.76,F,1,33,Thu,23,Long_Distance
home,246.18,F,1,33,Thu,23,Commute
shopping,727.58,M,1,76,Fri,21,Regional
home,20.43,F,1,92,Fri,22,Long_Distance
personal,19.94,F,1,92,Fri,22,Long_Distance
grocery,103.9,F,1,92,Fri,23,Regional
shopping,906.79,F,1,92,Fri,23,Long_Distance
shopping,1157.3,F,1,92,Fri,23,Remote
shopping,821.19,M,1,76,Fri,23,Regional
shopping,860.93,F,1,92,Fri,23,Long_Distance
shopping,988.9,F,1,92,Fri,23,Long_Distance
travel,20.74,M,1,76,Sat,2,Long_Distance
grocery,345.7,M,1,76,Sat,19,Commute
travel,12.03,M,1,28,Sun,0,Long_Distance
grocery,279.94,M,1,28,Sun,1,Commute
grocery,335.7,M,1,28,Sun,1,Long_Distance
shopping,757.83,M,1,28,Sun,22,Commute
misc,10.31,M,1,28,Sun,23,Commute
grocery,324.71,M,1,28,Mon,1,Regional
grocery,302.31,M,1,47,Mon,1,Commute
grocery,274.87,M,1,47,Mon,2,Long_Distance
travel,12.17,M,1,28,Mon,2,Long_Distance
misc,773.21,M,1,28,Mon,8,Long_Distance
shopping,1056.24,M,1,28,Mon,12,Commute
shopping,778.52,M,1,47,Mon,16,Long_Distance
shopping,738.3,M,1,47,Mon,22,Regional
shopping,939.06,M,1,28,Mon,22,Remote
misc,911.8,F,1,40,Tue,0,Remote
grocery,321.35,M,1,47,Tue,2,Commute
grocery,320.52,M,1,47,Tue,2,Long_Distance
grocery,350.28,F,1,40,Tue,3,Long_Distance
home,19.85,F,1,40,Tue,22,Regional
shopping,952.38,M,1,47,Tue,23,Long_Distance
health,18.96,F,1,40,Tue,23,Commute
personal,20.56,F,1,40,Tue,23,Regional
shopping,828.82,F,1,40,Tue,23,Regional
home,248.93,F,1,40,Tue,23,Regional
home,201.97,F,1,40,Tue,23,Regional
travel,10.64,F,1,32,Wed,0,Long_Distance
shopping,1022.39,F,1,40,Wed,0,Local
grocery,361.45,F,1,40,Wed,0,Remote
grocery,367.43,F,1,40,Wed,1,Remote
misc,747.9,F,1,40,Wed,1,Long_Distance
misc,817.99,F,1,40,Wed,8,Long_Distance
home,240.92,F,1,40,Wed,22,Regional
home,254.74,F,1,40,Wed,22,Long_Distance
entertainment,544.79,F,1,32,Wed,22,Regional
home,20.23,F,1,40,Wed,22,Long_Distance
home,255.76,F,1,32,Wed,23,Long_Distance
personal,20.21,F,1,32,Wed,23,Remote
entertainment,443.02,F,1,32,Wed,23,Long_Distance
entertainment,434.26,F,1,32,Wed,23,Commute
home,292.85,F,1,32,Wed,23,Commute
grocery,276.11,M,1,32,Thu,0,Regional
shopping,944.59,F,1,32,Thu,1,Regional
misc,840.21,F,1,32,Thu,1,Commute
shopping,798.62,F,1,32,Thu,2,Commute
travel,9.36,M,1,32,Thu,2,Regional
travel,8.42,M,1,32,Thu,3,Commute
grocery,339.56,F,1,32,Thu,3,Commute
misc,690.55,M,1,73,Thu,22,Regional
personal,20.43,F,1,32,Thu,22,Commute
shopping,693.52,M,1,32,Thu,22,Long_Distance
shopping,837.31,M,1,73,Thu,22,Long_Distance
shopping,1112.78,M,1,32,Thu,22,Regional
shopping,960.4,M,1,32,Thu,23,Long_Distance
shopping,908.11,M,1,32,Thu,23,Commute
home,258.64,F,1,32,Thu,23,Regional
grocery,289.37,M,1,73,Fri,0,Commute
grocery,335.95,M,1,73,Fri,3,Regional
shopping,974.97,M,1,59,Fri,13,Regional
shopping,1029.21,M,1,59,Fri,18,Regional
misc,880.17,M,1,32,Fri,19,Local
shopping,1076.3,M,1,59,Fri,22,Commute
misc,858.03,M,1,32,Fri,22,Long_Distance
travel,5.87,M,1,59,Fri,22,Regional
grocery,314.21,M,1,59,Fri,22,Remote
misc,888.03,M,1,73,Fri,22,Long_Distance
misc,762.27,M,1,73,Fri,22,Commute
misc,678.65,M,1,73,Fri,23,Long_Distance
shopping,730.96,M,1,73,Fri,23,Commute
shopping,639.0,M,1,32,Fri,23,Long_Distance
shopping,804.03,M,1,59,Fri,23,Remote
shopping,1068.34,M,1,73,Fri,23,Regional
shopping,926.72,M,1,73,Fri,23,Commute
grocery,302.63,M,1,23,Sat,0,Long_Distance
grocery,310.27,M,1,59,Sat,0,Commute
grocery,290.12,M,1,23,Sat,0,Remote
grocery,313.59,M,1,59,Sat,3,Long_Distance
grocery,339.8,M,1,59,Sat,4,Long_Distance
grocery,6.48,M,1,23,Sat,9,Long_Distance
grocery,280.15,F,1,71,Sun,17,Commute
misc,776.24,M,1,23,Sun,22,Long_Distance
shopping,957.29,F,1,71,Sun,22,Long_Distance
shopping,780.73,M,1,23,Sun,22,Long_Distance
shopping,1100.02,M,1,23,Sun,22,Regional
shopping,1157.97,M,1,23,Sun,22,Long_Distance
misc,774.62,M,1,23,Sun,22,Regional
shopping,1082.56,M,1,23,Sun,23,Commute
grocery,328.53,M,1,63,Mon,0,Long_Distance
grocery,349.74,F,1,52,Mon,3,Local
travel,13.12,M,1,63,Mon,3,Commute
shopping,974.94,F,1,52,Mon,12,Commute
misc,841.86,F,1,52,Mon,13,Remote
shopping,1073.59,M,1,63,Mon,14,Remote
misc,692.96,F,1,71,Mon,19,Commute
shopping,794.2,F,1,52,Mon,22,Commute
misc,748.8,F,1,52,Mon,22,Regional
grocery,317.96,F,1,71,Mon,22,Regional
entertainment,470.34,F,1,71,Mon,22,Commute
shopping,967.43,F,1,71,Mon,22,Long_Distance
entertainment,402.39,F,1,71,Mon,23,Commute
shopping,983.05,F,1,71,Mon,23,Long_Distance
shopping,1068.08,F,1,71,Mon,23,Regional
travel,9.82,F,1,71,Mon,23,Long_Distance
grocery,280.21,M,1,63,Mon,23,Regional
shopping,983.32,F,1,52,Mon,23,Long_Distance
grocery,13.2,F,1,52,Tue,1,Long_Distance
travel,17.2,F,1,52,Tue,1,Commute
grocery,306.8,M,1,63,Tue,1,Long_Distance
grocery,294.5,F,1,52,Tue,3,Commute
shopping,990.09,M,1,63,Tue,22,Regional
shopping,758.26,F,1,52,Tue,22,Regional
shopping,1064.15,F,1,52,Tue,23,Long_Distance
grocery,132.42,F,1,52,Tue,23,Regional
shopping,1118.46,M,1,63,Tue,23,Regional
shopping,913.22,F,1,52,Tue,23,Long_Distance
grocery,301.61,F,1,53,Thu,1,Long_Distance
travel,8.89,F,1,53,Thu,1,Regional
shopping,795.65,F,1,39,Thu,1,Long_Distance
shopping,739.33,F,1,39,Thu,3,Commute
home,19.32,F,1,39,Thu,13,Long_Distance
shopping,970.97,F,1,53,Thu,23,Long_Distance
personal,20.04,F,1,53,Thu,23,Commute
grocery,308.55,M,1,54,Fri,0,Remote
grocery,278.37,F,1,53,Fri,1,Long_Distance
grocery,112.9,F,1,39,Fri,2,Regional
grocery,11.4,M,1,54,Fri,2,Regional
grocery,342.79,M,1,54,Fri,3,Regional
entertainment,374.3,F,1,53,Fri,14,Regional
health,19.89,F,1,39,Fri,18,Long_Distance
shopping,977.7,M,1,79,Fri,22,Commute
grocery,127.44,F,1,39,Fri,22,Commute
health,22.1,F,1,39,Fri,22,Long_Distance
shopping,815.65,F,1,53,Fri,22,Regional
misc,847.15,M,1,54,Fri,23,Regional
misc,8.0,F,1,53,Fri,23,Long_Distance
grocery,124.02,M,1,54,Fri,23,Commute
grocery,323.13,F,1,84,Sat,0,Regional
grocery,305.17,M,1,79,Sat,1,Regional
grocery,336.51,M,1,79,Sat,3,Long_Distance
grocery,350.87,M,1,54,Sat,3,Local
travel,7.9,M,1,79,Sat,5,Long_Distance
grocery,302.59,M,1,79,Sat,22,Regional
shopping,1084.02,M,1,79,Sat,22,Local
grocery,330.62,M,1,54,Sat,22,Regional
grocery,312.01,M,1,54,Sat,22,Local
shopping,954.23,M,1,79,Sat,22,Long_Distance
misc,762.54,F,1,84,Sat,23,Commute
shopping,978.42,M,1,79,Sat,23,Regional
travel,21.23,F,1,66,Sun,2,Regional
grocery,280.8,F,1,84,Sun,2,Commute
grocery,305.16,F,1,84,Sun,3,Commute
grocery,270.54,F,1,84,Sun,3,Long_Distance
grocery,285.71,F,1,84,Sun,15,Long_Distance
shopping,842.42,F,1,66,Sun,22,Regional
misc,975.85,F,1,84,Sun,23,Long_Distance
shopping,791.58,F,1,66,Sun,23,Commute
shopping,1151.24,F,1,66,Sun,23,Regional
misc,864.48,F,1,66,Sun,23,Long_Distance
shopping,1144.45,F,1,66,Mon,22,Long_Distance
shopping,958.27,F,1,66,Mon,22,Commute
shopping,1116.14,F,1,66,Mon,23,Long_Distance
grocery,320.24,F,1,90,Tue,0,Regional
shopping,685.42,F,1,34,Tue,2,Local
misc,832.31,F,1,34,Tue,2,Long_Distance
grocery,277.82,F,1,90,Tue,3,Long_Distance
shopping,946.77,F,1,34,Tue,3,Long_Distance
travel,8.77,F,1,34,Tue,5,Commute
travel,9.09,F,1,34,Tue,18,Regional
grocery,335.2,M,1,81,Tue,22,Long_Distance
entertainment,461.19,F,1,34,Tue,22,Long_Distance
health,22.83,F,1,34,Tue,22,Commute
grocery,124.45,F,1,90,Tue,22,Remote
entertainment,436.86,F,1,90,Tue,23,Regional
home,22.71,F,1,34,Tue,23,Long_Distance
shopping,741.95,F,1,34,Tue,23,Commute
shopping,900.86,M,1,81,Tue,23,Commute
shopping,987.32,F,1,90,Tue,23,Regional
grocery,318.74,M,1,81,Wed,1,Long_Distance
grocery,324.0,M,1,81,Wed,2,Long_Distance
grocery,339.18,F,1,34,Wed,2,Commute
grocery,353.87,F,1,34,Wed,3,Long_Distance
misc,789.77,M,1,81,Wed,17,Long_Distance
entertainment,549.34,F,1,34,Wed,22,Long_Distance
personal,19.08,F,1,34,Wed,23,Long_Distance
shopping,977.3,M,1,81,Wed,23,Long_Distance
shopping,931.33,F,1,90,Wed,23,Long_Distance
grocery,105.25,F,1,90,Wed,23,Long_Distance
grocery,121.15,F,1,34,Wed,23,Local
shopping,1009.39,F,1,90,Wed,23,Commute
grocery,297.4,F,1,90,Wed,23,Commute
grocery,286.2,M,1,80,Thu,0,Long_Distance
grocery,326.24,M,1,65,Thu,0,Regional
grocery,286.62,M,1,80,Thu,1,Regional
grocery,334.48,M,1,65,Thu,2,Long_Distance
grocery,280.99,M,1,80,Thu,2,Long_Distance
shopping,813.13,M,1,65,Thu,16,Long_Distance
misc,772.98,M,1,65,Thu,18,Commute
grocery,328.47,M,1,65,Thu,22,Regional
shopping,1124.32,M,1,65,Thu,23,Long_Distance
personal,48.15,M,1,65,Thu,23,Long_Distance
misc,8.22,M,1,80,Thu,23,Regional
shopping,891.32,M,1,80,Thu,23,Long_Distance
shopping,706.52,F,1,25,Fri,0,Long_Distance
grocery,304.32,F,1,60,Fri,0,Long_Distance
travel,19.08,M,1,65,Fri,0,Regional
misc,784.09,F,1,25,Fri,0,Regional
travel,11.26,F,1,60,Fri,1,Long_Distance
travel,10.14,M,1,80,Fri,1,Regional
travel,10.13,M,1,80,Fri,2,Commute
grocery,338.41,M,1,65,Fri,2,Long_Distance
grocery,7.32,F,1,60,Fri,3,Commute
grocery,370.45,F,1,25,Fri,3,Long_Distance
shopping,950.57,F,1,25,Fri,3,Regional
travel,15.63,F,1,60,Fri,3,Long_Distance
misc,806.06,M,1,80,Fri,22,Long_Distance
shopping,1042.19,M,1,65,Fri,22,Regional
shopping,935.84,M,1,65,Fri,22,Local
shopping,745.75,M,1,65,Fri,22,Long_Distance
home,246.28,M,1,80,Fri,22,Commute
shopping,933.06,M,1,80,Fri,23,Commute
misc,805.96,M,1,80,Fri,23,Long_Distance
shopping,877.08,F,1,60,Fri,23,Commute
shopping,864.19,F,1,60,Fri,23,Long_Distance
shopping,704.22,F,1,25,Sat,0,Regional
grocery,290.45,F,1,20,Sat,0,Regional
misc,717.73,F,1,25,Sat,2,Long_Distance
grocery,287.5,F,1,60,Sat,2,Long_Distance
travel,11.03,F,1,20,Sat,3,Long_Distance
shopping,800.59,F,1,25,Sat,3,Commute
grocery,255.44,F,1,60,Sat,3,Commute
grocery,283.24,F,1,20,Sat,6,Long_Distance
grocery,284.16,F,1,60,Sat,11,Regional
shopping,881.14,F,1,77,Sat,19,Long_Distance
shopping,964.32,F,1,77,Sat,20,Long_Distance
entertainment,387.41,F,1,77,Sat,22,Long_Distance
home,19.55,F,1,25,Sat,22,Long_Distance
shopping,906.28,F,1,20,Sat,22,Long_Distance
misc,8.48,F,1,77,Sat,22,Commute
shopping,962.43,F,1,77,Sat,23,Remote
home,248.5,F,1,25,Sat,23,Long_Distance
misc,8.52,F,1,60,Sat,23,Commute
grocery,137.44,F,1,25,Sat,23,Commute
shopping,1070.44,F,1,77,Sat,23,Long_Distance
personal,18.76,F,1,77,Sat,23,Long_Distance
grocery,279.34,F,1,77,Sat,23,Long_Distance
shopping,1129.57,F,1,20,Sat,23,Long_Distance
travel,9.49,F,1,20,Sun,0,Commute
misc,829.06,F,1,27,Sun,0,Regional
shopping,904.86,F,1,27,Sun,1,Long_Distance
grocery,12.19,F,1,20,Sun,1,Commute
grocery,374.57,F,1,27,Sun,1,Commute
travel,8.93,F,1,27,Sun,2,Remote
grocery,314.01,F,1,77,Sun,2,Long_Distance
shopping,985.65,F,1,27,Sun,2,Commute
grocery,325.31,M,1,65,Sun,2,Regional
grocery,338.66,F,1,20,Sun,2,Commute
entertainment,514.17,F,1,36,Sun,3,Long_Distance
grocery,282.13,F,1,20,Sun,3,Regional
grocery,296.85,M,1,40,Sun,3,Commute
grocery,10.33,F,1,20,Sun,3,Regional
travel,11.88,M,1,40,Sun,3,Regional
shopping,917.37,F,1,27,Sun,7,Long_Distance
grocery,287.08,M,1,65,Sun,9,Remote
personal,20.79,F,1,77,Sun,19,Commute
shopping,939.52,F,1,20,Sun,20,Long_Distance
misc,859.89,F,1,77,Sun,22,Long_Distance
grocery,302.24,M,1,65,Sun,22,Long_Distance
misc,781.13,M,1,65,Sun,22,Long_Distance
shopping,869.5,F,1,20,Sun,22,Long_Distance
misc,824.02,F,1,20,Sun,22,Commute
health,19.0,F,1,36,Sun,23,Long_Distance
shopping,948.82,F,1,20,Sun,23,Long_Distance
home,235.94,F,1,27,Sun,23,Long_Distance
misc,796.47,M,1,65,Sun,23,Long_Distance
shopping,812.59,F,1,20,Sun,23,Long_Distance
personal,18.24,M,1,65,Sun,23,Commute
health,20.67,F,1,27,Sun,23,Long_Distance
grocery,10.8,F,1,27,Mon,0,Commute
grocery,290.48,M,1,65,Mon,0,Long_Distance
grocery,294.64,M,1,40,Mon,2,Long_Distance
travel,11.47,F,1,27,Mon,2,Commute
shopping,937.93,F,1,36,Mon,2,Regional
misc,791.96,M,1,40,Mon,3,Regional
travel,10.69,M,1,65,Mon,3,Remote
misc,627.95,M,1,65,Mon,18,Long_Distance
shopping,761.35,M,1,40,Mon,22,Long_Distance
shopping,770.13,M,1,40,Mon,22,Local
shopping,1012.43,F,1,27,Mon,22,Long_Distance
misc,811.06,M,1,40,Mon,22,Long_Distance
shopping,867.54,M,1,65,Mon,22,Remote
home,22.67,F,1,27,Mon,22,Commute
grocery,270.64,M,1,65,Mon,22,Long_Distance
grocery,108.12,M,1,40,Mon,23,Regional
home,19.83,F,1,27,Mon,23,Commute
shopping,800.25,M,1,40,Mon,23,Commute
shopping,893.57,M,1,65,Mon,23,Commute
grocery,324.8,M,1,34,Tue,0,Regional
grocery,276.52,M,1,58,Tue,0,Local
grocery,278.29,F,1,21,Tue,1,Long_Distance
travel,8.83,M,1,34,Tue,1,Regional
travel,9.48,M,1,58,Tue,2,Long_Distance
grocery,298.8,F,1,21,Tue,2,Long_Distance
grocery,257.51,M,1,34,Tue,3,Regional
travel,9.0,M,1,58,Tue,3,Local
shopping,849.88,F,1,21,Tue,18,Long_Distance
shopping,1132.3,F,1,21,Tue,19,Local
shopping,960.87,M,1,58,Tue,20,Regional
misc,791.02,F,1,21,Tue,22,Long_Distance
shopping,915.63,F,1,21,Tue,22,Long_Distance
shopping,809.08,M,1,34,Tue,22,Regional
shopping,979.39,F,1,21,Tue,22,Commute
personal,19.92,M,1,58,Tue,23,Commute
shopping,876.79,M,1,58,Tue,23,Long_Distance
shopping,1122.4,M,1,58,Tue,23,Regional
misc,779.23,M,1,48,Wed,3,Long_Distance
grocery,293.11,M,1,58,Wed,3,Long_Distance
grocery,292.32,F,1,21,Wed,3,Commute
grocery,320.09,M,1,48,Wed,3,Long_Distance
misc,778.53,M,1,48,Wed,9,Remote
misc,750.36,M,1,35,Wed,22,Long_Distance
shopping,1016.17,F,1,21,Wed,22,Long_Distance
shopping,881.58,F,1,21,Wed,22,Commute
personal,20.41,M,1,58,Wed,22,Regional
shopping,1001.36,M,1,48,Wed,23,Commute
shopping,1253.93,M,1,48,Wed,23,Long_Distance
shopping,789.3,M,1,34,Wed,23,Long_Distance
misc,736.28,M,1,35,Wed,23,Commute
misc,729.29,M,1,34,Wed,23,Commute
home,250.77,M,1,35,Wed,23,Regional
shopping,1119.81,M,1,34,Wed,23,Long_Distance
shopping,1079.31,M,1,34,Wed,23,Long_Distance
shopping,1018.9,M,1,35,Wed,23,Commute
grocery,293.71,M,1,48,Thu,0,Commute
misc,758.52,M,1,48,Thu,0,Regional
grocery,294.33,M,1,48,Thu,1,Commute
grocery,352.85,M,1,35,Thu,1,Commute
grocery,305.05,M,1,80,Thu,3,Regional
travel,6.44,M,1,48,Thu,3,Long_Distance
grocery,291.96,M,1,35,Thu,10,Long_Distance
grocery,329.56,M,1,35,Thu,11,Commute
shopping,960.73,M,1,35,Thu,22,Commute
shopping,1048.75,M,1,80,Thu,22,Regional
shopping,1018.67,M,1,35,Thu,22,Long_Distance
shopping,1084.53,M,1,80,Thu,22,Long_Distance
misc,740.56,M,1,48,Thu,22,Local
misc,862.69,M,1,35,Thu,23,Regional
shopping,1141.04,M,1,48,Thu,23,Regional
shopping,1077.67,M,1,48,Thu,23,Regional
travel,6.9,M,1,80,Fri,0,Long_Distance
grocery,287.2,M,1,47,Fri,2,Commute
grocery,284.56,M,1,80,Fri,6,Commute
grocery,309.2,M,1,47,Fri,6,Regional
shopping,1045.55,M,1,47,Fri,14,Regional
entertainment,427.02,M,1,80,Fri,18,Regional
shopping,1034.52,M,1,80,Fri,22,Long_Distance
travel,10.64,M,1,80,Fri,23,Long_Distance
shopping,965.86,M,1,47,Fri,23,Long_Distance
shopping,926.93,M,1,47,Fri,23,Commute
shopping,1160.93,M,1,80,Fri,23,Long_Distance
shopping,1026.44,F,1,27,Sat,1,Remote
travel,8.66,M,1,58,Sat,1,Long_Distance
misc,829.87,M,1,47,Sat,2,Long_Distance
travel,14.62,M,1,47,Sat,2,Regional
grocery,392.35,F,1,27,Sat,2,Long_Distance
shopping,972.58,M,1,62,Sat,12,Commute
shopping,808.11,M,1,62,Sat,22,Commute
shopping,1170.12,M,1,47,Sat,22,Long_Distance
personal,51.33,M,1,62,Sat,22,Regional
shopping,915.85,M,1,47,Sat,22,Commute
personal,51.0,M,1,62,Sat,22,Commute
misc,739.17,M,1,50,Sat,22,Long_Distance
shopping,1125.43,M,1,47,Sat,22,Commute
home,259.5,M,1,50,Sat,22,Long_Distance
shopping,875.02,M,1,58,Sat,22,Commute
shopping,1016.08,M,1,50,Sat,23,Commute
home,17.13,F,1,27,Sat,23,Commute
shopping,789.46,M,1,62,Sat,23,Long_Distance
shopping,912.26,M,1,62,Sat,23,Regional
shopping,1100.62,M,1,50,Sat,23,Long_Distance
shopping,895.02,M,1,62,Sat,23,Commute
shopping,759.9,F,1,27,Sun,0,Long_Distance
grocery,349.61,M,1,62,Sun,1,Commute
travel,8.42,M,1,47,Sun,1,Long_Distance
grocery,315.09,M,1,58,Sun,1,Commute
grocery,118.22,F,1,27,Sun,2,Long_Distance
misc,8.29,F,1,27,Sun,2,Local
shopping,803.43,F,1,27,Sun,2,Regional
grocery,260.56,M,1,58,Sun,2,Regional
travel,18.04,M,1,62,Sun,2,Commute
grocery,326.53,M,1,47,Sun,2,Long_Distance
shopping,734.72,F,1,27,Sun,3,Remote
shopping,971.53,F,1,27,Sun,3,Commute
grocery,293.48,M,1,62,Sun,6,Long_Distance
grocery,286.56,M,1,47,Sun,8,Regional
shopping,1043.58,M,1,62,Sun,14,Commute
home,17.99,F,1,27,Sun,18,Commute
shopping,1147.75,M,1,50,Sun,22,Long_Distance
home,16.61,F,1,27,Sun,22,Regional
home,235.66,F,1,27,Sun,22,Regional
personal,47.91,M,1,62,Sun,22,Long_Distance
shopping,1167.35,M,1,50,Sun,22,Regional
health,18.31,F,1,27,Sun,22,Long_Distance
shopping,811.53,M,1,58,Sun,22,Long_Distance
misc,7.25,M,1,50,Sun,22,Long_Distance
misc,7.24,M,1,47,Sun,23,Long_Distance
home,19.68,F,1,27,Sun,23,Regional
misc,743.93,M,1,58,Sun,23,Local
shopping,967.36,M,1,62,Sun,23,Long_Distance
shopping,1038.8,M,1,62,Sun,23,Long_Distance
shopping,884.75,M,1,50,Sun,23,Long_Distance
health,18.81,F,1,27,Sun,23,Regional
home,5.29,M,1,62,Sun,23,Commute
shopping,1036.79,M,1,50,Sun,23,Commute
misc,8.24,M,1,58,Sun,23,Long_Distance
shopping,980.43,M,1,50,Sun,23,Long_Distance
grocery,301.64,M,1,29,Mon,0,Long_Distance
shopping,772.08,F,1,42,Mon,0,Commute
misc,713.56,M,1,47,Mon,0,Remote
misc,840.01,F,1,42,Mon,0,Regional
grocery,301.55,M,1,47,Mon,0,Long_Distance
travel,6.47,M,1,57,Mon,1,Long_Distance
misc,1046.12,M,1,47,Mon,1,Commute
grocery,315.37,M,1,57,Mon,3,Long_Distance
misc,666.26,F,1,42,Mon,3,Long_Distance
grocery,268.23,M,1,57,Mon,3,Commute
travel,10.32,M,1,46,Mon,3,Regional
grocery,305.13,M,1,47,Mon,6,Regional
grocery,287.55,M,1,57,Mon,7,Long_Distance
misc,742.96,M,1,46,Mon,22,Long_Distance
misc,872.6,M,1,29,Mon,22,Regional
personal,18.88,F,1,42,Mon,22,Commute
grocery,320.99,M,1,29,Mon,22,Commute
grocery,145.21,M,1,46,Mon,23,Regional
shopping,845.67,M,1,47,Mon,23,Regional
misc,849.25,M,1,57,Mon,23,Commute
misc,821.98,M,1,29,Mon,23,Commute
grocery,313.6,M,1,46,Mon,23,Commute
misc,850.6,M,1,29,Mon,23,Regional
shopping,689.79,M,1,29,Mon,23,Long_Distance
travel,12.56,F,1,66,Tue,0,Long_Distance
grocery,330.2,M,1,46,Tue,1,Long_Distance
travel,7.04,M,1,46,Tue,2,Commute
grocery,339.86,F,1,42,Tue,2,Commute
shopping,1021.72,M,1,57,Tue,13,Long_Distance
personal,21.46,F,1,42,Tue,16,Commute
misc,771.49,F,1,66,Tue,16,Remote
shopping,1134.9,F,1,66,Tue,22,Long_Distance
shopping,924.62,M,1,57,Tue,23,Commute
shopping,660.36,M,1,46,Tue,23,Regional
entertainment,422.35,M,1,46,Tue,23,Regional
personal,19.12,F,1,42,Tue,23,Long_Distance
misc,930.44,M,1,57,Tue,23,Long_Distance
grocery,267.54,M,1,46,Tue,23,Commute
shopping,968.9,M,1,29,Tue,23,Long_Distance
personal,19.91,F,1,42,Tue,23,Local
shopping,1051.89,M,1,29,Tue,23,Long_Distance
shopping,1108.02,M,1,29,Tue,23,Long_Distance
shopping,937.55,M,1,46,Tue,23,Commute
shopping,919.8,M,1,57,Tue,23,Long_Distance
misc,750.53,M,1,43,Wed,0,Local
misc,896.39,M,1,43,Wed,2,Regional
travel,8.84,M,1,43,Wed,3,Long_Distance
grocery,326.23,F,1,66,Wed,9,Long_Distance
grocery,291.14,F,1,66,Wed,11,Commute
shopping,964.71,F,1,66,Wed,13,Regional
entertainment,569.44,M,1,43,Wed,22,Long_Distance
shopping,1129.4,F,1,66,Wed,22,Long_Distance
shopping,1175.82,M,1,43,Wed,22,Commute
shopping,946.33,M,1,43,Wed,22,Long_Distance
shopping,1095.97,M,1,43,Wed,23,Regional
shopping,983.46,F,1,66,Wed,23,Long_Distance
entertainment,425.0,F,1,66,Wed,23,Long_Distance
shopping,916.31,M,1,43,Wed,23,Regional
grocery,290.67,M,1,43,Thu,0,Long_Distance
grocery,290.71,M,1,43,Thu,0,Regional
grocery,289.46,F,1,22,Thu,0,Long_Distance
grocery,269.96,F,1,22,Thu,1,Commute
grocery,303.77,F,1,22,Thu,2,Long_Distance
travel,9.38,F,1,22,Thu,7,Long_Distance
shopping,876.91,M,1,43,Thu,13,Regional
shopping,1074.14,M,1,43,Thu,22,Long_Distance
shopping,1276.77,F,1,22,Thu,23,Regional
grocery,278.62,F,1,22,Fri,11,Local
misc,880.28,F,1,22,Fri,22,Local
shopping,848.37,F,1,22,Fri,22,Remote
shopping,1055.81,F,1,22,Fri,22,Long_Distance
shopping,1044.58,F,1,22,Fri,22,Long_Distance
grocery,312.03,F,1,58,Sat,1,Long_Distance
shopping,965.54,F,1,33,Sat,2,Regional
misc,717.17,F,1,33,Sat,2,Commute
misc,832.03,F,1,58,Sat,21,Commute
misc,763.71,F,1,58,Sat,22,Commute
shopping,952.66,F,1,58,Sat,22,Regional
home,19.13,F,1,33,Sat,22,Commute
travel,10.96,F,1,58,Sat,22,Long_Distance
shopping,1018.71,F,1,58,Sat,23,Long_Distance
grocery,356.34,F,1,33,Sun,0,Local
entertainment,468.61,F,1,33,Sun,0,Long_Distance
misc,7.86,F,1,33,Sun,0,Regional
grocery,132.82,F,1,33,Sun,2,Long_Distance
grocery,288.3,M,1,93,Sun,2,Regional
grocery,324.74,M,1,93,Sun,6,Commute
shopping,769.35,F,1,33,Sun,11,Commute
shopping,921.48,F,1,58,Sun,17,Long_Distance
personal,21.0,F,1,33,Sun,22,Commute
shopping,982.1,F,1,58,Sun,22,Long_Distance
health,22.35,F,1,33,Sun,22,Long_Distance
shopping,943.99,M,1,93,Sun,22,Regional
shopping,925.87,F,1,58,Sun,23,Local
personal,26.06,F,1,33,Sun,23,Long_Distance
health,19.34,M,1,93,Sun,23,Long_Distance
misc,696.33,F,1,40,Mon,1,Regional
grocery,317.68,F,1,54,Mon,2,Regional
grocery,295.43,M,1,93,Mon,3,Regional
grocery,307.86,F,1,54,Mon,4,Regional
misc,905.0,F,1,54,Mon,19,Long_Distance
travel,12.36,M,1,93,Mon,21,Local
shopping,991.91,M,1,93,Mon,22,Commute
travel,9.16,F,1,40,Mon,23,Long_Distance
home,356.59,F,1,54,Mon,23,Regional
shopping,936.88,F,1,40,Mon,23,Long_Distance
grocery,336.15,F,1,40,Tue,0,Long_Distance
grocery,337.9,F,1,40,Tue,0,Long_Distance
shopping,711.2,F,1,33,Tue,0,Local
shopping,1057.68,F,1,33,Tue,1,Commute
grocery,315.26,F,1,54,Tue,2,Commute
grocery,302.71,F,1,54,Tue,2,Regional
grocery,349.18,F,1,40,Tue,2,Regional
shopping,692.59,F,1,40,Tue,6,Regional
travel,11.02,M,1,53,Tue,9,Regional
travel,8.29,F,1,40,Tue,10,Commute
misc,774.77,F,1,40,Tue,11,Long_Distance
misc,936.33,F,1,54,Tue,22,Commute
entertainment,442.43,F,1,40,Tue,22,Regional
shopping,1080.21,M,1,53,Tue,22,Commute
misc,7.3,M,1,53,Tue,22,Regional
home,259.05,F,1,33,Tue,23,Commute
shopping,986.7,F,1,40,Tue,23,Long_Distance
shopping,878.13,M,1,53,Tue,23,Long_Distance
shopping,876.21,M,1,53,Tue,23,Commute
shopping,864.69,M,1,53,Tue,23,Regional
misc,843.7,F,1,54,Tue,23,Regional
grocery,325.16,F,1,33,Wed,1,Remote
grocery,300.56,M,1,22,Wed,3,Long_Distance
health,14.13,F,1,33,Wed,22,Regional
grocery,260.11,M,1,53,Wed,22,Commute
travel,12.53,M,1,29,Thu,0,Long_Distance
grocery,271.43,M,1,22,Thu,0,Regional
travel,10.74,M,1,22,Thu,0,Long_Distance
travel,10.99,F,1,54,Thu,0,Remote
grocery,300.43,F,1,54,Thu,0,Local
grocery,320.01,F,1,54,Thu,1,Regional
grocery,306.33,M,1,22,Thu,2,Commute
travel,14.06,F,1,54,Thu,2,Commute
misc,794.95,M,1,29,Thu,2,Remote
grocery,306.59,M,1,29,Thu,2,Regional
misc,792.7,M,1,22,Thu,4,Commute
misc,814.18,M,1,22,Thu,5,Long_Distance
grocery,306.33,M,1,29,Thu,11,Commute
misc,7.76,F,1,54,Thu,22,Long_Distance
shopping,922.16,F,1,54,Thu,22,Regional
misc,846.2,F,1,54,Thu,22,Regional
home,16.38,M,1,22,Thu,22,Commute
personal,19.31,M,1,29,Thu,22,Long_Distance
shopping,935.43,M,1,29,Thu,22,Remote
shopping,898.9,M,1,29,Thu,22,Long_Distance
shopping,859.23,M,1,29,Thu,23,Regional
shopping,990.3,M,1,22,Thu,23,Remote
health,22.71,M,1,29,Thu,23,Long_Distance
travel,9.52,F,1,54,Fri,0,Long_Distance
travel,9.89,M,1,29,Fri,1,Commute
grocery,321.37,M,1,29,Fri,1,Regional
grocery,309.75,F,1,54,Fri,1,Regional
grocery,338.93,F,1,54,Fri,4,Commute
shopping,900.29,F,1,69,Fri,16,Regional
grocery,300.19,F,1,69,Fri,20,Commute
misc,750.87,M,1,29,Fri,21,Long_Distance
health,19.9,F,1,69,Fri,22,Commute
misc,753.02,F,1,69,Fri,23,Long_Distance
shopping,1128.68,F,1,54,Fri,23,Regional
grocery,318.65,F,1,84,Sat,0,Commute
grocery,342.42,F,1,70,Sat,1,Long_Distance
travel,8.47,F,1,69,Sat,1,Regional
travel,12.87,F,1,84,Sat,2,Long_Distance
grocery,330.54,F,1,84,Sat,2,Commute
grocery,306.27,F,1,84,Sat,13,Commute
personal,48.07,F,1,70,Sat,15,Commute
shopping,886.79,F,1,69,Sat,18,Regional
shopping,915.92,F,1,69,Sat,22,Commute
misc,841.63,F,1,69,Sat,22,Commute
misc,8.48,F,1,84,Sat,23,Commute
shopping,942.36,F,1,69,Sat,23,Long_Distance
grocery,333.28,F,1,84,Sat,23,Long_Distance
travel,8.37,F,1,89,Sun,0,Long_Distance
grocery,320.12,F,1,84,Sun,0,Long_Distance
travel,16.59,M,1,58,Sun,1,Regional
grocery,293.81,F,1,84,Sun,1,Long_Distance
travel,12.57,F,1,84,Sun,1,Commute
shopping,928.15,F,1,70,Sun,12,Long_Distance
shopping,804.93,F,1,70,Sun,13,Long_Distance
shopping,939.8,M,1,58,Sun,21,Long_Distance
misc,682.36,F,1,70,Sun,22,Regional
shopping,895.34,M,1,42,Sun,22,Long_Distance
misc,749.36,F,1,70,Sun,22,Commute
misc,770.58,M,1,58,Sun,22,Long_Distance
misc,860.5,F,1,70,Sun,22,Long_Distance
shopping,857.25,M,1,58,Sun,22,Remote
shopping,919.05,M,1,58,Sun,22,Commute
shopping,958.14,F,1,89,Sun,22,Regional
misc,911.15,F,1,84,Sun,22,Long_Distance
shopping,973.54,F,1,70,Sun,23,Long_Distance
shopping,951.26,M,1,42,Sun,23,Long_Distance
shopping,992.74,F,1,84,Sun,23,Long_Distance
misc,749.41,M,1,42,Sun,23,Commute
misc,837.39,F,1,70,Sun,23,Long_Distance
shopping,1126.32,M,1,58,Sun,23,Commute
shopping,1015.91,M,1,58,Sun,23,Long_Distance
entertainment,422.46,F,1,89,Sun,23,Regional
shopping,1010.03,F,1,84,Sun,23,Regional
misc,743.89,F,1,89,Sun,23,Local
home,4.15,M,1,58,Sun,23,Remote
grocery,8.31,F,1,89,Mon,0,Long_Distance
grocery,8.26,M,1,42,Mon,0,Regional
travel,9.34,M,1,42,Mon,1,Commute
shopping,656.0,F,1,48,Mon,1,Commute
grocery,336.26,M,1,58,Mon,1,Long_Distance
grocery,332.65,M,1,42,Mon,1,Commute
grocery,264.75,M,1,42,Mon,2,Commute
travel,13.17,M,1,42,Mon,2,Long_Distance
grocery,330.67,M,1,58,Mon,3,Local
grocery,303.69,F,1,89,Mon,3,Long_Distance
grocery,350.42,F,1,48,Mon,3,Long_Distance
grocery,281.04,F,1,89,Mon,3,Local
travel,20.0,M,1,55,Mon,7,Commute
grocery,96.74,F,1,48,Mon,12,Long_Distance
shopping,1123.86,M,1,42,Mon,14,Commute
personal,47.97,M,1,55,Mon,22,Regional
shopping,1053.42,F,1,89,Mon,22,Regional
shopping,877.27,F,1,48,Mon,22,Long_Distance
shopping,904.37,M,1,58,Mon,22,Long_Distance
misc,632.4,F,1,89,Mon,22,Regional
shopping,898.59,M,1,42,Mon,22,Regional
grocery,131.14,F,1,48,Mon,22,Commute
shopping,887.65,M,1,58,Mon,22,Regional
shopping,850.84,M,1,42,Mon,23,Regional
shopping,1150.49,M,1,58,Mon,23,Long_Distance
misc,729.05,F,1,89,Mon,23,Long_Distance
misc,1037.47,M,1,55,Mon,23,Long_Distance
shopping,892.17,M,1,55,Mon,23,Long_Distance
shopping,813.59,M,1,58,Mon,23,Commute
shopping,988.59,M,1,58,Mon,23,Long_Distance
misc,814.46,M,1,42,Mon,23,Regional
shopping,1000.57,F,1,48,Tue,0,Long_Distance
grocery,363.85,M,1,55,Tue,0,Commute
grocery,361.16,M,1,55,Tue,1,Commute
travel,21.23,M,1,55,Tue,1,Local
travel,7.51,F,1,48,Tue,2,Remote
grocery,386.1,F,1,48,Tue,5,Regional
shopping,967.25,M,1,55,Tue,22,Commute
grocery,107.75,F,1,48,Tue,22,Long_Distance
misc,869.0,M,1,55,Tue,22,Long_Distance
travel,9.53,M,1,44,Wed,0,Commute
travel,12.64,M,1,67,Wed,1,Long_Distance
grocery,295.42,M,1,67,Wed,2,Regional
grocery,310.53,M,1,44,Wed,3,Regional
grocery,302.68,M,1,26,Wed,5,Commute
misc,896.22,M,1,44,Wed,17,Long_Distance
entertainment,454.93,M,1,44,Wed,19,Long_Distance
shopping,892.92,M,1,26,Wed,21,Regional
shopping,977.99,M,1,44,Wed,22,Long_Distance
shopping,854.49,M,1,26,Wed,22,Commute
misc,804.37,M,1,26,Wed,22,Long_Distance
misc,745.17,M,1,44,Wed,22,Long_Distance
grocery,289.01,M,1,67,Wed,23,Long_Distance
misc,847.85,M,1,67,Wed,23,Long_Distance
travel,9.49,M,1,44,Thu,2,Local
travel,9.75,M,1,26,Thu,3,Regional
shopping,874.75,M,1,67,Thu,14,Remote
misc,817.94,M,1,26,Thu,21,Commute
grocery,300.7,M,1,44,Thu,22,Long_Distance
shopping,917.43,M,1,44,Thu,22,Long_Distance
shopping,1002.39,M,1,86,Thu,22,Long_Distance
misc,1013.12,M,1,67,Thu,22,Regional
shopping,968.73,M,1,86,Thu,22,Long_Distance
shopping,977.39,M,1,44,Thu,22,Remote
grocery,320.85,M,1,67,Thu,23,Long_Distance
shopping,903.67,M,1,26,Thu,23,Regional
shopping,939.96,M,1,67,Thu,23,Long_Distance
misc,6.8,M,1,86,Thu,23,Long_Distance
misc,753.36,M,1,86,Thu,23,Long_Distance
misc,795.26,M,1,30,Fri,0,Commute
grocery,309.71,F,1,64,Fri,1,Commute
travel,8.09,M,1,30,Fri,3,Commute
travel,7.82,M,1,30,Fri,4,Commute
entertainment,440.92,M,1,86,Fri,13,Regional
shopping,919.37,M,1,30,Fri,15,Commute
shopping,931.58,M,1,86,Fri,22,Regional
misc,716.21,F,1,64,Fri,22,Long_Distance
shopping,922.39,M,1,86,Fri,22,Commute
misc,818.88,F,1,64,Fri,22,Long_Distance
grocery,326.49,F,1,64,Fri,22,Commute
misc,826.63,F,1,64,Fri,22,Local
grocery,319.12,M,1,86,Fri,22,Regional
misc,866.72,M,1,86,Fri,23,Long_Distance
shopping,919.83,M,1,86,Fri,23,Long_Distance
entertainment,449.39,M,1,30,Fri,23,Remote
misc,907.57,F,1,64,Fri,23,Long_Distance
misc,50.57,F,1,64,Fri,23,Regional
shopping,753.84,F,1,64,Fri,23,Long_Distance
shopping,1045.07,M,1,30,Fri,23,Commute
grocery,281.13,M,1,31,Sat,0,Regional
grocery,284.65,M,1,30,Sat,1,Commute
travel,8.78,M,1,30,Sat,1,Long_Distance
grocery,328.28,F,1,64,Sat,2,Regional
grocery,338.04,M,1,30,Sat,3,Long_Distance
travel,20.83,F,1,64,Sat,3,Long_Distance
grocery,258.23,M,1,30,Sat,9,Commute
shopping,956.07,M,1,31,Sat,18,Commute
travel,9.23,M,1,31,Sat,19,Long_Distance
shopping,1027.78,M,1,31,Sat,22,Long_Distance
misc,923.39,M,1,31,Sat,22,Long_Distance
entertainment,573.51,F,1,64,Sat,23,Commute
grocery,280.8,M,1,31,Sat,23,Long_Distance
misc,709.0,M,1,31,Sat,23,Long_Distance
misc,800.87,M,1,31,Sat,23,Regional
personal,22.97,M,1,30,Sat,23,Commute
shopping,796.1,M,1,31,Sun,22,Regional
shopping,1094.14,M,1,31,Sun,22,Regional
shopping,884.02,M,1,31,Sun,23,Long_Distance
grocery,312.81,M,1,27,Mon,1,Commute
shopping,947.88,M,1,27,Mon,22,Commute
shopping,1066.55,M,1,27,Mon,22,Commute
shopping,957.89,M,1,27,Mon,22,Long_Distance
shopping,790.85,M,1,27,Mon,23,Commute
grocery,314.21,M,1,53,Tue,0,Remote
travel,10.04,M,1,27,Tue,3,Commute
misc,713.0,M,1,53,Tue,15,Long_Distance
grocery,291.1,M,1,27,Tue,18,Regional
misc,779.62,M,1,27,Tue,18,Long_Distance
misc,839.47,M,1,53,Tue,22,Regional
misc,718.05,M,1,27,Tue,22,Long_Distance
shopping,897.71,M,1,27,Tue,22,Commute
shopping,1166.67,M,1,53,Tue,22,Commute
misc,831.25,M,1,53,Tue,22,Commute
misc,835.69,M,1,53,Tue,22,Commute
shopping,902.11,M,1,53,Tue,23,Long_Distance
shopping,976.55,M,1,53,Tue,23,Long_Distance
shopping,869.93,M,1,27,Tue,23,Long_Distance
grocery,332.78,M,1,53,Wed,1,Commute
grocery,303.49,M,1,44,Wed,1,Long_Distance
travel,14.86,M,1,44,Wed,2,Long_Distance
shopping,1006.81,M,1,29,Wed,18,Commute
shopping,892.34,M,1,29,Wed,22,Commute
shopping,1088.48,M,1,44,Wed,22,Commute
shopping,962.86,M,1,29,Wed,22,Regional
misc,680.5,M,1,44,Wed,22,Long_Distance
grocery,287.38,M,1,29,Wed,22,Regional
shopping,810.62,M,1,29,Wed,22,Commute
shopping,930.04,M,1,44,Wed,22,Commute
shopping,972.65,M,1,53,Wed,22,Commute
shopping,1091.97,M,1,53,Wed,22,Regional
shopping,852.43,M,1,29,Wed,23,Commute
misc,861.75,M,1,53,Wed,23,Commute
travel,9.5,F,1,94,Thu,0,Commute
travel,11.25,M,1,44,Thu,1,Long_Distance
grocery,318.34,F,1,94,Thu,3,Regional
grocery,330.35,F,1,94,Thu,3,Commute
travel,13.89,M,1,44,Thu,5,Regional
grocery,283.17,M,1,44,Thu,7,Long_Distance
shopping,961.63,F,1,94,Thu,15,Remote
personal,21.62,M,1,29,Thu,18,Long_Distance
misc,954.23,M,1,44,Thu,19,Long_Distance
shopping,989.86,F,1,94,Thu,20,Regional
shopping,877.44,M,1,44,Thu,22,Regional
shopping,1031.68,M,1,29,Thu,22,Regional
shopping,820.76,M,1,29,Thu,23,Regional
grocery,263.06,M,1,29,Thu,23,Commute
shopping,827.23,M,1,29,Thu,23,Commute
grocery,326.58,M,1,29,Thu,23,Long_Distance
misc,633.21,M,1,44,Thu,23,Commute
shopping,1057.54,M,1,44,Thu,23,Long_Distance
shopping,1050.15,M,1,29,Thu,23,Regional
shopping,911.55,F,1,94,Fri,19,Long_Distance
shopping,954.69,F,1,94,Fri,21,Remote
misc,903.7,F,1,94,Fri,22,Commute
shopping,1078.98,F,1,94,Fri,22,Regional
shopping,936.7,F,1,60,Fri,23,Commute
grocery,114.36,F,1,60,Fri,23,Long_Distance
travel,8.73,F,1,60,Sat,0,Long_Distance
grocery,320.81,F,1,60,Sat,0,Long_Distance
shopping,997.11,F,1,60,Sat,22,Local
misc,672.46,F,1,60,Sat,23,Commute
grocery,310.9,F,1,60,Sat,23,Long_Distance
travel,19.6,M,1,53,Sun,0,Regional
grocery,327.0,F,1,33,Sun,0,Commute
misc,660.07,M,1,33,Sun,1,Remote
grocery,272.02,M,1,53,Sun,1,Regional
shopping,1065.91,F,1,33,Sun,2,Long_Distance
grocery,313.56,M,1,53,Sun,10,Long_Distance
home,240.97,F,1,33,Sun,15,Regional
misc,50.53,M,1,53,Sun,17,Long_Distance
shopping,825.2,M,1,53,Sun,22,Commute
shopping,1324.8,F,1,23,Sun,22,Regional
shopping,801.43,M,1,33,Sun,22,Long_Distance
shopping,1312.98,F,1,23,Sun,22,Long_Distance
shopping,924.45,F,1,23,Sun,22,Long_Distance
grocery,139.93,F,1,33,Sun,23,Long_Distance
shopping,956.21,M,1,53,Sun,23,Long_Distance
shopping,990.39,M,1,33,Sun,23,Remote
shopping,816.12,M,1,33,Sun,23,Long_Distance
shopping,1003.47,F,1,33,Mon,0,Remote
travel,20.26,M,1,53,Mon,1,Regional
grocery,282.8,F,1,23,Mon,1,Commute
travel,18.32,M,1,53,Mon,1,Commute
misc,743.22,M,1,33,Mon,1,Long_Distance
shopping,1053.5,F,1,43,Mon,2,Long_Distance
grocery,278.07,F,1,23,Mon,2,Long_Distance
grocery,275.95,F,1,23,Mon,2,Remote
grocery,9.95,F,1,23,Mon,2,Long_Distance
misc,708.65,F,1,33,Mon,3,Long_Distance
shopping,1120.98,F,1,33,Mon,3,Long_Distance
misc,865.88,F,1,43,Mon,3,Long_Distance
shopping,891.85,F,1,33,Mon,3,Remote
misc,872.53,F,1,33,Mon,5,Long_Distance
misc,849.22,F,1,43,Mon,10,Regional
home,259.21,F,1,33,Mon,12,Long_Distance
travel,11.12,F,1,23,Mon,16,Long_Distance
shopping,916.28,M,1,53,Mon,17,Long_Distance
grocery,109.87,M,1,53,Mon,19,Long_Distance
travel,10.33,F,1,33,Mon,21,Regional
shopping,900.38,M,1,53,Mon,22,Long_Distance
shopping,1376.04,F,1,23,Mon,22,Long_Distance
misc,820.37,F,1,23,Mon,22,Commute
shopping,1004.21,M,1,33,Mon,22,Commute
shopping,855.75,M,1,33,Mon,22,Commute
health,19.17,F,1,33,Mon,22,Long_Distance
shopping,1047.08,M,1,33,Mon,22,Commute
grocery,335.07,M,1,53,Mon,22,Long_Distance
shopping,1130.23,F,1,23,Mon,22,Long_Distance
grocery,134.66,F,1,23,Mon,22,Remote
shopping,1108.71,M,1,53,Mon,23,Regional
shopping,654.62,M,1,53,Mon,23,Long_Distance
grocery,307.9,M,1,53,Mon,23,Long_Distance
home,23.1,F,1,33,Mon,23,Long_Distance
travel,9.34,F,1,43,Mon,23,Commute
home,240.35,F,1,43,Mon,23,Long_Distance
shopping,1215.89,F,1,23,Mon,23,Regional
grocery,284.76,M,1,64,Tue,2,Regional
grocery,345.06,M,1,53,Tue,3,Long_Distance
grocery,311.12,M,1,53,Tue,6,Commute
grocery,278.64,M,1,64,Tue,7,Long_Distance
shopping,758.19,M,1,53,Tue,22,Long_Distance
shopping,828.2,M,1,64,Tue,23,Regional
home,22.37,F,1,43,Tue,23,Commute
shopping,1117.99,M,1,53,Tue,23,Commute
grocery,12.66,M,1,87,Wed,0,Remote
grocery,296.06,M,1,64,Wed,1,Commute
travel,8.82,M,1,87,Wed,1,Regional
travel,13.48,M,1,64,Wed,2,Local
misc,8.78,M,1,87,Wed,17,Regional
shopping,937.11,M,1,64,Wed,18,Long_Distance
shopping,872.07,M,1,87,Wed,22,Long_Distance
misc,717.09,M,1,64,Wed,22,Regional
shopping,948.84,M,1,87,Wed,22,Remote
misc,8.73,M,1,87,Wed,22,Long_Distance
entertainment,687.06,M,1,53,Wed,22,Long_Distance
shopping,893.85,M,1,87,Wed,23,Regional
grocery,321.58,M,1,87,Thu,1,Commute
shopping,924.48,M,1,87,Thu,23,Commute
shopping,1052.92,M,1,87,Thu,23,Long_Distance
grocery,318.94,M,1,87,Thu,23,Long_Distance
shopping,999.66,F,1,69,Fri,22,Remote
shopping,1050.5,F,1,69,Fri,23,Long_Distance
shopping,777.95,F,1,38,Sat,2,Regional
misc,709.99,F,1,38,Sat,10,Long_Distance
personal,20.33,F,1,38,Sat,22,Long_Distance
shopping,855.4,F,1,69,Sat,22,Commute
entertainment,519.07,F,1,69,Sat,23,Regional
shopping,925.27,F,1,69,Sat,23,Commute
grocery,318.08,M,1,56,Sun,1,Long_Distance
grocery,291.98,M,1,71,Sun,1,Regional
misc,939.91,F,1,39,Sun,2,Remote
shopping,940.24,F,1,38,Sun,3,Local
grocery,351.91,M,1,56,Sun,13,Long_Distance
shopping,1065.07,M,1,71,Sun,13,Regional
shopping,925.39,M,1,56,Sun,19,Long_Distance
shopping,941.1,M,1,56,Sun,22,Long_Distance
home,259.24,F,1,39,Sun,22,Long_Distance
entertainment,533.58,F,1,38,Sun,22,Long_Distance
shopping,900.76,M,1,71,Sun,22,Commute
personal,21.02,F,1,38,Sun,22,Remote
misc,890.98,M,1,56,Sun,23,Long_Distance
shopping,908.8,M,1,71,Sun,23,Regional
home,238.64,F,1,39,Sun,23,Long_Distance
home,271.74,F,1,38,Sun,23,Regional
health,24.75,F,1,39,Sun,23,Long_Distance
shopping,1108.11,M,1,71,Sun,23,Long_Distance
grocery,131.1,F,1,39,Sun,23,Commute
entertainment,456.0,F,1,39,Sun,23,Long_Distance
grocery,262.15,M,1,56,Mon,1,Regional
shopping,1067.95,F,1,39,Mon,1,Long_Distance
shopping,755.73,F,1,39,Mon,3,Regional
grocery,297.52,M,1,56,Mon,3,Regional
misc,778.62,F,1,39,Mon,3,Regional
grocery,312.87,M,1,71,Mon,5,Long_Distance
misc,757.05,F,1,39,Mon,7,Commute
health,17.81,F,1,39,Mon,13,Long_Distance
misc,810.7,M,1,71,Mon,16,Commute
personal,20.62,F,1,44,Mon,17,Commute
shopping,780.14,F,1,44,Mon,18,Regional
home,19.21,F,1,44,Mon,18,Commute
shopping,1000.03,M,1,56,Mon,22,Commute
shopping,899.48,M,1,71,Mon,22,Local
shopping,852.69,M,1,56,Mon,22,Long_Distance
health,19.04,F,1,39,Mon,22,Regional
misc,679.7,M,1,56,Mon,22,Long_Distance
home,19.59,F,1,44,Mon,22,Regional
entertainment,459.01,F,1,39,Mon,22,Long_Distance
home,228.49,F,1,39,Mon,22,Long_Distance
entertainment,385.65,M,1,56,Mon,22,Commute
personal,21.86,M,1,71,Mon,23,Commute
grocery,368.45,F,1,46,Tue,0,Long_Distance
travel,7.24,F,1,46,Tue,2,Long_Distance
grocery,357.16,F,1,44,Tue,3,Long_Distance
grocery,369.79,F,1,46,Tue,3,Regional
grocery,366.09,F,1,44,Tue,3,Remote
grocery,331.37,F,1,46,Tue,3,Regional
health,19.42,F,1,44,Tue,20,Commute
personal,24.17,F,1,46,Tue,22,Regional
entertainment,590.39,F,1,44,Tue,23,Long_Distance
shopping,635.09,F,1,44,Tue,23,Commute
shopping,1167.06,F,1,46,Wed,0,Commute
grocery,369.32,F,1,46,Wed,0,Long_Distance
shopping,913.66,F,1,46,Wed,1,Commute
grocery,324.71,M,1,42,Wed,1,Long_Distance
misc,773.46,F,1,46,Wed,2,Regional
grocery,324.06,M,1,42,Wed,2,Regional
misc,688.98,F,1,48,Wed,2,Regional
shopping,829.91,F,1,48,Wed,3,Regional
grocery,374.51,F,1,46,Wed,3,Long_Distance
shopping,1084.6,F,1,46,Wed,3,Long_Distance
misc,939.56,F,1,46,Wed,5,Commute
misc,742.74,F,1,37,Wed,7,Long_Distance
grocery,287.8,F,1,24,Wed,7,Regional
shopping,885.7,F,1,46,Wed,11,Regional
personal,18.62,M,1,42,Wed,13,Regional
health,18.99,F,1,46,Wed,21,Regional
personal,18.55,F,1,48,Wed,22,Commute
shopping,970.54,M,1,42,Wed,22,Long_Distance
entertainment,625.06,F,1,48,Wed,22,Long_Distance
home,20.91,F,1,46,Wed,22,Remote
shopping,882.62,M,1,42,Wed,22,Regional
shopping,986.87,F,1,48,Wed,22,Commute
shopping,766.4,M,1,42,Wed,22,Long_Distance
personal,18.81,F,1,46,Wed,23,Remote
home,19.77,F,1,46,Wed,23,Regional
grocery,283.38,M,1,42,Wed,23,Long_Distance
health,20.04,F,1,46,Wed,23,Commute
home,234.58,F,1,48,Wed,23,Remote
home,17.55,F,1,46,Wed,23,Remote
shopping,1105.6,M,1,42,Wed,23,Commute
grocery,331.0,M,1,42,Wed,23,Regional
home,270.74,F,1,37,Wed,23,Regional
home,18.03,F,1,48,Wed,23,Regional
health,20.51,F,1,48,Wed,23,Commute
home,19.63,F,1,48,Wed,23,Long_Distance
grocery,361.74,F,1,46,Thu,0,Regional
grocery,368.88,M,1,65,Thu,1,Regional
misc,777.09,F,1,48,Thu,1,Regional
grocery,335.66,F,1,70,Thu,1,Long_Distance
grocery,350.75,F,1,74,Thu,2,Commute
grocery,331.74,F,1,59,Thu,2,Commute
grocery,311.71,F,1,70,Thu,2,Commute
grocery,301.32,F,1,24,Thu,2,Long_Distance
travel,23.65,M,1,65,Thu,2,Long_Distance
grocery,355.24,F,1,48,Thu,3,Commute
travel,8.37,F,1,24,Thu,3,Commute
grocery,10.78,M,1,42,Thu,3,Regional
grocery,342.37,F,1,70,Thu,5,Long_Distance
grocery,308.5,F,1,59,Thu,10,Regional
misc,678.99,M,1,42,Thu,16,Long_Distance
shopping,1065.91,M,1,42,Thu,17,Commute
shopping,906.51,F,1,24,Thu,18,Regional
personal,18.35,F,1,46,Thu,22,Long_Distance
shopping,858.54,F,1,70,Thu,22,Remote
shopping,1077.64,F,1,70,Thu,22,Commute
home,306.26,F,1,46,Thu,22,Long_Distance
travel,9.72,F,1,46,Thu,22,Long_Distance
misc,49.76,F,1,59,Thu,22,Long_Distance
shopping,1053.08,F,1,24,Thu,22,Regional
home,330.52,F,1,48,Thu,22,Long_Distance
personal,51.82,F,1,70,Thu,22,Commute
home,23.84,F,1,48,Thu,22,Long_Distance
home,4.06,F,1,59,Thu,22,Commute
shopping,722.68,F,1,59,Thu,22,Regional
grocery,325.9,F,1,59,Thu,22,Regional
shopping,956.44,F,1,74,Thu,22,Commute
shopping,1047.28,F,1,59,Thu,22,Commute
home,18.53,F,1,48,Thu,23,Long_Distance
misc,744.57,M,1,42,Thu,23,Long_Distance
misc,802.56,F,1,24,Thu,23,Commute
grocery,345.57,M,1,65,Thu,23,Regional
misc,783.6,F,1,59,Thu,23,Regional
misc,753.08,F,1,74,Thu,23,Long_Distance
grocery,310.33,F,1,70,Thu,23,Regional
travel,20.15,F,1,70,Fri,0,Long_Distance
travel,16.66,F,1,70,Fri,1,Long_Distance
grocery,291.92,F,1,61,Fri,1,Commute
grocery,15.0,F,1,70,Fri,1,Regional
grocery,15.63,F,1,74,Fri,2,Regional
travel,17.91,F,1,70,Fri,2,Commute
travel,19.87,F,1,70,Fri,2,Commute
grocery,315.4,F,1,59,Fri,2,Long_Distance
grocery,16.39,M,1,65,Fri,3,Commute
travel,17.74,F,1,59,Fri,6,Commute
grocery,291.1,F,1,61,Fri,10,Long_Distance
shopping,1104.69,M,1,65,Fri,15,Commute
shopping,1145.15,F,1,59,Fri,19,Regional
misc,49.41,F,1,70,Fri,22,Long_Distance
shopping,1029.03,F,1,70,Fri,22,Long_Distance
misc,829.92,F,1,61,Fri,22,Regional
grocery,319.73,F,1,59,Fri,22,Long_Distance
health,21.53,F,1,30,Fri,22,Commute
misc,842.27,F,1,70,Fri,22,Regional
shopping,782.81,F,1,59,Fri,22,Commute
shopping,825.71,F,1,74,Fri,22,Local
shopping,872.14,F,1,74,Fri,23,Commute
shopping,1060.31,F,1,74,Fri,23,Regional
shopping,1078.51,F,1,74,Fri,23,Local
misc,780.97,F,1,59,Fri,23,Regional
grocery,296.83,F,1,51,Sat,0,Commute
misc,855.02,F,1,30,Sat,0,Commute
grocery,292.14,F,1,61,Sat,0,Long_Distance
grocery,352.67,F,1,51,Sat,0,Regional
misc,971.57,F,1,30,Sat,0,Long_Distance
travel,10.7,F,1,61,Sat,1,Long_Distance
shopping,1006.04,F,1,30,Sat,2,Long_Distance
travel,8.28,F,1,30,Sat,2,Long_Distance
grocery,353.57,F,1,30,Sat,2,Regional
shopping,876.1,F,1,30,Sat,3,Commute
shopping,1006.48,M,1,62,Sat,16,Long_Distance
shopping,965.05,M,1,62,Sat,18,Commute
misc,735.19,M,1,62,Sat,22,Long_Distance
shopping,1064.44,F,1,61,Sat,22,Commute
misc,834.6,F,1,51,Sat,22,Regional
health,21.98,F,1,30,Sat,22,Commute
home,264.64,F,1,30,Sat,22,Commute
home,271.35,F,1,30,Sat,22,Long_Distance
grocery,112.06,F,1,30,Sat,22,Long_Distance
home,23.84,F,1,30,Sat,22,Regional
misc,824.27,F,1,61,Sat,23,Regional
grocery,307.71,M,1,62,Sat,23,Local
home,233.53,F,1,30,Sat,23,Long_Distance
shopping,1063.03,F,1,51,Sat,23,Long_Distance
home,222.69,F,1,30,Sat,23,Commute
misc,725.6,M,1,62,Sat,23,Long_Distance
grocery,15.87,F,1,51,Sun,0,Long_Distance
misc,9.18,F,1,34,Sun,0,Long_Distance
shopping,977.01,F,1,34,Sun,1,Long_Distance
shopping,1210.91,F,1,34,Sun,1,Long_Distance
travel,10.24,M,1,26,Sun,2,Long_Distance
travel,21.69,F,1,51,Sun,3,Long_Distance
travel,10.2,M,1,26,Sun,3,Remote
health,24.84,F,1,51,Sun,22,Regional
misc,780.52,M,1,62,Sun,22,Regional
entertainment,620.33,M,1,62,Sun,22,Commute
shopping,1077.69,M,1,26,Sun,22,Long_Distance
shopping,842.65,F,1,51,Sun,23,Commute
health,22.55,F,1,34,Sun,23,Long_Distance
shopping,1128.26,M,1,26,Sun,23,Commute
shopping,931.82,M,1,26,Sun,23,Long_Distance
shopping,983.0,M,1,26,Sun,23,Long_Distance
shopping,955.16,M,1,62,Sun,23,Commute
misc,701.81,M,1,26,Mon,0,Regional
misc,8.39,F,1,34,Mon,1,Regional
grocery,326.94,M,1,26,Mon,1,Regional
grocery,353.08,F,1,34,Mon,1,Long_Distance
misc,868.48,M,1,26,Mon,3,Commute
grocery,13.25,F,1,34,Mon,3,Commute
shopping,777.45,F,1,34,Mon,3,Commute
shopping,967.86,F,1,34,Mon,4,Long_Distance
shopping,825.81,M,1,26,Mon,21,Long_Distance
personal,21.92,F,1,34,Mon,22,Long_Distance
health,21.74,F,1,34,Mon,23,Remote
home,250.32,F,1,34,Mon,23,Long_Distance
grocery,315.45,M,1,61,Wed,0,Commute
grocery,279.78,M,1,61,Wed,0,Regional
grocery,287.38,M,1,61,Wed,2,Regional
grocery,276.4,M,1,61,Wed,3,Regional
travel,7.82,M,1,61,Wed,3,Long_Distance
misc,790.54,M,1,61,Wed,22,Long_Distance
misc,723.23,M,1,61,Wed,22,Long_Distance
personal,46.36,F,1,61,Wed,22,Regional
shopping,996.31,M,1,61,Wed,22,Regional
shopping,902.3,M,1,61,Wed,23,Regional
shopping,741.77,M,1,61,Wed,23,Long_Distance
shopping,900.77,F,1,61,Wed,23,Long_Distance
shopping,1047.3,M,1,61,Wed,23,Long_Distance
misc,737.99,F,1,61,Wed,23,Regional
misc,49.18,F,1,61,Wed,23,Long_Distance
shopping,1046.97,F,1,61,Thu,18,Regional
misc,850.82,F,1,61,Thu,22,Regional
shopping,976.48,F,1,61,Thu,23,Regional
travel,4.64,F,1,61,Thu,23,Long_Distance
grocery,95.52,M,1,61,Thu,23,Regional
grocery,297.2,F,1,57,Fri,1,Long_Distance
grocery,315.72,F,1,57,Fri,1,Long_Distance
travel,8.32,F,1,57,Fri,5,Long_Distance
grocery,309.04,M,1,38,Fri,9,Long_Distance
home,219.46,F,1,57,Fri,16,Long_Distance
misc,749.59,F,1,57,Fri,22,Regional
shopping,1129.53,F,1,57,Fri,22,Long_Distance
misc,844.29,F,1,57,Fri,22,Regional
shopping,949.88,M,1,38,Fri,23,Local
shopping,935.06,M,1,38,Fri,23,Regional
shopping,1025.61,M,1,38,Fri,23,Long_Distance
travel,18.25,F,1,51,Sat,0,Long_Distance
travel,11.82,M,1,38,Sat,1,Commute
misc,764.71,M,1,38,Sat,2,Commute
grocery,294.78,M,1,38,Sat,3,Regional
shopping,917.11,M,1,38,Sat,16,Long_Distance
misc,667.17,F,1,51,Sat,19,Regional
travel,9.99,M,1,38,Sat,22,Commute
grocery,135.82,F,1,51,Sat,22,Regional
entertainment,614.72,F,1,51,Sat,22,Long_Distance
shopping,996.41,F,1,57,Sat,23,Long_Distance
shopping,895.25,F,1,57,Sat,23,Long_Distance
shopping,1134.41,F,1,57,Sat,23,Long_Distance
grocery,314.28,M,1,56,Sun,2,Long_Distance
grocery,319.53,F,1,51,Sun,3,Commute
grocery,241.45,M,1,56,Sun,6,Long_Distance
shopping,1159.89,M,1,56,Sun,22,Commute
shopping,1051.14,F,1,51,Sun,22,Long_Distance
shopping,1142.66,M,1,56,Sun,23,Long_Distance
misc,777.75,F,1,51,Sun,23,Regional
shopping,1197.26,M,1,56,Sun,23,Long_Distance
grocery,307.26,F,1,68,Mon,0,Regional
shopping,969.7,F,1,34,Mon,1,Remote
grocery,314.73,M,1,56,Mon,1,Commute
grocery,347.63,F,1,34,Mon,2,Long_Distance
grocery,342.87,F,1,80,Mon,2,Commute
grocery,291.15,F,1,68,Mon,2,Commute
grocery,326.49,F,1,80,Mon,3,Long_Distance
shopping,1071.19,F,1,34,Mon,6,Commute
grocery,344.74,F,1,68,Mon,8,Regional
entertainment,443.97,F,1,68,Mon,17,Regional
shopping,854.92,F,1,80,Mon,22,Long_Distance
home,342.36,F,1,34,Mon,22,Regional
grocery,320.36,F,1,80,Mon,22,Long_Distance
personal,21.88,F,1,34,Mon,23,Long_Distance
travel,8.85,F,1,47,Mon,23,Long_Distance
shopping,888.56,F,1,68,Mon,23,Commute
home,20.53,F,1,34,Mon,23,Commute
misc,878.42,F,1,68,Mon,23,Long_Distance
personal,22.91,F,1,34,Mon,23,Long_Distance
shopping,1004.99,M,1,56,Mon,23,Regional
misc,793.07,M,1,56,Mon,23,Long_Distance
shopping,1013.85,M,1,56,Mon,23,Long_Distance
travel,9.78,F,1,36,Tue,0,Long_Distance
grocery,302.75,F,1,68,Tue,0,Commute
travel,18.82,F,1,80,Tue,0,Local
grocery,315.39,F,1,68,Tue,0,Remote
shopping,1020.48,F,1,36,Tue,1,Commute
misc,795.07,F,1,34,Tue,1,Commute
shopping,829.4,F,1,34,Tue,1,Long_Distance
grocery,319.23,F,1,47,Tue,2,Remote
travel,8.06,F,1,36,Tue,2,Long_Distance
shopping,772.65,F,1,47,Tue,2,Commute
grocery,353.35,F,1,34,Tue,2,Long_Distance
grocery,348.48,F,1,36,Tue,2,Commute
grocery,320.73,F,1,80,Tue,3,Regional
shopping,826.27,F,1,36,Tue,3,Long_Distance
entertainment,483.28,F,1,36,Tue,3,Commute
shopping,1071.12,F,1,47,Tue,3,Regional
grocery,307.33,F,1,80,Tue,3,Long_Distance
grocery,347.88,F,1,80,Tue,3,Regional
entertainment,520.02,F,1,36,Tue,3,Long_Distance
misc,8.13,F,1,47,Tue,4,Long_Distance
misc,778.42,F,1,34,Tue,5,Long_Distance
shopping,989.92,F,1,34,Tue,10,Commute
shopping,1143.96,F,1,68,Tue,12,Remote
home,19.68,F,1,36,Tue,16,Regional
misc,50.07,F,1,80,Tue,19,Commute
shopping,1123.95,F,1,80,Tue,21,Commute
misc,830.06,F,1,80,Tue,22,Regional
health,23.36,F,1,36,Tue,22,Commute
home,18.85,F,1,34,Tue,22,Regional
health,18.4,F,1,47,Tue,22,Long_Distance
shopping,993.55,F,1,68,Tue,23,Regional
shopping,970.38,F,1,80,Tue,23,Commute
misc,809.53,F,1,80,Tue,23,Long_Distance
shopping,917.97,F,1,68,Tue,23,Regional
home,277.68,F,1,34,Tue,23,Commute
grocery,359.26,F,1,80,Tue,23,Commute
shopping,727.32,F,1,80,Tue,23,Regional
grocery,284.94,F,1,68,Tue,23,Long_Distance
shopping,1001.99,F,1,36,Wed,3,Commute
home,232.25,F,1,36,Wed,15,Long_Distance
personal,17.71,F,1,45,Wed,22,Local
grocery,132.33,F,1,45,Thu,4,Local
misc,9.03,F,1,76,Thu,23,Long_Distance
grocery,286.73,F,1,76,Fri,0,Regional
grocery,278.04,M,1,36,Fri,0,Commute
travel,6.99,M,1,36,Fri,1,Long_Distance
grocery,262.49,F,1,76,Fri,2,Commute
grocery,305.34,M,1,36,Fri,9,Commute
misc,6.67,M,1,36,Fri,22,Commute
shopping,1115.94,F,1,76,Fri,22,Commute
misc,693.71,M,1,36,Fri,22,Regional
travel,10.32,F,1,76,Fri,22,Regional
shopping,991.33,M,1,36,Fri,23,Commute
misc,912.89,F,1,76,Fri,23,Commute
travel,11.83,F,1,76,Fri,23,Regional
shopping,1061.91,F,1,76,Fri,23,Long_Distance
shopping,840.53,M,1,36,Fri,23,Regional
grocery,291.0,M,1,36,Sat,1,Commute
misc,685.26,M,1,36,Sat,1,Regional
grocery,352.15,F,1,26,Sat,3,Regional
shopping,627.43,F,1,26,Sat,3,Long_Distance
entertainment,572.32,F,1,26,Sat,4,Regional
grocery,349.74,F,1,26,Sat,10,Regional
shopping,874.99,M,1,36,Sat,22,Commute
misc,709.43,M,1,36,Sat,23,Long_Distance
misc,7.6,M,1,36,Sat,23,Regional
grocery,343.75,F,1,75,Sun,0,Long_Distance
misc,875.02,F,1,26,Sun,1,Long_Distance
grocery,338.47,F,1,26,Sun,1,Regional
grocery,136.93,F,1,26,Sun,2,Remote
grocery,13.13,F,1,75,Sun,3,Commute
grocery,115.28,F,1,26,Sun,3,Remote
entertainment,520.74,F,1,26,Sun,3,Commute
home,252.48,F,1,26,Sun,17,Regional
personal,21.11,F,1,26,Sun,22,Commute
misc,51.79,F,1,75,Sun,22,Commute
home,19.44,F,1,26,Sun,22,Commute
home,17.05,F,1,26,Sun,23,Regional
health,17.0,F,1,26,Sun,23,Regional
health,19.05,F,1,26,Sun,23,Long_Distance
grocery,315.89,F,1,75,Mon,0,Long_Distance
shopping,794.77,F,1,33,Mon,1,Long_Distance
entertainment,576.52,F,1,33,Mon,1,Long_Distance
shopping,881.1,F,1,33,Mon,1,Long_Distance
grocery,15.85,F,1,75,Mon,2,Commute
grocery,341.91,F,1,75,Mon,2,Commute
travel,23.11,F,1,75,Mon,3,Regional
grocery,10.84,F,1,75,Mon,3,Commute
shopping,835.42,F,1,33,Mon,3,Long_Distance
misc,913.39,F,1,75,Mon,19,Commute
home,23.1,F,1,33,Mon,22,Local
home,249.28,F,1,33,Mon,22,Commute
home,217.73,F,1,33,Mon,22,Long_Distance
shopping,887.24,F,1,75,Mon,22,Commute
home,198.97,F,1,33,Mon,23,Regional
home,259.8,F,1,33,Mon,23,Regional
grocery,274.81,M,1,39,Tue,0,Commute
grocery,312.58,M,1,39,Tue,2,Long_Distance
grocery,299.28,M,1,39,Tue,3,Long_Distance
grocery,346.42,F,1,33,Tue,3,Commute
shopping,1041.39,F,1,33,Tue,9,Regional
travel,7.9,F,1,33,Tue,14,Local
shopping,892.88,M,1,39,Tue,18,Commute
shopping,1008.78,M,1,39,Tue,22,Commute
grocery,331.18,M,1,63,Wed,2,Regional
grocery,309.7,M,1,39,Wed,2,Regional
grocery,288.84,M,1,39,Wed,11,Regional
grocery,279.11,M,1,39,Wed,12,Long_Distance
shopping,915.47,M,1,63,Wed,22,Commute
shopping,1083.38,M,1,39,Wed,22,Long_Distance
shopping,913.98,M,1,63,Wed,22,Regional
misc,7.97,M,1,63,Wed,23,Long_Distance
misc,667.98,M,1,39,Wed,23,Long_Distance
shopping,1002.25,M,1,39,Wed,23,Commute
travel,10.77,M,1,63,Thu,0,Regional
grocery,7.11,M,1,63,Thu,0,Regional
grocery,311.42,M,1,63,Thu,1,Regional
shopping,952.8,M,1,63,Thu,18,Long_Distance
shopping,999.59,M,1,63,Thu,22,Long_Distance
grocery,279.28,M,1,63,Thu,23,Long_Distance
shopping,732.17,M,1,53,Fri,15,Commute
shopping,837.54,M,1,53,Fri,20,Long_Distance
grocery,333.89,M,1,53,Fri,22,Commute
home,19.05,F,1,47,Fri,22,Commute
grocery,149.42,F,1,47,Fri,23,Remote
misc,51.07,M,1,53,Fri,23,Long_Distance
shopping,951.91,M,1,53,Fri,23,Regional
travel,8.41,F,1,47,Fri,23,Commute
personal,17.77,F,1,47,Fri,23,Commute
grocery,347.28,F,1,29,Sat,0,Long_Distance
grocery,378.56,F,1,47,Sat,1,Regional
grocery,309.97,M,1,53,Sat,1,Long_Distance
shopping,1129.96,F,1,29,Sat,2,Commute
grocery,8.96,F,1,47,Sat,3,Commute
grocery,369.18,F,1,47,Sat,3,Commute
misc,629.85,F,1,47,Sat,3,Commute
grocery,19.92,M,1,53,Sat,3,Commute
misc,748.43,F,1,47,Sat,3,Regional
shopping,730.65,F,1,29,Sat,3,Commute
shopping,979.0,M,1,53,Sat,22,Commute
misc,8.08,F,1,59,Sat,22,Commute
grocery,278.9,F,1,59,Sat,22,Regional
shopping,1133.22,M,1,53,Sat,22,Long_Distance
misc,741.45,F,1,59,Sat,23,Commute
shopping,1166.0,F,1,59,Sat,23,Regional
shopping,953.63,M,1,53,Sat,23,Long_Distance
grocery,123.61,M,1,53,Sat,23,Regional
shopping,1037.75,M,1,53,Sat,23,Commute
shopping,882.13,M,1,53,Sat,23,Long_Distance
grocery,304.0,M,1,33,Sun,1,Commute
misc,814.9,M,1,33,Sun,1,Commute
grocery,278.32,F,1,59,Sun,1,Regional
travel,5.62,F,1,59,Sun,2,Commute
grocery,306.32,M,1,68,Sun,3,Long_Distance
grocery,296.17,F,1,59,Sun,3,Remote
grocery,8.88,F,1,59,Sun,6,Long_Distance
shopping,959.71,F,1,59,Sun,12,Long_Distance
misc,730.44,M,1,33,Sun,14,Commute
shopping,1100.78,M,1,68,Sun,15,Long_Distance
shopping,1045.16,F,1,59,Sun,22,Long_Distance
shopping,985.9,M,1,33,Sun,22,Regional
shopping,1112.33,F,1,59,Sun,22,Regional
shopping,906.83,F,1,59,Sun,22,Commute
shopping,915.25,M,1,68,Sun,23,Regional
shopping,852.76,M,1,33,Sun,23,Long_Distance
grocery,102.42,M,1,33,Sun,23,Long_Distance
shopping,1111.35,M,1,68,Sun,23,Long_Distance
shopping,965.25,M,1,68,Sun,23,Regional
home,260.44,F,1,48,Sun,23,Long_Distance
shopping,1031.9,M,1,68,Sun,23,Commute
travel,6.39,M,1,68,Mon,1,Long_Distance
entertainment,536.63,F,1,48,Mon,2,Long_Distance
travel,9.0,M,1,68,Mon,16,Commute
shopping,824.17,M,1,33,Mon,22,Commute
shopping,984.39,M,1,33,Mon,22,Long_Distance
health,18.35,F,1,48,Mon,22,Long_Distance
shopping,626.99,M,1,33,Mon,23,Long_Distance
grocery,139.84,M,1,68,Mon,23,Commute
travel,10.19,M,1,45,Tue,0,Commute
travel,10.04,M,1,45,Tue,1,Regional
personal,23.04,M,1,45,Tue,22,Regional
shopping,967.23,M,1,45,Tue,23,Commute
shopping,930.27,M,1,45,Tue,23,Commute
travel,10.13,M,1,45,Wed,2,Commute
shopping,932.64,M,1,45,Wed,18,Long_Distance
shopping,954.08,M,1,45,Wed,22,Long_Distance
grocery,295.91,M,1,33,Sat,0,Regional
grocery,335.98,F,1,32,Sat,1,Long_Distance
shopping,1097.18,F,1,32,Sat,3,Regional
grocery,110.12,F,1,32,Sat,15,Long_Distance
grocery,275.16,M,1,33,Sat,18,Long_Distance
personal,21.38,M,1,42,Sat,21,Long_Distance
misc,828.22,M,1,33,Sat,22,Long_Distance
shopping,958.05,M,1,33,Sat,22,Long_Distance
shopping,988.18,M,1,42,Sat,22,Long_Distance
shopping,822.11,M,1,33,Sat,22,Long_Distance
shopping,1133.57,M,1,33,Sat,23,Commute
shopping,742.91,M,1,42,Sat,23,Long_Distance
travel,9.41,M,1,33,Sun,0,Long_Distance
grocery,332.91,F,1,32,Sun,1,Long_Distance
grocery,353.79,M,1,42,Sun,1,Regional
grocery,316.6,M,1,74,Sun,2,Commute
grocery,306.87,M,1,42,Sun,2,Long_Distance
travel,11.61,M,1,74,Sun,2,Long_Distance
shopping,1114.79,F,1,32,Sun,2,Local
grocery,306.75,M,1,33,Sun,3,Commute
grocery,276.43,M,1,74,Sun,4,Regional
shopping,981.45,F,1,32,Sun,11,Commute
shopping,1022.5,M,1,42,Sun,16,Commute
home,218.12,F,1,32,Sun,21,Long_Distance
misc,779.4,M,1,42,Sun,22,Long_Distance
shopping,1040.83,M,1,74,Sun,22,Commute
shopping,857.24,M,1,42,Sun,22,Long_Distance
shopping,795.09,M,1,33,Sun,22,Local
health,20.43,F,1,32,Sun,22,Commute
entertainment,503.53,M,1,42,Sun,22,Long_Distance
misc,890.68,M,1,74,Sun,22,Commute
misc,694.13,M,1,74,Sun,22,Commute
home,254.25,F,1,32,Sun,22,Long_Distance
home,18.86,M,1,42,Sun,22,Regional
shopping,1000.47,M,1,34,Sun,22,Regional
health,23.34,M,1,33,Sun,23,Long_Distance
personal,22.66,M,1,33,Sun,23,Long_Distance
grocery,304.55,M,1,34,Sun,23,Regional
shopping,843.65,M,1,42,Sun,23,Regional
home,17.41,F,1,32,Sun,23,Commute
shopping,723.15,M,1,42,Sun,23,Regional
personal,16.5,F,1,32,Sun,23,Regional
shopping,1036.64,M,1,34,Sun,23,Commute
shopping,1068.32,M,1,74,Sun,23,Commute
misc,707.11,F,1,35,Mon,0,Long_Distance
shopping,967.39,F,1,35,Mon,0,Long_Distance
grocery,325.81,M,1,34,Mon,0,Regional
travel,7.28,M,1,74,Mon,0,Long_Distance
travel,7.41,M,1,54,Mon,0,Long_Distance
grocery,340.67,F,1,38,Mon,1,Long_Distance
grocery,302.77,M,1,34,Mon,3,Long_Distance
grocery,8.39,M,1,34,Mon,3,Local
shopping,790.22,M,1,34,Mon,17,Commute
shopping,768.27,M,1,34,Mon,22,Regional
grocery,317.09,M,1,34,Mon,22,Long_Distance
shopping,1152.49,M,1,34,Mon,22,Regional
misc,920.6,M,1,34,Mon,22,Commute
personal,19.19,M,1,34,Mon,22,Local
grocery,304.85,M,1,74,Mon,22,Local
misc,866.99,M,1,54,Mon,22,Long_Distance
shopping,981.64,M,1,54,Mon,22,Commute
travel,9.09,F,1,38,Mon,22,Commute
shopping,1055.28,M,1,54,Mon,22,Commute
grocery,316.07,M,1,34,Mon,22,Long_Distance
shopping,995.02,M,1,74,Mon,23,Regional
shopping,960.91,M,1,74,Mon,23,Long_Distance
personal,21.48,F,1,38,Mon,23,Local
shopping,888.45,M,1,54,Mon,23,Remote
shopping,1076.88,M,1,74,Mon,23,Long_Distance
home,274.01,F,1,38,Mon,23,Long_Distance
misc,7.09,F,1,38,Tue,0,Long_Distance
grocery,118.54,F,1,38,Tue,0,Commute
shopping,758.2,F,1,29,Tue,0,Commute
shopping,694.91,F,1,35,Tue,1,Long_Distance
shopping,952.53,F,1,38,Tue,1,Long_Distance
travel,10.86,F,1,29,Tue,2,Commute
grocery,310.49,F,1,29,Tue,2,Regional
shopping,979.57,M,1,54,Tue,15,Regional
grocery,306.85,M,1,54,Tue,22,Long_Distance
home,17.79,F,1,29,Tue,22,Long_Distance
grocery,293.98,M,1,54,Tue,22,Remote
home,22.02,F,1,29,Tue,23,Commute
home,262.82,F,1,29,Tue,23,Commute
home,230.51,F,1,29,Tue,23,Long_Distance
misc,784.55,M,1,54,Tue,23,Local
home,271.38,F,1,29,Tue,23,Long_Distance
entertainment,547.99,F,1,29,Tue,23,Long_Distance
misc,789.86,F,1,29,Wed,0,Long_Distance
travel,12.4,M,1,57,Wed,0,Commute
travel,9.31,M,1,57,Wed,2,Regional
travel,8.81,F,1,29,Wed,2,Long_Distance
travel,8.2,M,1,57,Wed,3,Regional
travel,7.65,M,1,57,Wed,3,Long_Distance
grocery,314.36,M,1,57,Wed,3,Commute
grocery,353.17,F,1,29,Wed,7,Regional
home,258.3,F,1,29,Wed,19,Long_Distance
misc,897.8,M,1,57,Wed,22,Commute
shopping,993.91,M,1,57,Wed,22,Regional
grocery,132.1,F,1,29,Wed,23,Regional
shopping,1078.15,M,1,57,Wed,23,Long_Distance
travel,18.71,F,1,54,Thu,0,Commute
travel,21.45,F,1,54,Thu,1,Long_Distance
grocery,304.03,M,1,57,Thu,3,Regional
travel,17.26,F,1,54,Thu,11,Regional
misc,716.45,M,1,57,Thu,22,Long_Distance
misc,49.79,F,1,54,Thu,22,Commute
shopping,1042.2,M,1,57,Thu,23,Long_Distance
shopping,750.68,F,1,54,Thu,23,Long_Distance
shopping,865.11,M,1,57,Thu,23,Long_Distance
shopping,943.97,F,1,54,Thu,23,Long_Distance
grocery,312.81,F,1,54,Fri,2,Long_Distance
grocery,308.05,F,1,54,Fri,3,Long_Distance
shopping,1080.78,F,1,54,Fri,22,Long_Distance
health,16.91,F,1,54,Fri,23,Long_Distance
misc,52.89,F,1,54,Fri,23,Regional
grocery,13.51,F,1,74,Sat,0,Regional
shopping,974.65,F,1,74,Sat,21,Long_Distance
misc,794.73,F,1,74,Sat,23,Commute
misc,782.49,F,1,74,Sat,23,Long_Distance
grocery,343.03,F,1,33,Sun,0,Long_Distance
grocery,301.59,F,1,74,Sun,3,Commute
grocery,107.32,F,1,33,Sun,17,Regional
shopping,1049.73,F,1,74,Sun,22,Local
shopping,959.52,F,1,74,Sun,22,Commute
grocery,119.77,F,1,33,Sun,22,Local
shopping,1069.53,F,1,74,Sun,22,Commute
home,274.23,F,1,33,Sun,22,Long_Distance
home,19.0,F,1,33,Sun,23,Long_Distance
misc,896.46,F,1,74,Sun,23,Regional
grocery,299.97,F,1,74,Sun,23,Long_Distance
misc,650.86,F,1,74,Sun,23,Regional
grocery,325.67,F,1,74,Sun,23,Regional
grocery,280.58,M,1,59,Mon,0,Long_Distance
grocery,371.84,F,1,33,Mon,5,Regional
travel,5.26,M,1,65,Mon,21,Regional
entertainment,557.46,F,1,33,Mon,22,Local
shopping,995.0,M,1,59,Mon,22,Commute
shopping,951.91,M,1,59,Mon,23,Regional
shopping,1141.38,M,1,59,Mon,23,Long_Distance
grocery,269.01,M,1,59,Tue,0,Remote
travel,20.09,M,1,65,Tue,1,Regional
grocery,320.74,M,1,59,Tue,1,Long_Distance
grocery,308.66,M,1,65,Tue,1,Long_Distance
grocery,330.12,M,1,65,Tue,5,Long_Distance
misc,768.37,M,1,59,Tue,22,Long_Distance
misc,789.41,M,1,59,Tue,22,Long_Distance
shopping,1041.01,M,1,59,Tue,22,Long_Distance
grocery,337.94,M,1,65,Tue,23,Regional
shopping,1106.41,M,1,59,Tue,23,Long_Distance
travel,11.21,M,1,27,Thu,0,Long_Distance
travel,7.84,M,1,88,Thu,0,Long_Distance
grocery,291.8,M,1,27,Thu,1,Long_Distance
grocery,296.34,M,1,27,Thu,10,Commute
health,19.02,F,1,59,Thu,15,Commute
shopping,1051.96,M,1,88,Thu,22,Regional
travel,9.25,F,1,59,Thu,22,Long_Distance
grocery,309.43,M,1,27,Thu,22,Regional
misc,853.47,M,1,27,Thu,22,Long_Distance
shopping,1153.43,M,1,88,Thu,23,Commute
shopping,975.25,M,1,88,Thu,23,Commute
shopping,1130.56,F,1,59,Thu,23,Commute
grocery,283.96,M,1,88,Fri,0,Long_Distance
grocery,285.44,F,1,59,Fri,1,Remote
grocery,310.79,M,1,27,Fri,1,Long_Distance
grocery,302.23,M,1,27,Fri,3,Local
travel,7.0,M,1,88,Fri,3,Regional
misc,780.45,M,1,27,Fri,12,Commute
shopping,914.18,F,1,59,Fri,22,Long_Distance
misc,774.14,M,1,88,Fri,23,Regional
shopping,955.39,F,1,59,Fri,23,Remote
misc,720.24,F,1,59,Fri,23,Regional
shopping,990.7,F,1,59,Fri,23,Regional
misc,931.63,F,1,59,Fri,23,Local
grocery,287.69,M,1,30,Sat,3,Commute
shopping,975.35,M,1,30,Sat,22,Commute
shopping,982.99,M,1,30,Sat,23,Long_Distance
misc,710.75,M,1,30,Sat,23,Long_Distance
shopping,941.23,M,1,30,Sat,23,Remote
shopping,1034.33,F,1,26,Sun,0,Commute
shopping,934.89,F,1,26,Sun,0,Commute
shopping,957.05,F,1,26,Sun,0,Long_Distance
shopping,920.68,F,1,26,Sun,0,Long_Distance
grocery,359.67,F,1,26,Sun,2,Long_Distance
shopping,805.5,F,1,26,Sun,2,Commute
grocery,348.61,F,1,26,Sun,2,Commute
entertainment,596.85,F,1,26,Sun,20,Commute
grocery,275.75,M,1,30,Sun,22,Commute
shopping,1021.04,M,1,30,Sun,22,Long_Distance
home,19.63,F,1,26,Sun,22,Remote
home,241.34,F,1,26,Sun,22,Commute
health,17.29,F,1,26,Sun,22,Regional
grocery,135.12,F,1,26,Sun,22,Long_Distance
misc,850.64,M,1,30,Sun,23,Long_Distance
shopping,760.17,M,1,30,Sun,23,Long_Distance
grocery,298.35,F,1,21,Mon,0,Regional
grocery,354.63,F,1,26,Mon,0,Long_Distance
misc,989.83,F,1,21,Mon,0,Long_Distance
misc,684.27,F,1,21,Mon,0,Regional
grocery,5.6,M,1,96,Mon,1,Long_Distance
entertainment,532.58,F,1,26,Mon,1,Commute
misc,684.31,F,1,26,Mon,1,Long_Distance
grocery,337.71,M,1,96,Mon,1,Long_Distance
misc,772.78,F,1,26,Mon,1,Long_Distance
grocery,319.08,F,1,21,Mon,2,Remote
shopping,987.01,F,1,26,Mon,2,Long_Distance
shopping,906.2,F,1,26,Mon,2,Commute
grocery,301.61,F,1,21,Mon,3,Regional
grocery,332.09,F,1,26,Mon,3,Long_Distance
grocery,9.69,M,1,96,Mon,3,Commute
grocery,308.32,F,1,21,Mon,8,Long_Distance
grocery,343.05,F,1,26,Mon,9,Commute
shopping,790.4,F,1,21,Mon,12,Long_Distance
shopping,969.07,M,1,52,Mon,19,Commute
shopping,1113.4,M,1,96,Mon,22,Long_Distance
shopping,1037.21,M,1,96,Mon,22,Commute
misc,8.77,F,1,21,Mon,22,Long_Distance
home,292.85,F,1,26,Mon,23,Long_Distance
health,19.79,F,1,26,Mon,23,Remote
misc,7.12,F,1,21,Mon,23,Remote
home,272.17,F,1,26,Mon,23,Long_Distance
home,19.33,F,1,26,Mon,23,Long_Distance
personal,18.29,M,1,96,Mon,23,Regional
misc,9.29,F,1,26,Tue,0,Long_Distance
grocery,9.92,F,1,26,Tue,0,Long_Distance
entertainment,576.18,F,1,26,Tue,1,Regional
grocery,347.5,F,1,26,Tue,1,Long_Distance
travel,12.27,F,1,21,Tue,1,Long_Distance
grocery,274.36,F,1,21,Tue,1,Commute
misc,9.5,F,1,26,Tue,2,Commute
misc,9.65,F,1,26,Tue,3,Commute
misc,825.63,F,1,21,Tue,3,Regional
grocery,339.09,F,1,91,Tue,3,Long_Distance
grocery,322.27,F,1,26,Tue,3,Remote
misc,792.98,F,1,91,Tue,18,Commute
misc,758.6,M,1,52,Tue,22,Commute
grocery,330.62,M,1,52,Tue,22,Commute
shopping,918.58,M,1,52,Tue,22,Long_Distance
shopping,916.74,M,1,96,Tue,22,Commute
misc,742.86,F,1,91,Tue,22,Regional
home,22.04,F,1,26,Tue,22,Long_Distance
shopping,891.63,F,1,21,Tue,23,Regional
grocery,127.66,F,1,21,Tue,23,Long_Distance
travel,7.99,M,1,72,Wed,2,Long_Distance
grocery,292.51,F,1,91,Wed,3,Local
grocery,321.55,M,1,72,Wed,9,Long_Distance
grocery,296.79,F,1,91,Wed,10,Long_Distance
shopping,1117.83,M,1,72,Wed,22,Commute
shopping,855.28,F,1,91,Wed,22,Long_Distance
misc,723.97,M,1,72,Wed,23,Commute
shopping,1010.08,F,1,91,Wed,23,Long_Distance
misc,821.28,M,1,27,Thu,0,Long_Distance
grocery,366.56,F,1,43,Thu,0,Long_Distance
misc,615.95,M,1,27,Thu,1,Commute
shopping,1116.06,F,1,43,Thu,1,Regional
grocery,122.03,F,1,43,Thu,1,Long_Distance
grocery,320.13,M,1,72,Thu,2,Local
misc,709.07,M,1,27,Thu,2,Commute
misc,7.45,F,1,43,Thu,2,Commute
entertainment,530.09,F,1,43,Thu,6,Regional
grocery,124.27,F,1,43,Thu,19,Long_Distance
shopping,935.6,M,1,72,Thu,22,Remote
shopping,969.54,M,1,27,Thu,22,Regional
shopping,1267.18,M,1,72,Thu,22,Long_Distance
personal,52.45,F,1,51,Thu,22,Long_Distance
personal,18.83,F,1,43,Thu,23,Regional
shopping,1051.86,F,1,51,Thu,23,Long_Distance
grocery,332.71,M,1,72,Thu,23,Long_Distance
misc,714.17,F,1,38,Fri,0,Regional
travel,21.44,F,1,51,Fri,0,Long_Distance
grocery,304.69,M,1,27,Fri,1,Commute
shopping,896.5,F,1,43,Fri,1,Commute
travel,13.62,F,1,43,Fri,1,Commute
travel,10.97,F,1,44,Fri,1,Long_Distance
grocery,131.09,F,1,43,Fri,2,Commute
travel,13.63,F,1,44,Fri,2,Commute
grocery,362.44,F,1,43,Fri,2,Regional
misc,814.59,M,1,27,Fri,2,Regional
misc,844.57,F,1,44,Fri,2,Long_Distance
grocery,329.02,M,1,27,Fri,2,Long_Distance
misc,695.52,M,1,27,Fri,2,Long_Distance
grocery,16.19,F,1,51,Fri,2,Long_Distance
shopping,850.9,F,1,43,Fri,3,Long_Distance
misc,778.4,F,1,44,Fri,3,Long_Distance
travel,18.5,F,1,51,Fri,6,Local
grocery,10.87,F,1,51,Fri,7,Regional
grocery,138.22,F,1,43,Fri,11,Long_Distance
personal,52.82,F,1,51,Fri,15,Regional
home,17.4,F,1,44,Fri,17,Long_Distance
health,18.86,M,1,27,Fri,19,Remote
home,21.16,M,1,27,Fri,21,Remote
home,21.22,F,1,44,Fri,22,Long_Distance
personal,20.96,F,1,44,Fri,22,Regional
shopping,1171.12,F,1,51,Fri,22,Long_Distance
shopping,1043.4,F,1,38,Fri,22,Regional
misc,10.46,M,1,27,Fri,22,Remote
home,20.9,F,1,43,Fri,22,Regional
misc,7.8,M,1,27,Fri,22,Regional
shopping,815.62,F,1,51,Fri,23,Long_Distance
entertainment,498.78,F,1,44,Fri,23,Long_Distance
shopping,1079.08,F,1,38,Fri,23,Regional
grocery,127.17,F,1,38,Fri,23,Long_Distance
home,22.62,F,1,38,Fri,23,Regional
health,20.84,F,1,38,Fri,23,Long_Distance
grocery,333.49,F,1,51,Fri,23,Long_Distance
home,228.94,F,1,43,Fri,23,Commute
travel,8.3,M,1,41,Sat,0,Long_Distance
travel,9.46,F,1,64,Sat,0,Regional
shopping,1107.33,F,1,38,Sat,2,Long_Distance
grocery,8.22,F,1,44,Sat,2,Commute
shopping,882.83,F,1,38,Sat,2,Remote
grocery,358.55,F,1,38,Sat,2,Regional
shopping,1051.31,F,1,38,Sat,2,Long_Distance
travel,11.6,M,1,41,Sat,2,Long_Distance
shopping,819.05,F,1,44,Sat,2,Commute
misc,762.62,M,1,41,Sat,2,Long_Distance
misc,766.03,M,1,41,Sat,3,Regional
misc,954.19,F,1,44,Sat,3,Regional
grocery,364.36,F,1,44,Sat,3,Commute
grocery,327.12,F,1,44,Sat,3,Regional
grocery,284.14,M,1,41,Sat,8,Long_Distance
home,20.67,F,1,38,Sat,20,Long_Distance
travel,10.45,F,1,64,Sat,22,Commute
personal,21.7,F,1,64,Sat,22,Long_Distance
shopping,877.38,F,1,64,Sat,22,Commute
shopping,931.91,F,1,64,Sat,22,Regional
grocery,290.4,F,1,64,Sat,22,Commute
entertainment,471.23,F,1,64,Sat,22,Commute
travel,10.62,F,1,38,Sat,22,Long_Distance
home,19.92,F,1,44,Sat,23,Commute
entertainment,510.36,F,1,38,Sat,23,Long_Distance
health,22.93,F,1,38,Sat,23,Long_Distance
home,18.74,F,1,38,Sat,23,Long_Distance
travel,7.3,M,1,41,Sun,0,Long_Distance
travel,7.38,M,1,41,Sun,1,Regional
grocery,309.21,F,1,64,Sun,2,Long_Distance
grocery,327.62,F,1,64,Sun,2,Long_Distance
grocery,305.37,M,1,41,Sun,3,Long_Distance
personal,21.55,M,1,41,Sun,22,Regional
home,20.36,M,1,41,Sun,23,Remote
shopping,897.98,F,1,64,Sun,23,Commute
shopping,1109.56,F,1,64,Sun,23,Commute
grocery,280.74,F,1,64,Sun,23,Commute
shopping,935.97,F,1,44,Mon,0,Regional
shopping,862.53,F,1,44,Mon,1,Regional
travel,11.17,F,1,44,Mon,3,Long_Distance
misc,876.32,F,1,44,Mon,7,Commute
home,229.83,F,1,44,Mon,16,Long_Distance
health,21.69,F,1,44,Mon,22,Remote
personal,20.71,F,1,44,Mon,22,Long_Distance
grocery,97.93,F,1,44,Mon,23,Commute
personal,18.31,F,1,44,Mon,23,Long_Distance
misc,838.98,F,1,22,Tue,0,Long_Distance
grocery,313.0,F,1,22,Tue,0,Commute
grocery,262.6,F,1,22,Tue,1,Commute
misc,828.34,M,1,45,Tue,2,Commute
shopping,1024.17,F,1,44,Tue,2,Regional
grocery,331.19,F,1,22,Tue,3,Regional
grocery,315.01,F,1,22,Tue,3,Long_Distance
misc,812.95,F,1,44,Tue,6,Long_Distance
shopping,927.37,M,1,51,Tue,12,Remote
shopping,1125.06,F,1,22,Tue,22,Commute
shopping,976.39,M,1,51,Tue,22,Long_Distance
travel,9.12,M,1,51,Tue,22,Commute
shopping,736.46,M,1,45,Tue,22,Long_Distance
shopping,873.99,M,1,45,Tue,22,Commute
shopping,1042.58,M,1,51,Tue,22,Long_Distance
shopping,1046.78,F,1,22,Tue,22,Commute
shopping,1024.84,M,1,45,Tue,23,Regional
shopping,774.1,F,1,44,Tue,23,Commute
misc,590.22,M,1,51,Tue,23,Regional
shopping,1185.77,F,1,22,Tue,23,Long_Distance
shopping,799.56,M,1,45,Tue,23,Long_Distance
shopping,909.85,F,1,22,Tue,23,Long_Distance
grocery,288.8,F,1,22,Wed,1,Regional
travel,21.36,F,1,72,Wed,1,Commute
grocery,289.76,M,1,45,Wed,1,Regional
grocery,302.2,F,1,22,Wed,2,Local
grocery,330.19,F,1,72,Wed,2,Long_Distance
shopping,913.68,F,1,50,Wed,3,Commute
grocery,303.46,F,1,72,Wed,3,Long_Distance
grocery,314.26,F,1,22,Wed,3,Commute
grocery,340.63,F,1,72,Wed,22,Remote
shopping,1032.31,M,1,45,Wed,22,Long_Distance
shopping,1035.66,F,1,22,Wed,22,Commute
health,19.31,M,1,45,Wed,22,Regional
misc,796.22,M,1,51,Wed,23,Regional
shopping,950.19,F,1,72,Wed,23,Commute
shopping,840.13,M,1,45,Wed,23,Regional
misc,822.29,F,1,72,Wed,23,Long_Distance
shopping,966.04,M,1,51,Wed,23,Long_Distance
shopping,1025.76,F,1,40,Thu,0,Long_Distance
shopping,821.13,F,1,33,Thu,0,Long_Distance
shopping,811.62,F,1,50,Thu,2,Regional
shopping,1003.86,F,1,50,Thu,2,Long_Distance
grocery,319.57,F,1,72,Thu,2,Long_Distance
shopping,889.94,F,1,72,Thu,13,Commute
entertainment,498.01,F,1,50,Thu,14,Long_Distance
health,22.55,F,1,40,Thu,20,Commute
home,225.89,F,1,50,Thu,22,Regional
health,18.26,F,1,50,Thu,22,Long_Distance
shopping,845.81,F,1,50,Thu,22,Regional
health,17.89,F,1,50,Thu,22,Long_Distance
personal,20.28,F,1,40,Thu,22,Commute
grocery,320.49,F,1,72,Thu,22,Commute
shopping,785.68,F,1,72,Thu,23,Commute
personal,19.55,F,1,40,Thu,23,Long_Distance
misc,811.26,F,1,72,Thu,23,Long_Distance
shopping,866.33,F,1,40,Fri,1,Long_Distance
shopping,939.78,F,1,40,Fri,2,Long_Distance
health,21.42,F,1,33,Fri,15,Long_Distance
home,252.92,F,1,33,Fri,22,Regional
personal,21.78,F,1,40,Fri,23,Commute
shopping,1319.97,F,1,47,Sat,2,Long_Distance
personal,15.99,F,1,47,Sat,22,Regional
travel,9.82,F,1,47,Sat,23,Regional
grocery,345.96,F,1,47,Sun,1,Commute
shopping,1000.46,F,1,47,Sun,1,Commute
shopping,1019.77,F,1,47,Sun,2,Remote
travel,12.78,F,1,47,Sun,3,Commute
home,279.58,F,1,47,Sun,13,Regional
grocery,342.38,F,1,36,Mon,2,Regional
shopping,909.88,F,1,36,Mon,2,Long_Distance
home,220.35,F,1,36,Mon,22,Long_Distance
entertainment,555.79,F,1,36,Mon,22,Long_Distance
health,20.64,F,1,36,Mon,22,Commute
grocery,371.82,F,1,36,Tue,0,Commute
shopping,1017.67,F,1,36,Tue,0,Long_Distance
misc,645.41,F,1,36,Tue,3,Long_Distance
entertainment,464.3,F,1,36,Tue,18,Long_Distance
travel,10.23,F,1,36,Tue,18,Long_Distance
shopping,874.71,F,1,36,Tue,18,Long_Distance
home,24.06,F,1,36,Tue,22,Regional
entertainment,470.35,F,1,36,Tue,22,Long_Distance
health,23.06,F,1,36,Tue,22,Commute
shopping,859.32,F,1,36,Tue,23,Commute
health,22.75,F,1,36,Tue,23,Local
shopping,758.01,M,1,74,Wed,22,Long_Distance
shopping,1057.1,M,1,74,Wed,23,Regional
grocery,314.66,M,1,54,Thu,1,Commute
grocery,334.1,F,1,47,Thu,2,Long_Distance
shopping,1009.75,F,1,47,Thu,3,Long_Distance
grocery,341.31,F,1,47,Thu,3,Regional
grocery,347.19,F,1,47,Thu,11,Regional
misc,49.47,M,1,74,Thu,13,Long_Distance
home,20.97,F,1,47,Thu,14,Commute
misc,923.35,M,1,54,Thu,19,Regional
home,24.16,F,1,47,Thu,19,Long_Distance
shopping,1046.28,M,1,54,Thu,22,Commute
shopping,970.97,M,1,54,Thu,22,Long_Distance
grocery,136.55,F,1,47,Thu,22,Commute
misc,1039.88,M,1,54,Thu,22,Regional
shopping,963.37,M,1,54,Thu,23,Commute
shopping,956.23,M,1,54,Thu,23,Long_Distance
personal,49.25,M,1,74,Thu,23,Remote
health,22.43,F,1,47,Thu,23,Commute
home,260.26,F,1,47,Thu,23,Long_Distance
grocery,337.13,F,1,47,Fri,0,Commute
misc,721.52,F,1,47,Fri,0,Commute
travel,22.4,M,1,54,Fri,3,Regional
shopping,832.92,F,1,47,Fri,7,Regional
grocery,336.94,M,1,54,Fri,7,Long_Distance
home,269.53,F,1,47,Fri,18,Long_Distance
grocery,379.3,M,1,54,Fri,22,Regional
shopping,992.81,M,1,54,Fri,22,Commute
shopping,1033.25,M,1,54,Fri,22,Commute
home,16.69,F,1,47,Fri,23,Long_Distance
entertainment,549.93,M,1,54,Fri,23,Commute
health,16.52,F,1,47,Fri,23,Long_Distance
travel,7.86,M,1,23,Sat,0,Commute
grocery,318.03,M,1,54,Sat,0,Regional
grocery,335.75,M,1,54,Sat,0,Long_Distance
misc,996.21,M,1,54,Sat,22,Long_Distance
misc,810.84,M,1,54,Sat,22,Commute
grocery,299.83,M,1,54,Sat,23,Commute
misc,760.8,M,1,54,Sat,23,Regional
grocery,119.72,F,1,50,Sat,23,Long_Distance
grocery,323.12,M,1,23,Sun,1,Remote
shopping,1054.16,F,1,50,Sun,7,Long_Distance
misc,922.33,M,1,54,Sun,17,Commute
shopping,1029.06,M,1,23,Sun,21,Long_Distance
shopping,1060.69,M,1,23,Sun,22,Long_Distance
shopping,785.58,M,1,54,Sun,22,Regional
shopping,814.44,M,1,23,Sun,22,Regional
entertainment,461.33,M,1,23,Sun,23,Long_Distance
misc,812.66,M,1,23,Sun,23,Commute
shopping,881.81,M,1,54,Sun,23,Long_Distance
home,418.14,M,1,54,Sun,23,Commute
shopping,973.03,M,1,23,Sun,23,Commute
shopping,875.2,M,1,54,Sun,23,Regional
grocery,293.51,F,1,75,Mon,0,Regional
grocery,341.76,F,1,68,Mon,0,Long_Distance
travel,23.27,F,1,68,Mon,1,Commute
grocery,289.76,M,1,93,Mon,2,Regional
grocery,302.55,F,1,75,Mon,3,Long_Distance
travel,17.8,F,1,68,Mon,3,Commute
misc,802.1,F,1,68,Mon,19,Regional
misc,664.85,M,1,93,Mon,21,Long_Distance
shopping,1076.63,F,1,68,Mon,22,Long_Distance
shopping,675.79,F,1,75,Mon,22,Commute
entertainment,580.52,F,1,68,Mon,22,Long_Distance
misc,748.26,F,1,75,Mon,22,Long_Distance
home,3.15,F,1,75,Mon,22,Long_Distance
shopping,839.65,M,1,93,Mon,23,Long_Distance
shopping,787.07,M,1,93,Mon,23,Long_Distance
health,21.37,F,1,75,Mon,23,Regional
personal,53.26,F,1,68,Mon,23,Commute
grocery,339.6,F,1,75,Tue,0,Remote
grocery,14.31,F,1,75,Tue,0,Long_Distance
shopping,1028.41,F,1,37,Tue,0,Long_Distance
grocery,336.64,F,1,37,Tue,0,Regional
grocery,320.09,F,1,75,Tue,1,Long_Distance
misc,764.01,F,1,37,Tue,1,Local
grocery,315.83,F,1,75,Tue,1,Commute
grocery,289.38,F,1,75,Tue,1,Commute
misc,735.07,F,1,37,Tue,1,Regional
grocery,304.82,M,1,93,Tue,2,Long_Distance
misc,746.6,F,1,37,Tue,2,Regional
shopping,981.48,F,1,68,Tue,13,Commute
shopping,867.23,F,1,75,Tue,16,Long_Distance
travel,10.71,F,1,75,Tue,22,Long_Distance
personal,20.93,M,1,93,Tue,22,Long_Distance
shopping,938.71,F,1,75,Tue,22,Regional
misc,776.33,F,1,75,Tue,22,Regional
shopping,965.6,F,1,68,Tue,22,Commute
grocery,277.07,F,1,75,Tue,22,Regional
misc,790.95,F,1,68,Tue,22,Commute
grocery,113.15,F,1,37,Tue,22,Commute
entertainment,474.73,F,1,37,Tue,23,Long_Distance
grocery,108.56,F,1,37,Tue,23,Commute
grocery,314.02,F,1,75,Tue,23,Long_Distance
entertainment,347.05,M,1,93,Tue,23,Commute
shopping,976.1,F,1,68,Tue,23,Long_Distance
misc,854.79,F,1,75,Tue,23,Commute
grocery,312.74,M,1,43,Wed,0,Regional
grocery,304.81,F,1,75,Wed,1,Regional
shopping,754.99,F,1,37,Wed,1,Long_Distance
shopping,834.55,F,1,37,Wed,2,Remote
grocery,305.1,F,1,84,Wed,7,Long_Distance
misc,662.94,F,1,37,Wed,7,Regional
grocery,305.28,M,1,43,Wed,11,Local
misc,781.31,F,1,84,Wed,12,Commute
shopping,1104.35,F,1,84,Wed,13,Regional
shopping,935.55,F,1,75,Wed,22,Long_Distance
shopping,984.45,F,1,84,Wed,22,Commute
misc,864.74,F,1,75,Wed,22,Commute
entertainment,557.62,F,1,37,Wed,23,Long_Distance
health,18.42,F,1,37,Wed,23,Long_Distance
shopping,998.47,M,1,43,Wed,23,Commute
travel,11.0,M,1,43,Thu,0,Local
grocery,293.25,F,1,77,Thu,0,Long_Distance
grocery,306.41,M,1,43,Thu,2,Regional
travel,8.91,F,1,77,Thu,2,Commute
grocery,283.33,F,1,84,Thu,3,Regional
grocery,278.02,F,1,84,Thu,3,Long_Distance
grocery,286.88,M,1,43,Thu,11,Long_Distance
shopping,949.25,M,1,43,Thu,12,Regional
grocery,312.19,F,1,77,Thu,21,Commute
shopping,892.48,F,1,84,Thu,22,Long_Distance
misc,656.66,M,1,43,Thu,22,Regional
personal,20.91,F,1,35,Thu,22,Regional
misc,892.22,M,1,43,Thu,23,Commute
shopping,938.12,F,1,77,Thu,23,Long_Distance
shopping,1013.3,F,1,84,Thu,23,Regional
home,246.3,F,1,35,Thu,23,Regional
grocery,126.48,F,1,35,Thu,23,Commute
misc,726.12,F,1,77,Thu,23,Long_Distance
shopping,1060.3,F,1,84,Thu,23,Long_Distance
grocery,312.87,F,1,77,Thu,23,Long_Distance
shopping,853.55,F,1,35,Fri,1,Commute
shopping,892.53,F,1,35,Fri,2,Long_Distance
grocery,262.36,F,1,77,Fri,4,Commute
shopping,947.54,F,1,77,Fri,16,Remote
travel,9.89,F,1,77,Fri,17,Commute
health,19.17,F,1,35,Fri,23,Commute
personal,21.06,F,1,35,Fri,23,Regional
shopping,1107.04,F,1,77,Fri,23,Long_Distance
shopping,1009.0,F,1,77,Fri,23,Remote
misc,937.29,F,1,77,Fri,23,Commute
grocery,328.89,M,1,61,Sun,3,Long_Distance
grocery,284.36,M,1,61,Sun,3,Long_Distance
shopping,1031.42,M,1,61,Sun,18,Long_Distance
shopping,1169.13,M,1,61,Sun,22,Local
personal,19.13,M,1,61,Sun,22,Long_Distance
shopping,893.61,M,1,61,Sun,23,Regional
grocery,280.72,M,1,61,Mon,1,Commute
misc,832.2,M,1,61,Mon,22,Remote
shopping,1183.42,M,1,61,Mon,23,Long_Distance
health,25.43,M,1,61,Mon,23,Regional
misc,796.45,M,1,31,Tue,0,Commute
misc,872.36,M,1,31,Tue,1,Commute
grocery,289.49,M,1,52,Tue,5,Long_Distance
travel,7.99,M,1,52,Tue,9,Commute
grocery,312.52,M,1,52,Tue,10,Long_Distance
misc,920.01,M,1,52,Tue,14,Long_Distance
shopping,970.72,M,1,52,Tue,18,Regional
shopping,1060.43,M,1,52,Tue,20,Long_Distance
misc,755.75,M,1,52,Tue,22,Local
shopping,989.45,M,1,52,Tue,22,Regional
shopping,1077.25,M,1,31,Tue,22,Long_Distance
shopping,1159.44,M,1,31,Tue,22,Long_Distance
shopping,912.95,M,1,52,Tue,23,Long_Distance
grocery,298.22,M,1,31,Wed,1,Commute
grocery,321.06,F,1,94,Wed,2,Regional
grocery,308.53,M,1,31,Wed,10,Regional
entertainment,413.84,M,1,52,Wed,22,Long_Distance
shopping,1098.59,M,1,31,Wed,22,Regional
misc,789.22,M,1,52,Wed,22,Regional
shopping,691.48,M,1,31,Wed,22,Regional
misc,886.43,M,1,52,Wed,23,Commute
misc,718.27,F,1,94,Wed,23,Long_Distance
grocery,319.8,F,1,94,Thu,3,Long_Distance
misc,725.34,F,1,94,Thu,22,Long_Distance
shopping,1236.28,F,1,94,Thu,22,Regional
shopping,902.66,F,1,94,Thu,23,Local
home,422.31,F,1,94,Thu,23,Commute
shopping,1050.25,F,1,94,Thu,23,Long_Distance
misc,739.85,F,1,20,Fri,0,Long_Distance
grocery,13.6,M,1,85,Fri,1,Commute
travel,10.69,F,1,58,Fri,2,Long_Distance
grocery,336.46,F,1,20,Fri,2,Commute
grocery,9.05,F,1,20,Fri,2,Commute
travel,19.47,M,1,85,Fri,3,Long_Distance
grocery,332.59,F,1,58,Fri,3,Long_Distance
grocery,326.12,M,1,85,Fri,6,Long_Distance
grocery,111.17,F,1,43,Fri,7,Regional
shopping,969.74,F,1,58,Fri,17,Commute
shopping,912.51,F,1,58,Fri,20,Long_Distance
misc,868.91,F,1,58,Fri,22,Long_Distance
shopping,942.7,F,1,20,Fri,22,Commute
shopping,1186.21,M,1,85,Fri,22,Regional
shopping,1016.98,F,1,20,Fri,22,Local
shopping,925.38,F,1,58,Fri,23,Regional
misc,677.77,F,1,58,Fri,23,Commute
grocery,364.21,M,1,85,Fri,23,Long_Distance
shopping,1113.85,F,1,58,Fri,23,Long_Distance
shopping,971.34,F,1,30,Sat,1,Regional
grocery,323.22,M,1,85,Sat,2,Long_Distance
entertainment,565.42,F,1,43,Sat,2,Commute
grocery,337.99,M,1,85,Sat,2,Long_Distance
grocery,244.56,F,1,58,Sat,3,Regional
grocery,277.3,F,1,20,Sat,3,Commute
misc,859.07,F,1,20,Sat,3,Long_Distance
home,257.34,F,1,30,Sat,13,Long_Distance
travel,10.51,F,1,30,Sat,22,Commute
grocery,269.12,M,1,85,Sat,22,Long_Distance
personal,20.77,F,1,43,Sat,22,Remote
grocery,129.72,F,1,43,Sat,22,Long_Distance
personal,17.88,F,1,43,Sat,22,Long_Distance
shopping,1044.98,M,1,85,Sat,22,Commute
shopping,953.66,F,1,20,Sat,23,Long_Distance
shopping,825.32,F,1,20,Sat,23,Long_Distance
home,19.01,F,1,30,Sat,23,Long_Distance
shopping,1168.61,F,1,20,Sat,23,Long_Distance
shopping,881.37,F,1,58,Sat,23,Commute
shopping,953.66,F,1,20,Sat,23,Local
entertainment,422.28,F,1,30,Sat,23,Long_Distance
shopping,1050.65,F,1,58,Sat,23,Long_Distance
misc,792.99,M,1,85,Sat,23,Local
entertainment,429.9,F,1,49,Sun,1,Regional
shopping,1074.89,F,1,30,Sun,2,Local
misc,795.99,F,1,30,Sun,3,Regional
shopping,1028.83,F,1,30,Sun,3,Long_Distance
travel,8.44,F,1,30,Sun,8,Regional
misc,845.29,F,1,30,Sun,9,Regional
home,279.9,F,1,30,Sun,20,Long_Distance
grocery,142.55,F,1,30,Sun,22,Regional
personal,18.52,F,1,49,Sun,22,Long_Distance
entertainment,493.98,F,1,30,Sun,22,Regional
personal,18.42,F,1,30,Sun,22,Commute
travel,10.18,F,1,30,Sun,22,Local
grocery,258.85,M,1,27,Mon,0,Commute
misc,940.42,F,1,49,Mon,0,Long_Distance
travel,16.5,M,1,66,Mon,2,Commute
grocery,334.45,F,1,49,Mon,2,Commute
shopping,954.32,F,1,49,Mon,2,Long_Distance
grocery,362.27,M,1,66,Mon,3,Regional
shopping,992.81,M,1,66,Mon,18,Long_Distance
entertainment,502.17,M,1,27,Mon,20,Regional
misc,788.07,M,1,66,Mon,22,Commute
home,394.82,M,1,66,Mon,22,Commute
misc,703.63,M,1,66,Mon,23,Regional
shopping,839.55,M,1,66,Mon,23,Remote
shopping,974.1,M,1,66,Mon,23,Regional
shopping,1023.35,M,1,66,Mon,23,Commute
grocery,304.14,M,1,27,Tue,0,Long_Distance
grocery,363.98,M,1,55,Tue,1,Commute
misc,586.09,M,1,27,Tue,1,Long_Distance
grocery,15.83,M,1,55,Tue,3,Local
grocery,281.61,M,1,27,Tue,3,Long_Distance
grocery,304.59,M,1,55,Tue,3,Long_Distance
grocery,338.13,M,1,27,Tue,3,Long_Distance
shopping,990.61,M,1,55,Tue,19,Long_Distance
entertainment,577.16,M,1,55,Tue,21,Regional
travel,7.74,M,1,66,Tue,22,Commute
shopping,936.85,M,1,55,Tue,22,Regional
grocery,321.51,M,1,55,Tue,22,Regional
shopping,715.07,M,1,27,Tue,22,Long_Distance
grocery,351.27,M,1,66,Tue,22,Long_Distance
shopping,676.8,M,1,66,Tue,22,Regional
grocery,293.4,M,1,55,Tue,22,Long_Distance
shopping,1092.32,M,1,55,Tue,23,Commute
shopping,872.35,M,1,55,Tue,23,Commute
grocery,315.66,M,1,42,Wed,0,Regional
misc,932.86,M,1,55,Wed,18,Commute
shopping,918.36,M,1,55,Wed,21,Long_Distance
grocery,315.06,M,1,55,Wed,22,Regional
shopping,1006.38,M,1,42,Wed,22,Long_Distance
shopping,1002.31,M,1,42,Wed,22,Regional
shopping,857.51,M,1,42,Wed,23,Commute
shopping,1102.11,M,1,42,Wed,23,Regional
misc,801.71,M,1,35,Thu,1,Remote
travel,11.7,M,1,35,Thu,2,Long_Distance
misc,869.31,M,1,35,Thu,2,Long_Distance
shopping,1012.71,M,1,35,Thu,21,Local
shopping,788.01,M,1,35,Thu,22,Commute
shopping,1067.46,M,1,42,Thu,22,Long_Distance
shopping,965.21,M,1,42,Thu,22,Long_Distance
shopping,1007.85,M,1,42,Thu,23,Regional
shopping,957.83,M,1,42,Thu,23,Regional
travel,13.32,M,1,35,Fri,0,Long_Distance
grocery,314.62,M,1,35,Fri,1,Regional
grocery,292.41,M,1,35,Fri,2,Commute
misc,803.68,M,1,35,Fri,3,Long_Distance
grocery,312.41,M,1,35,Fri,4,Long_Distance
shopping,1144.18,M,1,35,Fri,20,Regional
home,237.39,M,1,35,Fri,22,Regional
grocery,302.22,F,1,52,Sat,2,Long_Distance
misc,964.3,F,1,52,Sat,22,Commute
shopping,1062.27,F,1,52,Sat,23,Local
travel,9.71,F,1,52,Sun,1,Commute
grocery,298.32,F,1,52,Sun,3,Regional
misc,738.31,F,1,52,Sun,16,Commute
shopping,985.98,F,1,52,Sun,18,Regional
shopping,949.4,F,1,52,Sun,22,Long_Distance
travel,8.49,F,1,67,Sun,22,Commute
misc,710.45,F,1,67,Sun,22,Long_Distance
misc,48.95,F,1,67,Sun,22,Commute
shopping,961.84,F,1,52,Sun,23,Regional
shopping,995.71,F,1,67,Sun,23,Long_Distance
grocery,344.55,F,1,67,Sun,23,Long_Distance
shopping,805.55,F,1,52,Sun,23,Local
misc,935.6,F,1,52,Sun,23,Long_Distance
grocery,312.69,F,1,67,Mon,0,Regional
travel,19.23,F,1,67,Mon,0,Commute
shopping,918.25,F,1,67,Mon,14,Commute
travel,1.99,F,1,67,Mon,16,Long_Distance
shopping,904.82,F,1,67,Mon,17,Long_Distance
shopping,990.11,F,1,67,Mon,20,Long_Distance
grocery,305.08,F,1,67,Mon,23,Commute
shopping,1050.34,F,1,67,Mon,23,Long_Distance
shopping,914.68,F,1,67,Mon,23,Regional
shopping,928.08,F,1,67,Mon,23,Long_Distance
grocery,294.39,M,1,30,Tue,0,Long_Distance
misc,886.04,M,1,30,Tue,6,Local
shopping,1039.27,M,1,30,Tue,22,Long_Distance
shopping,968.38,M,1,30,Tue,22,Long_Distance
shopping,829.02,M,1,30,Tue,22,Long_Distance
shopping,989.35,M,1,30,Tue,23,Long_Distance
grocery,281.59,M,1,57,Wed,0,Commute
shopping,1071.14,F,1,33,Wed,0,Commute
grocery,7.88,M,1,57,Wed,0,Long_Distance
shopping,833.88,F,1,33,Wed,3,Long_Distance
misc,871.31,F,1,33,Wed,3,Long_Distance
grocery,277.62,M,1,57,Wed,8,Remote
grocery,280.98,M,1,30,Wed,9,Long_Distance
misc,854.39,M,1,57,Wed,15,Long_Distance
shopping,1012.65,M,1,30,Wed,19,Regional
shopping,969.19,M,1,57,Wed,20,Long_Distance
misc,732.99,M,1,57,Wed,22,Regional
grocery,278.34,M,1,57,Wed,22,Long_Distance
grocery,362.88,F,1,33,Thu,0,Commute
misc,599.01,M,1,50,Thu,1,Commute
misc,911.2,F,1,33,Thu,1,Long_Distance
shopping,881.86,F,1,33,Thu,1,Commute
grocery,357.86,F,1,33,Thu,1,Long_Distance
grocery,257.23,M,1,57,Thu,3,Long_Distance
grocery,346.12,F,1,33,Thu,4,Regional
grocery,326.32,M,1,50,Thu,7,Commute
shopping,896.61,F,1,33,Thu,15,Regional
misc,898.89,M,1,57,Thu,22,Long_Distance
misc,750.26,M,1,50,Thu,22,Long_Distance
home,21.78,F,1,33,Thu,22,Long_Distance
shopping,1038.25,M,1,57,Thu,23,Regional
shopping,949.38,F,1,33,Thu,23,Commute
shopping,963.73,M,1,57,Thu,23,Remote
shopping,824.28,M,1,50,Thu,23,Long_Distance
grocery,303.68,M,1,50,Fri,2,Long_Distance
grocery,296.0,M,1,50,Fri,11,Long_Distance
shopping,1008.51,M,1,50,Fri,17,Regional
shopping,1180.79,M,1,50,Fri,23,Long_Distance
shopping,841.89,M,1,50,Fri,23,Local
shopping,729.49,M,1,50,Fri,23,Regional
shopping,980.65,M,1,50,Fri,23,Long_Distance
misc,879.72,F,1,32,Sun,9,Long_Distance
health,19.64,F,1,32,Sun,22,Long_Distance
travel,7.98,M,1,27,Mon,1,Long_Distance
grocery,307.55,M,1,27,Mon,3,Commute
misc,772.07,M,1,27,Mon,7,Commute
shopping,853.68,F,1,32,Mon,10,Commute
entertainment,503.49,M,1,27,Mon,23,Long_Distance
grocery,337.39,M,1,48,Tue,1,Long_Distance
travel,9.04,M,1,27,Tue,1,Long_Distance
grocery,292.54,M,1,48,Tue,2,Long_Distance
grocery,245.89,M,1,27,Tue,2,Remote
shopping,1117.27,M,1,27,Tue,14,Regional
misc,774.22,M,1,27,Tue,21,Commute
shopping,995.97,M,1,48,Tue,22,Long_Distance
shopping,1062.66,M,1,48,Tue,23,Long_Distance
entertainment,467.84,M,1,27,Tue,23,Long_Distance
misc,828.4,M,1,27,Tue,23,Regional
shopping,1113.08,M,1,48,Tue,23,Regional
grocery,360.71,F,1,48,Wed,2,Remote
travel,9.34,M,1,46,Wed,2,Commute
misc,740.62,M,1,48,Wed,2,Commute
grocery,311.85,M,1,46,Wed,3,Commute
grocery,285.38,M,1,46,Wed,3,Regional
travel,11.19,M,1,48,Wed,10,Long_Distance
travel,12.54,F,1,48,Wed,11,Long_Distance
home,21.29,M,1,52,Wed,18,Commute
misc,7.23,M,1,46,Wed,19,Remote
shopping,1057.35,M,1,48,Wed,22,Commute
misc,737.94,M,1,52,Wed,22,Remote
shopping,1090.31,M,1,52,Wed,22,Long_Distance
home,258.37,F,1,48,Wed,22,Long_Distance
home,19.81,F,1,48,Wed,22,Long_Distance
shopping,966.79,M,1,52,Wed,23,Regional
personal,18.68,F,1,48,Wed,23,Commute
misc,852.95,M,1,52,Wed,23,Long_Distance
shopping,1083.04,F,1,48,Wed,23,Long_Distance
misc,820.97,M,1,52,Wed,23,Long_Distance
shopping,991.0,M,1,52,Wed,23,Commute
misc,808.71,M,1,46,Thu,0,Long_Distance
grocery,301.37,M,1,46,Thu,0,Commute
shopping,1004.38,F,1,48,Thu,1,Regional
misc,809.83,F,1,20,Thu,1,Long_Distance
grocery,275.59,M,1,46,Thu,3,Commute
misc,726.23,M,1,46,Thu,3,Long_Distance
grocery,340.71,F,1,48,Thu,3,Regional
grocery,304.17,M,1,46,Thu,3,Commute
shopping,1135.26,M,1,52,Thu,13,Commute
grocery,119.06,F,1,48,Thu,22,Long_Distance
grocery,118.24,F,1,48,Thu,22,Long_Distance
shopping,1052.9,F,1,48,Thu,22,Long_Distance
misc,963.78,M,1,52,Thu,22,Long_Distance
shopping,914.35,F,1,20,Thu,22,Long_Distance
shopping,1064.72,M,1,52,Thu,22,Commute
personal,16.32,F,1,48,Thu,22,Regional
misc,9.1,F,1,20,Thu,22,Regional
home,20.35,F,1,48,Thu,22,Long_Distance
misc,836.83,M,1,52,Thu,22,Commute
personal,23.26,F,1,48,Thu,23,Long_Distance
shopping,834.99,M,1,46,Thu,23,Long_Distance
shopping,875.14,M,1,46,Thu,23,Long_Distance
grocery,114.9,F,1,48,Thu,23,Regional
entertainment,393.1,M,1,52,Thu,23,Long_Distance
shopping,672.95,M,1,46,Thu,23,Long_Distance
grocery,106.28,F,1,30,Fri,0,Regional
grocery,299.29,F,1,20,Fri,0,Commute
grocery,312.03,F,1,20,Fri,1,Regional
grocery,251.36,F,1,20,Fri,2,Long_Distance
travel,12.08,F,1,20,Fri,3,Long_Distance
entertainment,479.52,F,1,30,Fri,3,Commute
grocery,334.14,F,1,70,Fri,3,Commute
misc,851.6,F,1,70,Fri,22,Long_Distance
shopping,911.81,F,1,70,Fri,22,Commute
personal,22.44,F,1,30,Fri,22,Long_Distance
shopping,966.17,F,1,20,Fri,22,Commute
misc,49.16,F,1,70,Fri,23,Long_Distance
entertainment,620.39,F,1,70,Fri,23,Long_Distance
shopping,1008.56,F,1,20,Fri,23,Commute
home,19.5,F,1,30,Fri,23,Long_Distance
misc,7.9,F,1,20,Fri,23,Commute
shopping,1115.73,F,1,30,Sat,0,Commute
misc,8.57,F,1,30,Sat,0,Local
shopping,777.41,F,1,37,Sat,3,Long_Distance
grocery,369.54,F,1,37,Sat,3,Regional
travel,9.54,F,1,30,Sat,11,Long_Distance
home,17.31,F,1,30,Sat,20,Long_Distance
misc,771.44,F,1,37,Sun,0,Commute
grocery,292.1,F,1,64,Sun,0,Long_Distance
grocery,321.16,M,1,78,Sun,1,Regional
grocery,371.94,F,1,37,Sun,2,Regional
shopping,1030.02,F,1,37,Sun,3,Commute
shopping,808.35,F,1,37,Sun,3,Long_Distance
travel,11.76,F,1,37,Sun,15,Regional
shopping,987.0,M,1,78,Sun,17,Regional
misc,906.85,M,1,78,Sun,22,Commute
shopping,1203.92,F,1,64,Sun,22,Regional
entertainment,334.92,M,1,78,Sun,22,Long_Distance
grocery,307.77,F,1,64,Sun,22,Remote
home,244.33,F,1,37,Sun,22,Commute
misc,933.69,F,1,64,Sun,22,Commute
misc,1037.69,M,1,78,Sun,22,Long_Distance
personal,22.16,F,1,37,Sun,23,Regional
home,22.4,F,1,37,Sun,23,Long_Distance
misc,902.71,F,1,64,Sun,23,Remote
shopping,997.8,F,1,64,Sun,23,Long_Distance
home,19.89,F,1,37,Sun,23,Long_Distance
travel,8.92,M,1,78,Mon,0,Commute
grocery,300.96,M,1,77,Mon,0,Remote
travel,8.45,M,1,78,Mon,2,Regional
travel,11.85,M,1,78,Mon,6,Regional
shopping,943.71,F,1,64,Mon,12,Commute
shopping,903.87,F,1,64,Mon,12,Long_Distance
shopping,1110.98,M,1,77,Mon,16,Commute
shopping,997.39,M,1,78,Mon,22,Long_Distance
shopping,984.59,F,1,64,Mon,22,Long_Distance
home,253.76,M,1,78,Mon,22,Long_Distance
shopping,1000.49,M,1,78,Mon,22,Long_Distance
shopping,956.22,M,1,78,Mon,23,Regional
misc,887.62,M,1,77,Mon,23,Commute
shopping,1128.66,F,1,64,Mon,23,Long_Distance
grocery,305.73,M,1,77,Tue,2,Regional
grocery,312.94,M,1,77,Tue,3,Remote
grocery,304.51,M,1,77,Tue,5,Commute
shopping,1029.47,F,1,32,Tue,11,Long_Distance
shopping,844.39,M,1,77,Tue,22,Commute
shopping,896.17,M,1,77,Tue,22,Commute
shopping,1104.54,M,1,77,Tue,22,Commute
grocery,337.19,M,1,77,Tue,23,Long_Distance
entertainment,509.77,F,1,32,Wed,5,Long_Distance
travel,11.5,M,1,18,Wed,7,Long_Distance
shopping,1017.05,M,1,18,Wed,20,Commute
shopping,943.12,M,1,18,Wed,22,Regional
shopping,752.02,M,1,18,Wed,22,Commute
travel,10.03,M,1,18,Wed,23,Regional
shopping,879.09,M,1,18,Wed,23,Long_Distance
shopping,1320.92,M,1,18,Wed,23,Commute
shopping,1020.62,M,1,18,Thu,22,Commute
misc,9.34,M,1,18,Thu,22,Remote
shopping,1075.7,M,1,18,Thu,22,Long_Distance
travel,9.41,M,1,18,Thu,22,Regional
shopping,944.94,M,1,18,Thu,23,Long_Distance
grocery,321.03,M,1,56,Fri,0,Regional
grocery,14.88,M,1,56,Fri,1,Commute
shopping,1006.29,M,1,56,Fri,22,Long_Distance
entertainment,669.67,M,1,56,Fri,23,Long_Distance
misc,826.05,M,1,56,Fri,23,Commute
grocery,347.22,M,1,56,Sat,0,Long_Distance
grocery,302.65,F,1,52,Sat,0,Regional
grocery,301.73,F,1,52,Sat,2,Regional
grocery,311.1,M,1,56,Sat,2,Local
grocery,17.1,M,1,57,Sat,3,Long_Distance
shopping,847.92,M,1,57,Sat,15,Regional
shopping,1148.36,M,1,56,Sat,15,Commute
shopping,1104.51,M,1,57,Sat,22,Commute
grocery,359.29,M,1,56,Sat,22,Regional
misc,750.14,M,1,56,Sat,22,Long_Distance
grocery,321.01,M,1,56,Sat,22,Long_Distance
shopping,959.44,F,1,52,Sat,22,Local
shopping,710.78,M,1,57,Sat,23,Long_Distance
misc,715.39,M,1,56,Sat,23,Long_Distance
health,23.91,M,1,56,Sat,23,Regional
misc,49.24,M,1,56,Sat,23,Commute
shopping,1115.75,F,1,49,Sun,0,Long_Distance
misc,776.66,F,1,43,Sun,0,Long_Distance
grocery,346.71,F,1,49,Sun,0,Long_Distance
grocery,357.63,F,1,49,Sun,0,Commute
grocery,309.78,M,1,55,Sun,1,Long_Distance
travel,22.11,M,1,57,Sun,2,Commute
grocery,336.15,F,1,60,Sun,3,Regional
grocery,14.53,M,1,57,Sun,3,Commute
shopping,1050.15,F,1,49,Sun,3,Long_Distance
grocery,313.57,M,1,55,Sun,5,Commute
grocery,107.67,F,1,43,Sun,5,Commute
health,26.34,F,1,49,Sun,15,Long_Distance
misc,8.22,M,1,55,Sun,15,Regional
shopping,991.94,M,1,57,Sun,18,Long_Distance
misc,902.67,F,1,52,Sun,20,Commute
grocery,318.43,F,1,52,Sun,22,Long_Distance
shopping,1198.12,M,1,55,Sun,22,Regional
shopping,1180.19,M,1,57,Sun,22,Regional
misc,50.31,M,1,57,Sun,22,Commute
personal,17.05,F,1,52,Sun,22,Long_Distance
grocery,360.25,M,1,57,Sun,22,Remote
personal,20.21,F,1,43,Sun,22,Long_Distance
grocery,132.25,F,1,43,Sun,22,Long_Distance
shopping,941.23,M,1,55,Sun,22,Long_Distance
shopping,1098.48,M,1,55,Sun,22,Long_Distance
shopping,899.79,F,1,60,Sun,22,Regional
misc,790.28,F,1,52,Sun,22,Commute
misc,49.66,M,1,57,Sun,22,Long_Distance
misc,8.29,F,1,52,Sun,22,Commute
misc,832.54,M,1,55,Sun,22,Long_Distance
grocery,118.24,F,1,52,Sun,22,Commute
shopping,914.64,M,1,57,Sun,23,Regional
home,21.22,F,1,43,Sun,23,Remote
shopping,893.45,M,1,55,Sun,23,Commute
shopping,1024.42,F,1,60,Sun,23,Long_Distance
shopping,1118.62,M,1,55,Sun,23,Long_Distance
personal,20.5,F,1,49,Sun,23,Long_Distance
shopping,991.2,F,1,52,Sun,23,Long_Distance
travel,3.77,M,1,57,Sun,23,Commute
shopping,977.08,M,1,55,Sun,23,Long_Distance
grocery,287.86,F,1,60,Mon,0,Long_Distance
misc,8.71,F,1,49,Mon,0,Commute
travel,7.29,M,1,55,Mon,0,Long_Distance
shopping,920.99,F,1,49,Mon,1,Long_Distance
shopping,893.98,F,1,49,Mon,1,Long_Distance
grocery,320.34,F,1,60,Mon,1,Commute
grocery,318.31,F,1,60,Mon,1,Remote
grocery,308.81,M,1,55,Mon,3,Commute
grocery,375.71,F,1,43,Mon,3,Long_Distance
shopping,983.27,F,1,43,Mon,9,Long_Distance
travel,9.85,F,1,49,Mon,9,Commute
shopping,940.79,F,1,49,Mon,11,Commute
personal,21.74,F,1,43,Mon,12,Regional
shopping,1084.78,F,1,60,Mon,13,Long_Distance
shopping,1061.02,F,1,60,Mon,14,Regional
grocery,149.53,F,1,60,Mon,16,Regional
shopping,1004.81,F,1,60,Mon,22,Long_Distance
grocery,121.62,F,1,43,Mon,22,Long_Distance
grocery,278.13,M,1,42,Mon,22,Long_Distance
personal,16.54,F,1,49,Mon,22,Long_Distance
home,17.72,F,1,49,Mon,22,Long_Distance
shopping,858.76,F,1,60,Mon,22,Long_Distance
shopping,592.56,F,1,60,Mon,22,Commute
health,20.33,F,1,49,Mon,22,Long_Distance
shopping,913.19,M,1,42,Mon,23,Commute
shopping,954.73,F,1,60,Mon,23,Long_Distance
shopping,710.12,M,1,42,Mon,23,Local
shopping,1022.16,M,1,42,Mon,23,Long_Distance
health,19.77,F,1,49,Mon,23,Long_Distance
health,19.0,F,1,49,Mon,23,Commute
shopping,813.57,M,1,42,Mon,23,Long_Distance
grocery,342.03,M,1,42,Tue,0,Remote
travel,10.44,M,1,35,Tue,1,Long_Distance
travel,11.82,M,1,26,Tue,2,Regional
health,20.33,M,1,42,Tue,16,Long_Distance
shopping,1153.08,M,1,26,Tue,22,Regional
shopping,677.65,M,1,35,Tue,22,Long_Distance
misc,857.15,M,1,26,Tue,22,Long_Distance
shopping,814.7,M,1,35,Tue,22,Regional
misc,648.51,M,1,26,Tue,22,Long_Distance
personal,18.6,M,1,42,Tue,22,Long_Distance
misc,798.61,M,1,42,Tue,22,Long_Distance
shopping,1058.67,M,1,26,Tue,22,Commute
shopping,1107.27,M,1,26,Tue,22,Regional
shopping,1007.28,M,1,26,Tue,23,Long_Distance
home,19.4,M,1,35,Tue,23,Commute
entertainment,579.11,M,1,35,Tue,23,Regional
grocery,322.47,M,1,26,Wed,0,Long_Distance
grocery,318.72,M,1,52,Wed,0,Regional
travel,9.07,M,1,35,Wed,0,Long_Distance
grocery,334.85,M,1,52,Wed,2,Regional
grocery,339.13,F,1,53,Wed,10,Commute
shopping,1001.16,M,1,35,Wed,14,Commute
shopping,1081.63,M,1,26,Wed,18,Regional
grocery,322.76,M,1,52,Wed,22,Regional
entertainment,637.33,M,1,52,Wed,22,Commute
shopping,979.63,M,1,52,Wed,22,Long_Distance
misc,650.68,F,1,53,Wed,22,Commute
shopping,955.07,M,1,26,Wed,22,Regional
grocery,334.54,M,1,52,Wed,22,Long_Distance
shopping,1113.91,F,1,53,Wed,23,Long_Distance
travel,21.55,M,1,52,Thu,0,Long_Distance
grocery,320.67,M,1,52,Thu,1,Remote
grocery,326.21,M,1,52,Thu,2,Commute
travel,18.88,M,1,52,Thu,3,Commute
personal,21.19,F,1,53,Thu,18,Long_Distance
grocery,300.78,M,1,52,Thu,20,Long_Distance
misc,9.3,F,1,53,Thu,22,Long_Distance
misc,7.24,F,1,53,Thu,22,Commute
shopping,798.05,M,1,52,Thu,22,Commute
shopping,922.5,F,1,53,Thu,22,Remote
shopping,1185.79,F,1,53,Thu,22,Commute
personal,48.13,M,1,52,Thu,23,Commute
shopping,1012.1,M,1,52,Thu,23,Long_Distance
misc,740.92,M,1,52,Thu,23,Long_Distance
misc,50.59,M,1,76,Fri,12,Long_Distance
shopping,974.22,M,1,76,Fri,22,Regional
misc,845.7,M,1,76,Fri,22,Commute
misc,750.35,M,1,76,Fri,23,Remote
misc,908.8,M,1,76,Sat,14,Long_Distance
home,21.09,F,1,32,Sat,16,Long_Distance
shopping,1001.85,F,1,32,Sat,22,Remote
grocery,107.46,M,1,76,Sat,22,Long_Distance
misc,846.93,M,1,76,Sat,22,Local
personal,21.87,F,1,32,Sat,23,Regional
grocery,125.67,F,1,32,Sat,23,Regional
grocery,15.48,F,1,59,Sun,0,Regional
travel,9.45,F,1,31,Sun,0,Regional
grocery,330.98,F,1,59,Sun,1,Long_Distance
shopping,997.42,F,1,31,Sun,3,Commute
grocery,321.16,F,1,32,Sun,3,Long_Distance
grocery,379.57,F,1,32,Sun,5,Commute
travel,1.78,F,1,59,Sun,12,Long_Distance
shopping,957.37,F,1,59,Sun,15,Long_Distance
shopping,952.33,F,1,59,Sun,20,Long_Distance
home,299.79,F,1,31,Sun,20,Long_Distance
shopping,917.14,F,1,59,Sun,22,Commute
home,20.71,F,1,32,Sun,23,Regional
health,21.88,F,1,31,Sun,23,Remote
grocery,93.87,F,1,32,Sun,23,Long_Distance
travel,13.96,F,1,31,Mon,0,Commute
shopping,1111.57,F,1,31,Mon,3,Regional
home,195.69,F,1,31,Mon,18,Commute
health,21.73,F,1,31,Mon,20,Long_Distance
home,19.91,F,1,31,Mon,22,Long_Distance
home,270.06,F,1,31,Mon,22,Remote
shopping,842.07,F,1,59,Mon,22,Long_Distance
personal,51.86,F,1,59,Mon,22,Regional
shopping,1030.78,F,1,31,Mon,23,Long_Distance
health,19.11,F,1,31,Mon,23,Regional
misc,898.83,F,1,48,Tue,2,Long_Distance
misc,751.63,F,1,48,Tue,3,Regional
home,255.24,F,1,48,Tue,21,Local
entertainment,489.67,F,1,48,Tue,22,Commute
home,22.61,F,1,48,Tue,22,Regional
home,21.23,F,1,48,Tue,23,Regional
grocery,13.65,M,1,61,Wed,0,Regional
grocery,306.95,F,1,21,Wed,1,Commute
grocery,335.95,F,1,21,Wed,2,Long_Distance
travel,7.27,F,1,48,Wed,3,Long_Distance
grocery,348.06,F,1,48,Wed,11,Long_Distance
health,17.82,F,1,48,Wed,14,Regional
grocery,298.14,M,1,61,Wed,15,Local
shopping,1019.51,M,1,61,Wed,16,Long_Distance
home,16.75,F,1,48,Wed,20,Regional
misc,823.42,M,1,61,Wed,22,Long_Distance
personal,52.83,M,1,61,Wed,22,Regional
shopping,873.29,F,1,21,Wed,23,Commute
travel,8.14,F,1,21,Wed,23,Local
grocery,348.09,M,1,61,Wed,23,Remote
grocery,319.27,M,1,61,Wed,23,Commute
misc,708.51,F,1,21,Wed,23,Long_Distance
misc,806.79,M,1,61,Wed,23,Regional
travel,17.45,M,1,61,Thu,0,Commute
misc,870.55,F,1,21,Thu,0,Long_Distance
grocery,290.0,F,1,21,Thu,0,Long_Distance
misc,850.16,F,1,21,Thu,0,Long_Distance
travel,19.04,M,1,61,Thu,0,Long_Distance
grocery,326.36,F,1,55,Thu,1,Regional
travel,18.46,M,1,61,Thu,1,Long_Distance
grocery,298.17,F,1,55,Thu,1,Long_Distance
travel,7.23,F,1,21,Thu,1,Remote
grocery,284.76,F,1,21,Thu,2,Remote
misc,939.34,M,1,44,Thu,2,Commute
grocery,8.52,F,1,21,Thu,3,Commute
grocery,290.54,M,1,44,Thu,5,Commute
misc,863.5,M,1,61,Thu,20,Long_Distance
home,20.61,F,1,21,Thu,22,Regional
shopping,897.6,M,1,44,Thu,22,Commute
home,372.73,M,1,61,Thu,22,Long_Distance
shopping,854.43,F,1,21,Thu,22,Regional
travel,10.18,F,1,21,Thu,22,Long_Distance
entertainment,582.92,F,1,55,Thu,22,Regional
shopping,1030.08,F,1,55,Thu,22,Long_Distance
shopping,1012.2,F,1,55,Thu,22,Long_Distance
shopping,908.98,F,1,55,Thu,23,Regional
misc,830.7,M,1,61,Thu,23,Commute
misc,682.25,F,1,55,Thu,23,Regional
shopping,802.42,F,1,21,Thu,23,Remote
grocery,312.5,F,1,55,Thu,23,Long_Distance
travel,11.09,M,1,75,Fri,1,Regional
grocery,306.79,F,1,55,Fri,1,Commute
travel,10.84,M,1,44,Fri,1,Remote
grocery,319.1,M,1,44,Fri,2,Regional
grocery,282.39,M,1,44,Fri,2,Regional
grocery,10.62,F,1,61,Fri,2,Regional
misc,714.25,M,1,44,Fri,3,Long_Distance
travel,20.39,F,1,55,Fri,3,Regional
grocery,332.24,F,1,55,Fri,3,Commute
grocery,292.42,F,1,61,Fri,3,Long_Distance
shopping,1094.32,M,1,44,Fri,18,Commute
home,20.13,M,1,75,Fri,22,Remote
misc,960.89,F,1,55,Fri,22,Regional
shopping,891.36,F,1,61,Fri,22,Commute
misc,6.84,M,1,44,Fri,22,Regional
misc,48.68,F,1,55,Fri,22,Local
entertainment,398.89,F,1,61,Fri,22,Regional
shopping,912.32,F,1,61,Fri,23,Regional
shopping,1004.44,F,1,61,Fri,23,Long_Distance
misc,769.89,M,1,44,Fri,23,Long_Distance
grocery,294.93,M,1,75,Sat,2,Regional
grocery,285.8,M,1,70,Sat,2,Commute
misc,759.5,F,1,34,Sat,3,Regional
grocery,269.66,M,1,75,Sat,3,Long_Distance
travel,9.3,F,1,61,Sat,3,Regional
grocery,290.91,M,1,75,Sat,4,Commute
travel,9.94,F,1,61,Sat,18,Commute
misc,793.61,M,1,75,Sat,22,Commute
grocery,118.4,F,1,61,Sat,22,Commute
misc,684.59,M,1,75,Sat,22,Long_Distance
shopping,960.14,M,1,70,Sat,22,Long_Distance
shopping,1060.9,M,1,70,Sat,22,Long_Distance
shopping,726.93,M,1,75,Sat,22,Commute
misc,856.3,M,1,75,Sat,22,Long_Distance
misc,7.73,F,1,61,Sat,23,Long_Distance
entertainment,498.84,F,1,34,Sat,23,Long_Distance
home,256.09,F,1,34,Sat,23,Commute
grocery,295.82,F,1,85,Sun,0,Regional
shopping,1018.07,F,1,34,Sun,0,Remote
misc,809.78,F,1,34,Sun,0,Remote
travel,10.95,F,1,34,Sun,1,Commute
grocery,285.48,F,1,85,Sun,1,Long_Distance
travel,8.65,F,1,85,Sun,7,Regional
shopping,929.11,F,1,85,Sun,15,Regional
shopping,890.94,M,1,70,Sun,17,Regional
shopping,915.2,M,1,70,Sun,19,Local
shopping,949.65,F,1,85,Sun,20,Commute
misc,768.25,F,1,85,Sun,22,Regional
misc,773.33,M,1,70,Sun,22,Long_Distance
health,21.79,F,1,34,Sun,22,Commute
misc,928.76,F,1,85,Sun,22,Long_Distance
home,254.95,F,1,34,Sun,22,Long_Distance
health,18.21,F,1,34,Sun,23,Long_Distance
shopping,1008.11,F,1,85,Sun,23,Long_Distance
misc,751.72,M,1,70,Sun,23,Commute
shopping,1093.63,F,1,85,Sun,23,Regional
grocery,314.74,F,1,85,Mon,2,Long_Distance
grocery,290.22,F,1,85,Mon,17,Long_Distance
shopping,1015.71,F,1,85,Mon,22,Commute
grocery,271.07,M,1,45,Thu,0,Long_Distance
misc,867.41,M,1,45,Thu,2,Long_Distance
grocery,317.37,M,1,45,Thu,3,Long_Distance
grocery,140.77,M,1,45,Thu,20,Commute
misc,680.39,M,1,45,Fri,0,Commute
grocery,289.1,M,1,45,Fri,0,Remote
grocery,276.82,M,1,45,Fri,1,Long_Distance
grocery,287.69,M,1,45,Fri,2,Remote
shopping,1140.55,M,1,45,Fri,23,Commute
grocery,300.9,F,1,58,Sat,1,Regional
grocery,278.99,F,1,58,Sat,2,Commute
grocery,283.58,F,1,78,Sat,3,Long_Distance
shopping,966.98,F,1,23,Sat,18,Long_Distance
shopping,1140.88,F,1,23,Sat,20,Regional
shopping,1041.54,F,1,84,Sat,20,Long_Distance
grocery,322.47,F,1,84,Sat,22,Long_Distance
misc,832.55,F,1,84,Sat,22,Remote
shopping,980.71,F,1,84,Sat,23,Long_Distance
shopping,924.6,F,1,84,Sat,23,Commute
grocery,267.1,F,1,58,Sat,23,Long_Distance
shopping,826.38,F,1,58,Sat,23,Long_Distance
shopping,1139.97,F,1,23,Sat,23,Commute
shopping,1104.91,F,1,58,Sat,23,Commute
shopping,1252.51,F,1,23,Sat,23,Remote
grocery,278.59,F,1,23,Sun,0,Commute
travel,10.0,F,1,78,Sun,0,Regional
travel,13.98,F,1,84,Sun,0,Long_Distance
grocery,307.89,F,1,84,Sun,0,Regional
grocery,282.77,F,1,58,Sun,1,Local
grocery,303.9,F,1,58,Sun,1,Commute
grocery,11.43,F,1,23,Sun,2,Regional
grocery,310.37,F,1,23,Sun,3,Long_Distance
grocery,336.84,F,1,23,Sun,3,Commute
travel,12.4,F,1,22,Sun,6,Commute
grocery,293.96,F,1,58,Sun,7,Long_Distance
travel,10.36,F,1,23,Sun,7,Commute
grocery,318.47,F,1,78,Sun,8,Regional
shopping,1134.02,F,1,78,Sun,14,Regional
grocery,288.17,F,1,78,Sun,18,Long_Distance
misc,614.29,F,1,22,Sun,20,Long_Distance
shopping,849.81,F,1,23,Sun,20,Regional
shopping,1034.66,F,1,23,Sun,22,Regional
grocery,272.26,F,1,78,Sun,22,Long_Distance
shopping,1019.43,F,1,58,Sun,22,Regional
entertainment,386.54,F,1,23,Sun,22,Long_Distance
shopping,1038.53,F,1,22,Sun,22,Long_Distance
shopping,869.72,F,1,84,Sun,22,Commute
shopping,976.13,F,1,58,Sun,22,Commute
shopping,773.18,F,1,22,Sun,22,Commute
shopping,873.24,F,1,23,Sun,22,Commute
misc,772.55,F,1,22,Sun,23,Commute
shopping,974.36,F,1,84,Sun,23,Long_Distance
misc,8.45,F,1,23,Sun,23,Regional
misc,898.03,F,1,23,Sun,23,Long_Distance
shopping,780.19,F,1,23,Sun,23,Long_Distance
shopping,1061.53,F,1,22,Sun,23,Regional
misc,821.96,F,1,23,Sun,23,Regional
misc,769.5,F,1,78,Sun,23,Long_Distance
shopping,1106.48,F,1,58,Sun,23,Regional
personal,20.94,F,1,23,Sun,23,Commute
shopping,1009.26,F,1,78,Sun,23,Remote
shopping,880.31,F,1,23,Sun,23,Commute
grocery,287.37,F,1,70,Mon,0,Long_Distance
shopping,1021.41,F,1,70,Mon,21,Regional
misc,923.16,F,1,70,Mon,22,Long_Distance
shopping,988.01,F,1,70,Mon,23,Long_Distance
grocery,284.76,F,1,70,Tue,0,Long_Distance
grocery,302.51,F,1,70,Tue,0,Long_Distance
grocery,325.1,F,1,70,Tue,5,Regional
shopping,939.95,F,1,70,Tue,20,Long_Distance
shopping,998.31,F,1,70,Tue,22,Remote
shopping,898.97,F,1,70,Tue,23,Long_Distance
misc,693.09,F,1,70,Tue,23,Long_Distance
shopping,882.81,F,1,70,Tue,23,Regional
shopping,864.89,F,1,70,Tue,23,Regional
misc,859.65,F,1,70,Tue,23,Long_Distance
grocery,319.52,F,1,37,Wed,3,Long_Distance
grocery,140.13,F,1,37,Wed,3,Regional
grocery,312.69,F,1,70,Wed,9,Commute
grocery,307.9,F,1,70,Wed,22,Long_Distance
home,220.31,F,1,70,Wed,22,Long_Distance
grocery,355.11,F,1,37,Thu,0,Long_Distance
shopping,870.71,F,1,37,Thu,3,Commute
personal,21.87,F,1,37,Thu,19,Local
home,255.68,F,1,37,Thu,23,Regional
grocery,304.47,M,1,51,Fri,0,Commute
grocery,306.33,M,1,51,Sat,0,Remote
grocery,291.24,M,1,51,Sat,1,Commute
grocery,305.28,M,1,51,Sat,1,Long_Distance
misc,7.83,F,1,43,Sat,1,Regional
travel,12.21,M,1,51,Sat,2,Regional
grocery,298.13,M,1,51,Sat,3,Long_Distance
travel,10.53,F,1,51,Sat,17,Long_Distance
home,20.73,F,1,43,Sat,22,Commute
shopping,940.61,F,1,51,Sat,22,Local
shopping,1007.34,M,1,51,Sat,22,Long_Distance
home,20.67,F,1,43,Sat,22,Long_Distance
misc,785.09,F,1,51,Sat,23,Remote
shopping,1046.08,F,1,51,Sat,23,Remote
misc,736.63,F,1,43,Sun,0,Long_Distance
grocery,317.58,F,1,51,Sun,0,Local
shopping,910.3,F,1,43,Sun,0,Regional
misc,721.23,F,1,43,Sun,0,Long_Distance
misc,827.42,F,1,43,Sun,1,Long_Distance
misc,7.38,F,1,43,Sun,1,Commute
shopping,812.79,F,1,43,Sun,1,Long_Distance
shopping,1000.87,F,1,43,Sun,2,Long_Distance
grocery,335.74,F,1,43,Sun,3,Commute
travel,8.08,F,1,51,Sun,3,Regional
grocery,337.37,F,1,43,Sun,3,Commute
misc,8.95,F,1,51,Sun,20,Regional
home,21.85,F,1,43,Sun,22,Regional
shopping,1034.69,F,1,51,Sun,22,Local
personal,21.39,F,1,43,Sun,23,Regional
home,23.56,F,1,51,Sun,23,Regional
grocery,342.3,M,1,29,Mon,1,Long_Distance
grocery,286.83,M,1,29,Mon,10,Long_Distance
shopping,992.26,M,1,29,Mon,22,Commute
shopping,754.83,M,1,29,Mon,23,Long_Distance
grocery,286.85,M,1,71,Tue,0,Long_Distance
grocery,284.12,M,1,29,Tue,2,Regional
travel,20.49,M,1,71,Tue,6,Regional
shopping,828.44,M,1,29,Tue,17,Commute
shopping,1094.76,M,1,29,Tue,22,Long_Distance
shopping,821.38,M,1,29,Tue,23,Commute
shopping,891.8,M,1,71,Tue,23,Regional
misc,713.28,M,1,29,Tue,23,Regional
misc,801.34,F,1,35,Wed,0,Commute
travel,12.01,F,1,35,Wed,0,Long_Distance
grocery,14.0,M,1,71,Wed,1,Commute
grocery,354.52,F,1,35,Wed,1,Regional
travel,8.74,M,1,36,Wed,1,Long_Distance
shopping,747.84,F,1,35,Wed,2,Commute
personal,22.66,M,1,36,Wed,15,Commute
health,18.44,F,1,35,Wed,16,Remote
shopping,816.2,M,1,36,Wed,22,Long_Distance
personal,18.67,F,1,35,Wed,22,Long_Distance
shopping,1042.48,M,1,36,Wed,22,Long_Distance
shopping,1090.29,M,1,36,Wed,23,Regional
home,19.57,F,1,35,Wed,23,Commute
shopping,949.68,M,1,36,Wed,23,Commute
grocery,100.46,M,1,36,Wed,23,Long_Distance
misc,50.37,M,1,71,Wed,23,Commute
grocery,329.17,F,1,35,Thu,0,Long_Distance
grocery,276.62,M,1,58,Thu,0,Commute
misc,10.41,F,1,35,Thu,1,Commute
misc,890.93,F,1,35,Thu,1,Long_Distance
misc,813.05,F,1,35,Thu,1,Long_Distance
grocery,10.21,M,1,36,Thu,3,Long_Distance
shopping,962.8,F,1,35,Thu,3,Long_Distance
travel,10.58,M,1,36,Thu,4,Long_Distance
grocery,316.34,M,1,36,Thu,5,Long_Distance
travel,9.38,M,1,58,Thu,11,Regional
personal,20.83,F,1,35,Thu,20,Long_Distance
misc,7.39,M,1,36,Thu,22,Local
misc,807.62,M,1,67,Thu,22,Regional
grocery,137.61,F,1,35,Thu,22,Long_Distance
shopping,823.34,M,1,67,Thu,22,Commute
misc,718.19,M,1,58,Thu,22,Commute
home,322.25,F,1,35,Thu,23,Commute
misc,833.6,M,1,36,Thu,23,Remote
shopping,988.75,M,1,67,Thu,23,Regional
grocery,314.07,M,1,67,Fri,0,Long_Distance
travel,6.87,M,1,58,Fri,1,Regional
grocery,319.86,M,1,58,Fri,3,Long_Distance
grocery,308.77,M,1,58,Fri,3,Long_Distance
shopping,1039.05,M,1,58,Fri,19,Commute
shopping,1009.4,M,1,58,Fri,22,Remote
shopping,805.77,M,1,67,Fri,22,Commute
shopping,1135.07,M,1,67,Fri,23,Long_Distance
travel,21.96,F,1,84,Sat,3,Long_Distance
personal,52.12,F,1,84,Sat,18,Regional
personal,47.57,F,1,84,Sat,19,Regional
personal,51.43,F,1,84,Sat,22,Commute
shopping,1098.94,F,1,84,Sat,23,Long_Distance
grocery,295.76,M,1,27,Sun,0,Commute
grocery,326.03,F,1,84,Sun,1,Commute
grocery,289.3,M,1,27,Sun,1,Long_Distance
grocery,307.01,F,1,84,Sun,1,Long_Distance
grocery,298.36,M,1,27,Sun,3,Commute
shopping,1015.01,M,1,27,Sun,18,Long_Distance
shopping,855.0,M,1,27,Sun,18,Long_Distance
shopping,1104.78,F,1,58,Sun,22,Regional
shopping,1027.83,M,1,27,Sun,22,Long_Distance
travel,7.15,F,1,84,Sun,22,Regional
shopping,785.82,M,1,27,Sun,23,Long_Distance
shopping,965.58,M,1,27,Sun,23,Regional
travel,19.83,F,1,58,Mon,0,Long_Distance
grocery,307.37,F,1,58,Mon,6,Long_Distance
grocery,299.68,M,1,27,Mon,16,Local
grocery,317.61,M,1,27,Mon,23,Regional
misc,762.14,F,1,58,Mon,23,Local
shopping,924.24,M,1,67,Mon,23,Remote
shopping,986.97,M,1,27,Mon,23,Long_Distance
travel,6.12,M,1,38,Tue,0,Long_Distance
travel,20.75,M,1,67,Tue,1,Long_Distance
travel,7.95,M,1,38,Tue,3,Long_Distance
grocery,284.07,M,1,38,Tue,22,Long_Distance
shopping,1013.2,M,1,67,Tue,22,Long_Distance
grocery,306.22,M,1,67,Tue,22,Remote
shopping,937.47,M,1,38,Tue,22,Long_Distance
grocery,304.44,M,1,38,Tue,22,Commute
shopping,1160.11,M,1,38,Tue,22,Remote
shopping,704.86,M,1,38,Tue,23,Commute
shopping,1084.29,M,1,38,Tue,23,Regional
personal,47.43,M,1,67,Tue,23,Regional
travel,8.81,M,1,38,Tue,23,Regional
misc,741.13,M,1,38,Wed,22,Long_Distance
shopping,727.83,M,1,38,Wed,22,Regional
misc,701.95,M,1,38,Wed,23,Regional
grocery,316.91,M,1,40,Thu,3,Commute
travel,23.69,M,1,62,Thu,3,Remote
shopping,905.67,M,1,62,Thu,12,Long_Distance
misc,684.72,M,1,62,Thu,22,Long_Distance
entertainment,507.07,M,1,62,Thu,22,Long_Distance
personal,21.31,M,1,40,Thu,23,Long_Distance
shopping,1113.48,M,1,40,Thu,23,Commute
misc,665.71,M,1,62,Thu,23,Commute
travel,11.02,M,1,40,Fri,0,Remote
grocery,338.05,M,1,62,Fri,0,Regional
grocery,333.73,M,1,40,Fri,1,Commute
travel,20.25,F,1,65,Fri,2,Regional
grocery,333.84,F,1,65,Fri,2,Long_Distance
grocery,298.86,M,1,40,Fri,8,Long_Distance
shopping,1096.43,M,1,40,Fri,22,Regional
shopping,1070.36,F,1,65,Fri,22,Commute
shopping,1004.6,F,1,65,Fri,22,Commute
misc,52.18,F,1,65,Fri,22,Long_Distance
shopping,835.04,M,1,62,Fri,23,Commute
misc,876.63,F,1,65,Fri,23,Remote
shopping,1033.84,M,1,40,Fri,23,Long_Distance
grocery,382.18,F,1,65,Sat,1,Regional
grocery,312.27,F,1,65,Sat,3,Remote
grocery,12.55,F,1,65,Sat,5,Long_Distance
grocery,280.0,F,1,65,Sat,22,Regional
grocery,349.38,F,1,65,Sat,22,Commute
travel,7.05,F,1,65,Sat,23,Regional
grocery,311.92,M,1,38,Sun,0,Long_Distance
grocery,7.99,M,1,38,Sun,2,Long_Distance
grocery,294.02,M,1,38,Sun,21,Long_Distance
grocery,117.23,M,1,38,Sun,23,Regional
shopping,640.43,M,1,38,Sun,23,Long_Distance
shopping,916.14,M,1,38,Sun,23,Long_Distance
grocery,12.05,M,1,38,Mon,0,Local
grocery,304.53,M,1,38,Mon,2,Long_Distance
grocery,251.97,M,1,38,Mon,2,Long_Distance
grocery,335.84,M,1,38,Mon,3,Long_Distance
grocery,269.38,M,1,38,Mon,5,Regional
shopping,725.03,M,1,38,Mon,22,Long_Distance
grocery,296.26,F,1,89,Wed,3,Commute
travel,12.62,M,1,34,Wed,3,Local
shopping,958.91,M,1,34,Wed,20,Local
shopping,945.16,M,1,34,Wed,22,Commute
shopping,998.39,M,1,34,Wed,22,Local
misc,986.16,F,1,89,Wed,22,Remote
shopping,1108.71,F,1,89,Wed,23,Long_Distance
shopping,1187.73,F,1,89,Wed,23,Long_Distance
shopping,902.81,F,1,89,Wed,23,Long_Distance
grocery,309.39,M,1,34,Thu,1,Commute
grocery,303.35,M,1,34,Thu,1,Long_Distance
grocery,317.59,F,1,23,Thu,2,Regional
grocery,362.93,F,1,89,Thu,2,Long_Distance
travel,7.84,M,1,34,Thu,3,Long_Distance
travel,9.36,M,1,34,Thu,5,Long_Distance
travel,7.86,F,1,23,Thu,5,Commute
misc,826.89,F,1,23,Thu,21,Regional
shopping,743.45,M,1,34,Thu,22,Remote
shopping,1004.95,F,1,23,Thu,22,Regional
home,19.89,F,1,23,Thu,22,Long_Distance
travel,9.03,F,1,89,Thu,23,Long_Distance
shopping,821.89,F,1,23,Thu,23,Regional
misc,875.38,F,1,23,Thu,23,Commute
misc,747.9,F,1,23,Thu,23,Commute
grocery,283.65,F,1,23,Fri,0,Commute
misc,833.78,M,1,43,Fri,1,Commute
grocery,305.25,F,1,23,Fri,2,Regional
travel,15.49,F,1,63,Fri,2,Commute
grocery,317.57,M,1,43,Fri,2,Regional
travel,5.53,F,1,63,Fri,3,Long_Distance
travel,11.34,F,1,23,Fri,3,Long_Distance
grocery,290.52,M,1,43,Fri,3,Regional
travel,8.77,F,1,63,Fri,10,Long_Distance
misc,1022.36,F,1,63,Fri,19,Long_Distance
home,235.42,F,1,23,Fri,20,Regional
shopping,1122.28,M,1,43,Fri,22,Commute
shopping,1147.88,F,1,23,Fri,22,Long_Distance
shopping,919.1,F,1,23,Fri,22,Regional
misc,666.71,F,1,23,Fri,22,Long_Distance
shopping,964.94,F,1,63,Fri,22,Regional
shopping,994.02,F,1,63,Fri,22,Commute
misc,734.29,F,1,23,Fri,22,Commute
shopping,863.1,F,1,63,Fri,22,Regional
shopping,999.15,F,1,23,Fri,22,Local
shopping,1030.86,F,1,23,Fri,23,Commute
grocery,306.22,M,1,43,Sat,3,Commute
grocery,298.21,F,1,63,Sat,11,Long_Distance
entertainment,464.99,M,1,43,Sat,21,Commute
shopping,870.33,M,1,43,Sat,22,Regional
shopping,809.15,M,1,43,Sat,23,Long_Distance
shopping,641.44,M,1,43,Sat,23,Long_Distance
travel,10.0,F,1,63,Sat,23,Commute
grocery,11.59,M,1,37,Sun,2,Regional
shopping,952.03,M,1,37,Sun,21,Long_Distance
shopping,971.98,M,1,37,Sun,22,Long_Distance
travel,10.34,M,1,37,Mon,1,Remote
grocery,14.95,M,1,60,Mon,1,Long_Distance
grocery,312.63,M,1,37,Mon,2,Commute
shopping,913.17,M,1,37,Mon,21,Commute
misc,836.49,M,1,60,Mon,22,Commute
shopping,1023.43,M,1,60,Mon,22,Local
shopping,963.57,M,1,37,Mon,23,Long_Distance
shopping,988.52,M,1,60,Mon,23,Long_Distance
grocery,353.11,M,1,60,Tue,2,Long_Distance
misc,710.24,M,1,60,Tue,22,Long_Distance
shopping,1082.1,M,1,60,Tue,23,Long_Distance
grocery,330.44,M,1,60,Tue,23,Commute
grocery,301.9,M,1,65,Wed,0,Long_Distance
travel,7.58,M,1,65,Wed,1,Long_Distance
grocery,335.68,M,1,65,Wed,1,Regional
travel,9.58,M,1,65,Wed,2,Regional
travel,10.25,M,1,65,Wed,3,Long_Distance
grocery,274.08,F,1,87,Wed,3,Long_Distance
grocery,263.69,M,1,65,Wed,9,Long_Distance
shopping,1133.52,F,1,52,Wed,16,Long_Distance
home,21.55,M,1,65,Wed,18,Long_Distance
shopping,983.38,F,1,52,Wed,21,Long_Distance
shopping,1132.88,M,1,65,Wed,22,Commute
home,17.15,F,1,52,Wed,22,Commute
shopping,1070.99,F,1,52,Wed,23,Long_Distance
shopping,1033.33,M,1,65,Wed,23,Long_Distance
misc,722.27,F,1,87,Wed,23,Long_Distance
shopping,1032.63,F,1,87,Wed,23,Remote
grocery,331.69,M,1,65,Wed,23,Regional
grocery,6.97,F,1,52,Thu,0,Long_Distance
grocery,270.75,M,1,31,Thu,0,Commute
grocery,283.94,F,1,52,Thu,1,Commute
grocery,11.07,M,1,46,Thu,1,Long_Distance
grocery,336.28,F,1,52,Thu,2,Regional
travel,9.12,M,1,46,Thu,2,Remote
grocery,267.74,M,1,31,Thu,2,Long_Distance
grocery,326.38,F,1,87,Thu,2,Commute
grocery,296.64,M,1,46,Thu,5,Remote
misc,682.62,M,1,31,Thu,11,Long_Distance
shopping,907.83,F,1,52,Thu,13,Regional
shopping,907.77,F,1,52,Thu,13,Long_Distance
shopping,762.64,M,1,46,Thu,16,Commute
misc,760.29,M,1,46,Thu,19,Long_Distance
shopping,1082.63,M,1,31,Thu,19,Local
misc,835.51,F,1,52,Thu,20,Long_Distance
shopping,797.76,F,1,52,Thu,22,Commute
shopping,969.05,F,1,87,Thu,22,Local
shopping,1059.37,M,1,65,Thu,22,Commute
misc,867.25,F,1,87,Thu,22,Commute
misc,6.97,F,1,87,Thu,22,Commute
shopping,868.43,M,1,31,Thu,22,Long_Distance
misc,754.95,M,1,31,Thu,23,Regional
shopping,1000.91,M,1,31,Thu,23,Commute
shopping,914.77,F,1,52,Thu,23,Regional
shopping,969.37,M,1,46,Thu,23,Local
misc,836.44,M,1,46,Thu,23,Regional
misc,981.75,M,1,65,Thu,23,Long_Distance
shopping,959.99,M,1,31,Thu,23,Long_Distance
grocery,312.93,F,1,54,Fri,0,Commute
grocery,291.54,F,1,54,Fri,0,Long_Distance
grocery,318.04,M,1,34,Fri,1,Regional
travel,11.88,M,1,34,Fri,2,Remote
grocery,10.13,M,1,46,Fri,2,Commute
grocery,284.31,M,1,31,Fri,3,Long_Distance
grocery,11.91,M,1,46,Fri,3,Commute
grocery,273.77,F,1,54,Fri,8,Long_Distance
travel,9.5,M,1,46,Fri,9,Long_Distance
shopping,956.44,F,1,54,Fri,16,Long_Distance
shopping,850.57,M,1,34,Fri,18,Long_Distance
home,17.93,F,1,54,Fri,22,Remote
shopping,831.72,M,1,34,Fri,22,Regional
shopping,980.82,F,1,54,Fri,22,Long_Distance
misc,847.3,M,1,34,Fri,22,Long_Distance
shopping,884.94,M,1,34,Fri,22,Long_Distance
grocery,308.3,M,1,46,Fri,22,Long_Distance
shopping,916.04,M,1,34,Fri,22,Commute
misc,949.55,M,1,46,Fri,23,Regional
shopping,957.9,M,1,34,Fri,23,Regional
shopping,1071.14,F,1,54,Fri,23,Commute
misc,836.06,M,1,34,Fri,23,Commute
home,17.95,F,1,54,Fri,23,Regional
travel,10.64,F,1,54,Sat,0,Commute
travel,7.95,F,1,54,Sat,1,Commute
grocery,317.21,M,1,34,Sat,3,Regional
misc,9.43,F,1,54,Sat,19,Commute
grocery,294.9,M,1,34,Sat,22,Commute
shopping,993.65,M,1,34,Sat,22,Regional
misc,816.03,M,1,34,Sat,23,Regional
misc,917.14,M,1,34,Sat,23,Long_Distance
grocery,304.81,M,1,53,Tue,0,Commute
misc,913.04,F,1,44,Tue,1,Commute
grocery,341.52,F,1,44,Tue,1,Long_Distance
grocery,326.75,F,1,44,Tue,2,Regional
grocery,296.27,M,1,53,Tue,3,Long_Distance
misc,806.92,F,1,44,Tue,3,Long_Distance
grocery,313.62,M,1,53,Tue,4,Long_Distance
travel,8.47,M,1,53,Tue,4,Long_Distance
shopping,934.26,M,1,53,Tue,20,Local
shopping,1061.02,M,1,53,Tue,22,Remote
entertainment,409.2,M,1,53,Tue,22,Regional
travel,9.16,M,1,23,Wed,0,Long_Distance
travel,10.75,M,1,53,Wed,2,Remote
grocery,324.22,M,1,53,Wed,3,Commute
misc,745.05,M,1,23,Wed,22,Long_Distance
entertainment,603.08,F,1,44,Wed,22,Long_Distance
shopping,1318.89,M,1,23,Wed,22,Long_Distance
home,223.49,F,1,44,Wed,22,Long_Distance
shopping,984.28,M,1,23,Wed,22,Long_Distance
shopping,1061.37,M,1,23,Wed,22,Commute
shopping,1008.38,M,1,23,Wed,22,Regional
shopping,918.2,F,1,44,Wed,22,Commute
shopping,926.72,M,1,23,Wed,22,Long_Distance
shopping,990.84,M,1,23,Wed,22,Local
shopping,1118.24,M,1,23,Wed,22,Commute
shopping,1183.93,M,1,23,Wed,23,Long_Distance
shopping,993.4,M,1,53,Wed,23,Long_Distance
grocery,333.42,M,1,23,Thu,0,Regional
grocery,298.76,M,1,23,Thu,0,Commute
shopping,881.12,M,1,23,Thu,23,Regional
misc,781.06,M,1,23,Thu,23,Commute
travel,9.79,M,1,38,Fri,2,Commute
travel,13.69,F,1,42,Fri,4,Long_Distance
shopping,959.59,M,1,38,Fri,21,Commute
misc,9.02,M,1,38,Fri,22,Local
home,257.51,F,1,42,Fri,23,Regional
home,288.17,F,1,42,Fri,23,Long_Distance
entertainment,570.37,M,1,38,Fri,23,Long_Distance
shopping,1068.48,M,1,38,Fri,23,Commute
grocery,266.28,F,1,58,Sat,0,Commute
grocery,319.22,F,1,58,Sat,1,Long_Distance
shopping,1107.65,F,1,42,Sat,1,Commute
grocery,316.71,M,1,38,Sat,2,Long_Distance
grocery,354.08,F,1,42,Sat,3,Regional
misc,656.56,M,1,47,Sat,3,Commute
grocery,274.68,M,1,38,Sat,6,Regional
shopping,967.36,M,1,38,Sat,20,Long_Distance
personal,21.28,M,1,47,Sat,22,Long_Distance
shopping,1086.32,M,1,47,Sat,22,Long_Distance
personal,21.69,F,1,42,Sat,23,Regional
entertainment,419.52,F,1,42,Sat,23,Regional
misc,690.67,F,1,58,Sat,23,Remote
shopping,799.3,M,1,38,Sat,23,Commute
travel,10.0,M,1,47,Sun,0,Long_Distance
misc,846.5,M,1,47,Sun,0,Long_Distance
travel,18.54,F,1,58,Sun,1,Regional
grocery,319.21,F,1,58,Sun,3,Regional
health,17.45,M,1,71,Sun,13,Remote
shopping,1099.03,F,1,58,Sun,13,Commute
grocery,338.94,M,1,71,Sun,21,Long_Distance
shopping,686.99,M,1,71,Sun,22,Regional
shopping,893.8,F,1,58,Sun,22,Commute
shopping,886.33,F,1,58,Sun,22,Local
personal,49.51,F,1,58,Sun,22,Long_Distance
shopping,812.13,M,1,47,Sun,22,Regional
shopping,986.43,M,1,47,Sun,23,Regional
shopping,858.73,M,1,47,Sun,23,Long_Distance
grocery,133.43,F,1,45,Sun,23,Commute
shopping,854.04,M,1,71,Sun,23,Commute
misc,905.63,M,1,71,Sun,23,Long_Distance
shopping,1073.81,F,1,58,Sun,23,Regional
shopping,855.54,F,1,45,Mon,1,Long_Distance
grocery,321.48,M,1,71,Mon,2,Commute
misc,835.3,F,1,45,Mon,3,Long_Distance
home,18.72,F,1,45,Mon,21,Long_Distance
shopping,718.27,M,1,71,Mon,22,Commute
grocery,327.7,M,1,71,Mon,22,Regional
grocery,117.49,F,1,45,Mon,22,Long_Distance
entertainment,419.94,F,1,45,Mon,23,Long_Distance
misc,694.47,M,1,71,Mon,23,Long_Distance
shopping,925.31,M,1,71,Mon,23,Regional
home,261.22,F,1,45,Mon,23,Long_Distance
grocery,348.31,F,1,69,Tue,0,Commute
grocery,335.48,F,1,49,Tue,1,Long_Distance
grocery,335.21,F,1,69,Tue,2,Regional
travel,19.74,F,1,69,Tue,2,Local
grocery,315.25,M,1,21,Tue,3,Long_Distance
misc,721.96,M,1,21,Tue,3,Long_Distance
travel,9.51,M,1,33,Tue,3,Long_Distance
grocery,353.58,F,1,69,Tue,3,Long_Distance
grocery,283.05,M,1,21,Tue,3,Commute
travel,19.26,F,1,69,Tue,3,Regional
misc,821.01,M,1,21,Tue,3,Commute
grocery,312.8,M,1,33,Tue,4,Long_Distance
misc,798.67,M,1,21,Tue,5,Long_Distance
grocery,302.44,F,1,69,Tue,6,Long_Distance
grocery,286.92,M,1,21,Tue,10,Regional
shopping,1032.04,M,1,21,Tue,13,Long_Distance
shopping,1128.83,F,1,69,Tue,22,Long_Distance
shopping,981.4,F,1,69,Tue,22,Long_Distance
home,216.25,M,1,21,Tue,22,Long_Distance
home,19.44,F,1,49,Tue,22,Long_Distance
shopping,813.71,M,1,21,Tue,22,Long_Distance
shopping,1115.54,M,1,21,Tue,22,Commute
shopping,901.46,F,1,69,Tue,22,Regional
shopping,1153.76,M,1,33,Tue,23,Regional
shopping,988.31,M,1,33,Tue,23,Commute
shopping,775.14,M,1,21,Tue,23,Regional
grocery,106.11,F,1,49,Tue,23,Regional
shopping,911.05,M,1,33,Tue,23,Commute
shopping,871.77,F,1,69,Tue,23,Commute
travel,8.67,M,1,33,Wed,0,Long_Distance
grocery,287.65,M,1,21,Wed,1,Commute
shopping,801.38,F,1,49,Wed,3,Regional
shopping,1155.37,F,1,49,Wed,3,Regional
grocery,305.98,M,1,21,Wed,7,Long_Distance
grocery,299.2,F,1,69,Wed,8,Regional
home,17.51,M,1,33,Wed,19,Remote
shopping,1011.85,F,1,69,Wed,21,Remote
shopping,866.41,F,1,69,Wed,22,Regional
misc,824.1,F,1,69,Wed,22,Regional
misc,1015.53,M,1,33,Wed,23,Local
shopping,878.28,M,1,33,Wed,23,Long_Distance
grocery,337.77,F,1,69,Wed,23,Local
shopping,1044.34,M,1,33,Wed,23,Long_Distance
travel,10.97,F,1,48,Thu,2,Long_Distance
misc,8.76,F,1,48,Thu,3,Commute
travel,8.96,F,1,48,Thu,17,Local
home,261.03,F,1,48,Thu,23,Long_Distance
shopping,829.36,F,1,32,Fri,0,Commute
grocery,320.83,M,1,47,Fri,1,Commute
grocery,334.12,F,1,32,Fri,1,Regional
misc,890.64,F,1,48,Fri,1,Long_Distance
grocery,343.37,F,1,48,Fri,2,Commute
grocery,344.81,F,1,32,Fri,2,Commute
grocery,101.04,F,1,48,Fri,2,Regional
shopping,720.83,F,1,32,Fri,2,Regional
shopping,1103.29,F,1,32,Fri,3,Local
misc,745.88,F,1,32,Fri,3,Long_Distance
misc,8.33,F,1,48,Fri,3,Remote
shopping,770.65,F,1,48,Fri,3,Regional
grocery,392.0,F,1,32,Fri,5,Commute
travel,7.88,F,1,48,Fri,12,Commute
home,216.01,F,1,32,Fri,13,Regional
shopping,878.46,M,1,47,Fri,15,Commute
health,21.84,F,1,32,Fri,22,Long_Distance
health,18.46,F,1,48,Fri,22,Long_Distance
health,17.35,F,1,48,Fri,23,Regional
health,19.45,F,1,48,Fri,23,Commute
shopping,1123.99,M,1,47,Fri,23,Commute
travel,6.62,F,1,35,Sat,0,Regional
travel,9.02,M,1,47,Sat,0,Local
grocery,381.5,F,1,32,Sat,0,Commute
grocery,282.58,M,1,47,Sat,0,Commute
shopping,851.46,F,1,35,Sat,0,Regional
grocery,372.65,F,1,35,Sat,0,Long_Distance
shopping,716.96,F,1,32,Sat,0,Regional
grocery,318.88,M,1,47,Sat,1,Regional
shopping,956.58,F,1,35,Sat,1,Long_Distance
misc,717.14,F,1,32,Sat,3,Regional
home,234.54,F,1,32,Sat,12,Regional
home,236.42,F,1,35,Sat,14,Regional
personal,21.71,F,1,35,Sat,19,Commute
grocery,146.09,F,1,35,Sat,20,Long_Distance
home,230.99,F,1,35,Sat,22,Long_Distance
shopping,768.45,M,1,47,Sat,22,Regional
personal,20.2,F,1,32,Sat,23,Remote
entertainment,552.04,F,1,35,Sat,23,Long_Distance
home,214.51,F,1,35,Sat,23,Long_Distance
grocery,320.05,M,1,63,Sun,0,Commute
shopping,832.81,F,1,35,Sun,2,Commute
shopping,985.83,M,1,63,Sun,15,Long_Distance
shopping,949.49,M,1,62,Sun,22,Long_Distance
home,21.89,M,1,62,Sun,22,Regional
home,19.34,F,1,35,Sun,22,Regional
misc,823.31,M,1,62,Sun,22,Long_Distance
misc,746.79,M,1,62,Sun,23,Long_Distance
health,19.86,F,1,35,Sun,23,Commute
grocery,304.93,M,1,34,Mon,1,Long_Distance
travel,20.22,M,1,63,Mon,1,Commute
grocery,273.42,M,1,34,Mon,3,Regional
travel,9.43,M,1,34,Mon,3,Commute
travel,18.9,M,1,63,Mon,3,Regional
misc,938.8,M,1,62,Mon,12,Commute
home,282.22,M,1,62,Mon,22,Long_Distance
misc,777.27,M,1,62,Mon,22,Long_Distance
shopping,916.68,M,1,63,Mon,22,Long_Distance
shopping,991.1,M,1,34,Mon,22,Commute
shopping,991.22,M,1,34,Mon,22,Long_Distance
misc,725.33,M,1,34,Tue,0,Long_Distance
travel,6.67,F,1,63,Tue,0,Long_Distance
travel,9.65,M,1,34,Tue,3,Commute
grocery,308.23,F,1,63,Tue,4,Remote
grocery,328.18,F,1,63,Tue,16,Commute
shopping,1065.89,M,1,34,Tue,21,Regional
shopping,982.07,F,1,63,Tue,22,Regional
home,22.18,M,1,34,Tue,22,Long_Distance
shopping,898.36,F,1,63,Tue,22,Remote
shopping,856.86,F,1,63,Tue,23,Regional
shopping,717.16,M,1,34,Tue,23,Long_Distance
shopping,844.77,F,1,63,Tue,23,Remote
shopping,1038.53,F,1,63,Tue,23,Regional
grocery,273.2,F,1,25,Wed,1,Commute
grocery,309.95,F,1,63,Wed,1,Long_Distance
grocery,291.1,F,1,25,Wed,2,Commute
shopping,899.98,M,1,34,Wed,22,Commute
misc,821.87,F,1,63,Wed,22,Long_Distance
travel,9.27,F,1,25,Wed,22,Regional
shopping,949.82,F,1,25,Wed,22,Long_Distance
misc,848.91,F,1,63,Wed,22,Regional
shopping,958.42,M,1,34,Wed,23,Commute
misc,806.56,F,1,63,Wed,23,Commute
shopping,1158.64,M,1,34,Wed,23,Commute
shopping,1056.99,F,1,25,Wed,23,Commute
travel,15.41,F,1,25,Thu,0,Long_Distance
travel,7.05,M,1,34,Thu,2,Long_Distance
grocery,7.76,M,1,34,Thu,2,Regional
misc,759.36,M,1,34,Thu,19,Regional
shopping,925.28,F,1,25,Thu,20,Commute
shopping,986.73,F,1,25,Thu,22,Long_Distance
shopping,838.93,M,1,34,Thu,22,Long_Distance
shopping,751.63,M,1,34,Thu,23,Long_Distance
shopping,881.41,M,1,34,Thu,23,Long_Distance
misc,985.69,M,1,34,Thu,23,Long_Distance
misc,890.81,F,1,25,Thu,23,Regional
shopping,913.22,F,1,25,Thu,23,Long_Distance
shopping,835.25,M,1,34,Thu,23,Long_Distance
shopping,837.53,M,1,50,Fri,18,Regional
shopping,835.63,M,1,50,Fri,22,Regional
shopping,982.14,M,1,50,Fri,22,Long_Distance
grocery,315.1,M,1,50,Sat,0,Long_Distance
grocery,297.87,M,1,50,Sat,0,Long_Distance
grocery,267.86,M,1,50,Sat,11,Commute
misc,831.86,M,1,50,Sat,22,Commute
shopping,939.59,M,1,50,Sat,23,Commute
shopping,1121.05,M,1,50,Sat,23,Long_Distance
home,212.01,M,1,50,Sat,23,Regional
shopping,866.79,F,1,48,Sun,8,Commute
personal,23.92,F,1,48,Sun,22,Long_Distance
personal,19.27,F,1,48,Sun,23,Regional
home,168.06,F,1,48,Sun,23,Commute
grocery,338.6,F,1,48,Mon,0,Regional
grocery,349.96,F,1,48,Mon,2,Commute
grocery,358.24,F,1,48,Mon,2,Long_Distance
shopping,859.12,F,1,48,Mon,2,Commute
travel,11.79,M,1,61,Mon,3,Regional
shopping,866.01,M,1,61,Mon,22,Regional
home,209.84,F,1,48,Mon,22,Long_Distance
grocery,123.58,F,1,48,Mon,22,Regional
home,219.11,F,1,48,Mon,22,Regional
shopping,981.22,M,1,61,Mon,23,Long_Distance
travel,6.6,M,1,61,Tue,3,Commute
shopping,997.77,M,1,61,Tue,14,Regional
shopping,1041.51,M,1,61,Tue,22,Local
shopping,868.09,M,1,61,Tue,22,Regional
shopping,1039.42,M,1,61,Tue,22,Commute
grocery,289.27,M,1,61,Tue,23,Commute
misc,766.38,M,1,61,Tue,23,Long_Distance
